Scope	TopGroup	SubGroup	LeafLabel	LeafInternal	LeafType	LeafReq	LeafRO	LeafTable	LucObject	LucField	LucLabel	LucTable	LucColumn	LucType	LucKeyRole	ASGStatus
Global	Budget	Budget Column	Allow UI Edit?	AllowUIEdit	sTYPE_BOOLEAN	No	No	BudgetColumn								EXISTING_GLOBAL
Global	Budget	Budget Column	Bid Package	BidPackageID	sTYPE_BID_PACKAGE	No	No	BudgetColumn								EXISTING_GLOBAL
Global	Budget	Budget Column	Budget Column ClientID	BOMapClientRecordID	sTYPE_TEXT	Yes	No	BudgetColumn								EXISTING_GLOBAL
Global	Budget	Budget Column	Budget Column Name	BudgetColumnName	sTYPE_TEXT	No	No	BudgetColumn								EXISTING_GLOBAL
Global	Budget	Budget Column	Budget Column RecID	BudgetColumnID	sTYPE_UNFORMATTED_NUMBER	No	No	BudgetColumn								EXISTING_GLOBAL
Global	Budget	Budget Column	Budget Column Status	CodeBudgetColumnStatusID	sCODE_BUDGET_COLUMN_STATUS	Yes	No	BudgetColumn								EXISTING_GLOBAL
Global	Budget	Budget Column	Budget Column Type	BudgetColumnTypeID	sTYPE_BUDGET_COLUMN_TYPE	Yes	No	BudgetColumn								EXISTING_GLOBAL
Global	Budget	Budget Column	Budget Template	BudgetTemplateID	sTYPE_BUDGET_TEMPLATE	Yes	No	BudgetColumn								EXISTING_GLOBAL
Global	Budget	Budget Column	Created By Member	CreatedByMemberID	sTYPE_MEMBER	Yes	No	BudgetColumn								EXISTING_GLOBAL
Global	Budget	Budget Column	Created Date	CreatedDate	sTYPE_TIME	No	No	BudgetColumn								EXISTING_GLOBAL;NEEDED_GLOBAL
Global	Budget	Budget Column	Description	Description	sTYPE_TEXTAREA	No	No	BudgetColumn								EXISTING_GLOBAL;NEEDED_GLOBAL
Global	Budget	Budget Column	Initialized From Budget Column	InitializedFromBudgetColumnID	sTYPE_BUDGET_COLUMN	No	No	BudgetColumn								EXISTING_GLOBAL
Global	Budget	Budget Column	Is Inactive?	Inactive	sTYPE_BOOLEAN	Yes	No	BudgetColumn								EXISTING_GLOBAL;NEEDED_GLOBAL
Global	Budget	Budget Column	Is Locked?	IsLocked	sTYPE_BOOLEAN	No	No	BudgetColumn								EXISTING_GLOBAL;NEEDED_GLOBAL
Global	Budget	Budget Column	Is Selected?	IsSelected	sTYPE_BOOLEAN	No	No	BudgetColumn								EXISTING_GLOBAL
Global	Budget	Budget Column	Modified By	ModifiedByID	sTYPE_MEMBER	No	No	BudgetColumn								EXISTING_GLOBAL;NEEDED_GLOBAL
Global	Budget	Budget Column	Modified Date	ModifiedDate	sTYPE_TIME	No	No	BudgetColumn								EXISTING_GLOBAL;NEEDED_GLOBAL
Global	Budget	Budget Column	Sealed Bid Number	SealedBidNumber	sTYPE_UNFORMATTED_NUMBER	No	No	BudgetColumn								EXISTING_GLOBAL
Global	Budget	Budget Column	Sequence Number	SequenceNumber	sTYPE_UNFORMATTED_NUMBER	Yes	No	BudgetColumn								EXISTING_GLOBAL;NEEDED_GLOBAL
Global	Budget	Budget Column	Third Party Vendor	ThirdPartyVendorID	sTYPE_EMPLOYER	No	No	BudgetColumn								EXISTING_GLOBAL
Global	Budget	Budget Index	Budget Index ClientID	BOMapClientRecordID	sTYPE_TEXT	Yes	No	BudgetIndex								EXISTING_GLOBAL
Global	Budget	Budget Index	Budget Index Description	Description	sTYPE_TEXTAREA	No	No	BudgetIndex								EXISTING_GLOBAL;NEEDED_GLOBAL
Global	Budget	Budget Index	Budget Index Name	BudgetIndexName	sTYPE_TEXT	Yes	No	BudgetIndex								EXISTING_GLOBAL
Global	Budget	Budget Index	Budget Index RecID	BudgetIndexID	sTYPE_UNFORMATTED_NUMBER	No	No	BudgetIndex								EXISTING_GLOBAL
Global	Budget	Budget Index	Modified By	ModifiedByID	sTYPE_MEMBER	No	No	BudgetIndex								EXISTING_GLOBAL;NEEDED_GLOBAL
Global	Budget	Budget Index	Modified Date	ModifiedDate	sTYPE_TIME	No	No	BudgetIndex								EXISTING_GLOBAL;NEEDED_GLOBAL
Global	Budget	Budget Index Value	Budget Column Type	BudgetColumnTypeID	sTYPE_BUDGET_COLUMN_TYPE	Yes	No	BudgetIndexValue								EXISTING_GLOBAL
Global	Budget	Budget Index Value	Budget Index	BudgetIndexID	sTYPE_BUDGET_INDEX	Yes	No	BudgetIndexValue								EXISTING_GLOBAL
Global	Budget	Budget Index Value	Budget Index Value ClientID	BOMapClientRecordID	sTYPE_TEXT	Yes	No	BudgetIndexValue								EXISTING_GLOBAL
Global	Budget	Budget Index Value	Budget Index Value RecID	BudgetIndexValueID	sTYPE_UNFORMATTED_NUMBER	No	No	BudgetIndexValue								EXISTING_GLOBAL
Global	Budget	Budget Index Value	Index Value Percent	IndexValuePercent	sTYPE_PERCENTAGE	Yes	No	BudgetIndexValue								EXISTING_GLOBAL
Global	Budget	Budget Index Value	Modified By	ModifiedByID	sTYPE_MEMBER	No	No	BudgetIndexValue								EXISTING_GLOBAL;NEEDED_GLOBAL
Global	Budget	Budget Index Value	Modified Date	ModifiedDate	sTYPE_TIME	No	No	BudgetIndexValue								EXISTING_GLOBAL;NEEDED_GLOBAL
Global	Budget	Budget Item Value	Budget Column	BudgetColumnID	sTYPE_BUDGET_COLUMN	Yes	No	BudgetColumnItemValue								EXISTING_GLOBAL
Global	Budget	Budget Item Value	Budget Column ClientID	BOMapClientRecordID	sTYPE_TEXT	Yes	No	BudgetColumnItemValue								EXISTING_GLOBAL
Global	Budget	Budget Item Value	Budget Column Item Value Name	BudgetColumnItemValueName	sTYPE_TEXT	No	No	BudgetColumnItemValue								EXISTING_GLOBAL
Global	Budget	Budget Item Value	Budget Column Item Value RecID	BudgetColumnItemValueID	sTYPE_UNFORMATTED_NUMBER	No	No	BudgetColumnItemValue								EXISTING_GLOBAL
Global	Budget	Budget Item Value	Budget Line Item	BudgetLineItemID	sTYPE_BUDGET_LINE_ITEM	Yes	No	BudgetColumnItemValue								EXISTING_GLOBAL
Global	Budget	Budget Item Value	Budget Option	BudgetOptionID	sTYPE_BUDGET_OPTION	No	No	BudgetColumnItemValue								EXISTING_GLOBAL
Global	Budget	Budget Item Value	Bypass Locked Check?	BypassLockedCheck	sTYPE_BOOLEAN	No	No	BudgetColumnItemValue								EXISTING_GLOBAL
Global	Budget	Budget Item Value	Change Reason	CodeBudgetChangeReasonID	sCODE_BUDGET_CHANGE_REASON	No	No	BudgetColumnItemValue								EXISTING_GLOBAL
Global	Budget	Budget Item Value	Description	Description	sTYPE_TEXTAREA	No	No	BudgetColumnItemValue								EXISTING_GLOBAL;NEEDED_GLOBAL
Global	Budget	Budget Item Value	Item Value	ItemValue	sTYPE_MONEY	No	No	BudgetColumnItemValue								EXISTING_GLOBAL
Global	Budget	Budget Item Value	Line Item Code	LineItemCode	sTYPE_TEXT	No	No	BudgetColumnItemValue								EXISTING_GLOBAL
Global	Budget	Budget Item Value	Modified By	ModifiedByID	sTYPE_MEMBER	No	No	BudgetColumnItemValue								EXISTING_GLOBAL;NEEDED_GLOBAL
Global	Budget	Budget Item Value	Modified Date	ModifiedDate	sTYPE_TIME	No	No	BudgetColumnItemValue								EXISTING_GLOBAL;NEEDED_GLOBAL
Global	Budget	Budget Item Value	Quantity	Quantity	sTYPE_NUMBER	No	No	BudgetColumnItemValue								EXISTING_GLOBAL
Global	Budget	Budget Item Value	Raw Item Value	RawItemValue	sTYPE_NUMBER	No	No	BudgetColumnItemValue								EXISTING_GLOBAL
Global	Budget	Budget Item Value	Total Value	GrandTotalValue	sTYPE_MONEY	No	No	BudgetColumnItemValue								EXISTING_GLOBAL
Global	Budget	Budget Item Value	Unit Cost	UnitCost	sTYPE_MONEY	No	No	BudgetColumnItemValue								EXISTING_GLOBAL
Global	Budget	Budget Item Value	Units	CodeBudgetValueUnitsID	sCODE_BUDGET_VALUE_UNITS	No	No	BudgetColumnItemValue								EXISTING_GLOBAL
Global	Budget	Budget Line Item	Alert Enabled	AlertEnabled	sTYPE_BOOLEAN	Yes	No	BudgetLineItem								EXISTING_GLOBAL
Global	Budget	Budget Line Item	Budget Line Item ClientID	BOMapClientRecordID	sTYPE_TEXT	Yes	No	BudgetLineItem								EXISTING_GLOBAL
Global	Budget	Budget Line Item	Budget Line Item Name	BudgetLineItemName	sTYPE_TEXT	Yes	No	BudgetLineItem								EXISTING_GLOBAL
Global	Budget	Budget Line Item	Budget Line Item RecID	BudgetLineItemID	sTYPE_BUDGET_LINE_ITEM	No	No	BudgetLineItem								EXISTING_GLOBAL
Global	Budget	Budget Line Item	Budget Template ID	BudgetTemplateID	sTYPE_BUDGET_TEMPLATE	No	No	BudgetLineItem								EXISTING_GLOBAL
Global	Budget	Budget Line Item	Category Code	CategoryCode	sTYPE_TEXT	No	No	BudgetLineItem								EXISTING_GLOBAL
Global	Budget	Budget Line Item	Computed Sequence Number	ComputedSequenceNumber	sTYPE_NUMBER	No	No	BudgetLineItem								EXISTING_GLOBAL
Global	Budget	Budget Line Item	CSI Code	CodeCSIID	sCODE_CSI	No	No	BudgetLineItem								EXISTING_GLOBAL
Global	Budget	Budget Line Item	Default Amount	DefaultAmount	sTYPE_MONEY	No	No	BudgetLineItem								EXISTING_GLOBAL
Global	Budget	Budget Line Item	Defined Field #1	DefinedField1	sTYPE_TEXT	No	No	BudgetLineItem								EXISTING_GLOBAL;NEEDED_GLOBAL
Global	Budget	Budget Line Item	Defined Field #2	DefinedField2	sTYPE_TEXT	No	No	BudgetLineItem								EXISTING_GLOBAL;NEEDED_GLOBAL
Global	Budget	Budget Line Item	Description	Description	sTYPE_TEXTAREA	No	No	BudgetLineItem								EXISTING_GLOBAL;NEEDED_GLOBAL
Global	Budget	Budget Line Item	Is Budget Line Item Group	IsBudgetLineItemGroup	sTYPE_NUMBER	Yes	No	BudgetLineItem								EXISTING_GLOBAL
Global	Budget	Budget Line Item	Is Group?	IsGroup	sTYPE_BOOLEAN	No	No	BudgetLineItem								EXISTING_GLOBAL
Global	Budget	Budget Line Item	Is Ordered?	IsOrdered	sTYPE_BOOLEAN	No	No	BudgetLineItem								EXISTING_GLOBAL
Global	Budget	Budget Line Item	Line Item Code	LineItemCode	sTYPE_TEXT	Yes	No	BudgetLineItem								EXISTING_GLOBAL
Global	Budget	Budget Line Item	Modified By	ModifiedByID	sTYPE_MEMBER	No	No	BudgetLineItem								EXISTING_GLOBAL;NEEDED_GLOBAL
Global	Budget	Budget Line Item	Modified Date	ModifiedDate	sTYPE_TIME	No	No	BudgetLineItem								EXISTING_GLOBAL;NEEDED_GLOBAL
Global	Budget	Budget Line Item	Order Record Name	OrderRecordName	sTYPE_TEXT	No	No	BudgetLineItem								EXISTING_GLOBAL
Global	Budget	Budget Line Item	Order Record Type	OrderRecordType	sTYPE_TEXT	No	No	BudgetLineItem								EXISTING_GLOBAL
Global	Budget	Budget Line Item	Overrun Percent	OverrunPercent	sTYPE_PERCENTAGE	No	No	BudgetLineItem								EXISTING_GLOBAL
Global	Budget	Budget Line Item	Parent Budget Line Item	ParentBudgetLineItemID	sTYPE_BUDGET_LINE_ITEM	No	No	BudgetLineItem								EXISTING_GLOBAL
Global	Budget	Budget Line Item	Parent ID	ParentID	sTYPE_UNFORMATTED_NUMBER	No	No	BudgetLineItem								EXISTING_GLOBAL
Global	Budget	Budget Line Item	Previous Budget Line Item	PreviousBudgetLineItemID	sTYPE_BUDGET_LINE_ITEM	No	No	BudgetLineItem								EXISTING_GLOBAL
Global	Budget	Budget Line Item	Previous ID	PreviousID	sTYPE_UNFORMATTED_NUMBER	No	No	BudgetLineItem								EXISTING_GLOBAL
Global	Budget	Budget Option	Bot Entity Type	BotEntityType	sTYPE_TEXT	Yes	No	BudgetOption								EXISTING_GLOBAL
Global	Budget	Budget Option	Budget Column	BudgetColumnID	sTYPE_BUDGET_COLUMN	Yes	No	BudgetOption								EXISTING_GLOBAL
Global	Budget	Budget Option	Budget Option ClientID	BOMapClientRecordID	sTYPE_TEXT	Yes	No	BudgetOption								EXISTING_GLOBAL
Global	Budget	Budget Option	Budget Option Name	BudgetOptionName	sTYPE_TEXT	No	No	BudgetOption								EXISTING_GLOBAL
Global	Budget	Budget Option	Budget Option RecID	BudgetOptionID	sTYPE_UNFORMATTED_NUMBER	No	No	BudgetOption								EXISTING_GLOBAL
Global	Budget	Budget Option	Budget Option Template	BudgetOptionTemplateID	sTYPE_PROJECT_ENTITY	Yes	No	BudgetOption								EXISTING_GLOBAL
Global	Budget	Budget Option	Budget Option Template PEID	BudgetOptionTemplatePEID	sTYPE_UNFORMATTED_NUMBER	No	No	BudgetOption								EXISTING_GLOBAL
Global	Budget	Budget Option	Created By Member	CreatedByMemberID	sTYPE_MEMBER	Yes	No	BudgetOption								EXISTING_GLOBAL
Global	Budget	Budget Option	Created Date	CreatedDate	sTYPE_TIME	No	No	BudgetOption								EXISTING_GLOBAL;NEEDED_GLOBAL
Global	Budget	Budget Option	Initialized From Budget Column	InitializedFromBudgetColumnID	sTYPE_BUDGET_COLUMN	No	No	BudgetOption								EXISTING_GLOBAL
Global	Budget	Budget Option	Modified By	ModifiedByID	sTYPE_MEMBER	No	No	BudgetOption								EXISTING_GLOBAL;NEEDED_GLOBAL
Global	Budget	Budget Option	Modified Date	ModifiedDate	sTYPE_TIME	No	No	BudgetOption								EXISTING_GLOBAL;NEEDED_GLOBAL
Global	Budget	Budget Type Configuration	Allow Multi Select?	AllowMultiSelect	sTYPE_BOOLEAN	Yes	No	BudgetColumnType								EXISTING_GLOBAL
Global	Budget	Budget Type Configuration	Allow One Instance?	AllowOneInstance	sTYPE_BOOLEAN	Yes	No	BudgetColumnType								EXISTING_GLOBAL
Global	Budget	Budget Type Configuration	Budget Column Type ClientID	BOMapClientRecordID	sTYPE_TEXT	Yes	No	BudgetColumnType								EXISTING_GLOBAL
Global	Budget	Budget Type Configuration	Budget Column Type RecID	BudgetColumnTypeID	sTYPE_UNFORMATTED_NUMBER	No	No	BudgetColumnType								EXISTING_GLOBAL
Global	Budget	Budget Type Configuration	Budget Editable?	AllowUIEditForBudgetColumn	sTYPE_BOOLEAN	Yes	No	BudgetColumnType								EXISTING_GLOBAL
Global	Budget	Budget Type Configuration	Budget View	BudgetViewID	sTYPE_BUDGET_VIEW	No	No	BudgetColumnType								EXISTING_GLOBAL
Global	Budget	Budget Type Configuration	Created By	CreatedByID	sTYPE_MEMBER	No	No	BudgetColumnType								EXISTING_GLOBAL;NEEDED_GLOBAL
Global	Budget	Budget Type Configuration	Created Date	CreatedDate	sTYPE_TIME	No	No	BudgetColumnType								EXISTING_GLOBAL;NEEDED_GLOBAL
Global	Budget	Budget Type Configuration	Default Status	CodeStatusDefaultID	sCODE_BUDGET_COLUMN_STATUS	No	No	BudgetColumnType								EXISTING_GLOBAL
Global	Budget	Budget Type Configuration	Description	Description	sTYPE_TEXTAREA	No	No	BudgetColumnType								EXISTING_GLOBAL;NEEDED_GLOBAL
Global	Budget	Budget Type Configuration	Is Bid Template	IsBidTemplate	sTYPE_BOOLEAN	Yes	No	BudgetColumnType								EXISTING_GLOBAL
Global	Budget	Budget Type Configuration	Is For Bid Leveling?	IsForBidLeveling	sTYPE_BOOLEAN	Yes	No	BudgetColumnType								EXISTING_GLOBAL
Global	Budget	Budget Type Configuration	Is For Bidding?	IsForBidding	sTYPE_BOOLEAN	Yes	No	BudgetColumnType								EXISTING_GLOBAL
Global	Budget	Budget Type Configuration	Modified By	ModifiedByID	sTYPE_MEMBER	No	No	BudgetColumnType								EXISTING_GLOBAL;NEEDED_GLOBAL
Global	Budget	Budget Type Configuration	Modified Date	ModifiedDate	sTYPE_TIME	No	No	BudgetColumnType								EXISTING_GLOBAL;NEEDED_GLOBAL
Global	Budget	Budget Type Configuration	Name	BudgetColumnTypeName	sTYPE_TEXT	Yes	No	BudgetColumnType								EXISTING_GLOBAL;NEEDED_GLOBAL
Global	Budget	Budget Type Configuration	Report Group Available Field	ReportGroupAvailableFieldID	sTYPE_UNFORMATTED_NUMBER	No	No	BudgetColumnType								EXISTING_GLOBAL;NEEDED_GLOBAL
Global	Budget	Budget Type Configuration	Rev Number	RevNumber	sTYPE_UNFORMATTED_NUMBER	No	No	BudgetColumnType								EXISTING_GLOBAL;NEEDED_GLOBAL
Global	Budget	Budget Type Configuration	Status	CodeStatusSelectedID	sCODE_BUDGET_COLUMN_STATUS	Yes	No	BudgetColumnType								EXISTING_GLOBAL;NEEDED_GLOBAL
Global	Budget	Budget Type Configuration	Use this Budget View for Edit Control	EditControllerID	sTYPE_BUDGET_VIEW	No	No	BudgetColumnType								EXISTING_GLOBAL
Global	Budget	Budget Type Configuration	Valid For Capital Program?	IsValidForCapProgram	sTYPE_BOOLEAN	Yes	No	BudgetColumnType								EXISTING_GLOBAL
Global	Budget	Budget Type Configuration	Valid For Capital Project?	IsValidForCapProject	sTYPE_BOOLEAN	Yes	No	BudgetColumnType								EXISTING_GLOBAL
Global	Budget	Budget Type Configuration	Valid For Equipment Contract?	IsValidForEquipContract	sTYPE_BOOLEAN	Yes	No	BudgetColumnType								EXISTING_GLOBAL
Global	Budget	Budget Type Configuration	Valid For Facility?	IsValidForFacility	sTYPE_BOOLEAN	Yes	No	BudgetColumnType								EXISTING_GLOBAL
Global	Budget	Budget Type Configuration	Valid For Location?	IsValidForLocation	sTYPE_BOOLEAN	Yes	No	BudgetColumnType								EXISTING_GLOBAL
Global	Budget	Budget Type Configuration	Valid For Opening Project?	IsValidForOpenProject	sTYPE_BOOLEAN	Yes	No	BudgetColumnType								EXISTING_GLOBAL
Global	Budget	Budget Type Configuration	Valid For Parcel?	IsValidForParcel	sTYPE_BOOLEAN	Yes	No	BudgetColumnType								EXISTING_GLOBAL
Global	Budget	Budget Type Configuration	Valid For Portfolio?	IsValidForPortfolio	sTYPE_BOOLEAN	Yes	No	BudgetColumnType								EXISTING_GLOBAL
Global	Budget	Budget Type Configuration	Valid For Prototype?	IsValidForPrototype	sTYPE_BOOLEAN	Yes	No	BudgetColumnType								EXISTING_GLOBAL
Global	Budget	Budget Type Configuration	Valid For RE Contract?	IsValidForContract	sTYPE_BOOLEAN	Yes	No	BudgetColumnType								EXISTING_GLOBAL
Global	Budget	Budget Type Configuration	Valid For Site?	IsValidForPotentialProject	sTYPE_BOOLEAN	Yes	No	BudgetColumnType								EXISTING_GLOBAL
Global	Budget	Budget View	Budget View ClientID	BOMapClientRecordID	sTYPE_TEXT	Yes	No	BudgetView								EXISTING_GLOBAL
Global	Budget	Budget View	Budget View Name	BudgetViewName	sTYPE_TEXT	Yes	No	BudgetView								EXISTING_GLOBAL
Global	Budget	Budget View	Budget View RecID	BudgetViewID	sTYPE_UNFORMATTED_NUMBER	No	No	BudgetView								EXISTING_GLOBAL
Global	Budget	Budget View	Created By	CreatedByID	sTYPE_MEMBER	No	No	BudgetView								EXISTING_GLOBAL;NEEDED_GLOBAL
Global	Budget	Budget View	Created Date	CreatedDate	sTYPE_TIME	No	No	BudgetView								EXISTING_GLOBAL;NEEDED_GLOBAL
Global	Budget	Budget View	Description	Description	sTYPE_TEXTAREA	No	No	BudgetView								EXISTING_GLOBAL;NEEDED_GLOBAL
Global	Budget	Budget View	Is Budget View Edit Controller?	isEditController	sTYPE_BOOLEAN	No	No	BudgetView								EXISTING_GLOBAL
Global	Budget	Budget View	Modified By	ModifiedByID	sTYPE_MEMBER	No	No	BudgetView								EXISTING_GLOBAL;NEEDED_GLOBAL
Global	Budget	Budget View	Modified Date	ModifiedDate	sTYPE_TIME	No	No	BudgetView								EXISTING_GLOBAL;NEEDED_GLOBAL
Global	Budget	Budget View	ProjectEntityID	ProjectEntityID	sTYPE_PROJECT_ENTITY	No	No	BudgetView								EXISTING_GLOBAL;NEEDED_GLOBAL
Global	Budget	Budget View	Rev Number	RevNumber	sTYPE_UNFORMATTED_NUMBER	No	No	BudgetView								EXISTING_GLOBAL;NEEDED_GLOBAL
Global	Company Items	Ad Hoc Budget Template	Budget Template Description	Description	sTYPE_TEXT	No	No	VirtualTemplateBudgetOption								EXISTING_GLOBAL;NEEDED_GLOBAL
Global	Company Items	Ad Hoc Budget Template	Budget Template Name	TemplateName	sTYPE_TEXT	No	No	VirtualTemplateBudgetOption								EXISTING_GLOBAL
Global	Company Items	Ad Hoc Budget Template	Budget Template Notes	Notes	sTYPE_TEXTAREA	No	No	VirtualTemplateBudgetOption								EXISTING_GLOBAL;NEEDED_GLOBAL
Global	Company Items	Ad Hoc Budget Template	Budget Template RecID	TemplateID	sTYPE_UNFORMATTED_NUMBER	No	No	VirtualTemplateBudgetOption								EXISTING_GLOBAL
Global	Company Items	Ad Hoc Budget Template	Budget Template Valid for Cap Program?	IsValidForCapProgram	sTYPE_BOOLEAN	No	No	VirtualTemplateBudgetOption								EXISTING_GLOBAL
Global	Company Items	Ad Hoc Budget Template	Budget Template Valid for Cap Project?	IsValidForCapProject	sTYPE_BOOLEAN	No	No	VirtualTemplateBudgetOption								EXISTING_GLOBAL
Global	Company Items	Ad Hoc Budget Template	Budget Template Valid for Equipment Contract?	IsValidForEquipContract	sTYPE_BOOLEAN	No	No	VirtualTemplateBudgetOption								EXISTING_GLOBAL
Global	Company Items	Ad Hoc Budget Template	Budget Template Valid for Facility?	IsValidForFacility	sTYPE_BOOLEAN	No	No	VirtualTemplateBudgetOption								EXISTING_GLOBAL
Global	Company Items	Ad Hoc Budget Template	Budget Template Valid for Location?	IsValidForLocation	sTYPE_BOOLEAN	No	No	VirtualTemplateBudgetOption								EXISTING_GLOBAL
Global	Company Items	Ad Hoc Budget Template	Budget Template Valid for Open Project?	IsValidForOpenProject	sTYPE_BOOLEAN	No	No	VirtualTemplateBudgetOption								EXISTING_GLOBAL
Global	Company Items	Ad Hoc Budget Template	Budget Template Valid for Parcel?	IsValidForParcel	sTYPE_BOOLEAN	No	No	VirtualTemplateBudgetOption								EXISTING_GLOBAL
Global	Company Items	Ad Hoc Budget Template	Budget Template Valid for Portfolio?	IsValidForPortfolio	sTYPE_BOOLEAN	No	No	VirtualTemplateBudgetOption								EXISTING_GLOBAL
Global	Company Items	Ad Hoc Budget Template	Budget Template Valid for Potential Project?	IsValidForPotentialProject	sTYPE_BOOLEAN	No	No	VirtualTemplateBudgetOption								EXISTING_GLOBAL
Global	Company Items	Ad Hoc Budget Template	Budget Template Valid for Prototype?	IsValidForPrototype	sTYPE_BOOLEAN	No	No	VirtualTemplateBudgetOption								EXISTING_GLOBAL
Global	Company Items	Ad Hoc Budget Template	Budget Template Valid for RE Contract?	IsValidForContract	sTYPE_BOOLEAN	No	No	VirtualTemplateBudgetOption								EXISTING_GLOBAL
Global	Company Items	Ad Hoc Budget Template	Lock All Budget Groups	LockAllBudgetGroups	sTYPE_BOOLEAN	No	No	VirtualTemplateBudgetOption								EXISTING_GLOBAL
Global	Company Items	Audit Info	AccessorName	AccessorName	sTYPE_TEXT	Yes	No	AuditColumn								EXISTING_GLOBAL;NEEDED_GLOBAL
Global	Company Items	Audit Info	AuditAction	AuditAction	sTYPE_TEXT	No	No	AuditColumn								EXISTING_GLOBAL;NEEDED_GLOBAL
Global	Company Items	Audit Info	CodeSQLTableID	CodeSQLTableID	sCODE_SQLTABLE	No	No	AuditColumn								EXISTING_GLOBAL;NEEDED_GLOBAL
Global	Company Items	Audit Info	CreatedByID	CreatedByID	sTYPE_MEMBER	No	No	AuditColumn								EXISTING_GLOBAL;NEEDED_GLOBAL
Global	Company Items	Audit Info	CreatedDate	CreatedDate	sTYPE_TIME	No	No	AuditColumn								EXISTING_GLOBAL;NEEDED_GLOBAL
Global	Company Items	Audit Info	EntityName	EntityName	sTYPE_TEXT	No	No	AuditColumn								EXISTING_GLOBAL;NEEDED_GLOBAL
Global	Company Items	Audit Info	FieldName	FieldName	sTYPE_TEXT	No	No	AuditColumn								EXISTING_GLOBAL;NEEDED_GLOBAL
Global	Company Items	Audit Info	GroupID	GroupID	sTYPE_REPORT_GROUP_DATA	No	No	AuditColumn								EXISTING_GLOBAL;NEEDED_GLOBAL
Global	Company Items	Audit Info	NewValue	NewValue	sTYPE_TEXT	No	No	AuditColumn								EXISTING_GLOBAL;NEEDED_GLOBAL
Global	Company Items	Audit Info	ObjectID	ObjectID	sTYPE_UNFORMATTED_NUMBER	No	No	AuditColumn								EXISTING_GLOBAL;NEEDED_GLOBAL
Global	Company Items	Audit Info	OldValue	OldValue	sTYPE_TEXT	No	No	AuditColumn								EXISTING_GLOBAL;NEEDED_GLOBAL
Global	Company Items	Audit Info	ProjectEntityID	ProjectEntityID	sTYPE_PROJECT_ENTITY	No	No	AuditColumn								EXISTING_GLOBAL;NEEDED_GLOBAL
Global	Company Items	Audit Info	ScriptName	ScriptName	sTYPE_TEXT	No	No	AuditColumn								EXISTING_GLOBAL;NEEDED_GLOBAL
Global	Company Items	Audit Info	SubGroupID	SubGroupID	sTYPE_REPORT_GROUP_DATA	No	No	AuditColumn								EXISTING_GLOBAL;NEEDED_GLOBAL
Global	Company Items	Budget Template	Budget Template Description	Description	sTYPE_TEXT	No	No	VirtualTemplateBudget								EXISTING_GLOBAL;NEEDED_GLOBAL
Global	Company Items	Budget Template	Budget Template Name	TemplateName	sTYPE_TEXT	No	No	VirtualTemplateBudget								EXISTING_GLOBAL
Global	Company Items	Budget Template	Budget Template Notes	Notes	sTYPE_TEXTAREA	No	No	VirtualTemplateBudget								EXISTING_GLOBAL;NEEDED_GLOBAL
Global	Company Items	Budget Template	Budget Template RecID	TemplateID	sTYPE_UNFORMATTED_NUMBER	No	No	VirtualTemplateBudget								EXISTING_GLOBAL
Global	Company Items	Budget Template	Budget Template Valid for Cap Program?	IsValidForCapProgram	sTYPE_BOOLEAN	No	No	VirtualTemplateBudget								EXISTING_GLOBAL
Global	Company Items	Budget Template	Budget Template Valid for Cap Project?	IsValidForCapProject	sTYPE_BOOLEAN	No	No	VirtualTemplateBudget								EXISTING_GLOBAL
Global	Company Items	Budget Template	Budget Template Valid for Equipment Contract?	IsValidForEquipContract	sTYPE_BOOLEAN	No	No	VirtualTemplateBudget								EXISTING_GLOBAL
Global	Company Items	Budget Template	Budget Template Valid for Facility?	IsValidForFacility	sTYPE_BOOLEAN	No	No	VirtualTemplateBudget								EXISTING_GLOBAL
Global	Company Items	Budget Template	Budget Template Valid for Location?	IsValidForLocation	sTYPE_BOOLEAN	No	No	VirtualTemplateBudget								EXISTING_GLOBAL
Global	Company Items	Budget Template	Budget Template Valid for Open Project?	IsValidForOpenProject	sTYPE_BOOLEAN	No	No	VirtualTemplateBudget								EXISTING_GLOBAL
Global	Company Items	Budget Template	Budget Template Valid for Parcel?	IsValidForParcel	sTYPE_BOOLEAN	No	No	VirtualTemplateBudget								EXISTING_GLOBAL
Global	Company Items	Budget Template	Budget Template Valid for Portfolio?	IsValidForPortfolio	sTYPE_BOOLEAN	No	No	VirtualTemplateBudget								EXISTING_GLOBAL
Global	Company Items	Budget Template	Budget Template Valid for Potential Project?	IsValidForPotentialProject	sTYPE_BOOLEAN	No	No	VirtualTemplateBudget								EXISTING_GLOBAL
Global	Company Items	Budget Template	Budget Template Valid for Prototype?	IsValidForPrototype	sTYPE_BOOLEAN	No	No	VirtualTemplateBudget								EXISTING_GLOBAL
Global	Company Items	Budget Template	Budget Template Valid for RE Contract?	IsValidForContract	sTYPE_BOOLEAN	No	No	VirtualTemplateBudget								EXISTING_GLOBAL
Global	Company Items	Budget Template	Lock All Budget Groups	LockAllBudgetGroups	sTYPE_BOOLEAN	No	No	VirtualTemplateBudget								EXISTING_GLOBAL
Global	Company Items	Contacts	Billing Rate #1	BillRate1	sTYPE_MONEY	No	No	Person	Person	BillRate1	Billing Rate #1	person	BillRate1	TEXT		EXISTING_GLOBAL
Global	Company Items	Contacts	Billing Rate #2	BillRate2	sTYPE_MONEY	No	No	Person	Person	BillRate2	Billing Rate #2	person	BillRate2	TEXT		EXISTING_GLOBAL
Global	Company Items	Contacts	City	City	sTYPE_TEXT	No	No	Person	Person	City	City	person	City	TEXT		EXISTING_GLOBAL;NEEDED_GLOBAL
Global	Company Items	Contacts	Contact Type List	CodeContactTypeIDList	sTYPE_CODE_CONTACT_TYPE_LIST	Yes	No	Person	Person	CodeContactTypeIDList	Contact Type List	person	CodeContactTypeIDList	TEXT		EXISTING_GLOBAL;NEEDED_GLOBAL
Global	Company Items	Contacts	Country	CountryID	sTYPE_COUNTRY	No	No	Person	Person	CountryID	Country	person	CountryID	TEXT	Foreign key (ID reference)	EXISTING_GLOBAL;NEEDED_GLOBAL
Global	Company Items	Contacts	Description	Description	sTYPE_TEXTAREA	No	No	Person	Person	Description	Description	person	Description	TEXT		EXISTING_GLOBAL;NEEDED_GLOBAL
Global	Company Items	Contacts	Designations	Designations	sTYPE_TEXT	No	No	Person	Person	Designations	Designations	person	Designations	TEXT		EXISTING_GLOBAL;NEEDED_GLOBAL
Global	Company Items	Contacts	Email #1	EMail1	sTYPE_TEXT	No	No	Person	Person	EMail1	Email #1	person	EMail1	TEXT		EXISTING_GLOBAL;NEEDED_GLOBAL
Global	Company Items	Contacts	Email #2	EMail2	sTYPE_TEXT	No	No	Person	Person	EMail2	Email #2	person	EMail2	TEXT		EXISTING_GLOBAL
Global	Company Items	Contacts	Employer	EmployerID	sTYPE_EMPLOYER	Yes	No	Person	Person	EmployerID	Employer	person	EmployerID	TEXT	Foreign key (ID reference)	EXISTING_GLOBAL;NEEDED_GLOBAL
Global	Company Items	Contacts	Fax	Fax	sTYPE_TEXT	No	No	Person	Person	Fax	Fax	person	Fax	TEXT		EXISTING_GLOBAL;NEEDED_GLOBAL
Global	Company Items	Contacts	First Name	FirstName	sTYPE_TEXT	Yes	No	Person	Person	FirstName	First Name	person	FirstName	TEXT		EXISTING_GLOBAL;NEEDED_GLOBAL
Global	Company Items	Contacts	Is Inactive?	Inactive	sTYPE_CHECKBOX	Yes	No	Person	Person	Inactive	Is Inactive?	person	Inactive	TEXT		EXISTING_GLOBAL;NEEDED_GLOBAL
Global	Company Items	Contacts	Job Function	CodeJobFunctionID	sCODE_JOB_FUNCTION	Yes	No	Person	Person	CodeJobFunctionID	Job Function	person	CodeJobFunctionID	TEXT	Foreign key (ID reference)	EXISTING_GLOBAL;NEEDED_GLOBAL
Global	Company Items	Contacts	Job Title	CodeJobTitleID	sCODE_JOB_TITLE	No	No	Person	Person	CodeJobTitleID	Job Title	person	CodeJobTitleID	TEXT	Foreign key (ID reference)	EXISTING_GLOBAL;NEEDED_GLOBAL
Global	Company Items	Contacts	Job Titles	CodeJobTitleIDList	sCODE_JOB_TITLE	No	No	Person	Person	CodeJobTitleIDList	Job Titles	person	CodeJobTitleIDList	TEXT		EXISTING_GLOBAL;NEEDED_GLOBAL
Global	Company Items	Contacts	Jurisdiction	JurisdictionID	sTYPE_JURISDICTION	No	No	Person	Person	JurisdictionID	Jurisdiction	person	JurisdictionID	TEXT	Foreign key (ID reference)	EXISTING_GLOBAL;NEEDED_GLOBAL
Global	Company Items	Contacts	Last Name	LastName	sTYPE_TEXT	Yes	No	Person	Person	LastName	Last Name	person	LastName	TEXT		EXISTING_GLOBAL;NEEDED_GLOBAL
Global	Company Items	Contacts	Middle Name	MiddleName	sTYPE_TEXT	No	No	Person	Person	MiddleName	Middle Name	person	MiddleName	TEXT		EXISTING_GLOBAL;NEEDED_GLOBAL
Global	Company Items	Contacts	Mobile Number	MobileNumber	sTYPE_TEXT	No	No	Person	Person	MobileNumber	Mobile Number	person	MobileNumber	TEXT		EXISTING_GLOBAL;NEEDED_GLOBAL
Global	Company Items	Contacts	Modified By	ModifiedByID	sTYPE_MEMBER	No	No	Person	Person	ModifiedByID	Modified By	person	ModifiedByID	TEXT	Foreign key (ID reference)	EXISTING_GLOBAL;NEEDED_GLOBAL
Global	Company Items	Contacts	Modified Date	ModifiedDate	sTYPE_TIME	No	No	Person	Person	ModifiedDate	Modified Date	person	ModifiedDate	TEXT	Incremental watermark	EXISTING_GLOBAL;NEEDED_GLOBAL
Global	Company Items	Contacts	Person ClientID	BOMapClientRecordID	sTYPE_TEXT	Yes	No	Person	Person	BOMapClientRecordID	Person ClientID	person	BOMapClientRecordID	TEXT	Client identifier	EXISTING_GLOBAL;NEEDED_GLOBAL
Global	Company Items	Contacts	Person RecID	PersonID	sTYPE_UNFORMATTED_NUMBER	No	No	Person	Person	PersonID	Person RecID	person	PersonID	VARCHAR(64) NOT NULL	Primary key	EXISTING_GLOBAL;NEEDED_GLOBAL
Global	Company Items	Contacts	Phone	Phone	sTYPE_TEXT	No	No	Person	Person	Phone	Phone	person	Phone	TEXT		EXISTING_GLOBAL;NEEDED_GLOBAL
Global	Company Items	Contacts	Phone Extension	PhoneExtension	sTYPE_TEXT	No	No	Person	Person	PhoneExtension	Phone Extension	person	PhoneExtension	TEXT		EXISTING_GLOBAL;NEEDED_GLOBAL
Global	Company Items	Contacts	Postal Code	PostalCode	sTYPE_POSTALCODE	No	No	Person	Person	PostalCode	Postal Code	person	PostalCode	TEXT		EXISTING_GLOBAL;NEEDED_GLOBAL
Global	Company Items	Contacts	State	IStateProvinceCountryID	sTYPE_STATE_PROVINCE	No	No	Person	Person	IStateProvinceCountryID	State	person	IStateProvinceCountryID	TEXT	Foreign key (ID reference)	EXISTING_GLOBAL;NEEDED_GLOBAL
Global	Company Items	Contacts	Street Address #1	StreetAddress1	sTYPE_TEXT	No	No	Person	Person	StreetAddress1	Street Address #1	person	StreetAddress1	TEXT		EXISTING_GLOBAL;NEEDED_GLOBAL
Global	Company Items	Contacts	Street Address #2	StreetAddress2	sTYPE_TEXT	No	No	Person	Person	StreetAddress2	Street Address #2	person	StreetAddress2	TEXT		EXISTING_GLOBAL;NEEDED_GLOBAL
Global	Company Items	Contacts	Street Address #3	StreetAddress3	sTYPE_TEXT	No	No	Person	Person	StreetAddress3	Street Address #3	person	StreetAddress3	TEXT		EXISTING_GLOBAL;NEEDED_GLOBAL
Global	Company Items	Contacts	Street Address #4	StreetAddress4	sTYPE_TEXT	No	No	Person	Person	StreetAddress4	Street Address #4	person	StreetAddress4	TEXT		EXISTING_GLOBAL;NEEDED_GLOBAL
Global	Company Items	Contacts	Suffix	Suffix	sTYPE_TEXT	No	No	Person	Person	Suffix	Suffix	person	Suffix	TEXT		EXISTING_GLOBAL;NEEDED_GLOBAL
Global	Company Items	Contacts	Title	Title	sTYPE_TEXT	No	No	Person	Person	Title	Title	person	Title	TEXT		EXISTING_GLOBAL;NEEDED_GLOBAL
Global	Company Items	Contacts	Use Employer Address	UseEmployerAddress	sTYPE_CHECKBOX	Yes	No	Person	Person	UseEmployerAddress	Use Employer Address	person	UseEmployerAddress	TEXT		EXISTING_GLOBAL;NEEDED_GLOBAL
Global	Company Items	Contacts	Website	WebSite	sTYPE_TEXT	No	No	Person	Person	WebSite	Website	person	WebSite	TEXT		EXISTING_GLOBAL
Global	Company Items	Contacts	Wireless Email	WirelessEMail	sTYPE_TEXT	No	No	Person	Person	WirelessEMail	Wireless Email	person	WirelessEMail	TEXT		EXISTING_GLOBAL
Global	Company Items	Cost Tracking Template	Approved CO Column	ApprovedCOBudgetColTypeID	sTYPE_BUDGET_COLUMN_TYPE	No	No	CostTrackingTemplate								EXISTING_GLOBAL
Global	Company Items	Cost Tracking Template	Cost Tracking Summary Variance Calculation	SummaryVarianceCalc	sTYPE_TEXT	No	No	CostTrackingTemplate								EXISTING_GLOBAL
Global	Company Items	Cost Tracking Template	Cost Tracking Template Description	Description	sTYPE_TEXT	No	No	CostTrackingTemplate								EXISTING_GLOBAL;NEEDED_GLOBAL
Global	Company Items	Cost Tracking Template	Cost Tracking Template Name	TemplateName	sTYPE_TEXT	No	No	CostTrackingTemplate								EXISTING_GLOBAL
Global	Company Items	Cost Tracking Template	Cost Tracking Template Notes	Notes	sTYPE_TEXTAREA	No	No	CostTrackingTemplate								EXISTING_GLOBAL;NEEDED_GLOBAL
Global	Company Items	Cost Tracking Template	Cost Tracking Template RecID	CostTrackingTemplateID	sTYPE_UNFORMATTED_NUMBER	No	No	CostTrackingTemplate								EXISTING_GLOBAL
Global	Company Items	Cost Tracking Template	Cost Tracking Template Valid for Cap Program?	IsValidForCapProgram	sTYPE_BOOLEAN	No	No	CostTrackingTemplate								EXISTING_GLOBAL
Global	Company Items	Cost Tracking Template	Cost Tracking Template Valid for Cap Project?	IsValidForCapProject	sTYPE_BOOLEAN	No	No	CostTrackingTemplate								EXISTING_GLOBAL
Global	Company Items	Cost Tracking Template	Cost Tracking Template Valid for Equipment Contract?	IsValidForEquipContract	sTYPE_BOOLEAN	No	No	CostTrackingTemplate								EXISTING_GLOBAL
Global	Company Items	Cost Tracking Template	Cost Tracking Template Valid for Facility?	IsValidForFacility	sTYPE_BOOLEAN	No	No	CostTrackingTemplate								EXISTING_GLOBAL
Global	Company Items	Cost Tracking Template	Cost Tracking Template Valid for Location?	IsValidForLocation	sTYPE_BOOLEAN	No	No	CostTrackingTemplate								EXISTING_GLOBAL
Global	Company Items	Cost Tracking Template	Cost Tracking Template Valid for Open Project?	IsValidForOpenProject	sTYPE_BOOLEAN	No	No	CostTrackingTemplate								EXISTING_GLOBAL
Global	Company Items	Cost Tracking Template	Cost Tracking Template Valid for Parcel?	IsValidForParcel	sTYPE_BOOLEAN	No	No	CostTrackingTemplate								EXISTING_GLOBAL
Global	Company Items	Cost Tracking Template	Cost Tracking Template Valid for Portfolio?	IsValidForPortfolio	sTYPE_BOOLEAN	No	No	CostTrackingTemplate								EXISTING_GLOBAL
Global	Company Items	Cost Tracking Template	Cost Tracking Template Valid for Potential Project?	IsValidForPotentialProject	sTYPE_BOOLEAN	No	No	CostTrackingTemplate								EXISTING_GLOBAL
Global	Company Items	Cost Tracking Template	Cost Tracking Template Valid for Prototype?	IsValidForPrototype	sTYPE_BOOLEAN	No	No	CostTrackingTemplate								EXISTING_GLOBAL
Global	Company Items	Cost Tracking Template	Cost Tracking Template Valid for RE Contract?	IsValidForContract	sTYPE_BOOLEAN	No	No	CostTrackingTemplate								EXISTING_GLOBAL
Global	Company Items	Cost Tracking Template	Created By	CreatedByID	sTYPE_MEMBER	No	No	CostTrackingTemplate								EXISTING_GLOBAL;NEEDED_GLOBAL
Global	Company Items	Cost Tracking Template	Created Date	CreatedDate	sTYPE_TIME	No	No	CostTrackingTemplate								EXISTING_GLOBAL;NEEDED_GLOBAL
Global	Company Items	Cost Tracking Template	Estimate Column	EstimateBudgetColumnTypeID	sTYPE_BUDGET_COLUMN_TYPE	No	No	CostTrackingTemplate								EXISTING_GLOBAL
Global	Company Items	Cost Tracking Template	Invoice Column	InvoiceBudgetColTypeID	sTYPE_BUDGET_COLUMN_TYPE	No	No	CostTrackingTemplate								EXISTING_GLOBAL
Global	Company Items	Cost Tracking Template	Modified By	ModifiedByID	sTYPE_MEMBER	No	No	CostTrackingTemplate								EXISTING_GLOBAL;NEEDED_GLOBAL
Global	Company Items	Cost Tracking Template	Modified Date	ModifiedDate	sTYPE_TIME	No	No	CostTrackingTemplate								EXISTING_GLOBAL;NEEDED_GLOBAL
Global	Company Items	Cost Tracking Template	Outstanding CO Column	OutstandingCOBudgetColTypeID	sTYPE_BUDGET_COLUMN_TYPE	No	No	CostTrackingTemplate								EXISTING_GLOBAL
Global	Company Items	Cost Tracking Template	PO Column	POBudgetColumnTypeID	sTYPE_BUDGET_COLUMN_TYPE	Yes	No	CostTrackingTemplate								EXISTING_GLOBAL
Global	Company Items	Cost Tracking Template	Rev Number	RevNumber	sTYPE_UNFORMATTED_NUMBER	No	No	CostTrackingTemplate								EXISTING_GLOBAL;NEEDED_GLOBAL
Global	Company Items	Cost Tracking Template	Vendor Breakdown Variance Calculation	VendorBreakdownVarianceCalc	sTYPE_TEXT	No	No	CostTrackingTemplate								EXISTING_GLOBAL
Global	Company Items	Custom Code Fields	Created By	CreatedByID	sTYPE_MEMBER	No	No	CustomCodeField								EXISTING_GLOBAL;NEEDED_GLOBAL
Global	Company Items	Custom Code Fields	Created Date	CreatedDate	sTYPE_TIME	No	No	CustomCodeField								EXISTING_GLOBAL;NEEDED_GLOBAL
Global	Company Items	Custom Code Fields	Custom Code Field ClientID	BOMapClientRecordID	sTYPE_TEXT	Yes	No	CustomCodeField								EXISTING_GLOBAL;NEEDED_GLOBAL
Global	Company Items	Custom Code Fields	Custom Code Field RecID	CustomCodeFieldID	sTYPE_UNFORMATTED_NUMBER	No	No	CustomCodeField								EXISTING_GLOBAL;NEEDED_GLOBAL
Global	Company Items	Custom Code Fields	Description	Description	sTYPE_TEXTAREA	No	No	CustomCodeField								EXISTING_GLOBAL;NEEDED_GLOBAL
Global	Company Items	Custom Code Fields	Field Name	CustomCodeFieldName	sTYPE_TEXT	Yes	No	CustomCodeField								EXISTING_GLOBAL;NEEDED_GLOBAL
Global	Company Items	Custom Code Fields	Inactive	Inactive	sTYPE_BOOLEAN	No	No	CustomCodeField								EXISTING_GLOBAL;NEEDED_GLOBAL
Global	Company Items	Custom Code Fields	Modified By	ModifiedByID	sTYPE_MEMBER	No	No	CustomCodeField								EXISTING_GLOBAL;NEEDED_GLOBAL
Global	Company Items	Custom Code Fields	Modified Date	ModifiedDate	sTYPE_TIME	No	No	CustomCodeField								EXISTING_GLOBAL;NEEDED_GLOBAL
Global	Company Items	Custom Code Fields	Parent Custom Code Field	ParentCustomCodeFieldID	sTYPE_CUSTOM_CODE_FIELD	No	No	CustomCodeField								EXISTING_GLOBAL;NEEDED_GLOBAL
Global	Company Items	Custom Code Fields	Parent Custom Code Table	ParentCustomCodeTableID	sTYPE_CUSTOM_CODE_TABLE_REF	No	No	CustomCodeField								EXISTING_GLOBAL;NEEDED_GLOBAL
Global	Company Items	Custom Code Fields	Rev Number	RevNumber	sTYPE_UNFORMATTED_NUMBER	No	No	CustomCodeField								EXISTING_GLOBAL;NEEDED_GLOBAL
Global	Company Items	Custom Code Fields	Table Name	CustomCodeTableID	sTYPE_CUSTOM_CODE_TABLE_REF	Yes	No	CustomCodeField								EXISTING_GLOBAL;NEEDED_GLOBAL
Global	Company Items	Data Field Groups	Parent Group Name	ParentReportGroupDataID	sTYPE_REPORT_GROUP_DATA	No	No	ReportGroupData								EXISTING_GLOBAL;NEEDED_GLOBAL
Global	Company Items	Data Field Groups	Report Group Name	ReportGroupDataName	sTYPE_TEXT	Yes	No	ReportGroupData								EXISTING_GLOBAL;NEEDED_GLOBAL
Global	Company Items	Data Field Groups	RGD Created Date	CreatedDate	sTYPE_DATE	No	No	ReportGroupData								EXISTING_GLOBAL;NEEDED_GLOBAL
Global	Company Items	Data Field Groups	RGD Modified Date	ModifiedDate	sTYPE_DATE	No	No	ReportGroupData								EXISTING_GLOBAL;NEEDED_GLOBAL
Global	Company Items	Data Fields	Api Table Name	ApiTableName	sTYPE_TEXT	No	No	ReportGroupAvailableField								EXISTING_GLOBAL;NEEDED_GLOBAL
Global	Company Items	Data Fields	Default Value	DefaultValue	sTYPE_TEXT	No	No	ReportGroupAvailableField								EXISTING_GLOBAL;NEEDED_GLOBAL
Global	Company Items	Data Fields	Definition	Definition	sTYPE_TEXTAREA	No	No	ReportGroupAvailableField								EXISTING_GLOBAL;NEEDED_GLOBAL
Global	Company Items	Data Fields	Dropdown Table Name	DropdownTableName	sTYPE_TEXT	No	No	ReportGroupAvailableField								EXISTING_GLOBAL;NEEDED_GLOBAL
Global	Company Items	Data Fields	Field Name	AccessorName	sTYPE_TEXT	No	No	ReportGroupAvailableField								EXISTING_GLOBAL;NEEDED_GLOBAL
Global	Company Items	Data Fields	Field Type	FormFieldType	sTYPE_ALL_FORMFIELDS	Yes	No	ReportGroupAvailableField								EXISTING_GLOBAL;NEEDED_GLOBAL
Global	Company Items	Data Fields	FieldText	FieldText	sTYPE_TEXT	No	No	ReportGroupAvailableField								EXISTING_GLOBAL;NEEDED_GLOBAL
Global	Company Items	Data Fields	FirmID	FirmID	sTYPE_FIRM	No	No	ReportGroupAvailableField								EXISTING_GLOBAL;NEEDED_GLOBAL
Global	Company Items	Data Fields	Global Definition	GlobalDefinition	sTYPE_TEXTAREA	No	No	ReportGroupAvailableField								EXISTING_GLOBAL;NEEDED_GLOBAL
Global	Company Items	Data Fields	Hierarchy Name	HierarchyName	sTYPE_TEXT	No	No	ReportGroupAvailableField								EXISTING_GLOBAL;NEEDED_GLOBAL
Global	Company Items	Data Fields	Is Functional?	IsFunctional	sTYPE_BOOLEAN	No	No	ReportGroupAvailableField								EXISTING_GLOBAL;NEEDED_GLOBAL
Global	Company Items	Data Fields	Is Global Field?	IsGlobal	sTYPE_BOOLEAN	No	No	ReportGroupAvailableField								EXISTING_GLOBAL;NEEDED_GLOBAL
Global	Company Items	Data Fields	Is ReadOnly?	IsReadOnly	sTYPE_BOOLEAN	No	No	ReportGroupAvailableField								EXISTING_GLOBAL;NEEDED_GLOBAL
Global	Company Items	Data Fields	Is Required?	IsRequired	sTYPE_BOOLEAN	No	No	ReportGroupAvailableField								EXISTING_GLOBAL;NEEDED_GLOBAL
Global	Company Items	Data Fields	Is UDF Field?	IsClientExtensionField	sTYPE_BOOLEAN	No	No	ReportGroupAvailableField								EXISTING_GLOBAL;NEEDED_GLOBAL
Global	Company Items	Data Fields	Label	DefaultLabel	sTYPE_TEXT	Yes	No	ReportGroupAvailableField								EXISTING_GLOBAL;NEEDED_GLOBAL
Global	Company Items	Data Fields	Maximum Length	MaxLength	sTYPE_NUMBER	No	No	ReportGroupAvailableField								EXISTING_GLOBAL;NEEDED_GLOBAL
Global	Company Items	Data Fields	Parent Report Group	ParentReportGroupDataID	sTYPE_REPORT_GROUP_DATA	No	No	ReportGroupAvailableField								EXISTING_GLOBAL;NEEDED_GLOBAL
Global	Company Items	Data Fields	Report Field Label	UILabel	sTYPE_TEXT	No	No	ReportGroupAvailableField								EXISTING_GLOBAL;NEEDED_GLOBAL
Global	Company Items	Data Fields	Report Group	ReportGroupDataID	sTYPE_REPORT_GROUP_DATA	Yes	No	ReportGroupAvailableField								EXISTING_GLOBAL;NEEDED_GLOBAL
Global	Company Items	Data Fields	RGAF Created Date	CreatedDate	sTYPE_DATE	No	No	ReportGroupAvailableField								EXISTING_GLOBAL;NEEDED_GLOBAL
Global	Company Items	Data Fields	RGAF Modified Date	ModifiedDate	sTYPE_DATE	No	No	ReportGroupAvailableField								EXISTING_GLOBAL;NEEDED_GLOBAL
Global	Company Items	Data Fields	Script Name	ScriptName	sTYPE_TEXT	No	No	ReportGroupAvailableField								EXISTING_GLOBAL;NEEDED_GLOBAL
Global	Company Items	Data Fields	Table Detail	TableName	sTYPE_TEXT	No	No	ReportGroupAvailableField								EXISTING_GLOBAL;NEEDED_GLOBAL
Global	Company Items	Data Fields	Table Name	CodeSQLTableID	sCODE_SQLTABLE	Yes	No	ReportGroupAvailableField								EXISTING_GLOBAL;NEEDED_GLOBAL
Global	Company Items	Data Fields	Version Added	VersionAdded	sTYPE_TEXT	No	No	ReportGroupAvailableField								EXISTING_GLOBAL;NEEDED_GLOBAL
Global	Company Items	Data Fields	Version Modified	VersionModified	sTYPE_TEXT	No	No	ReportGroupAvailableField								EXISTING_GLOBAL;NEEDED_GLOBAL
Global	Company Items	Discount Rate	Accounting Method	CodeAccountingMethodID	sCODE_ACCOUNTING_METHOD	No	No	DiscountRate								EXISTING_GLOBAL;NEEDED_GLOBAL
Global	Company Items	Discount Rate	Contract Use	CodeContractUseID	sCODE_CONTRACT_USE	No	No	DiscountRate								EXISTING_GLOBAL;NEEDED_GLOBAL
Global	Company Items	Discount Rate	Country	CountryID	sTYPE_COUNTRY_ONLY	No	No	DiscountRate								EXISTING_GLOBAL;NEEDED_GLOBAL
Global	Company Items	Discount Rate	Country List	CountryIDList	sTYPE_COUNTRY_ONLY	No	No	DiscountRate								EXISTING_GLOBAL;NEEDED_GLOBAL
Global	Company Items	Discount Rate	Created By	CreatedByID	sTYPE_MEMBER	No	No	DiscountRate								EXISTING_GLOBAL;NEEDED_GLOBAL
Global	Company Items	Discount Rate	Created Date	CreatedDate	sTYPE_TIME	No	No	DiscountRate								EXISTING_GLOBAL;NEEDED_GLOBAL
Global	Company Items	Discount Rate	Discount Rate	DiscountRate	sTYPE_PERCENTAGE	Yes	No	DiscountRate								EXISTING_GLOBAL;NEEDED_GLOBAL
Global	Company Items	Discount Rate	Effective End Date	EffectiveThroughDate	sTYPE_DATE	Yes	No	DiscountRate								EXISTING_GLOBAL;NEEDED_GLOBAL
Global	Company Items	Discount Rate	Maximum Schedule Length (months)	MaxSchedMons	sTYPE_NUMBER	Yes	No	DiscountRate								EXISTING_GLOBAL;NEEDED_GLOBAL
Global	Company Items	Discount Rate	Minimum Schedule Length (months)	MinSchedMons	sTYPE_NUMBER	Yes	No	DiscountRate								EXISTING_GLOBAL;NEEDED_GLOBAL
Global	Company Items	Discount Rate	Modified By	ModifiedByID	sTYPE_MEMBER	No	No	DiscountRate								EXISTING_GLOBAL;NEEDED_GLOBAL
Global	Company Items	Discount Rate	Modified Date	ModifiedDate	sTYPE_TIME	No	No	DiscountRate								EXISTING_GLOBAL;NEEDED_GLOBAL
Global	Company Items	Discount Rate	Notes	Notes	sTYPE_TEXTAREA	No	No	DiscountRate								EXISTING_GLOBAL;NEEDED_GLOBAL
Global	Company Items	Discount Rate	Program	ProgramID	sTYPE_PROGRAM	No	No	DiscountRate								EXISTING_GLOBAL;NEEDED_GLOBAL
Global	Company Items	Discount Rate	Rev Number	RevNumber	sTYPE_UNFORMATTED_NUMBER	No	No	DiscountRate								EXISTING_GLOBAL;NEEDED_GLOBAL
Global	Company Items	Discount Rate	State Province	StateProvinceIDList	sTYPE_STATE_PROVINCE_LIST	No	No	DiscountRate								EXISTING_GLOBAL;NEEDED_GLOBAL
Global	Company Items	Employer Portfolio	Link Portfolio Vendor ClientID	BOMapClientRecordID	sTYPE_TEXT	Yes	No	LinkProjectEntityVendor								EXISTING_GLOBAL;NEEDED_GLOBAL
Global	Company Items	Employer Portfolio	Link Portfolio Vendor RecID	LinkProjectEntityVendorID	sTYPE_UNFORMATTED_NUMBER	No	No	LinkProjectEntityVendor								EXISTING_GLOBAL;NEEDED_GLOBAL
Global	Company Items	Employer Portfolio	Porfolio	ProjectEntityID	sTYPE_PROJECT_ENTITY	Yes	No	LinkProjectEntityVendor								EXISTING_GLOBAL;NEEDED_GLOBAL
Global	Company Items	Employer Portfolio	Vendor	VendorID	sTYPE_EMPLOYER	Yes	No	LinkProjectEntityVendor								EXISTING_GLOBAL;NEEDED_GLOBAL
Global	Company Items	Employer Site	Begin Date	BeginDate	sTYPE_DATE	No	No	EmployerSite								EXISTING_GLOBAL;NEEDED_GLOBAL
Global	Company Items	Employer Site	Business Unit	BusinessUnit	sTYPE_TEXT	No	No	EmployerSite								EXISTING_GLOBAL;NEEDED_GLOBAL
Global	Company Items	Employer Site	City	City	sTYPE_TEXT	No	No	EmployerSite								EXISTING_GLOBAL;NEEDED_GLOBAL
Global	Company Items	Employer Site	Country	CountryID	sTYPE_COUNTRY	No	No	EmployerSite								EXISTING_GLOBAL;NEEDED_GLOBAL
Global	Company Items	Employer Site	Currency Type	CodeCurrencyTypeID	sCODE_CURRENCY_TYPE	No	No	EmployerSite								EXISTING_GLOBAL;NEEDED_GLOBAL
Global	Company Items	Employer Site	Employer	EmployerID	sTYPE_EMPLOYER	Yes	No	EmployerSite								EXISTING_GLOBAL;NEEDED_GLOBAL
Global	Company Items	Employer Site	End Date	EndDate	sTYPE_DATE	No	No	EmployerSite								EXISTING_GLOBAL;NEEDED_GLOBAL
Global	Company Items	Employer Site	Is Inactive?	Inactive	sTYPE_CHECKBOX	Yes	No	EmployerSite								EXISTING_GLOBAL;NEEDED_GLOBAL
Global	Company Items	Employer Site	Notes	Notes	sTYPE_TEXTAREA	No	No	EmployerSite								EXISTING_GLOBAL;NEEDED_GLOBAL
Global	Company Items	Employer Site	Phone	Phone	sTYPE_TEXT	No	No	EmployerSite								EXISTING_GLOBAL;NEEDED_GLOBAL
Global	Company Items	Employer Site	Postal Code	PostalCode	sTYPE_TEXT	No	No	EmployerSite								EXISTING_GLOBAL;NEEDED_GLOBAL
Global	Company Items	Employer Site	State	StateProvinceCountryID	sTYPE_STATE_PROVINCE	No	No	EmployerSite								EXISTING_GLOBAL;NEEDED_GLOBAL
Global	Company Items	Employer Site	Street Address #1	StreetAddress1	sTYPE_TEXT	No	No	EmployerSite								EXISTING_GLOBAL;NEEDED_GLOBAL
Global	Company Items	Employer Site	Street Address #2	StreetAddress2	sTYPE_TEXT	No	No	EmployerSite								EXISTING_GLOBAL;NEEDED_GLOBAL
Global	Company Items	Employer Site	Street Address #3	StreetAddress3	sTYPE_TEXT	No	No	EmployerSite								EXISTING_GLOBAL;NEEDED_GLOBAL
Global	Company Items	Employer Site	Street Address #4	StreetAddress4	sTYPE_TEXT	No	No	EmployerSite								EXISTING_GLOBAL;NEEDED_GLOBAL
Global	Company Items	Employer Site	Vendor Site Code	VendorSiteCode	sTYPE_TEXT	No	No	EmployerSite								EXISTING_GLOBAL;NEEDED_GLOBAL
Global	Company Items	Employer Site	Vendor Site ID	VendorSiteID	sTYPE_TEXT	Yes	No	EmployerSite								EXISTING_GLOBAL;NEEDED_GLOBAL
Global	Company Items	Employer Site	Vendor Site Name	VendorSiteName	sTYPE_TEXT	No	No	EmployerSite								EXISTING_GLOBAL;NEEDED_GLOBAL
Global	Company Items	Employer Site	Vendor Site RecID	EmployerSiteID	sTYPE_UNFORMATTED_NUMBER	No	No	EmployerSite								EXISTING_GLOBAL;NEEDED_GLOBAL
Global	Company Items	Employers	Account Rep	AccountRepPersonID	sTYPE_PERSON	No	No	Employer	Employer	AccountRepPersonID	Account Rep	employer	AccountRepPersonID	TEXT	Foreign key (ID reference)	EXISTING_GLOBAL
Global	Company Items	Employers	After Hours Contact	AfterHoursContact	sTYPE_TEXTAREA	No	No	Employer	Employer	AfterHoursContact	After Hours Contact	employer	AfterHoursContact	TEXT		EXISTING_GLOBAL
Global	Company Items	Employers	After Hours Rate	AfterHoursRate	sTYPE_MONEY	No	No	Employer	Employer	AfterHoursRate	After Hours Rate	employer	AfterHoursRate	TEXT		EXISTING_GLOBAL
Global	Company Items	Employers	AKA Name	NameAKA	sTYPE_TEXT	No	No	Employer	Employer	NameAKA	AKA Name	employer	NameAKA	TEXT		EXISTING_GLOBAL;NEEDED_GLOBAL
Global	Company Items	Employers	Allow Employees Upload / Download access to Employer Documents	IsSharedDocumentAccess	sTYPE_CHECKBOX	No	No	Employer	Employer	IsSharedDocumentAccess	Allow Employees Upload / Download access to Employer Documents	employer	IsSharedDocumentAccess	TEXT		EXISTING_GLOBAL;NEEDED_GLOBAL
Global	Company Items	Employers	AP Vendor Number	APVendorNumber	sTYPE_TEXT	No	No	Employer	Employer	APVendorNumber	AP Vendor Number	employer	APVendorNumber	TEXT		EXISTING_GLOBAL;NEEDED_GLOBAL
Global	Company Items	Employers	Bank Account Number	BankAccountNumber	sTYPE_TEXT	No	No	Employer	Employer	BankAccountNumber	Bank Account Number	employer	BankAccountNumber	TEXT		EXISTING_GLOBAL;NEEDED_GLOBAL
Global	Company Items	Employers	Bank Routing Number	BankRoutingNumber	sTYPE_TEXT	No	No	Employer	Employer	BankRoutingNumber	Bank Routing Number	employer	BankRoutingNumber	TEXT		EXISTING_GLOBAL;NEEDED_GLOBAL
Global	Company Items	Employers	Business Hours	BusinessHours	sTYPE_TEXTAREA	No	No	Employer	Employer	BusinessHours	Business Hours	employer	BusinessHours	TEXT		EXISTING_GLOBAL
Global	Company Items	Employers	City	City	sTYPE_TEXT	No	No	Employer	Employer	City	City	employer	City	TEXT		EXISTING_GLOBAL;NEEDED_GLOBAL
Global	Company Items	Employers	Company Information	CompanyInformation	sTYPE_TEXTAREA	No	No	Employer	Employer	CompanyInformation	Company Information	employer	CompanyInformation	TEXT		EXISTING_GLOBAL;NEEDED_GLOBAL
Global	Company Items	Employers	Company Type	CompanyType	sTYPE_COMPANY_TYPE	Yes	No	Employer	Employer	CompanyType	Company Type	employer	CompanyType	TEXT		EXISTING_GLOBAL;NEEDED_GLOBAL
Global	Company Items	Employers	Contact Type List	CodeContactTypeIDList	sTYPE_CODE_CONTACT_TYPE_LIST	Yes	No	Employer	Employer	CodeContactTypeIDList	Contact Type List	employer	CodeContactTypeIDList	TEXT		EXISTING_GLOBAL;NEEDED_GLOBAL
Global	Company Items	Employers	Country	CountryID	sTYPE_COUNTRY	No	No	Employer	Employer	CountryID	Country	employer	CountryID	TEXT	Foreign key (ID reference)	EXISTING_GLOBAL;NEEDED_GLOBAL
Global	Company Items	Employers	Coverage	CodeCoverageID	sCODE_COVERAGE	No	No	Employer	Employer	CodeCoverageID	Coverage	employer	CodeCoverageID	TEXT	Foreign key (ID reference)	EXISTING_GLOBAL
Global	Company Items	Employers	Created By	CreatedByID	sTYPE_MEMBER	No	No	Employer	Employer	CreatedByID	Created By	employer	CreatedByID	TEXT	Foreign key (ID reference)	EXISTING_GLOBAL;NEEDED_GLOBAL
Global	Company Items	Employers	Created Date	CreatedDate	sTYPE_TIME	No	No	Employer	Employer	CreatedDate	Created Date	employer	CreatedDate	TEXT	Audit	EXISTING_GLOBAL;NEEDED_GLOBAL
Global	Company Items	Employers	Date Graded	DateGraded	sTYPE_DATE	No	No	Employer	Employer	DateGraded	Date Graded	employer	DateGraded	TEXT		EXISTING_GLOBAL
Global	Company Items	Employers	Department	Department	sTYPE_TEXT	No	No	Employer	Employer	Department	Department	employer	Department	TEXT		EXISTING_GLOBAL
Global	Company Items	Employers	Early Pay Days	VendorEarlyPayDays	sTYPE_NUMBER	No	No	Employer	Employer	VendorEarlyPayDays	Early Pay Days	employer	VendorEarlyPayDays	TEXT		EXISTING_GLOBAL
Global	Company Items	Employers	Early Pay Discount	VendorEarlyPayDiscount	sTYPE_PERCENTAGE	No	No	Employer	Employer	VendorEarlyPayDiscount	Early Pay Discount	employer	VendorEarlyPayDiscount	TEXT		EXISTING_GLOBAL
Global	Company Items	Employers	Email #1	EMail1	sTYPE_TEXT	No	No	Employer	Employer	EMail1	Email #1	employer	EMail1	TEXT		EXISTING_GLOBAL;NEEDED_GLOBAL
Global	Company Items	Employers	Email #2	EMail2	sTYPE_TEXT	No	No	Employer	Employer	EMail2	Email #2	employer	EMail2	TEXT		EXISTING_GLOBAL
Global	Company Items	Employers	Employer ClientID	BOMapClientRecordID	sTYPE_TEXT	Yes	No	Employer	Employer	BOMapClientRecordID	Employer ClientID	employer	BOMapClientRecordID	TEXT	Client identifier	EXISTING_GLOBAL;NEEDED_GLOBAL
Global	Company Items	Employers	Employer Name	EmployerName	sTYPE_TEXT	Yes	No	Employer	Employer	EmployerName	Employer Name	employer	EmployerName	TEXT		EXISTING_GLOBAL;NEEDED_GLOBAL
Global	Company Items	Employers	Employer RecID	EmployerID	sTYPE_UNFORMATTED_NUMBER	No	No	Employer	Employer	EmployerID	Employer RecID	employer	EmployerID	VARCHAR(64) NOT NULL	Primary key	EXISTING_GLOBAL;NEEDED_GLOBAL
Global	Company Items	Employers	Fax	Fax	sTYPE_TEXT	No	No	Employer	Employer	Fax	Fax	employer	Fax	TEXT		EXISTING_GLOBAL;NEEDED_GLOBAL
Global	Company Items	Employers	Federal Tax ID	FederalTaxID	sTYPE_TEXT	No	No	Employer	Employer	FederalTaxID	Federal Tax ID	employer	FederalTaxID	TEXT	Foreign key (ID reference)	EXISTING_GLOBAL;NEEDED_GLOBAL
Global	Company Items	Employers	Has After Hours Support?	HasAfterHoursSupport	sTYPE_CHECKBOX	No	No	Employer	Employer	HasAfterHoursSupport	Has After Hours Support?	employer	HasAfterHoursSupport	TEXT		EXISTING_GLOBAL
Global	Company Items	Employers	Hourly Rate	HourlyRate	sTYPE_MONEY	No	No	Employer	Employer	HourlyRate	Hourly Rate	employer	HourlyRate	TEXT		EXISTING_GLOBAL
Global	Company Items	Employers	Is Equip Contract Vendor?	IsEquipContractVendor	sTYPE_CHECKBOX	No	No	Employer	Employer	IsEquipContractVendor	Is Equip Contract Vendor?	employer	IsEquipContractVendor	TEXT		EXISTING_GLOBAL;NEEDED_GLOBAL
Global	Company Items	Employers	Is Female Owned?	IsFemaleOwned	sTYPE_CHECKBOX	No	No	Employer	Employer	IsFemaleOwned	Is Female Owned?	employer	IsFemaleOwned	TEXT		EXISTING_GLOBAL
Global	Company Items	Employers	Is GLBT Owned?	IsGLBTOwned	sTYPE_CHECKBOX	No	No	Employer	Employer	IsGLBTOwned	Is GLBT Owned?	employer	IsGLBTOwned	TEXT		EXISTING_GLOBAL
Global	Company Items	Employers	Is Inactive?	Inactive	sTYPE_CHECKBOX	Yes	No	Employer	Employer	Inactive	Is Inactive?	employer	Inactive	TEXT		EXISTING_GLOBAL;NEEDED_GLOBAL
Global	Company Items	Employers	Is Minority Owned?	IsMinorityOwned	sTYPE_CHECKBOX	No	No	Employer	Employer	IsMinorityOwned	Is Minority Owned?	employer	IsMinorityOwned	TEXT		EXISTING_GLOBAL
Global	Company Items	Employers	Is Preferred Vendor?	IsPreferredVendor	sTYPE_CHECKBOX	No	No	Employer	Employer	IsPreferredVendor	Is Preferred Vendor?	employer	IsPreferredVendor	TEXT		EXISTING_GLOBAL
Global	Company Items	Employers	Is Primary Owner?	IsPrimaryOwner	sTYPE_CHECKBOX	No	No	Employer	Employer	IsPrimaryOwner	Is Primary Owner?	employer	IsPrimaryOwner	TEXT		EXISTING_GLOBAL
Global	Company Items	Employers	Is RE Contract Vendor?	IsREContractVendor	sTYPE_CHECKBOX	No	No	Employer	Employer	IsREContractVendor	Is RE Contract Vendor?	employer	IsREContractVendor	TEXT		EXISTING_GLOBAL;NEEDED_GLOBAL
Global	Company Items	Employers	Is SBA Program?	IsSBAProgram	sTYPE_CHECKBOX	No	No	Employer	Employer	IsSBAProgram	Is SBA Program?	employer	IsSBAProgram	TEXT		EXISTING_GLOBAL
Global	Company Items	Employers	Is Vendor?	IsVendor	sTYPE_CHECKBOX	No	No	Employer	Employer	IsVendor	Is Vendor?	employer	IsVendor	TEXT		EXISTING_GLOBAL;NEEDED_GLOBAL
Global	Company Items	Employers	Job Functions	EmpAvailableJobFunctionIDList	sTYPE_EMP_JOB_FUNCTION_LIST	No	No	Employer	Employer	EmpAvailableJobFunctionIDList	Job Functions	employer	EmpAvailableJobFunctionIDList	TEXT		EXISTING_GLOBAL;NEEDED_GLOBAL
Global	Company Items	Employers	Job Titles	EmpAvailableJobTitleIDList	sTYPE_EMP_JOB_TITLE_LIST	No	No	Employer	Employer	EmpAvailableJobTitleIDList	Job Titles	employer	EmpAvailableJobTitleIDList	TEXT		EXISTING_GLOBAL;NEEDED_GLOBAL
Global	Company Items	Employers	Maintenance Categories	CodeAssetCategoryIDList	sTYPE_CODE_ASSET_CATEGORY_LIST	No	No	Employer	Employer	CodeAssetCategoryIDList	Maintenance Categories	employer	CodeAssetCategoryIDList	TEXT		EXISTING_GLOBAL;NEEDED_GLOBAL
Global	Company Items	Employers	Master Employer Group	CodeMasterEmployerGroupID	sCODE_MASTER_EMPLOYER_GROUP	No	No	Employer	Employer	CodeMasterEmployerGroupID	Master Employer Group	employer	CodeMasterEmployerGroupID	TEXT	Foreign key (ID reference)	EXISTING_GLOBAL;NEEDED_GLOBAL
Global	Company Items	Employers	Mobile Number	MobileNumber	sTYPE_TEXT	No	No	Employer	Employer	MobileNumber	Mobile Number	employer	MobileNumber	TEXT		EXISTING_GLOBAL;NEEDED_GLOBAL
Global	Company Items	Employers	Modified By	ModifiedByID	sTYPE_MEMBER	No	No	Employer	Employer	ModifiedByID	Modified By	employer	ModifiedByID	TEXT	Foreign key (ID reference)	EXISTING_GLOBAL;NEEDED_GLOBAL
Global	Company Items	Employers	Modified Date	ModifiedDate	sTYPE_TIME	No	No	Employer	Employer	ModifiedDate	Modified Date	employer	ModifiedDate	TEXT	Incremental watermark	EXISTING_GLOBAL;NEEDED_GLOBAL
Global	Company Items	Employers	Net Pay Days	VendorNetPayDays	sTYPE_NUMBER	No	No	Employer	Employer	VendorNetPayDays	Net Pay Days	employer	VendorNetPayDays	TEXT		EXISTING_GLOBAL
Global	Company Items	Employers	Notes	Notes	sTYPE_TEXTAREA	No	No	Employer	Employer	Notes	Notes	employer	Notes	TEXT		EXISTING_GLOBAL;NEEDED_GLOBAL
Global	Company Items	Employers	Number of Service Trucks	NumberOfServiceTrucks	sTYPE_NUMBER	No	No	Employer	Employer	NumberOfServiceTrucks	Number of Service Trucks	employer	NumberOfServiceTrucks	TEXT		EXISTING_GLOBAL
Global	Company Items	Employers	Number of States	NumberOfStates	sTYPE_NUMBER	No	No	Employer	Employer	NumberOfStates	Number of States	employer	NumberOfStates	TEXT		EXISTING_GLOBAL
Global	Company Items	Employers	Number of Technicians	NumberOfTechnicians	sTYPE_NUMBER	No	No	Employer	Employer	NumberOfTechnicians	Number of Technicians	employer	NumberOfTechnicians	TEXT		EXISTING_GLOBAL
Global	Company Items	Employers	Phone	Phone	sTYPE_TEXT	No	No	Employer	Employer	Phone	Phone	employer	Phone	TEXT		EXISTING_GLOBAL;NEEDED_GLOBAL
Global	Company Items	Employers	Portfolio Access	PortfolioIDList	sTYPE_PORTFOLIO_LIST	No	No	Employer	Employer	PortfolioIDList	Portfolio Access	employer	PortfolioIDList	TEXT		EXISTING_GLOBAL;NEEDED_GLOBAL
Global	Company Items	Employers	Postal Code	PostalCode	sTYPE_POSTALCODE	No	No	Employer	Employer	PostalCode	Postal Code	employer	PostalCode	TEXT		EXISTING_GLOBAL;NEEDED_GLOBAL
Global	Company Items	Employers	Rev Number	RevNumber	sTYPE_UNFORMATTED_NUMBER	No	No	Employer	Employer	RevNumber	Rev Number	employer	RevNumber	TEXT	Audit	EXISTING_GLOBAL;NEEDED_GLOBAL
Global	Company Items	Employers	Self Perform?	SelfPerform	sTYPE_CHECKBOX	No	No	Employer	Employer	SelfPerform	Self Perform?	employer	SelfPerform	TEXT		EXISTING_GLOBAL
Global	Company Items	Employers	State	IStateProvinceCountryID	sTYPE_STATE_PROVINCE	No	No	Employer	Employer	IStateProvinceCountryID	State	employer	IStateProvinceCountryID	TEXT	Foreign key (ID reference)	EXISTING_GLOBAL;NEEDED_GLOBAL
Global	Company Items	Employers	Street Address #1	StreetAddress1	sTYPE_TEXT	No	No	Employer	Employer	StreetAddress1	Street Address #1	employer	StreetAddress1	TEXT		EXISTING_GLOBAL;NEEDED_GLOBAL
Global	Company Items	Employers	Street Address #2	StreetAddress2	sTYPE_TEXT	No	No	Employer	Employer	StreetAddress2	Street Address #2	employer	StreetAddress2	TEXT		EXISTING_GLOBAL;NEEDED_GLOBAL
Global	Company Items	Employers	Street Address #3	StreetAddress3	sTYPE_TEXT	No	No	Employer	Employer	StreetAddress3	Street Address #3	employer	StreetAddress3	TEXT		EXISTING_GLOBAL;NEEDED_GLOBAL
Global	Company Items	Employers	Street Address #4	StreetAddress4	sTYPE_TEXT	No	No	Employer	Employer	StreetAddress4	Street Address #4	employer	StreetAddress4	TEXT		EXISTING_GLOBAL;NEEDED_GLOBAL
Global	Company Items	Employers	Travel Rate	TravelRate	sTYPE_MONEY	No	No	Employer	Employer	TravelRate	Travel Rate	employer	TravelRate	TEXT		EXISTING_GLOBAL
Global	Company Items	Employers	User Classes	EmpAvailableUserClassIDList	sTYPE_EMP_USER_CLASS_LIST	No	No	Employer	Employer	EmpAvailableUserClassIDList	User Classes	employer	EmpAvailableUserClassIDList	TEXT		EXISTING_GLOBAL;NEEDED_GLOBAL
Global	Company Items	Employers	Vendor Grade	CodeVendorGradeID	sCODE_VENDOR_GRADE	No	No	Employer	Employer	CodeVendorGradeID	Vendor Grade	employer	CodeVendorGradeID	TEXT	Foreign key (ID reference)	EXISTING_GLOBAL
Global	Company Items	Employers	Website	WebSite	sTYPE_TEXT	No	No	Employer	Employer	WebSite	Website	employer	WebSite	TEXT		EXISTING_GLOBAL
Global	Company Items	Exchange Rates	Contract	ContractID	sTYPE_CONTRACT	No	No	ExchangeRate								EXISTING_GLOBAL;NEEDED_GLOBAL
Global	Company Items	Exchange Rates	Effective Date	EffectiveDate	sTYPE_DATE	Yes	No	ExchangeRate								EXISTING_GLOBAL;NEEDED_GLOBAL
Global	Company Items	Exchange Rates	Exchange Rate	ConversionRate	sTYPE_NUMBER_FRACTION6DIGITS	Yes	No	ExchangeRate								EXISTING_GLOBAL;NEEDED_GLOBAL
Global	Company Items	Exchange Rates	Exchange Rate ClientID	BOMapClientRecordID	sTYPE_TEXT	Yes	No	ExchangeRate								EXISTING_GLOBAL;NEEDED_GLOBAL
Global	Company Items	Exchange Rates	Exchange Rate RecID	ExchangeRateID	sTYPE_UNFORMATTED_NUMBER	No	No	ExchangeRate								EXISTING_GLOBAL;NEEDED_GLOBAL
Global	Company Items	Exchange Rates	Exchange Rate Type	CodeExchangeRateTypeID	sCODE_EXCHANGE_RATE_TYPE	Yes	No	ExchangeRate								EXISTING_GLOBAL;NEEDED_GLOBAL
Global	Company Items	Exchange Rates	From Currency	CodeFromCurrencyTypeID	sCODE_CURRENCY_TYPE	Yes	No	ExchangeRate								EXISTING_GLOBAL;NEEDED_GLOBAL
Global	Company Items	Exchange Rates	To Currency	CodeToCurrencyTypeID	sCODE_CURRENCY_TYPE	Yes	No	ExchangeRate								EXISTING_GLOBAL;NEEDED_GLOBAL
Global	Company Items	Fiscal Period	Begin Date	BeginDate	sTYPE_DATE	Yes	No	FiscalPeriod								EXISTING_GLOBAL;NEEDED_GLOBAL
Global	Company Items	Fiscal Period	Days In Period	NumberDaysInPeriod	sTYPE_NUMBER	No	No	FiscalPeriod								EXISTING_GLOBAL;NEEDED_GLOBAL
Global	Company Items	Fiscal Period	End Date	EndDate	sTYPE_DATE	Yes	No	FiscalPeriod								EXISTING_GLOBAL;NEEDED_GLOBAL
Global	Company Items	Fiscal Period	Fiscal Period ClientID	BOMapClientRecordID	sTYPE_TEXT	Yes	No	FiscalPeriod								EXISTING_GLOBAL;NEEDED_GLOBAL
Global	Company Items	Fiscal Period	Fiscal Period Name	FiscalPeriodName	sTYPE_TEXT	No	No	FiscalPeriod								EXISTING_GLOBAL;NEEDED_GLOBAL
Global	Company Items	Fiscal Period	Fiscal Period RecID	FiscalPeriodID	sTYPE_UNFORMATTED_NUMBER	No	No	FiscalPeriod								EXISTING_GLOBAL;NEEDED_GLOBAL
Global	Company Items	Fiscal Period	Is 4 or 5 Week Period?	Is4or5WeekPeriod	sTYPE_BOOLEAN	No	No	FiscalPeriod								EXISTING_GLOBAL;NEEDED_GLOBAL
Global	Company Items	Fiscal Period	Matching Calendar Month	MatchingCalendarMonth	sTYPE_MONTH	No	No	FiscalPeriod								EXISTING_GLOBAL;NEEDED_GLOBAL
Global	Company Items	Fiscal Period	Matching Calendar Year	MatchingCalendarYear	sTYPE_NUMBER	No	No	FiscalPeriod								EXISTING_GLOBAL;NEEDED_GLOBAL
Global	Company Items	Fiscal Period	Modified By	ModifiedByID	sTYPE_MEMBER	No	No	FiscalPeriod								EXISTING_GLOBAL;NEEDED_GLOBAL
Global	Company Items	Fiscal Period	Modified Date	ModifiedDate	sTYPE_TIME	No	No	FiscalPeriod								EXISTING_GLOBAL;NEEDED_GLOBAL
Global	Company Items	Fiscal Period	Period	Period	sTYPE_NUMBER	Yes	No	FiscalPeriod								EXISTING_GLOBAL;NEEDED_GLOBAL
Global	Company Items	Fiscal Period	Portfolio	ProgramID	sTYPE_PROGRAM	No	No	FiscalPeriod								EXISTING_GLOBAL;NEEDED_GLOBAL
Global	Company Items	Fiscal Period	Quarter	Quarter	sTYPE_NUMBER	Yes	No	FiscalPeriod								EXISTING_GLOBAL;NEEDED_GLOBAL
Global	Company Items	Fiscal Period	Weeks In Period	NumberWeeksInPeriod	sTYPE_NUMBER	No	No	FiscalPeriod								EXISTING_GLOBAL;NEEDED_GLOBAL
Global	Company Items	Fiscal Period	Year	Year	sTYPE_NUMBER	Yes	No	FiscalPeriod								EXISTING_GLOBAL;NEEDED_GLOBAL
Global	Company Items	Folder Template	Folder Template Description	Description	sTYPE_TEXT	No	No	VirtualTemplateFolder								EXISTING_GLOBAL;NEEDED_GLOBAL
Global	Company Items	Folder Template	Folder Template Name	TemplateName	sTYPE_TEXT	No	No	VirtualTemplateFolder								EXISTING_GLOBAL;NEEDED_GLOBAL
Global	Company Items	Folder Template	Folder Template Notes	Notes	sTYPE_TEXTAREA	No	No	VirtualTemplateFolder								EXISTING_GLOBAL;NEEDED_GLOBAL
Global	Company Items	Folder Template	Folder Template RecID	TemplateID	sTYPE_UNFORMATTED_NUMBER	No	No	VirtualTemplateFolder								EXISTING_GLOBAL;NEEDED_GLOBAL
Global	Company Items	Folder Template	Folder Template Valid for Cap Program?	IsValidForCapProgram	sTYPE_BOOLEAN	No	No	VirtualTemplateFolder								EXISTING_GLOBAL;NEEDED_GLOBAL
Global	Company Items	Folder Template	Folder Template Valid for Cap Project?	IsValidForCapProject	sTYPE_BOOLEAN	No	No	VirtualTemplateFolder								EXISTING_GLOBAL;NEEDED_GLOBAL
Global	Company Items	Folder Template	Folder Template Valid for Equipment Contract?	IsValidForEquipContract	sTYPE_BOOLEAN	No	No	VirtualTemplateFolder								EXISTING_GLOBAL;NEEDED_GLOBAL
Global	Company Items	Folder Template	Folder Template Valid for Facility?	IsValidForFacility	sTYPE_BOOLEAN	No	No	VirtualTemplateFolder								EXISTING_GLOBAL;NEEDED_GLOBAL
Global	Company Items	Folder Template	Folder Template Valid for Location?	IsValidForLocation	sTYPE_BOOLEAN	No	No	VirtualTemplateFolder								EXISTING_GLOBAL;NEEDED_GLOBAL
Global	Company Items	Folder Template	Folder Template Valid for Open Project?	IsValidForOpenProject	sTYPE_BOOLEAN	No	No	VirtualTemplateFolder								EXISTING_GLOBAL;NEEDED_GLOBAL
Global	Company Items	Folder Template	Folder Template Valid for Parcel?	IsValidForParcel	sTYPE_BOOLEAN	No	No	VirtualTemplateFolder								EXISTING_GLOBAL;NEEDED_GLOBAL
Global	Company Items	Folder Template	Folder Template Valid for Portfolio?	IsValidForPortfolio	sTYPE_BOOLEAN	No	No	VirtualTemplateFolder								EXISTING_GLOBAL;NEEDED_GLOBAL
Global	Company Items	Folder Template	Folder Template Valid for Potential Project?	IsValidForPotentialProject	sTYPE_BOOLEAN	No	No	VirtualTemplateFolder								EXISTING_GLOBAL;NEEDED_GLOBAL
Global	Company Items	Folder Template	Folder Template Valid for Prototype?	IsValidForPrototype	sTYPE_BOOLEAN	No	No	VirtualTemplateFolder								EXISTING_GLOBAL;NEEDED_GLOBAL
Global	Company Items	Folder Template	Folder Template Valid for RE Contract?	IsValidForContract	sTYPE_BOOLEAN	No	No	VirtualTemplateFolder								EXISTING_GLOBAL;NEEDED_GLOBAL
Global	Company Items	Holiday Date	Created By	CreatedByID	sTYPE_MEMBER	No	No	HolidayDate								EXISTING_GLOBAL;NEEDED_GLOBAL
Global	Company Items	Holiday Date	Created Date	CreatedDate	sTYPE_TIME	No	No	HolidayDate								EXISTING_GLOBAL;NEEDED_GLOBAL
Global	Company Items	Holiday Date	Day	Day	sTYPE_UNFORMATTED_NUMBER	Yes	No	HolidayDate								EXISTING_GLOBAL;NEEDED_GLOBAL
Global	Company Items	Holiday Date	Holiday Date ClientID	BOMapClientRecordID	sTYPE_TEXT	Yes	No	HolidayDate								EXISTING_GLOBAL;NEEDED_GLOBAL
Global	Company Items	Holiday Date	Holiday Date Name	HolidayDateName	sTYPE_TEXT	Yes	No	HolidayDate								EXISTING_GLOBAL;NEEDED_GLOBAL
Global	Company Items	Holiday Date	Holiday Date RecID	HolidayDateID	sTYPE_UNFORMATTED_NUMBER	No	No	HolidayDate								EXISTING_GLOBAL;NEEDED_GLOBAL
Global	Company Items	Holiday Date	Holiday Schedule	HolidayScheduleID	sTYPE_HOLIDAY_SCHEDULE	Yes	No	HolidayDate								EXISTING_GLOBAL;NEEDED_GLOBAL
Global	Company Items	Holiday Date	Modified By	ModifiedByID	sTYPE_MEMBER	No	No	HolidayDate								EXISTING_GLOBAL;NEEDED_GLOBAL
Global	Company Items	Holiday Date	Modified Date	ModifiedDate	sTYPE_TIME	No	No	HolidayDate								EXISTING_GLOBAL;NEEDED_GLOBAL
Global	Company Items	Holiday Date	Month	Month	sTYPE_MONTH	Yes	No	HolidayDate								EXISTING_GLOBAL;NEEDED_GLOBAL
Global	Company Items	Holiday Date	Rev Number	RevNumber	sTYPE_UNFORMATTED_NUMBER	No	No	HolidayDate								EXISTING_GLOBAL;NEEDED_GLOBAL
Global	Company Items	Holiday Date	Year	Year	sTYPE_DROPDOWN_YEAR	No	No	HolidayDate								EXISTING_GLOBAL;NEEDED_GLOBAL
Global	Company Items	Holiday Schedule	Created By	CreatedByID	sTYPE_MEMBER	No	No	HolidaySchedule								EXISTING_GLOBAL;NEEDED_GLOBAL
Global	Company Items	Holiday Schedule	Created Date	CreatedDate	sTYPE_TIME	No	No	HolidaySchedule								EXISTING_GLOBAL;NEEDED_GLOBAL
Global	Company Items	Holiday Schedule	Holiday Schedule ClientID	BOMapClientRecordID	sTYPE_TEXT	Yes	No	HolidaySchedule								EXISTING_GLOBAL;NEEDED_GLOBAL
Global	Company Items	Holiday Schedule	Holiday Schedule Name	HolidayScheduleName	sTYPE_TEXT	Yes	No	HolidaySchedule								EXISTING_GLOBAL;NEEDED_GLOBAL
Global	Company Items	Holiday Schedule	Holiday Schedule RecID	HolidayScheduleID	sTYPE_UNFORMATTED_NUMBER	No	No	HolidaySchedule								EXISTING_GLOBAL;NEEDED_GLOBAL
Global	Company Items	Holiday Schedule	Modified By	ModifiedByID	sTYPE_MEMBER	No	No	HolidaySchedule								EXISTING_GLOBAL;NEEDED_GLOBAL
Global	Company Items	Holiday Schedule	Modified Date	ModifiedDate	sTYPE_TIME	No	No	HolidaySchedule								EXISTING_GLOBAL;NEEDED_GLOBAL
Global	Company Items	Holiday Schedule	Rev Number	RevNumber	sTYPE_UNFORMATTED_NUMBER	No	No	HolidaySchedule								EXISTING_GLOBAL;NEEDED_GLOBAL
Global	Company Items	Member Audit	Action Details	LogInfo	sTYPE_TEXT	No	No	MemberAudit								EXISTING_GLOBAL;NEEDED_GLOBAL
Global	Company Items	Member Audit	Action Name	CodeMemberActionID	sCODE_MEMBER_ACTION	Yes	No	MemberAudit								EXISTING_GLOBAL;NEEDED_GLOBAL
Global	Company Items	Member Audit	Audit Date	AuditDate	sTYPE_TIME	Yes	No	MemberAudit								EXISTING_GLOBAL;NEEDED_GLOBAL
Global	Company Items	Member Audit	Impersonating Member	ImpersonatingMemberID	sTYPE_MEMBER	No	No	MemberAudit								EXISTING_GLOBAL;NEEDED_GLOBAL
Global	Company Items	Member Audit	Login Status	CodeLockOutReasonID	sCODE_LOCK_OUT_REASON	No	No	MemberAudit								EXISTING_GLOBAL;NEEDED_GLOBAL
Global	Company Items	Member Audit	Member	MemberID	sTYPE_MEMBER	Yes	No	MemberAudit								EXISTING_GLOBAL;NEEDED_GLOBAL
Global	Company Items	Member Audit	Member Audit RecID	MemberAuditID	sTYPE_UNFORMATTED_NUMBER	No	No	MemberAudit								EXISTING_GLOBAL;NEEDED_GLOBAL
Global	Company Items	Member Audit	Modified By	ModifiedByID	sTYPE_MEMBER	No	No	MemberAudit								EXISTING_GLOBAL;NEEDED_GLOBAL
Global	Company Items	Member Audit	Modified Date	ModifiedDate	sTYPE_TIME	No	No	MemberAudit								EXISTING_GLOBAL;NEEDED_GLOBAL
Global	Company Items	Member Audit	Source IP	SrcIP	sTYPE_TEXT	No	No	MemberAudit								EXISTING_GLOBAL;NEEDED_GLOBAL
Global	Company Items	Member Audit	User Agent	UserAgent	sTYPE_TEXT	No	No	MemberAudit								EXISTING_GLOBAL;NEEDED_GLOBAL
Global	Company Items	Members	Accept EULA?	AcceptEULA	sTYPE_BOOLEAN	Yes	No	Member	Member	AcceptEULA	Accept EULA?	member	AcceptEULA	TEXT		EXISTING_GLOBAL;NEEDED_GLOBAL
Global	Company Items	Members	Address	HtmlPersonAddress	sTYPE_TEXT	No	No	Member	Member	HtmlPersonAddress	Address	member	HtmlPersonAddress	TEXT		EXISTING_GLOBAL;NEEDED_GLOBAL
Global	Company Items	Members	Always Spell Check?	AlwaysSpellCheck	sTYPE_BOOLEAN	Yes	No	Member	Member	AlwaysSpellCheck	Always Spell Check?	member	AlwaysSpellCheck	TEXT		EXISTING_GLOBAL;NEEDED_GLOBAL
Global	Company Items	Members	Approval Currency Type	CodeApprovalCurrencyTypeID	sCODE_CURRENCY_TYPE	No	No	Member	Member	CodeApprovalCurrencyTypeID	Approval Currency Type	member	CodeApprovalCurrencyTypeID	TEXT	Foreign key (ID reference)	EXISTING_GLOBAL;NEEDED_GLOBAL
Global	Company Items	Members	Bill Rate #1	BillRate1	sTYPE_MONEY	No	No	Member	Member	BillRate1	Bill Rate #1	member	BillRate1	TEXT		EXISTING_GLOBAL
Global	Company Items	Members	Bill Rate #2	BillRate2	sTYPE_MONEY	No	No	Member	Member	BillRate2	Bill Rate #2	member	BillRate2	TEXT		EXISTING_GLOBAL
Global	Company Items	Members	City	City	sTYPE_TEXT	No	No	Member	Member	City	City	member	City	TEXT		EXISTING_GLOBAL;NEEDED_GLOBAL
Global	Company Items	Members	Code Analytics Role	CodeAnalyticsRoleID	sCODE_ANALYTICS_ROLE	No	No	Member	Member	CodeAnalyticsRoleID	Code Analytics Role	member	CodeAnalyticsRoleID	TEXT	Foreign key (ID reference)	EXISTING_GLOBAL;NEEDED_GLOBAL
Global	Company Items	Members	Code Job Function	CodeJobFunctionID	sCODE_JOB_FUNCTION	Yes	No	Member	Member	CodeJobFunctionID	Code Job Function	member	CodeJobFunctionID	TEXT	Foreign key (ID reference)	EXISTING_GLOBAL;NEEDED_GLOBAL
Global	Company Items	Members	Color Scheme	ColorScheme	sTYPE_TEXT	No	No	Member	Member	ColorScheme	Color Scheme	member	ColorScheme	TEXT		EXISTING_GLOBAL
Global	Company Items	Members	Convert To Member	ConvertToMember	sTYPE_CHECKBOX	No	No	Member	Member	ConvertToMember	Convert To Member	member	ConvertToMember	TEXT		EXISTING_GLOBAL
Global	Company Items	Members	Country	Country	sTYPE_TEXT	No	No	Member	Member	Country	Country	member	Country	TEXT		EXISTING_GLOBAL;NEEDED_GLOBAL
Global	Company Items	Members	Created Date	CreatedDate	sTYPE_TIME	No	No	Member	Member	CreatedDate	Created Date	member	CreatedDate	TEXT	Audit	EXISTING_GLOBAL;NEEDED_GLOBAL
Global	Company Items	Members	Date Pattern	DatePattern	sTYPE_DATEPATTERN	No	No	Member	Member	DatePattern	Date Pattern	member	DatePattern	TEXT		EXISTING_GLOBAL;NEEDED_GLOBAL
Global	Company Items	Members	Demographics Login	AnySiteLoginName	sTYPE_TEXT	No	No	Member	Member	AnySiteLoginName	Demographics Login	member	AnySiteLoginName	TEXT		EXISTING_GLOBAL
Global	Company Items	Members	Demographics Password	AnySitePassword	sTYPE_PASSWORD	No	No	Member	Member	AnySitePassword	Demographics Password	member	AnySitePassword	TEXT		EXISTING_GLOBAL
Global	Company Items	Members	Description	Description	sTYPE_TEXT	No	No	Member	Member	Description	Description	member	Description	TEXT		EXISTING_GLOBAL;NEEDED_GLOBAL
Global	Company Items	Members	Designations	Designations	sTYPE_TEXT	No	No	Member	Member	Designations	Designations	member	Designations	TEXT		EXISTING_GLOBAL;NEEDED_GLOBAL
Global	Company Items	Members	Email #1	EMail1	sTYPE_TEXT	No	No	Member	Member	EMail1	Email #1	member	EMail1	TEXT		EXISTING_GLOBAL;NEEDED_GLOBAL
Global	Company Items	Members	Email #2	EMail2	sTYPE_TEXT	No	No	Member	Member	EMail2	Email #2	member	EMail2	TEXT		EXISTING_GLOBAL
Global	Company Items	Members	Employer	EmployerID	sTYPE_EMPLOYER	Yes	No	Member	Member	EmployerID	Employer	member	EmployerID	TEXT	Foreign key (ID reference)	EXISTING_GLOBAL;NEEDED_GLOBAL
Global	Company Items	Members	Employer Inactive?	EmployerInactive	sTYPE_BOOLEAN	No	No	Member	Member	EmployerInactive	Employer Inactive?	member	EmployerInactive	TEXT		EXISTING_GLOBAL;NEEDED_GLOBAL
Global	Company Items	Members	Equipment Contract Approval Level	CodeEquipApprovalStatusID	sCODE_APPROVAL_STATUS_MEMBER_EQUIPMENT	No	No	Member	Member	CodeEquipApprovalStatusID	Equipment Contract Approval Level	member	CodeEquipApprovalStatusID	TEXT	Foreign key (ID reference)	EXISTING_GLOBAL;NEEDED_GLOBAL
Global	Company Items	Members	Equipment Contract Payment Approval Amount (Maximum)	EquipPaymentApprovalMaxAmount	sTYPE_MONEY	No	No	Member	Member	EquipPaymentApprovalMaxAmount	Equipment Contract Payment Approval Amount (Maximum)	member	EquipPaymentApprovalMaxAmount	TEXT		EXISTING_GLOBAL;NEEDED_GLOBAL
Global	Company Items	Members	Equipment Contract Payment Approval Amount (Minimum)	EquipPaymentApprovalMinAmount	sTYPE_MONEY	No	No	Member	Member	EquipPaymentApprovalMinAmount	Equipment Contract Payment Approval Amount (Minimum)	member	EquipPaymentApprovalMinAmount	TEXT		EXISTING_GLOBAL;NEEDED_GLOBAL
Global	Company Items	Members	Equipment Contract Recurring Approval Amount (Maximum)	EquipRecurringApprovalMaxAmount	sTYPE_MONEY	No	No	Member	Member	EquipRecurringApprovalMaxAmount	Equipment Contract Recurring Approval Amount (Maximum)	member	EquipRecurringApprovalMaxAmount	TEXT		EXISTING_GLOBAL;NEEDED_GLOBAL
Global	Company Items	Members	Equipment Contract Recurring Approval Amount (Minimum)	EquipRecurringApprovalMinAmount	sTYPE_MONEY	No	No	Member	Member	EquipRecurringApprovalMinAmount	Equipment Contract Recurring Approval Amount (Minimum)	member	EquipRecurringApprovalMinAmount	TEXT		EXISTING_GLOBAL;NEEDED_GLOBAL
Global	Company Items	Members	Fax	Fax	sTYPE_TEXT	No	No	Member	Member	Fax	Fax	member	Fax	TEXT		EXISTING_GLOBAL;NEEDED_GLOBAL
Global	Company Items	Members	First Name	FirstName	sTYPE_TEXT	Yes	No	Member	Member	FirstName	First Name	member	FirstName	TEXT		EXISTING_GLOBAL;NEEDED_GLOBAL
Global	Company Items	Members	Is Administrator?	IsAdministrator	sTYPE_BOOLEAN	No	No	Member	Member	IsAdministrator	Is Administrator?	member	IsAdministrator	TEXT		EXISTING_GLOBAL;NEEDED_GLOBAL
Global	Company Items	Members	Is Exempt from Password Expiration?	IsExemptFromPWDExpiration	sTYPE_BOOLEAN	Yes	No	Member	Member	IsExemptFromPWDExpiration	Is Exempt from Password Expiration?	member	IsExemptFromPWDExpiration	TEXT		EXISTING_GLOBAL;NEEDED_GLOBAL
Global	Company Items	Members	Is Inactive?	Inactive	sTYPE_CHECKBOX	Yes	No	Member	Member	Inactive	Is Inactive?	member	Inactive	TEXT		EXISTING_GLOBAL;NEEDED_GLOBAL
Global	Company Items	Members	Is Lucernex Administrator?	IsLucernexAdministrator	sTYPE_BOOLEAN	No	No	Member	Member	IsLucernexAdministrator	Is Lucernex Administrator?	member	IsLucernexAdministrator	TEXT		EXISTING_GLOBAL;NEEDED_GLOBAL
Global	Company Items	Members	Is Master Member?	IsMasterMember	sTYPE_BOOLEAN	No	No	Member	Member	IsMasterMember	Is Master Member?	member	IsMasterMember	TEXT		EXISTING_GLOBAL;NEEDED_GLOBAL
Global	Company Items	Members	Is Master Person?	IsMasterPerson	sTYPE_BOOLEAN	No	No	Member	Member	IsMasterPerson	Is Master Person?	member	IsMasterPerson	TEXT		EXISTING_GLOBAL;NEEDED_GLOBAL
Global	Company Items	Members	Is View Private Issue Allowed?	IsViewPrivateIssueAllowed	sTYPE_BOOLEAN	Yes	No	Member	Member	IsViewPrivateIssueAllowed	Is View Private Issue Allowed?	member	IsViewPrivateIssueAllowed	TEXT		EXISTING_GLOBAL
Global	Company Items	Members	Job Title	CodeJobTitleID	sCODE_JOB_TITLE	No	No	Member	Member	CodeJobTitleID	Job Title	member	CodeJobTitleID	TEXT	Foreign key (ID reference)	EXISTING_GLOBAL;NEEDED_GLOBAL
Global	Company Items	Members	Job Titles	CodeJobTitleIDList	sCODE_JOB_TITLE	Yes	No	Member	Member	CodeJobTitleIDList	Job Titles	member	CodeJobTitleIDList	TEXT		EXISTING_GLOBAL;NEEDED_GLOBAL
Global	Company Items	Members	Jurisdiction	JurisdictionID	sTYPE_JURISDICTION	No	No	Member	Member	JurisdictionID	Jurisdiction	member	JurisdictionID	TEXT	Foreign key (ID reference)	EXISTING_GLOBAL;NEEDED_GLOBAL
Global	Company Items	Members	Language	Language	sTYPE_LANGUAGE	No	No	Member	Member	Language	Language	member	Language	TEXT		EXISTING_GLOBAL;NEEDED_GLOBAL
Global	Company Items	Members	Last Login Date	LastLoginDate	sTYPE_TIME	No	No	Member	Member	LastLoginDate	Last Login Date	member	LastLoginDate	TEXT		EXISTING_GLOBAL;NEEDED_GLOBAL
Global	Company Items	Members	Last Name	LastName	sTYPE_TEXT	Yes	No	Member	Member	LastName	Last Name	member	LastName	TEXT		EXISTING_GLOBAL;NEEDED_GLOBAL
Global	Company Items	Members	Login Name	LoginName	sTYPE_TEXT	Yes	No	Member	Member	LoginName	Login Name	member	LoginName	TEXT		EXISTING_GLOBAL;NEEDED_GLOBAL
Global	Company Items	Members	Member ClientID	BOMapClientRecordID	sTYPE_TEXT	Yes	No	Member	Member	BOMapClientRecordID	Member ClientID	member	BOMapClientRecordID	TEXT	Client identifier	EXISTING_GLOBAL;NEEDED_GLOBAL
Global	Company Items	Members	Member Login Status	CodeLockOutReasonID	sCODE_LOCK_OUT_REASON	Yes	No	Member	Member	CodeLockOutReasonID	Member Login Status	member	CodeLockOutReasonID	TEXT	Foreign key (ID reference)	EXISTING_GLOBAL;NEEDED_GLOBAL
Global	Company Items	Members	Member Name	MemberNameFirstLast	sTYPE_TEXT	No	No	Member	Member	MemberNameFirstLast	Member Name	member	MemberNameFirstLast	TEXT		EXISTING_GLOBAL;NEEDED_GLOBAL
Global	Company Items	Members	Member Name - Last, First	PersonNameLastFirst	sTYPE_TEXT	No	No	Member	Member	PersonNameLastFirst	Member Name - Last, First	member	PersonNameLastFirst	TEXT		EXISTING_GLOBAL;NEEDED_GLOBAL
Global	Company Items	Members	Member Photo	MemberPhoto	sTYPE_PHOTO	No	No	Member	Member	MemberPhoto	Member Photo	member	MemberPhoto	TEXT		EXISTING_GLOBAL
Global	Company Items	Members	Member RecID	MemberID	sTYPE_UNFORMATTED_NUMBER	No	No	Member	Member	MemberID	Member RecID	member	MemberID	VARCHAR(64) NOT NULL	Primary key	EXISTING_GLOBAL;NEEDED_GLOBAL
Global	Company Items	Members	Middle Name	MiddleName	sTYPE_TEXT	No	No	Member	Member	MiddleName	Middle Name	member	MiddleName	TEXT		EXISTING_GLOBAL;NEEDED_GLOBAL
Global	Company Items	Members	Mobile Number	MobileNumber	sTYPE_TEXT	No	No	Member	Member	MobileNumber	Mobile Number	member	MobileNumber	TEXT		EXISTING_GLOBAL;NEEDED_GLOBAL
Global	Company Items	Members	Modified By	ModifiedByID	sTYPE_MEMBER	No	No	Member	Member	ModifiedByID	Modified By	member	ModifiedByID	TEXT	Foreign key (ID reference)	EXISTING_GLOBAL;NEEDED_GLOBAL
Global	Company Items	Members	Modified Date	ModifiedDate	sTYPE_TIME	No	No	Member	Member	ModifiedDate	Modified Date	member	ModifiedDate	TEXT	Incremental watermark	EXISTING_GLOBAL;NEEDED_GLOBAL
Global	Company Items	Members	Number Pattern	NumberPattern	sTYPE_NUMBERPATTERN	No	No	Member	Member	NumberPattern	Number Pattern	member	NumberPattern	TEXT		EXISTING_GLOBAL;NEEDED_GLOBAL
Global	Company Items	Members	Password	Password	sTYPE_PASSWORD	Yes	No	Member	Member	Password	Password	member	Password	TEXT		EXISTING_GLOBAL;NEEDED_GLOBAL
Global	Company Items	Members	Person RecID	PersonID	sTYPE_UNFORMATTED_NUMBER	Yes	No	Member	Member	PersonID	Person RecID	member	PersonID	TEXT	Foreign key (ID reference)	EXISTING_GLOBAL;NEEDED_GLOBAL
Global	Company Items	Members	Phone	Phone	sTYPE_TEXT	No	No	Member	Member	Phone	Phone	member	Phone	TEXT		EXISTING_GLOBAL;NEEDED_GLOBAL
Global	Company Items	Members	Phone Extension	PhoneExtension	sTYPE_TEXT	No	No	Member	Member	PhoneExtension	Phone Extension	member	PhoneExtension	TEXT		EXISTING_GLOBAL;NEEDED_GLOBAL
Global	Company Items	Members	Postal Code	PostalCode	sTYPE_TEXT	No	No	Member	Member	PostalCode	Postal Code	member	PostalCode	TEXT		EXISTING_GLOBAL;NEEDED_GLOBAL
Global	Company Items	Members	RE Contract Approval Level	CodeApprovalStatusID	sCODE_APPROVAL_STATUS_MEMBER_RE	No	No	Member	Member	CodeApprovalStatusID	RE Contract Approval Level	member	CodeApprovalStatusID	TEXT	Foreign key (ID reference)	EXISTING_GLOBAL;NEEDED_GLOBAL
Global	Company Items	Members	RE Contract Payment Approval Amount (Maximum)	PaymentApprovalMaxAmount	sTYPE_MONEY	No	No	Member	Member	PaymentApprovalMaxAmount	RE Contract Payment Approval Amount (Maximum)	member	PaymentApprovalMaxAmount	TEXT		EXISTING_GLOBAL;NEEDED_GLOBAL
Global	Company Items	Members	RE Contract Payment Approval Amount (Minimum)	PaymentApprovalMinAmount	sTYPE_MONEY	No	No	Member	Member	PaymentApprovalMinAmount	RE Contract Payment Approval Amount (Minimum)	member	PaymentApprovalMinAmount	TEXT		EXISTING_GLOBAL;NEEDED_GLOBAL
Global	Company Items	Members	RE Contract Recurring Approval Amount (Maximum)	RecurringApprovalMaxAmount	sTYPE_MONEY	No	No	Member	Member	RecurringApprovalMaxAmount	RE Contract Recurring Approval Amount (Maximum)	member	RecurringApprovalMaxAmount	TEXT		EXISTING_GLOBAL;NEEDED_GLOBAL
Global	Company Items	Members	RE Contract Recurring Approval Amount (Minimum)	RecurringApprovalMinAmount	sTYPE_MONEY	No	No	Member	Member	RecurringApprovalMinAmount	RE Contract Recurring Approval Amount (Minimum)	member	RecurringApprovalMinAmount	TEXT		EXISTING_GLOBAL;NEEDED_GLOBAL
Global	Company Items	Members	State	StateProvinceCountryID	sTYPE_STATE_PROVINCE	No	No	Member	Member	StateProvinceCountryID	State	member	StateProvinceCountryID	TEXT	Foreign key (ID reference)	EXISTING_GLOBAL;NEEDED_GLOBAL
Global	Company Items	Members	Street Address #1	StreetAddress1	sTYPE_TEXT	No	No	Member	Member	StreetAddress1	Street Address #1	member	StreetAddress1	TEXT		EXISTING_GLOBAL;NEEDED_GLOBAL
Global	Company Items	Members	Street Address #2	StreetAddress2	sTYPE_TEXT	No	No	Member	Member	StreetAddress2	Street Address #2	member	StreetAddress2	TEXT		EXISTING_GLOBAL;NEEDED_GLOBAL
Global	Company Items	Members	Street Address #3	StreetAddress3	sTYPE_TEXT	No	No	Member	Member	StreetAddress3	Street Address #3	member	StreetAddress3	TEXT		EXISTING_GLOBAL;NEEDED_GLOBAL
Global	Company Items	Members	Street Address #4	StreetAddress4	sTYPE_TEXT	No	No	Member	Member	StreetAddress4	Street Address #4	member	StreetAddress4	TEXT		EXISTING_GLOBAL;NEEDED_GLOBAL
Global	Company Items	Members	Suffix	Suffix	sTYPE_TEXT	No	No	Member	Member	Suffix	Suffix	member	Suffix	TEXT		EXISTING_GLOBAL;NEEDED_GLOBAL
Global	Company Items	Members	Supervisor	SupervisorID	sTYPE_MEMBER	No	No	Member	Member	SupervisorID	Supervisor	member	SupervisorID	TEXT	Foreign key (ID reference)	EXISTING_GLOBAL;NEEDED_GLOBAL
Global	Company Items	Members	Time Zone	TimeZone	sTYPE_TIMEZONE	No	No	Member	Member	TimeZone	Time Zone	member	TimeZone	TEXT		EXISTING_GLOBAL;NEEDED_GLOBAL
Global	Company Items	Members	Title	Title	sTYPE_TEXT	No	No	Member	Member	Title	Title	member	Title	TEXT		EXISTING_GLOBAL;NEEDED_GLOBAL
Global	Company Items	Members	Unassigned WorkFlow Approver	IsUnassignedWorkFlowApprover	sTYPE_CHECKBOX	Yes	No	Member	Member	IsUnassignedWorkFlowApprover	Unassigned WorkFlow Approver	member	IsUnassignedWorkFlowApprover	TEXT		EXISTING_GLOBAL;NEEDED_GLOBAL
Global	Company Items	Members	Use Employer Address?	UseEmployerAddress	sTYPE_BOOLEAN	Yes	No	Member	Member	UseEmployerAddress	Use Employer Address?	member	UseEmployerAddress	TEXT		EXISTING_GLOBAL;NEEDED_GLOBAL
Global	Company Items	Members	User Class	CodeUserClassID	sCODE_USER_CLASS	Yes	No	Member	Member	CodeUserClassID	User Class	member	CodeUserClassID	TEXT	Foreign key (ID reference)	EXISTING_GLOBAL;NEEDED_GLOBAL
Global	Company Items	Members	Web Site	WebSite	sTYPE_TEXT	No	No	Member	Member	WebSite	Web Site	member	WebSite	TEXT		EXISTING_GLOBAL
Global	Company Items	Members	Wireless E Mail	WirelessEMail	sTYPE_TEXT	No	No	Member	Member	WirelessEMail	Wireless E Mail	member	WirelessEMail	TEXT		EXISTING_GLOBAL
Global	Company Items	Milestone Timeline	Always Show in Summary?	AlwaysShowInSummary	sTYPE_BOOLEAN	Yes	No	ProcessTimelineTemplate								EXISTING_GLOBAL
Global	Company Items	Milestone Timeline	Completed Phase Status	CompletedPhaseStatus	sTYPE_TEXT	Yes	No	ProcessTimelineTemplate								EXISTING_GLOBAL
Global	Company Items	Milestone Timeline	Default Task Name	DefaultTaskName	sTYPE_TEXT	No	No	ProcessTimelineTemplate								EXISTING_GLOBAL
Global	Company Items	Milestone Timeline	In Process Phase Status	InProcessPhaseStatus	sTYPE_TEXT	Yes	No	ProcessTimelineTemplate								EXISTING_GLOBAL
Global	Company Items	Milestone Timeline	Milestone Template Modified By	ModifiedByID	sTYPE_MEMBER	No	No	ProcessTimelineTemplate								EXISTING_GLOBAL
Global	Company Items	Milestone Timeline	Milestone Template Modified Date	ModifiedDate	sTYPE_TIME	No	No	ProcessTimelineTemplate								EXISTING_GLOBAL
Global	Company Items	Milestone Timeline	Milestone Template Name	ProcessTimelineTemplateName	sTYPE_TEXT	Yes	No	ProcessTimelineTemplate								EXISTING_GLOBAL
Global	Company Items	Milestone Timeline	Milestone Template RecID	ProcessTimelineTemplateID	sTYPE_UNFORMATTED_NUMBER	No	No	ProcessTimelineTemplate								EXISTING_GLOBAL
Global	Company Items	Milestone Timeline	Previous Milestone Template	PreviousProcessTimelineID	sTYPE_PROCESS_TIMELINE_TEMPLATE	No	No	ProcessTimelineTemplate								EXISTING_GLOBAL
Global	Company Items	Milestone Timeline	Project Phase	CodeProjectPhaseID	sCODE_PROJECT_PHASE	Yes	No	ProcessTimelineTemplate								EXISTING_GLOBAL
Global	Company Items	Organization	Account Number #1	AccountNumber1	sTYPE_TEXT	No	No	Organization	Organization	AccountNumber1	Account Number #1	organization	AccountNumber1	TEXT		EXISTING_GLOBAL;NEEDED_GLOBAL
Global	Company Items	Organization	Account Number #2	AccountNumber2	sTYPE_TEXT	No	No	Organization	Organization	AccountNumber2	Account Number #2	organization	AccountNumber2	TEXT		EXISTING_GLOBAL;NEEDED_GLOBAL
Global	Company Items	Organization	Account Number #3	AccountNumber3	sTYPE_TEXT	No	No	Organization	Organization	AccountNumber3	Account Number #3	organization	AccountNumber3	TEXT		EXISTING_GLOBAL;NEEDED_GLOBAL
Global	Company Items	Organization	Account Number #4	AccountNumber4	sTYPE_TEXT	No	No	Organization	Organization	AccountNumber4	Account Number #4	organization	AccountNumber4	TEXT		EXISTING_GLOBAL;NEEDED_GLOBAL
Global	Company Items	Organization	Account Number #5	AccountNumber5	sTYPE_TEXT	No	No	Organization	Organization	AccountNumber5	Account Number #5	organization	AccountNumber5	TEXT		EXISTING_GLOBAL;NEEDED_GLOBAL
Global	Company Items	Organization	Account Number #6	AccountNumber6	sTYPE_TEXT	No	No	Organization	Organization	AccountNumber6	Account Number #6	organization	AccountNumber6	TEXT		EXISTING_GLOBAL;NEEDED_GLOBAL
Global	Company Items	Organization	Account Number #7	AccountNumber7	sTYPE_TEXT	No	No	Organization	Organization	AccountNumber7	Account Number #7	organization	AccountNumber7	TEXT		EXISTING_GLOBAL;NEEDED_GLOBAL
Global	Company Items	Organization	Account Number #8	AccountNumber8	sTYPE_TEXT	No	No	Organization	Organization	AccountNumber8	Account Number #8	organization	AccountNumber8	TEXT		EXISTING_GLOBAL;NEEDED_GLOBAL
Global	Company Items	Organization	Modified By	ModifiedByID	sTYPE_MEMBER	No	No	Organization	Organization	ModifiedByID	Modified By	organization	ModifiedByID	TEXT	Foreign key (ID reference)	EXISTING_GLOBAL;NEEDED_GLOBAL
Global	Company Items	Organization	Modified Date	ModifiedDate	sTYPE_TIME	No	No	Organization	Organization	ModifiedDate	Modified Date	organization	ModifiedDate	TEXT	Incremental watermark	EXISTING_GLOBAL;NEEDED_GLOBAL
Global	Company Items	Organization	Organization Category	CodeOrganizationCategoryID	sCODE_ORG_CATEGORY	No	No	Organization	Organization	CodeOrganizationCategoryID	Organization Category	organization	CodeOrganizationCategoryID	TEXT	Foreign key (ID reference)	EXISTING_GLOBAL
Global	Company Items	Organization	Organization ClientID	BOMapClientRecordID	sTYPE_TEXT	Yes	No	Organization	Organization	BOMapClientRecordID	Organization ClientID	organization	BOMapClientRecordID	TEXT	Client identifier	EXISTING_GLOBAL
Global	Company Items	Organization	Organization Group	CodeOrganizationGroupID	sCODE_ORG_GROUP	No	No	Organization	Organization	CodeOrganizationGroupID	Organization Group	organization	CodeOrganizationGroupID	TEXT	Foreign key (ID reference)	EXISTING_GLOBAL
Global	Company Items	Organization	Organization Name	OrganizationName	sTYPE_TEXT	Yes	No	Organization	Organization	OrganizationName	Organization Name	organization	OrganizationName	TEXT		EXISTING_GLOBAL
Global	Company Items	Organization	Organization RecID	OrganizationID	sTYPE_UNFORMATTED_NUMBER	No	No	Organization	Organization	OrganizationID	Organization RecID	organization	OrganizationID	VARCHAR(64) NOT NULL	Primary key	EXISTING_GLOBAL
Global	Company Items	Organization	Organization Type	CodeOrganizationTypeID	sCODE_ORG_TYPE	No	No	Organization	Organization	CodeOrganizationTypeID	Organization Type	organization	CodeOrganizationTypeID	TEXT	Foreign key (ID reference)	EXISTING_GLOBAL
Global	Company Items	Organization	Portfolio Access	PortfolioIDList	sTYPE_PORTFOLIO_LIST	No	No	Organization	Organization	PortfolioIDList	Portfolio Access	organization	PortfolioIDList	TEXT		EXISTING_GLOBAL;NEEDED_GLOBAL
Global	Company Items	PartPackageItem	Modified By	ModifiedByID	sTYPE_MEMBER	No	No	PartPackageItem								EXISTING_GLOBAL;NEEDED_GLOBAL
Global	Company Items	PartPackageItem	Modified Date	ModifiedDate	sTYPE_TIME	No	No	PartPackageItem								EXISTING_GLOBAL;NEEDED_GLOBAL
Global	Company Items	PartPackageItem	Part	PartID	sTYPE_PART	Yes	No	PartPackageItem								EXISTING_GLOBAL;NEEDED_GLOBAL
Global	Company Items	PartPackageItem	Part Package	PartPackageID	sTYPE_PART_PACKAGE	Yes	No	PartPackageItem								EXISTING_GLOBAL;NEEDED_GLOBAL
Global	Company Items	PartPackageItem	Part Package Item ClientID	BOMapClientRecordID	sTYPE_TEXT	Yes	No	PartPackageItem								EXISTING_GLOBAL
Global	Company Items	PartPackageItem	Part Package Item RecID	PartPackageItemID	sTYPE_UNFORMATTED_NUMBER	No	No	PartPackageItem								EXISTING_GLOBAL
Global	Company Items	PartPackageItem	Quantity	Quantity	sTYPE_NUMBER	Yes	No	PartPackageItem								EXISTING_GLOBAL
Global	Company Items	PartPackages	Modified By	ModifiedByID	sTYPE_MEMBER	No	No	PartPackage								EXISTING_GLOBAL;NEEDED_GLOBAL
Global	Company Items	PartPackages	Modified Date	ModifiedDate	sTYPE_TIME	No	No	PartPackage								EXISTING_GLOBAL;NEEDED_GLOBAL
Global	Company Items	PartPackages	Part Package ClientID	BOMapClientRecordID	sTYPE_TEXT	Yes	No	PartPackage								EXISTING_GLOBAL
Global	Company Items	PartPackages	Part Package Name	PartPackageName	sTYPE_TEXT	Yes	No	PartPackage								EXISTING_GLOBAL
Global	Company Items	PartPackages	Part Package RecID	PartPackageID	sTYPE_UNFORMATTED_NUMBER	No	No	PartPackage								EXISTING_GLOBAL
Global	Company Items	PartPackages	Vendor	VendorID	sTYPE_EMPLOYER	No	No	PartPackage								EXISTING_GLOBAL;NEEDED_GLOBAL
Global	Company Items	Parts	Cost	Cost	sTYPE_MONEY	No	No	Part	Part	Cost	Cost	part	Cost	TEXT		EXISTING_GLOBAL
Global	Company Items	Parts	Maintenance Categories	CodeAssetCategoryIDList	sCODE_ASSET_CATEGORY	No	No	Part	Part	CodeAssetCategoryIDList	Maintenance Categories	part	CodeAssetCategoryIDList	TEXT		EXISTING_GLOBAL;NEEDED_GLOBAL
Global	Company Items	Parts	Manufacturer	Manufacturer	sTYPE_TEXT	No	No	Part	Part	Manufacturer	Manufacturer	part	Manufacturer	TEXT		EXISTING_GLOBAL;NEEDED_GLOBAL
Global	Company Items	Parts	Model Number	ModelNumber	sTYPE_TEXT	No	No	Part	Part	ModelNumber	Model Number	part	ModelNumber	TEXT		EXISTING_GLOBAL
Global	Company Items	Parts	Modified By	ModifiedByID	sTYPE_MEMBER	No	No	Part	Part	ModifiedByID	Modified By	part	ModifiedByID	TEXT	Foreign key (ID reference)	EXISTING_GLOBAL;NEEDED_GLOBAL
Global	Company Items	Parts	Modified Date	ModifiedDate	sTYPE_TIME	No	No	Part	Part	ModifiedDate	Modified Date	part	ModifiedDate	TEXT	Incremental watermark	EXISTING_GLOBAL;NEEDED_GLOBAL
Global	Company Items	Parts	Order To Level	OrderToLevel	sTYPE_NUMBER	No	No	Part	Part	OrderToLevel	Order To Level	part	OrderToLevel	TEXT		EXISTING_GLOBAL
Global	Company Items	Parts	Par Level	ParLevel	sTYPE_NUMBER	No	No	Part	Part	ParLevel	Par Level	part	ParLevel	TEXT		EXISTING_GLOBAL
Global	Company Items	Parts	Part ClientID	BOMapClientRecordID	sTYPE_TEXT	Yes	No	Part	Part	BOMapClientRecordID	Part ClientID	part	BOMapClientRecordID	TEXT	Client identifier	EXISTING_GLOBAL
Global	Company Items	Parts	Part Name	PartName	sTYPE_TEXT	Yes	No	Part	Part	PartName	Part Name	part	PartName	TEXT		EXISTING_GLOBAL
Global	Company Items	Parts	Part Photo	PartPhoto	sTYPE_PHOTO	No	No	Part	Part	PartPhoto	Part Photo	part	PartPhoto	TEXT		EXISTING_GLOBAL
Global	Company Items	Parts	Part RecID	PartID	sTYPE_UNFORMATTED_NUMBER	No	No	Part	Part	PartID	Part RecID	part	PartID	VARCHAR(64) NOT NULL	Primary key	EXISTING_GLOBAL
Global	Company Items	Parts	Quantity On Hand	QuantityOnHand	sTYPE_NUMBER	No	No	Part	Part	QuantityOnHand	Quantity On Hand	part	QuantityOnHand	TEXT		EXISTING_GLOBAL
Global	Company Items	Parts	Quantity On Order	QuantityOnOrder	sTYPE_NUMBER	No	No	Part	Part	QuantityOnOrder	Quantity On Order	part	QuantityOnOrder	TEXT		EXISTING_GLOBAL
Global	Company Items	Parts	Vendor ID	VendorID	sTYPE_VENDOR	No	No	Part	Part	VendorID	Vendor ID	part	VendorID	TEXT	Foreign key (ID reference)	EXISTING_GLOBAL
Global	Company Items	Parts	Warranty Period In Days	WarrantyPeriodInDays	sTYPE_NUMBER	No	No	Part	Part	WarrantyPeriodInDays	Warranty Period In Days	part	WarrantyPeriodInDays	TEXT		EXISTING_GLOBAL
Global	Company Items	Schedule Template	Schedule Template Description	Description	sTYPE_TEXT	No	No	VirtualTemplateSchedule								EXISTING_GLOBAL;NEEDED_GLOBAL
Global	Company Items	Schedule Template	Schedule Template Name	TemplateName	sTYPE_TEXT	No	No	VirtualTemplateSchedule								EXISTING_GLOBAL
Global	Company Items	Schedule Template	Schedule Template Notes	Notes	sTYPE_TEXTAREA	No	No	VirtualTemplateSchedule								EXISTING_GLOBAL;NEEDED_GLOBAL
Global	Company Items	Schedule Template	Schedule Template RecID	TemplateID	sTYPE_UNFORMATTED_NUMBER	No	No	VirtualTemplateSchedule								EXISTING_GLOBAL
Global	Company Items	Schedule Template	Schedule Template Valid for Cap Program?	IsValidForCapProgram	sTYPE_BOOLEAN	No	No	VirtualTemplateSchedule								EXISTING_GLOBAL
Global	Company Items	Schedule Template	Schedule Template Valid for Cap Project?	IsValidForCapProject	sTYPE_BOOLEAN	No	No	VirtualTemplateSchedule								EXISTING_GLOBAL
Global	Company Items	Schedule Template	Schedule Template Valid for Equipment Contract?	IsValidForEquipContract	sTYPE_BOOLEAN	No	No	VirtualTemplateSchedule								EXISTING_GLOBAL
Global	Company Items	Schedule Template	Schedule Template Valid for Facility?	IsValidForFacility	sTYPE_BOOLEAN	No	No	VirtualTemplateSchedule								EXISTING_GLOBAL
Global	Company Items	Schedule Template	Schedule Template Valid for Location?	IsValidForLocation	sTYPE_BOOLEAN	No	No	VirtualTemplateSchedule								EXISTING_GLOBAL
Global	Company Items	Schedule Template	Schedule Template Valid for Open Project?	IsValidForOpenProject	sTYPE_BOOLEAN	No	No	VirtualTemplateSchedule								EXISTING_GLOBAL
Global	Company Items	Schedule Template	Schedule Template Valid for Parcel?	IsValidForParcel	sTYPE_BOOLEAN	No	No	VirtualTemplateSchedule								EXISTING_GLOBAL
Global	Company Items	Schedule Template	Schedule Template Valid for Portfolio?	IsValidForPortfolio	sTYPE_BOOLEAN	No	No	VirtualTemplateSchedule								EXISTING_GLOBAL
Global	Company Items	Schedule Template	Schedule Template Valid for Potential Project?	IsValidForPotentialProject	sTYPE_BOOLEAN	No	No	VirtualTemplateSchedule								EXISTING_GLOBAL
Global	Company Items	Schedule Template	Schedule Template Valid for Prototype?	IsValidForPrototype	sTYPE_BOOLEAN	No	No	VirtualTemplateSchedule								EXISTING_GLOBAL
Global	Company Items	Schedule Template	Schedule Template Valid for RE Contract?	IsValidForContract	sTYPE_BOOLEAN	No	No	VirtualTemplateSchedule								EXISTING_GLOBAL
Global	Company Items	Security	Budget Column Type	BudgetColumnTypeID	sTYPE_BUDGET_COLUMN_TYPE	No	No	UserClassSecurity								EXISTING_GLOBAL
Global	Company Items	Security	Dashboard Component Title	DashboardComponentTitle	sTYPE_TEXT	No	No	UserClassSecurity								EXISTING_GLOBAL;NEEDED_GLOBAL
Global	Company Items	Security	Group Hierarchy	GroupHierarchyNoPrefix	sTYPE_TEXT	No	No	UserClassSecurity								EXISTING_GLOBAL;NEEDED_GLOBAL
Global	Company Items	Security	Modified By	ModifiedByID	sTYPE_MEMBER	No	No	UserClassSecurity								EXISTING_GLOBAL;NEEDED_GLOBAL
Global	Company Items	Security	Modified Date	ModifiedDate	sTYPE_TIME	No	No	UserClassSecurity								EXISTING_GLOBAL;NEEDED_GLOBAL
Global	Company Items	Security	Name With Full Hierarchy	GroupHierarchy	sTYPE_TEXT	No	No	UserClassSecurity								EXISTING_GLOBAL;NEEDED_GLOBAL
Global	Company Items	Security	Page Layout	PageLayoutID	sTYPE_PAGE_LAYOUT	No	No	UserClassSecurity								EXISTING_GLOBAL;NEEDED_GLOBAL
Global	Company Items	Security	Parent Group Name	ParentGroupName	sTYPE_TEXT	No	No	UserClassSecurity								EXISTING_GLOBAL;NEEDED_GLOBAL
Global	Company Items	Security	Parent Report Group	RootReportGroupDataID	sTYPE_REPORT_GROUP_DATA	No	No	UserClassSecurity								EXISTING_GLOBAL;NEEDED_GLOBAL
Global	Company Items	Security	Report Group	SubReportGroupDataID	sTYPE_REPORT_GROUP_DATA	No	No	UserClassSecurity								EXISTING_GLOBAL;NEEDED_GLOBAL
Global	Company Items	Security	Report Group Available Field	ReportGroupAvailableFieldID	sTYPE_REPORT_GROUP_AVAILABLE_FIELD	No	No	UserClassSecurity								EXISTING_GLOBAL;NEEDED_GLOBAL
Global	Company Items	Security	Report Group Data	ReportGroupDataID	sTYPE_REPORT_GROUP_DATA	No	No	UserClassSecurity								EXISTING_GLOBAL;NEEDED_GLOBAL
Global	Company Items	Security	Security Level	SecurityLevelName	sTYPE_TEXT	No	No	UserClassSecurity								EXISTING_GLOBAL;NEEDED_GLOBAL
Global	Company Items	Security	Security Object Name	SecurityObjectNameText	sTYPE_TEXT	No	No	UserClassSecurity								EXISTING_GLOBAL;NEEDED_GLOBAL
Global	Company Items	Security	Security Privilege	CodeSecurityPrivilegeID	sCODE_SECURITY_PRIVILEGE	No	No	UserClassSecurity								EXISTING_GLOBAL;NEEDED_GLOBAL
Global	Company Items	Security	Security Type	SecurityType	sTYPE_TEXT	No	No	UserClassSecurity								EXISTING_GLOBAL;NEEDED_GLOBAL
Global	Company Items	Security	SecurityLevelByteValue	SecurityLevelByteValue	sTYPE_SECURITY_LEVEL	No	No	UserClassSecurity								EXISTING_GLOBAL;NEEDED_GLOBAL
Global	Company Items	Security	User Class	CodeUserClassID	sCODE_USER_CLASS	Yes	No	UserClassSecurity								EXISTING_GLOBAL;NEEDED_GLOBAL
Global	Company Items	Security	User Class Security ClientID	BOMapClientRecordID	sTYPE_TEXT	Yes	No	UserClassSecurity								EXISTING_GLOBAL;NEEDED_GLOBAL
Global	Company Items	Security	User Class Security RecID	UserClassSecurityID	sTYPE_UNFORMATTED_NUMBER	No	No	UserClassSecurity								EXISTING_GLOBAL;NEEDED_GLOBAL
Global	Company Items	State Province Country	Country	Country	sTYPE_TEXT	Yes	No	StateProvinceCountry								EXISTING_GLOBAL;NEEDED_GLOBAL
Global	Company Items	State Province Country	ISO Alpha #2 Code	ISOAlpha2Code	sTYPE_TEXT	Yes	No	StateProvinceCountry								EXISTING_GLOBAL;NEEDED_GLOBAL
Global	Company Items	State Province Country	ISO Alpha #3 Code	ISOAlpha3Code	sTYPE_TEXT	Yes	No	StateProvinceCountry								EXISTING_GLOBAL;NEEDED_GLOBAL
Global	Company Items	State Province Country	Modified By	ModifiedByID	sTYPE_MEMBER	No	No	StateProvinceCountry								EXISTING_GLOBAL;NEEDED_GLOBAL
Global	Company Items	State Province Country	Modified Date	ModifiedDate	sTYPE_TIME	No	No	StateProvinceCountry								EXISTING_GLOBAL;NEEDED_GLOBAL
Global	Company Items	State Province Country	State Province Country ClientID	BOMapClientRecordID	sTYPE_TEXT	Yes	No	StateProvinceCountry								EXISTING_GLOBAL;NEEDED_GLOBAL
Global	Company Items	State Province Country	State Province Country RecID	StateProvinceCountryID	sTYPE_UNFORMATTED_NUMBER	No	No	StateProvinceCountry								EXISTING_GLOBAL;NEEDED_GLOBAL
Global	Company Items	State Province Country	State Province	StateProvince	sTYPE_TEXT	Yes	No	StateProvinceCountry								EXISTING_GLOBAL;NEEDED_GLOBAL
Global	Company Items	State Province Country	State Province Country	StateProvinceCountryName	sTYPE_TEXT	No	No	StateProvinceCountry								EXISTING_GLOBAL
Global	Company Items	State Province Country	Tax Rate 1	TaxRate1	sTYPE_PERCENTAGE	No	No	StateProvinceCountry								EXISTING_GLOBAL;NEEDED_GLOBAL
Global	Company Items	State Province Country	Tax Rate 2	TaxRate2	sTYPE_PERCENTAGE	No	No	StateProvinceCountry								EXISTING_GLOBAL;NEEDED_GLOBAL
Global	Company Items	Summary	Capital Program Setup Page	CapProgramSetupPageLayoutID	sTYPE_PAGE_LAYOUT	No	No	Firm	Firm	CapProgramSetupPageLayoutID	Capital Program Setup Page	firm	CapProgramSetupPageLayoutID	TEXT	Foreign key (ID reference)	EXISTING_GLOBAL;NEEDED_GLOBAL
Global	Company Items	Summary	Capital Project Setup Page	CapProjectSetupPageLayoutID	sTYPE_PAGE_LAYOUT	No	No	Firm	Firm	CapProjectSetupPageLayoutID	Capital Project Setup Page	firm	CapProjectSetupPageLayoutID	TEXT	Foreign key (ID reference)	EXISTING_GLOBAL;NEEDED_GLOBAL
Global	Company Items	Summary	Default Folder Security	CodeDefaultFolderSecurityID	sCODE_SECURITY_TYPE	Yes	No	Firm	Firm	CodeDefaultFolderSecurityID	Default Folder Security	firm	CodeDefaultFolderSecurityID	TEXT	Foreign key (ID reference)	EXISTING_GLOBAL;NEEDED_GLOBAL
Global	Company Items	Summary	Equipment Contract Setup Page	EquipmentContractSetupPageLayoutID	sTYPE_PAGE_LAYOUT	No	No	Firm	Firm	EquipmentContractSetupPageLayoutID	Equipment Contract Setup Page	firm	EquipmentContractSetupPageLayoutID	TEXT	Foreign key (ID reference)	EXISTING_GLOBAL;NEEDED_GLOBAL
Global	Company Items	Summary	Facility Setup Page	FacilitySetupPageLayoutID	sTYPE_PAGE_LAYOUT	No	No	Firm	Firm	FacilitySetupPageLayoutID	Facility Setup Page	firm	FacilitySetupPageLayoutID	TEXT	Foreign key (ID reference)	EXISTING_GLOBAL;NEEDED_GLOBAL
Global	Company Items	Summary	From Email	FromEmailAddress	sTYPE_TEXT	Yes	No	Firm								EXISTING_GLOBAL;NEEDED_GLOBAL
Global	Company Items	Summary	JSON Configuration	JSONConfigText	sTYPE_TEXT	No	No	Firm	Firm	JSONConfigText	JSON Configuration	firm	JSONConfigText	TEXT		EXISTING_GLOBAL;NEEDED_GLOBAL
Global	Company Items	Summary	Location Setup Page	LocationSetupPageLayoutID	sTYPE_PAGE_LAYOUT	No	No	Firm	Firm	LocationSetupPageLayoutID	Location Setup Page	firm	LocationSetupPageLayoutID	TEXT	Foreign key (ID reference)	EXISTING_GLOBAL;NEEDED_GLOBAL
Global	Company Items	Summary	Modified By	ModifiedByID	sTYPE_MEMBER	No	No	Firm	Firm	ModifiedByID	Modified By	firm	ModifiedByID	TEXT	Foreign key (ID reference)	EXISTING_GLOBAL;NEEDED_GLOBAL
Global	Company Items	Summary	Modified Date	ModifiedDate	sTYPE_TIME	No	No	Firm	Firm	ModifiedDate	Modified Date	firm	ModifiedDate	TEXT	Audit	EXISTING_GLOBAL;NEEDED_GLOBAL
Global	Company Items	Summary	Opening Project Setup Page	OpenProjectSetupPageLayoutID	sTYPE_PAGE_LAYOUT	No	No	Firm	Firm	OpenProjectSetupPageLayoutID	Opening Project Setup Page	firm	OpenProjectSetupPageLayoutID	TEXT	Foreign key (ID reference)	EXISTING_GLOBAL;NEEDED_GLOBAL
Global	Company Items	Summary	Parcel Setup Page	ParcelSetupPageLayoutID	sTYPE_PAGE_LAYOUT	No	No	Firm	Firm	ParcelSetupPageLayoutID	Parcel Setup Page	firm	ParcelSetupPageLayoutID	TEXT	Foreign key (ID reference)	EXISTING_GLOBAL;NEEDED_GLOBAL
Global	Company Items	Summary	Portfolio Setup Page	PortfolioSetupPageLayoutID	sTYPE_PAGE_LAYOUT	No	No	Firm	Firm	PortfolioSetupPageLayoutID	Portfolio Setup Page	firm	PortfolioSetupPageLayoutID	TEXT	Foreign key (ID reference)	EXISTING_GLOBAL;NEEDED_GLOBAL
Global	Company Items	Summary	Prototype Setup Page	PrototypeSetupPageLayoutID	sTYPE_PAGE_LAYOUT	No	No	Firm	Firm	PrototypeSetupPageLayoutID	Prototype Setup Page	firm	PrototypeSetupPageLayoutID	TEXT	Foreign key (ID reference)	EXISTING_GLOBAL;NEEDED_GLOBAL
Global	Company Items	Summary	RE Contract Setup Page	ContractSetupPageLayoutID	sTYPE_PAGE_LAYOUT	No	No	Firm	Firm	ContractSetupPageLayoutID	RE Contract Setup Page	firm	ContractSetupPageLayoutID	TEXT	Foreign key (ID reference)	EXISTING_GLOBAL;NEEDED_GLOBAL
Global	Company Items	Summary	Service Channel FirmID	SvcChannelFirmID	sTYPE_TEXT	No	No	Firm	Firm	SvcChannelFirmID	Service Channel FirmID	firm	SvcChannelFirmID	TEXT	Foreign key (ID reference)	EXISTING_GLOBAL;NEEDED_GLOBAL
Global	Company Items	Summary	Site Setup Page	SiteSetupPageLayoutID	sTYPE_PAGE_LAYOUT	No	No	Firm	Firm	SiteSetupPageLayoutID	Site Setup Page	firm	SiteSetupPageLayoutID	TEXT	Foreign key (ID reference)	EXISTING_GLOBAL;NEEDED_GLOBAL
Global	Company Items	Template Audit	Applied Date	AppliedDate	sTYPE_TIME	Yes	No	TemplateAudit								EXISTING_GLOBAL;NEEDED_GLOBAL
Global	Company Items	Template Audit	Budget Template	BudgetEntityTemplateID	sTYPE_BUDGET_TEMPLATE	No	No	TemplateAudit								EXISTING_GLOBAL
Global	Company Items	Template Audit	Copy Folder Structure?	CopyFolderStructure	sTYPE_CHECKBOX	No	No	TemplateAudit								EXISTING_GLOBAL;NEEDED_GLOBAL
Global	Company Items	Template Audit	Created By	CreatedByID	sTYPE_MEMBER	No	No	TemplateAudit								EXISTING_GLOBAL;NEEDED_GLOBAL
Global	Company Items	Template Audit	Created Date	CreatedDate	sTYPE_TIME	No	No	TemplateAudit								EXISTING_GLOBAL;NEEDED_GLOBAL
Global	Company Items	Template Audit	Entity Template	EntityTemplateID	sTYPE_ENTITY_TEMPLATE	Yes	No	TemplateAudit								EXISTING_GLOBAL;NEEDED_GLOBAL
Global	Company Items	Template Audit	Entity Template Type	EntityTemplateTypeName	sTYPE_TEXT	No	No	TemplateAudit								EXISTING_GLOBAL;NEEDED_GLOBAL
Global	Company Items	Template Audit	Folder Template	FolderEntityTemplateID	sTYPE_FOLDER_TEMPLATE	No	No	TemplateAudit								EXISTING_GLOBAL;NEEDED_GLOBAL
Global	Company Items	Template Audit	Folder Template Action List	CodeFolderActionIDList	sCODE_FOLDER_TEMPLATE_ACTION	No	No	TemplateAudit								EXISTING_GLOBAL;NEEDED_GLOBAL
Global	Company Items	Template Audit	Modified By	ModifiedByID	sTYPE_MEMBER	No	No	TemplateAudit								EXISTING_GLOBAL;NEEDED_GLOBAL
Global	Company Items	Template Audit	Modified Date	ModifiedDate	sTYPE_TIME	No	No	TemplateAudit								EXISTING_GLOBAL;NEEDED_GLOBAL
Global	Company Items	Template Audit	Rev Number	RevNumber	sTYPE_UNFORMATTED_NUMBER	No	No	TemplateAudit								EXISTING_GLOBAL;NEEDED_GLOBAL
Global	Company Items	Template Audit	Schedule End Date	ScheduleEndDate	sTYPE_DATE	No	No	TemplateAudit								EXISTING_GLOBAL;NEEDED_GLOBAL
Global	Company Items	Template Audit	Schedule Start Date	ScheduleStartDate	sTYPE_DATE	No	No	TemplateAudit								EXISTING_GLOBAL;NEEDED_GLOBAL
Global	Company Items	Template Audit	Task Template	TaskEntityTemplateID	sTYPE_TASK_TEMPLATE	No	No	TemplateAudit								EXISTING_GLOBAL;NEEDED_GLOBAL
Global	Company Items	Template Audit	Template Audit ClientID	BOMapClientRecordID	sTYPE_TEXT	Yes	No	TemplateAudit								EXISTING_GLOBAL;NEEDED_GLOBAL
Global	Company Items	Template Audit	Template Audit RecID	TemplateAuditID	sTYPE_UNFORMATTED_NUMBER	No	No	TemplateAudit								EXISTING_GLOBAL;NEEDED_GLOBAL
Global	Company Items	Vendor Insurance	Aggregate Occurrence Amt	AggregateOccurrenceAmt	sTYPE_MONEY	No	No	VendorInsurance								EXISTING_GLOBAL
Global	Company Items	Vendor Insurance	Begin Date	BeginDate	sTYPE_DATE	No	No	VendorInsurance								EXISTING_GLOBAL;NEEDED_GLOBAL
Global	Company Items	Vendor Insurance	Created By	CreatedByID	sTYPE_MEMBER	No	No	VendorInsurance								EXISTING_GLOBAL;NEEDED_GLOBAL
Global	Company Items	Vendor Insurance	Created Date	CreatedDate	sTYPE_TIME	No	No	VendorInsurance								EXISTING_GLOBAL;NEEDED_GLOBAL
Global	Company Items	Vendor Insurance	End Date	EndDate	sTYPE_DATE	No	No	VendorInsurance								EXISTING_GLOBAL;NEEDED_GLOBAL
Global	Company Items	Vendor Insurance	Insurance Policy Type	CodeInsurancePolicyTypeID	sCODE_INSURANCE_POLICY_TYPE	No	No	VendorInsurance								EXISTING_GLOBAL
Global	Company Items	Vendor Insurance	Modified By	ModifiedByID	sTYPE_MEMBER	No	No	VendorInsurance								EXISTING_GLOBAL;NEEDED_GLOBAL
Global	Company Items	Vendor Insurance	Modified Date	ModifiedDate	sTYPE_TIME	No	No	VendorInsurance								EXISTING_GLOBAL;NEEDED_GLOBAL
Global	Company Items	Vendor Insurance	Policy	Policy	sTYPE_TEXTAREA	No	No	VendorInsurance								EXISTING_GLOBAL
Global	Company Items	Vendor Insurance	Rev Number	RevNumber	sTYPE_UNFORMATTED_NUMBER	No	No	VendorInsurance								EXISTING_GLOBAL;NEEDED_GLOBAL
Global	Company Items	Vendor Insurance	Single Occurrence Amt	SingleOccurrenceAmt	sTYPE_MONEY	No	No	VendorInsurance								EXISTING_GLOBAL
Global	Company Items	Vendor Insurance	Vendor	VendorID	sTYPE_EMPLOYER	Yes	No	VendorInsurance								EXISTING_GLOBAL;NEEDED_GLOBAL
Global	Company Items	Vendor Insurance	Vendor Insurance ClientID	BOMapClientRecordID	sTYPE_TEXT	Yes	No	VendorInsurance								EXISTING_GLOBAL
Global	Company Items	Vendor Insurance	Vendor Insurance RecID	VendorInsuranceID	sTYPE_UNFORMATTED_NUMBER	No	No	VendorInsurance								EXISTING_GLOBAL
Global	Company Items	Vendor Insurance	Verified Date	VerifiedDate	sTYPE_DATE	No	No	VendorInsurance								EXISTING_GLOBAL
Global	Company Items	Work Flow Template	Active Layout	PageLayoutID	sTYPE_FORM_PAGE_LAYOUT	No	No	WorkFlowTemplate								EXISTING_GLOBAL;NEEDED_GLOBAL
Global	Company Items	Work Flow Template	Associated Task	TaskName	sTYPE_TEXT	No	No	WorkFlowTemplate								EXISTING_GLOBAL;NEEDED_GLOBAL
Global	Company Items	Work Flow Template	Auto Assign Initiator as Ad Hoc Assignee	AutoAssignInitiator	sTYPE_BOOLEAN	Yes	No	WorkFlowTemplate								EXISTING_GLOBAL;NEEDED_GLOBAL
Global	Company Items	Work Flow Template	Collaborator Job Title List	CollaboratorJobTitleIDList	sCODE_JOB_TITLE	No	No	WorkFlowTemplate								EXISTING_GLOBAL;NEEDED_GLOBAL
Global	Company Items	Work Flow Template	Created By	CreatedByID	sTYPE_MEMBER	No	No	WorkFlowTemplate								EXISTING_GLOBAL;NEEDED_GLOBAL
Global	Company Items	Work Flow Template	Created Date	CreatedDate	sTYPE_TIME	No	No	WorkFlowTemplate								EXISTING_GLOBAL;NEEDED_GLOBAL
Global	Company Items	Work Flow Template	Default Work Flow Priority	DefaultWFCodePriorityID	sCODE_PRIORITY	Yes	No	WorkFlowTemplate								EXISTING_GLOBAL;NEEDED_GLOBAL
Global	Company Items	Work Flow Template	Description	Description	sTYPE_TEXT	No	No	WorkFlowTemplate								EXISTING_GLOBAL;NEEDED_GLOBAL
Global	Company Items	Work Flow Template	Description of KickOff	KickOffDescription	sTYPE_TEXT	No	No	WorkFlowTemplate								EXISTING_GLOBAL;NEEDED_GLOBAL
Global	Company Items	Work Flow Template	Enable Vendor Collaboration	EnableVendorCollaboration	sTYPE_BOOLEAN	Yes	No	WorkFlowTemplate								EXISTING_GLOBAL;NEEDED_GLOBAL
Global	Company Items	Work Flow Template	Javascript Source Code	IsEnabledLxJSCode	sTYPE_TEXTAREA	No	No	WorkFlowTemplate								EXISTING_GLOBAL;NEEDED_GLOBAL
Global	Company Items	Work Flow Template	Kick-off Method	KickOffMethod	sTYPE_TEXT	No	No	WorkFlowTemplate								EXISTING_GLOBAL;NEEDED_GLOBAL
Global	Company Items	Work Flow Template	Limit By Entity?	LimitByEntity	sTYPE_BOOLEAN	Yes	No	WorkFlowTemplate								EXISTING_GLOBAL;NEEDED_GLOBAL
Global	Company Items	Work Flow Template	Modified By	ModifiedByID	sTYPE_MEMBER	No	No	WorkFlowTemplate								EXISTING_GLOBAL;NEEDED_GLOBAL
Global	Company Items	Work Flow Template	Modified Date	ModifiedDate	sTYPE_TIME	No	No	WorkFlowTemplate								EXISTING_GLOBAL;NEEDED_GLOBAL
Global	Company Items	Work Flow Template	Notify All Approvers When Complete?	NotifyAllApproversComplete	sTYPE_BOOLEAN	Yes	No	WorkFlowTemplate								EXISTING_GLOBAL;NEEDED_GLOBAL
Global	Company Items	Work Flow Template	Notify All Assignees When Complete?	NotifyAllAssigneesComplete	sTYPE_BOOLEAN	Yes	No	WorkFlowTemplate								EXISTING_GLOBAL;NEEDED_GLOBAL
Global	Company Items	Work Flow Template	Notify Initiator When Complete?	NotifyInitiatorComplete	sTYPE_BOOLEAN	Yes	No	WorkFlowTemplate								EXISTING_GLOBAL;NEEDED_GLOBAL
Global	Company Items	Work Flow Template	Rev Number	RevNumber	sTYPE_NUMBER	No	No	WorkFlowTemplate								EXISTING_GLOBAL;NEEDED_GLOBAL
Global	Company Items	Work Flow Template	Status Change ID	StatusChangeID	sTYPE_UNFORMATTED_NUMBER	No	No	WorkFlowTemplate								EXISTING_GLOBAL;NEEDED_GLOBAL
Global	Company Items	Work Flow Template	Status Change Type	StatusChangeType	sTYPE_UNFORMATTED_NUMBER	No	No	WorkFlowTemplate								EXISTING_GLOBAL;NEEDED_GLOBAL
Global	Company Items	Work Flow Template	Work Flow Kick-off Record	KickOffID	sTYPE_UNFORMATTED_NUMBER	No	No	WorkFlowTemplate								EXISTING_GLOBAL;NEEDED_GLOBAL
Global	Company Items	Work Flow Template	Work Flow Template ClientID	BOMapClientRecordID	sTYPE_TEXT	Yes	No	WorkFlowTemplate								EXISTING_GLOBAL;NEEDED_GLOBAL
Global	Company Items	Work Flow Template	Work Flow Template Name	WorkFlowTemplateName	sTYPE_TEXT	Yes	No	WorkFlowTemplate								EXISTING_GLOBAL;NEEDED_GLOBAL
Global	Company Items	Work Flow Template	Work Flow Template RecID	WorkFlowTemplateID	sTYPE_UNFORMATTED_NUMBER	No	No	WorkFlowTemplate								EXISTING_GLOBAL;NEEDED_GLOBAL
Global	Company Items	Work Flow Template Step	Approver Job Title List	ApproverJobTitleIDList	sCODE_JOB_TITLE	No	No	WorkFlowTemplateStep								EXISTING_GLOBAL;NEEDED_GLOBAL
Global	Company Items	Work Flow Template Step	Approver Member List	ApproverMemberIDList	sTYPE_MEMBER	No	No	WorkFlowTemplateStep								EXISTING_GLOBAL;NEEDED_GLOBAL
Global	Company Items	Work Flow Template Step	Approver Type	ApproverType	sTYPE_UNFORMATTED_NUMBER	No	No	WorkFlowTemplateStep								EXISTING_GLOBAL;NEEDED_GLOBAL
Global	Company Items	Work Flow Template Step	Approver User Class List	ApproverUserClassIDList	sCODE_USER_CLASS	No	No	WorkFlowTemplateStep								EXISTING_GLOBAL;NEEDED_GLOBAL
Global	Company Items	Work Flow Template Step	Assignee Job Title List	AssigneeJobTitleIDList	sCODE_JOB_TITLE	No	No	WorkFlowTemplateStep								EXISTING_GLOBAL;NEEDED_GLOBAL
Global	Company Items	Work Flow Template Step	Assignee Member List	AssigneeMemberIDList	sTYPE_MEMBER	No	No	WorkFlowTemplateStep								EXISTING_GLOBAL;NEEDED_GLOBAL
Global	Company Items	Work Flow Template Step	Assignee Type	AssigneeType	sTYPE_UNFORMATTED_NUMBER	No	No	WorkFlowTemplateStep								EXISTING_GLOBAL;NEEDED_GLOBAL
Global	Company Items	Work Flow Template Step	Assignee User Class List	AssigneeUserClassIDList	sCODE_USER_CLASS	No	No	WorkFlowTemplateStep								EXISTING_GLOBAL;NEEDED_GLOBAL
Global	Company Items	Work Flow Template Step	Associated Task Name	TaskName	sTYPE_TEXT	No	No	WorkFlowTemplateStep								EXISTING_GLOBAL;NEEDED_GLOBAL
Global	Company Items	Work Flow Template Step	At Complete Approver 1 ID	RunAtCompleteApprover1ID	sTYPE_MEMBER	No	No	WorkFlowTemplateStep								EXISTING_GLOBAL;NEEDED_GLOBAL
Global	Company Items	Work Flow Template Step	At Complete Approver 2 ID	RunAtCompleteApprover2ID	sTYPE_MEMBER	No	No	WorkFlowTemplateStep								EXISTING_GLOBAL;NEEDED_GLOBAL
Global	Company Items	Work Flow Template Step	At Complete Scheduled Job 1 ID	runAtCompleteScheduledJob1ID	sTYPE_UNFORMATTED_NUMBER	No	No	WorkFlowTemplateStep								EXISTING_GLOBAL;NEEDED_GLOBAL
Global	Company Items	Work Flow Template Step	At Complete Scheduled Job 2 ID	runAtCompleteScheduledJob2ID	sTYPE_UNFORMATTED_NUMBER	No	No	WorkFlowTemplateStep								EXISTING_GLOBAL;NEEDED_GLOBAL
Global	Company Items	Work Flow Template Step	At Start Approver 1 ID	RunAtStartApprover1ID	sTYPE_MEMBER	No	No	WorkFlowTemplateStep								EXISTING_GLOBAL;NEEDED_GLOBAL
Global	Company Items	Work Flow Template Step	At Start Approver 2 ID	RunAtStartApprover2ID	sTYPE_MEMBER	No	No	WorkFlowTemplateStep								EXISTING_GLOBAL;NEEDED_GLOBAL
Global	Company Items	Work Flow Template Step	At Start Scheduled Job 1 ID	runAtStartScheduledJob1ID	sTYPE_UNFORMATTED_NUMBER	No	No	WorkFlowTemplateStep								EXISTING_GLOBAL;NEEDED_GLOBAL
Global	Company Items	Work Flow Template Step	At Start Scheduled Job 2 ID	runAtStartScheduledJob2ID	sTYPE_UNFORMATTED_NUMBER	No	No	WorkFlowTemplateStep								EXISTING_GLOBAL;NEEDED_GLOBAL
Global	Company Items	Work Flow Template Step	Automatically Adjust Task Dates to WF Step	AutoAdjustTaskDates	sTYPE_BOOLEAN	Yes	No	WorkFlowTemplateStep								EXISTING_GLOBAL;NEEDED_GLOBAL
Global	Company Items	Work Flow Template Step	Automatically Transition to Next Step	AutoLaunchNextStep	sTYPE_BOOLEAN	Yes	No	WorkFlowTemplateStep								EXISTING_GLOBAL;NEEDED_GLOBAL
Global	Company Items	Work Flow Template Step	Cancel Task When Step is Canceled	SetTaskCanceled	sTYPE_BOOLEAN	Yes	No	WorkFlowTemplateStep								EXISTING_GLOBAL;NEEDED_GLOBAL
Global	Company Items	Work Flow Template Step	Created By	CreatedByID	sTYPE_MEMBER	No	No	WorkFlowTemplateStep								EXISTING_GLOBAL;NEEDED_GLOBAL
Global	Company Items	Work Flow Template Step	Created Date	CreatedDate	sTYPE_TIME	No	No	WorkFlowTemplateStep								EXISTING_GLOBAL;NEEDED_GLOBAL
Global	Company Items	Work Flow Template Step	Days Until Alert Approvers	DaysUntilAlertApprovers	sTYPE_NUMBER	No	No	WorkFlowTemplateStep								EXISTING_GLOBAL;NEEDED_GLOBAL
Global	Company Items	Work Flow Template Step	Days Until Alert Assignees	DaysUntilAlertAssignees	sTYPE_NUMBER	No	No	WorkFlowTemplateStep								EXISTING_GLOBAL;NEEDED_GLOBAL
Global	Company Items	Work Flow Template Step	Days Until Notification	DaysUntilNotification	sTYPE_NUMBER	No	No	WorkFlowTemplateStep								EXISTING_GLOBAL;NEEDED_GLOBAL
Global	Company Items	Work Flow Template Step	Days Until Warn Approvers	DaysUntilWarnApprovers	sTYPE_NUMBER	No	No	WorkFlowTemplateStep								EXISTING_GLOBAL;NEEDED_GLOBAL
Global	Company Items	Work Flow Template Step	Days Until Warn Assignees	DaysUntilWarnAssignees	sTYPE_NUMBER	No	No	WorkFlowTemplateStep								EXISTING_GLOBAL;NEEDED_GLOBAL
Global	Company Items	Work Flow Template Step	Description	Description	sTYPE_TEXTAREA	No	No	WorkFlowTemplateStep								EXISTING_GLOBAL;NEEDED_GLOBAL
Global	Company Items	Work Flow Template Step	Is a Form Step (vs Task Step)	IsFormStep	sTYPE_BOOLEAN	No	No	WorkFlowTemplateStep								EXISTING_GLOBAL;NEEDED_GLOBAL
Global	Company Items	Work Flow Template Step	Layout To Use With Approvers	PageLayoutApproversID	sTYPE_FORM_PAGE_LAYOUT	No	No	WorkFlowTemplateStep								EXISTING_GLOBAL;NEEDED_GLOBAL
Global	Company Items	Work Flow Template Step	Layout To Use With Assignees	PageLayoutAssigneesID	sTYPE_FORM_PAGE_LAYOUT	No	No	WorkFlowTemplateStep								EXISTING_GLOBAL;NEEDED_GLOBAL
Global	Company Items	Work Flow Template Step	Mark Task In Progress When Step Starts	SetTaskInProcess	sTYPE_BOOLEAN	Yes	No	WorkFlowTemplateStep								EXISTING_GLOBAL;NEEDED_GLOBAL
Global	Company Items	Work Flow Template Step	Modified By	ModifiedByID	sTYPE_MEMBER	No	No	WorkFlowTemplateStep								EXISTING_GLOBAL;NEEDED_GLOBAL
Global	Company Items	Work Flow Template Step	Modified Date	ModifiedDate	sTYPE_TIME	No	No	WorkFlowTemplateStep								EXISTING_GLOBAL;NEEDED_GLOBAL
Global	Company Items	Work Flow Template Step	Notifiee Job Title List	NotifieeJobTitleIDList	sCODE_JOB_TITLE	No	No	WorkFlowTemplateStep								EXISTING_GLOBAL;NEEDED_GLOBAL
Global	Company Items	Work Flow Template Step	Notifiee Member List	NotifieeMemberIDList	sTYPE_MEMBER	No	No	WorkFlowTemplateStep								EXISTING_GLOBAL;NEEDED_GLOBAL
Global	Company Items	Work Flow Template Step	Notifiee Type	NotifieeType	sTYPE_UNFORMATTED_NUMBER	No	No	WorkFlowTemplateStep								EXISTING_GLOBAL;NEEDED_GLOBAL
Global	Company Items	Work Flow Template Step	Notifiee User Class List	NotifieeUserClassIDList	sCODE_USER_CLASS	No	No	WorkFlowTemplateStep								EXISTING_GLOBAL;NEEDED_GLOBAL
Global	Company Items	Work Flow Template Step	Notify Step Approvers When Started	NotifyStepApproversStarted	sTYPE_BOOLEAN	Yes	No	WorkFlowTemplateStep								EXISTING_GLOBAL;NEEDED_GLOBAL
Global	Company Items	Work Flow Template Step	Notify Step Assignees When Started	NotifyStepAssigneesStarted	sTYPE_BOOLEAN	Yes	No	WorkFlowTemplateStep								EXISTING_GLOBAL;NEEDED_GLOBAL
Global	Company Items	Work Flow Template Step	Number of Days for Approvers to Act	DurationDaysApprovers	sTYPE_NUMBER	No	No	WorkFlowTemplateStep								EXISTING_GLOBAL;NEEDED_GLOBAL
Global	Company Items	Work Flow Template Step	Number of Days For Assignees to Act	DurationDaysAssignees	sTYPE_NUMBER	No	No	WorkFlowTemplateStep								EXISTING_GLOBAL;NEEDED_GLOBAL
Global	Company Items	Work Flow Template Step	Reassign Approvers Job Title List	ReassignApproversJobTitleIDList	sCODE_JOB_TITLE	No	No	WorkFlowTemplateStep								EXISTING_GLOBAL;NEEDED_GLOBAL
Global	Company Items	Work Flow Template Step	Reassign Assignees Job Title List	ReassignAssigneesJobTitleIDList	sCODE_JOB_TITLE	No	No	WorkFlowTemplateStep								EXISTING_GLOBAL;NEEDED_GLOBAL
Global	Company Items	Work Flow Template Step	Relative Priority	Priority	sTYPE_NUMBER	No	No	WorkFlowTemplateStep								EXISTING_GLOBAL;NEEDED_GLOBAL
Global	Company Items	Work Flow Template Step	Requires Approvers?	ComputedRequiresApprovers	sTYPE_BOOLEAN	No	No	WorkFlowTemplateStep								EXISTING_GLOBAL;NEEDED_GLOBAL
Global	Company Items	Work Flow Template Step	Requires Assignees?	ComputedRequiresAssignees	sTYPE_BOOLEAN	No	No	WorkFlowTemplateStep								EXISTING_GLOBAL;NEEDED_GLOBAL
Global	Company Items	Work Flow Template Step	Rev Number	RevNumber	sTYPE_NUMBER	No	No	WorkFlowTemplateStep								EXISTING_GLOBAL;NEEDED_GLOBAL
Global	Company Items	Work Flow Template Step	Should Alert Approvers?	EMailAlertApprovers	sTYPE_BOOLEAN	No	No	WorkFlowTemplateStep								EXISTING_GLOBAL;NEEDED_GLOBAL
Global	Company Items	Work Flow Template Step	Should Email Assignees?	EMailAlertAssignees	sTYPE_BOOLEAN	No	No	WorkFlowTemplateStep								EXISTING_GLOBAL;NEEDED_GLOBAL
Global	Company Items	Work Flow Template Step	Should Send Email?	EnableForEMail	sTYPE_BOOLEAN	No	No	WorkFlowTemplateStep								EXISTING_GLOBAL;NEEDED_GLOBAL
Global	Company Items	Work Flow Template Step	Step Enabled for Dashboard	EnableForDashboard	sTYPE_BOOLEAN	No	No	WorkFlowTemplateStep								EXISTING_GLOBAL;NEEDED_GLOBAL
Global	Company Items	Work Flow Template Step	Step Name	WorkFlowTemplateStepName	sTYPE_TEXT	Yes	No	WorkFlowTemplateStep								EXISTING_GLOBAL;NEEDED_GLOBAL
Global	Company Items	Work Flow Template Step	Step Number	StepNumber	sTYPE_UNFORMATTED_NUMBER	Yes	No	WorkFlowTemplateStep								EXISTING_GLOBAL;NEEDED_GLOBAL
Global	Company Items	Work Flow Template Step	Text of Email to Send	EMailMessage	sTYPE_TEXTAREA	No	No	WorkFlowTemplateStep								EXISTING_GLOBAL;NEEDED_GLOBAL
Global	Company Items	Work Flow Template Step	Unassigned Approver	UnassignedApproverID	sTYPE_MEMBER	No	No	WorkFlowTemplateStep								EXISTING_GLOBAL;NEEDED_GLOBAL
Global	Company Items	Work Flow Template Step	Work Flow Template	WorkFlowTemplateID	sTYPE_WORK_FLOW_TEMPLATE	Yes	No	WorkFlowTemplateStep								EXISTING_GLOBAL;NEEDED_GLOBAL
Global	Company Items	Work Flow Template Step	Work Flow Template Step ClientID	BOMapClientRecordID	sTYPE_TEXT	Yes	No	WorkFlowTemplateStep								EXISTING_GLOBAL;NEEDED_GLOBAL
Global	Company Items	Work Flow Template Step	Work Flow Template Step RecID	WorkFlowTemplateStepID	sTYPE_UNFORMATTED_NUMBER	No	No	WorkFlowTemplateStep								EXISTING_GLOBAL;NEEDED_GLOBAL
Global	Company Items	Work Flow Template Step Action	Action Comment	ActionComment	sTYPE_TEXTAREA	No	No	WorkFlowTemplateStepAction								EXISTING_GLOBAL;NEEDED_GLOBAL
Global	Company Items	Work Flow Template Step Action	Action Name	WorkFlowTemplateStepActionName	sTYPE_TEXT	Yes	No	WorkFlowTemplateStepAction								EXISTING_GLOBAL;NEEDED_GLOBAL
Global	Company Items	Work Flow Template Step Action	Action Should Close Work Flow?	CloseWorkFlow	sTYPE_BOOLEAN	Yes	No	WorkFlowTemplateStepAction								EXISTING_GLOBAL;NEEDED_GLOBAL
Global	Company Items	Work Flow Template Step Action	Action Should Disable Edit?	DisableEditAfterDecision	sTYPE_BOOLEAN	Yes	No	WorkFlowTemplateStepAction								EXISTING_GLOBAL;NEEDED_GLOBAL
Global	Company Items	Work Flow Template Step Action	Action Should Move to Next Step Number	MoveToStepNumber	sTYPE_UNFORMATTED_NUMBER	No	No	WorkFlowTemplateStepAction								EXISTING_GLOBAL;NEEDED_GLOBAL
Global	Company Items	Work Flow Template Step Action	Action Should Restart the Step?	RestartStep	sTYPE_BOOLEAN	Yes	No	WorkFlowTemplateStepAction								EXISTING_GLOBAL;NEEDED_GLOBAL
Global	Company Items	Work Flow Template Step Action	Apply FIFO Pay App Validation	FifoPayApp	sTYPE_BOOLEAN	No	No	WorkFlowTemplateStepAction								EXISTING_GLOBAL;NEEDED_GLOBAL
Global	Company Items	Work Flow Template Step Action	Auto Clear Amounts	AutoClearAmounts	sTYPE_BOOLEAN	No	No	WorkFlowTemplateStepAction								
Global	Company Items	Work Flow Template Step Action	Auto Copy Amounts	AutoCopyAmounts	sTYPE_BOOLEAN	No	No	WorkFlowTemplateStepAction								EXISTING_GLOBAL;NEEDED_GLOBAL
Global	Company Items	Work Flow Template Step Action	Bid Award Approval Status	bidAwdApCodeLastActionStatusID	sCODE_LAST_ACTION_STATUS	No	No	WorkFlowTemplateStepAction								EXISTING_GLOBAL;NEEDED_GLOBAL
Global	Company Items	Work Flow Template Step Action	Created By	CreatedByID	sTYPE_MEMBER	No	No	WorkFlowTemplateStepAction								EXISTING_GLOBAL;NEEDED_GLOBAL
Global	Company Items	Work Flow Template Step Action	Created Date	CreatedDate	sTYPE_TIME	No	No	WorkFlowTemplateStepAction								EXISTING_GLOBAL;NEEDED_GLOBAL
Global	Company Items	Work Flow Template Step Action	Description	Description	sTYPE_TEXTAREA	No	No	WorkFlowTemplateStepAction								EXISTING_GLOBAL;NEEDED_GLOBAL
Global	Company Items	Work Flow Template Step Action	Generate Purchase Order Line Sequence Number	GenPurchOrderLineSeqNum	sTYPE_BOOLEAN	No	No	WorkFlowTemplateStepAction								EXISTING_GLOBAL;NEEDED_GLOBAL
Global	Company Items	Work Flow Template Step Action	Is Approval Action?	IsApprovalAction	sTYPE_BOOLEAN	Yes	No	WorkFlowTemplateStepAction								EXISTING_GLOBAL;NEEDED_GLOBAL
Global	Company Items	Work Flow Template Step Action	Javascript Source Code	IsEnabledLxJSCode	sTYPE_TEXTAREA	No	No	WorkFlowTemplateStepAction								EXISTING_GLOBAL;NEEDED_GLOBAL
Global	Company Items	Work Flow Template Step Action	Kick Off Description	KickOffDescription	sTYPE_TEXT	No	No	WorkFlowTemplateStepAction								EXISTING_GLOBAL;NEEDED_GLOBAL
Global	Company Items	Work Flow Template Step Action	Kick Off Work Flow Template	KickOffWorkFlowTemplateID	sTYPE_WORK_FLOW_TEMPLATE	No	No	WorkFlowTemplateStepAction								EXISTING_GLOBAL;NEEDED_GLOBAL
Global	Company Items	Work Flow Template Step Action	Kick Off Work Flow Template Trigger	KickOffTargetWFTemplateID	sTYPE_UNFORMATTED_NUMBER	No	No	WorkFlowTemplateStepAction								EXISTING_GLOBAL;NEEDED_GLOBAL
Global	Company Items	Work Flow Template Step Action	Last Action Status	CodeLastActionStatusID	sCODE_LAST_ACTION_STATUS	No	No	WorkFlowTemplateStepAction								EXISTING_GLOBAL;NEEDED_GLOBAL
Global	Company Items	Work Flow Template Step Action	Modified By	ModifiedByID	sTYPE_MEMBER	No	No	WorkFlowTemplateStepAction								EXISTING_GLOBAL;NEEDED_GLOBAL
Global	Company Items	Work Flow Template Step Action	Modified Date	ModifiedDate	sTYPE_TIME	No	No	WorkFlowTemplateStepAction								EXISTING_GLOBAL;NEEDED_GLOBAL
Global	Company Items	Work Flow Template Step Action	Notify Initiator on Complete?	NotifyInitiatorComplete	sTYPE_BOOLEAN	Yes	No	WorkFlowTemplateStepAction								EXISTING_GLOBAL;NEEDED_GLOBAL
Global	Company Items	Work Flow Template Step Action	Notify Prior Approvers on Complete?	NotifyPriorApproversComplete	sTYPE_BOOLEAN	Yes	No	WorkFlowTemplateStepAction								EXISTING_GLOBAL;NEEDED_GLOBAL
Global	Company Items	Work Flow Template Step Action	Notify Prior Assignees on Complete?	NotifyPriorAssigneesComplete	sTYPE_BOOLEAN	Yes	No	WorkFlowTemplateStepAction								EXISTING_GLOBAL;NEEDED_GLOBAL
Global	Company Items	Work Flow Template Step Action	Notify Step Approvers on Complete?	NotifyStepApproversComplete	sTYPE_BOOLEAN	Yes	No	WorkFlowTemplateStepAction								EXISTING_GLOBAL;NEEDED_GLOBAL
Global	Company Items	Work Flow Template Step Action	Notify Step Assignees on Complete?	NotifyStepAssigneesComplete	sTYPE_BOOLEAN	Yes	No	WorkFlowTemplateStepAction								EXISTING_GLOBAL;NEEDED_GLOBAL
Global	Company Items	Work Flow Template Step Action	Pass Adhoc Assignee To New Work Flow?	PassAdhocToNewWF	sTYPE_BOOLEAN	Yes	No	WorkFlowTemplateStepAction								EXISTING_GLOBAL;NEEDED_GLOBAL
Global	Company Items	Work Flow Template Step Action	Pass Priority To New Work Flow?	PassPriorityToNewWF	sTYPE_BOOLEAN	Yes	No	WorkFlowTemplateStepAction								EXISTING_GLOBAL;NEEDED_GLOBAL
Global	Company Items	Work Flow Template Step Action	Require All Approvers?	RequireAllApprovers	sTYPE_CHECKBOX	Yes	No	WorkFlowTemplateStepAction								EXISTING_GLOBAL;NEEDED_GLOBAL
Global	Company Items	Work Flow Template Step Action	Require Approver Signature	RequireApproverSig	sTYPE_BOOLEAN	No	No	WorkFlowTemplateStepAction								EXISTING_GLOBAL;NEEDED_GLOBAL
Global	Company Items	Work Flow Template Step Action	Rev Number	RevNumber	sTYPE_NUMBER	No	No	WorkFlowTemplateStepAction								EXISTING_GLOBAL;NEEDED_GLOBAL
Global	Company Items	Work Flow Template Step Action	Send Payment Info?	SendPaymentInfo	sTYPE_BOOLEAN	Yes	No	WorkFlowTemplateStepAction								EXISTING_GLOBAL;NEEDED_GLOBAL
Global	Company Items	Work Flow Template Step Action	WF Step Action Entity	ProjectEntityID	sTYPE_PROJECT_ENTITY	No	No	WorkFlowTemplateStepAction								EXISTING_GLOBAL;NEEDED_GLOBAL
Global	Company Items	Work Flow Template Step Action	Work Flow Template Kick Off	WorkFlowTemplateKickOffID	sTYPE_UNFORMATTED_NUMBER	No	No	WorkFlowTemplateStepAction								EXISTING_GLOBAL;NEEDED_GLOBAL
Global	Company Items	Work Flow Template Step Action	Work Flow Template Step	WorkFlowTemplateStepID	sTYPE_WORK_FLOW_TEMPLATE_STEP	No	No	WorkFlowTemplateStepAction								EXISTING_GLOBAL;NEEDED_GLOBAL
Global	Company Items	Work Flow Template Step Action	Work Flow Template Step Action ClientID	BOMapClientRecordID	sTYPE_TEXT	Yes	No	WorkFlowTemplateStepAction								EXISTING_GLOBAL;NEEDED_GLOBAL
Global	Company Items	Work Flow Template Step Action	Work Flow Template Step Action RecID	WorkFlowTemplateStepActionID	sTYPE_UNFORMATTED_NUMBER	No	No	WorkFlowTemplateStepAction								EXISTING_GLOBAL;NEEDED_GLOBAL
Global	Complex	Audit Info	Modified By	ModifiedByID	sTYPE_MEMBER	No	No	Complex	Complex	ModifiedByID	Modified By	complex	ModifiedByID	TEXT	Foreign key (ID reference)	EXISTING_GLOBAL;NEEDED_GLOBAL
Global	Complex	Audit Info	Modified Date	ModifiedDate	sTYPE_TIME	No	No	Complex	Complex	ModifiedDate	Modified Date	complex	ModifiedDate	TEXT	Incremental watermark	EXISTING_GLOBAL;NEEDED_GLOBAL
Global	Complex	Complex Info	Building Area Unit	CodeBuildingAreaUnitID	sCODE_BUILDING_AREA_UNIT	No	No	Complex	Complex	CodeBuildingAreaUnitID	Building Area Unit	complex	CodeBuildingAreaUnitID	TEXT	Foreign key (ID reference)	EXISTING_GLOBAL;NEEDED_GLOBAL
Global	Complex	Complex Info	City	City	sTYPE_TEXT	No	No	Complex	Complex	City	City	complex	City	TEXT		EXISTING_GLOBAL;NEEDED_GLOBAL
Global	Complex	Complex Info	Client Number	ClientNumber	sTYPE_TEXT	No	No	Complex	Complex	ClientNumber	Client Number	complex	ClientNumber	TEXT		EXISTING_GLOBAL;NEEDED_GLOBAL
Global	Complex	Complex Info	Complex Class	CodeComplexClassID	sCODE_BUILDING_CLASS	No	No	Complex	Complex	CodeComplexClassID	Complex Class	complex	CodeComplexClassID	TEXT	Foreign key (ID reference)	EXISTING_GLOBAL
Global	Complex	Complex Info	Complex ClientID	BOMapClientRecordID	sTYPE_TEXT	Yes	No	Complex	Complex	BOMapClientRecordID	Complex ClientID	complex	BOMapClientRecordID	TEXT	Client identifier	EXISTING_GLOBAL
Global	Complex	Complex Info	Complex Name	ComplexName	sTYPE_TEXT	Yes	No	Complex	Complex	ComplexName	Complex Name	complex	ComplexName	TEXT		EXISTING_GLOBAL;NEEDED_GLOBAL
Global	Complex	Complex Info	Complex RecID	ComplexID	sTYPE_UNFORMATTED_NUMBER	No	No	Complex	Complex	ComplexID	Complex RecID	complex	ComplexID	VARCHAR(64) NOT NULL	Primary key	EXISTING_GLOBAL
Global	Complex	Complex Info	Complex Status	CodeComplexStatusID	sCODE_COMPLEX_STATUS	No	No	Complex	Complex	CodeComplexStatusID	Complex Status	complex	CodeComplexStatusID	TEXT	Foreign key (ID reference)	EXISTING_GLOBAL
Global	Complex	Complex Info	Complex Type	CodeComplexTypeID	sCODE_COMPLEX_TYPE	No	No	Complex	Complex	CodeComplexTypeID	Complex Type	complex	CodeComplexTypeID	TEXT	Foreign key (ID reference)	EXISTING_GLOBAL
Global	Complex	Complex Info	Country	CountryID	sTYPE_COUNTRY	No	No	Complex	Complex	CountryID	Country	complex	CountryID	TEXT	Foreign key (ID reference)	EXISTING_GLOBAL;NEEDED_GLOBAL
Global	Complex	Complex Info	Developer	DeveloperID	sTYPE_PERSON	No	No	Complex	Complex	DeveloperID	Developer	complex	DeveloperID	TEXT	Foreign key (ID reference)	EXISTING_GLOBAL
Global	Complex	Complex Info	Expansion Plan Date	ExpansionPlanDate	sTYPE_DATE	No	No	Complex	Complex	ExpansionPlanDate	Expansion Plan Date	complex	ExpansionPlanDate	TEXT		EXISTING_GLOBAL
Global	Complex	Complex Info	GLA Excluding Anchors	GLAExcludingAnchors	sTYPE_AREA	No	No	Complex	Complex	GLAExcludingAnchors	GLA Excluding Anchors	complex	GLAExcludingAnchors	TEXT		EXISTING_GLOBAL
Global	Complex	Complex Info	Gross Lease Area	GrossLeaseArea	sTYPE_AREA	No	No	Complex	Complex	GrossLeaseArea	Gross Lease Area	complex	GrossLeaseArea	TEXT		EXISTING_GLOBAL;NEEDED_GLOBAL
Global	Complex	Complex Info	Has Food Court?	HasFoodCourt	sTYPE_CHECKBOX	No	No	Complex	Complex	HasFoodCourt	Has Food Court?	complex	HasFoodCourt	TEXT		EXISTING_GLOBAL
Global	Complex	Complex Info	Hours Of Operation	HoursOfOperation	sTYPE_TEXTAREA	No	No	Complex	Complex	HoursOfOperation	Hours Of Operation	complex	HoursOfOperation	TEXT		EXISTING_GLOBAL
Global	Complex	Complex Info	Is Enclosed?	IsEnclosed	sTYPE_CHECKBOX	No	No	Complex	Complex	IsEnclosed	Is Enclosed?	complex	IsEnclosed	TEXT		EXISTING_GLOBAL
Global	Complex	Complex Info	Is Expansion Planned?	IsExpansionPlanned	sTYPE_CHECKBOX	No	No	Complex	Complex	IsExpansionPlanned	Is Expansion Planned?	complex	IsExpansionPlanned	TEXT		EXISTING_GLOBAL
Global	Complex	Complex Info	Is Renovation Planned?	IsRenovationPlanned	sTYPE_CHECKBOX	No	No	Complex	Complex	IsRenovationPlanned	Is Renovation Planned?	complex	IsRenovationPlanned	TEXT		EXISTING_GLOBAL
Global	Complex	Complex Info	Is Space Available?	IsSpaceAvailable	sTYPE_CHECKBOX	No	No	Complex	Complex	IsSpaceAvailable	Is Space Available?	complex	IsSpaceAvailable	TEXT		EXISTING_GLOBAL
Global	Complex	Complex Info	Jurisdiction	JurisdictionID	sTYPE_JURISDICTION	No	No	Complex	Complex	JurisdictionID	Jurisdiction	complex	JurisdictionID	TEXT	Foreign key (ID reference)	EXISTING_GLOBAL;NEEDED_GLOBAL
Global	Complex	Complex Info	Landlord	LandlordID	sTYPE_PERSON	No	No	Complex	Complex	LandlordID	Landlord	complex	LandlordID	TEXT	Foreign key (ID reference)	EXISTING_GLOBAL
Global	Complex	Complex Info	Last Renovated	LastRenovated	sTYPE_TEXT	No	No	Complex	Complex	LastRenovated	Last Renovated	complex	LastRenovated	TEXT		EXISTING_GLOBAL
Global	Complex	Complex Info	Nearest Competition	NearestCompetition	sTYPE_TEXT	No	No	Complex	Complex	NearestCompetition	Nearest Competition	complex	NearestCompetition	TEXT		EXISTING_GLOBAL
Global	Complex	Complex Info	Notable Tenants	NotableTenants	sTYPE_TEXTAREA	No	No	Complex	Complex	NotableTenants	Notable Tenants	complex	NotableTenants	TEXT		EXISTING_GLOBAL
Global	Complex	Complex Info	Notes	Notes	sTYPE_TEXTAREA	No	No	Complex	Complex	Notes	Notes	complex	Notes	TEXT		EXISTING_GLOBAL;NEEDED_GLOBAL
Global	Complex	Complex Info	Number Levels	NumberLevels	sTYPE_NUMBER	No	No	Complex	Complex	NumberLevels	Number Levels	complex	NumberLevels	TEXT		EXISTING_GLOBAL
Global	Complex	Complex Info	Number Outparcels	NumberOutparcels	sTYPE_NUMBER	No	No	Complex	Complex	NumberOutparcels	Number Outparcels	complex	NumberOutparcels	TEXT		EXISTING_GLOBAL
Global	Complex	Complex Info	Number Parking Spaces	NumberParkingSpaces	sTYPE_NUMBER	No	No	Complex	Complex	NumberParkingSpaces	Number Parking Spaces	complex	NumberParkingSpaces	TEXT		EXISTING_GLOBAL
Global	Complex	Complex Info	Number Stores	NumberStores	sTYPE_NUMBER	No	No	Complex	Complex	NumberStores	Number Stores	complex	NumberStores	TEXT		EXISTING_GLOBAL
Global	Complex	Complex Info	Occupancy Percentage	OccupancyPercentage	sTYPE_PERCENTAGE	No	No	Complex	Complex	OccupancyPercentage	Occupancy Percentage	complex	OccupancyPercentage	TEXT		EXISTING_GLOBAL;NEEDED_GLOBAL
Global	Complex	Complex Info	Phone	Phone	sTYPE_TEXT	No	No	Complex	Complex	Phone	Phone	complex	Phone	TEXT		EXISTING_GLOBAL;NEEDED_GLOBAL
Global	Complex	Complex Info	Postal Code	PostalCode	sTYPE_POSTALCODE	No	No	Complex	Complex	PostalCode	Postal Code	complex	PostalCode	TEXT		EXISTING_GLOBAL;NEEDED_GLOBAL
Global	Complex	Complex Info	Property Manager	PropertyManagerID	sTYPE_PERSON	No	No	Complex	Complex	PropertyManagerID	Property Manager	complex	PropertyManagerID	TEXT	Foreign key (ID reference)	EXISTING_GLOBAL
Global	Complex	Complex Info	Renovation Plan Date	RenovationPlanDate	sTYPE_DATE	No	No	Complex	Complex	RenovationPlanDate	Renovation Plan Date	complex	RenovationPlanDate	TEXT		EXISTING_GLOBAL
Global	Complex	Complex Info	Sales Per Area	SalesPerArea	sTYPE_MONEY	No	No	Complex	Complex	SalesPerArea	Sales Per Area	complex	SalesPerArea	TEXT		EXISTING_GLOBAL
Global	Complex	Complex Info	State	IStateProvinceCountryID	sTYPE_STATE_PROVINCE	No	No	Complex	Complex	IStateProvinceCountryID	State	complex	IStateProvinceCountryID	TEXT	Foreign key (ID reference)	EXISTING_GLOBAL;NEEDED_GLOBAL
Global	Complex	Complex Info	Street Address #1	StreetAddress1	sTYPE_TEXT	No	No	Complex	Complex	StreetAddress1	Street Address #1	complex	StreetAddress1	TEXT		EXISTING_GLOBAL;NEEDED_GLOBAL
Global	Complex	Complex Info	Street Address #2	StreetAddress2	sTYPE_TEXT	No	No	Complex	Complex	StreetAddress2	Street Address #2	complex	StreetAddress2	TEXT		EXISTING_GLOBAL;NEEDED_GLOBAL
Global	Complex	Complex Info	Street Address #3	StreetAddress3	sTYPE_TEXT	No	No	Complex	Complex	StreetAddress3	Street Address #3	complex	StreetAddress3	TEXT		EXISTING_GLOBAL;NEEDED_GLOBAL
Global	Complex	Complex Info	Street Address #4	StreetAddress4	sTYPE_TEXT	No	No	Complex	Complex	StreetAddress4	Street Address #4	complex	StreetAddress4	TEXT		EXISTING_GLOBAL;NEEDED_GLOBAL
Global	Complex	Complex Info	Vacancy Rate	VacancyRate	sTYPE_PERCENTAGE	No	No	Complex	Complex	VacancyRate	Vacancy Rate	complex	VacancyRate	TEXT		EXISTING_GLOBAL
Global	Complex	Complex Info	Year Built	YearBuilt	sTYPE_UNFORMATTED_NUMBER	No	No	Complex	Complex	YearBuilt	Year Built	complex	YearBuilt	TEXT		EXISTING_GLOBAL;NEEDED_GLOBAL
Global	Contract	Accounting Assumptions	Accounting Begin Date	Topic842BeginDate	sTYPE_DATE	No	No	ContractFinancialTest								EXISTING_GLOBAL;NEEDED_GLOBAL
Global	Contract	Accounting Assumptions	Accounting End Date	Topic842EndDate	sTYPE_DATE	No	No	ContractFinancialTest								EXISTING_GLOBAL;NEEDED_GLOBAL
Global	Contract	Accounting Assumptions	Accounting Method	CodeAccountingMethodID	sCODE_ACCOUNTING_METHOD	No	No	ContractFinancialTest								EXISTING_GLOBAL;NEEDED_GLOBAL
Global	Contract	Accounting Assumptions	ASC 842 Aggregate Value Of Lease	ASC842CalcAggValueOfLease	sTYPE_MONEY	No	No	ContractFinancialTest								EXISTING_GLOBAL;NEEDED_GLOBAL
Global	Contract	Accounting Assumptions	ASC 842 Aggregate Value Of Lease Before Adjustments	ASC842CalcAggValOfLeaseNoAdj	sTYPE_MONEY	No	No	ContractFinancialTest								EXISTING_GLOBAL;NEEDED_GLOBAL
Global	Contract	Accounting Assumptions	ASC 842 Initial Asset Balance	ASC842InitialAssetBalance	sTYPE_MONEY_MATH_OPERATION	No	No	ContractFinancialTest								EXISTING_GLOBAL;NEEDED_GLOBAL
Global	Contract	Accounting Assumptions	ASC 842 Initial Liability Balance	ASC842InitialLiabilityBalance	sTYPE_MONEY_MATH_OPERATION	No	No	ContractFinancialTest								EXISTING_GLOBAL;NEEDED_GLOBAL
Global	Contract	Accounting Assumptions	ASC 842 Net Lease Liability Balance	ASC842NetLeaseLiabilityBalance	sTYPE_MONEY_MATH_OPERATION	No	No	ContractFinancialTest								EXISTING_GLOBAL;NEEDED_GLOBAL
Global	Contract	Accounting Assumptions	ASC 842 PV Of Financial Terms	ASC842CalcPVOfFinancialTerms	sTYPE_MONEY	No	No	ContractFinancialTest								EXISTING_GLOBAL;NEEDED_GLOBAL
Global	Contract	Accounting Assumptions	ASC 842 PV Of Financial Terms Before Adjustments	ASC842CalcPVOfFinTermsNoAdj	sTYPE_MONEY	No	No	ContractFinancialTest								EXISTING_GLOBAL;NEEDED_GLOBAL
Global	Contract	Accounting Assumptions	ASC 842 Schedule	CodeASC842ScheduleID	sCODE_ASC842_SCHEDULE	No	No	ContractFinancialTest								EXISTING_GLOBAL;NEEDED_GLOBAL
Global	Contract	Accounting Assumptions	Asset Type Tested	CodeAssetTypeTestID	sCODE_ASSET_TYPE_TEST	No	No	ContractFinancialTest								EXISTING_GLOBAL;NEEDED_GLOBAL
Global	Contract	Accounting Assumptions	Cancellation Option Amount	CancellationOptionAmount	sTYPE_MONEY	No	No	ContractFinancialTest								EXISTING_GLOBAL;NEEDED_GLOBAL
Global	Contract	Accounting Assumptions	Contract Discount Rate	DiscountRate	sTYPE_PERCENTAGE	No	No	Contract								EXISTING_GLOBAL;NEEDED_GLOBAL
Global	Contract	Accounting Assumptions	Discount Rate	DiscountRate	sTYPE_PERCENTAGE	No	No	ContractFinancialTest								EXISTING_GLOBAL;NEEDED_GLOBAL
Global	Contract	Accounting Assumptions	Dismantling / Restoring Cost Amount	DismantlingStorageCostAmount	sTYPE_MONEY	No	No	ContractFinancialTest								EXISTING_GLOBAL;NEEDED_GLOBAL
Global	Contract	Accounting Assumptions	Dismantling / Restoring Cost Desc	DismantlingStorageCostDesc	sTYPE_TEXT	No	No	ContractFinancialTest								EXISTING_GLOBAL;NEEDED_GLOBAL
Global	Contract	Accounting Assumptions	IFRS 16 Aggregate Value Of Lease	IFRS16CalcAggValueOfLease	sTYPE_MONEY	No	No	ContractFinancialTest								EXISTING_GLOBAL;NEEDED_GLOBAL
Global	Contract	Accounting Assumptions	IFRS 16 Aggregate Value Of Lease Before Adjustments	IFRS16CalcAggValOfLeaseNoAdj	sTYPE_MONEY	No	No	ContractFinancialTest								EXISTING_GLOBAL;NEEDED_GLOBAL
Global	Contract	Accounting Assumptions	IFRS 16 Initial Asset Balance	IFRS16InitialAssetBalance	sTYPE_MONEY_MATH_OPERATION	No	No	ContractFinancialTest								EXISTING_GLOBAL;NEEDED_GLOBAL
Global	Contract	Accounting Assumptions	IFRS 16 Initial Liability Balance	IFRS16InitialLiabilityBalance	sTYPE_MONEY_MATH_OPERATION	No	No	ContractFinancialTest								EXISTING_GLOBAL;NEEDED_GLOBAL
Global	Contract	Accounting Assumptions	IFRS 16 Net Lease Liability Balance	IFRS16NetLeaseLiabilityBalance	sTYPE_MONEY_MATH_OPERATION	No	No	ContractFinancialTest								EXISTING_GLOBAL;NEEDED_GLOBAL
Global	Contract	Accounting Assumptions	IFRS 16 PV Of Financial Terms	IFRS16CalcPVOfFinancialTerms	sTYPE_MONEY	No	No	ContractFinancialTest								EXISTING_GLOBAL;NEEDED_GLOBAL
Global	Contract	Accounting Assumptions	IFRS 16 PV Of Financial Terms Before Adjustments	IFRS16CalcPVOfFinTermsNoAdj	sTYPE_MONEY	No	No	ContractFinancialTest								EXISTING_GLOBAL;NEEDED_GLOBAL
Global	Contract	Accounting Assumptions	IFRS 16 Schedule Selector	CodeIFRS16ScheduleID	sCODE_IFRS16_SCHEDULE	No	No	ContractFinancialTest								EXISTING_GLOBAL;NEEDED_GLOBAL
Global	Contract	Accounting Assumptions	Impairments Amount	ImpairmentsAmount	sTYPE_MONEY	No	No	ContractFinancialTest								EXISTING_GLOBAL;NEEDED_GLOBAL
Global	Contract	Accounting Assumptions	Impairments Description	ImpairmentsDesc	sTYPE_TEXT	No	No	ContractFinancialTest								EXISTING_GLOBAL;NEEDED_GLOBAL
Global	Contract	Accounting Assumptions	Initial Direct Costs Amount	InitialDirectCostsAmount	sTYPE_MONEY	No	No	ContractFinancialTest								EXISTING_GLOBAL;NEEDED_GLOBAL
Global	Contract	Accounting Assumptions	Initial Direct Costs Description	InitialDirectCostsDesc	sTYPE_TEXT	No	No	ContractFinancialTest								EXISTING_GLOBAL;NEEDED_GLOBAL
Global	Contract	Accounting Assumptions	Lease Incentives Amount	LeaseIncentivesAmount	sTYPE_MONEY	No	No	ContractFinancialTest								EXISTING_GLOBAL;NEEDED_GLOBAL
Global	Contract	Accounting Assumptions	Lease Incentives Description	LeaseIncentivesDesc	sTYPE_TEXT	No	No	ContractFinancialTest								EXISTING_GLOBAL;NEEDED_GLOBAL
Global	Contract	Accounting Assumptions	Other Adjustments Description	PVOfOtherAdjustmentsDesc	sTYPE_TEXT	No	No	ContractFinancialTest								EXISTING_GLOBAL;NEEDED_GLOBAL
Global	Contract	Accounting Assumptions	Pre-Commencement Payments Amount	PreCommencePayAmount	sTYPE_MONEY	No	No	ContractFinancialTest								EXISTING_GLOBAL;NEEDED_GLOBAL
Global	Contract	Accounting Assumptions	Pre-Commencement Payments Description	PreCommencePayDesc	sTYPE_TEXT	No	No	ContractFinancialTest								EXISTING_GLOBAL;NEEDED_GLOBAL
Global	Contract	Accounting Assumptions	Purchase Option Amount	PurchaseOptionAmount	sTYPE_MONEY	No	No	ContractFinancialTest								EXISTING_GLOBAL;NEEDED_GLOBAL
Global	Contract	Accounting Assumptions	PV Of Cancellation Option	PVOfCancellationOption	sTYPE_MONEY	No	No	ContractFinancialTest								EXISTING_GLOBAL;NEEDED_GLOBAL
Global	Contract	Accounting Assumptions	PV Of Financial Terms With Adjustments	PVOfFinancialTermsWithAdjustments	sTYPE_MONEY_MATH_OPERATION	No	No	ContractFinancialTest								EXISTING_GLOBAL;NEEDED_GLOBAL
Global	Contract	Accounting Assumptions	PV Of Other Adjustments	PVOfOtherAdjustments	sTYPE_MONEY	No	No	ContractFinancialTest								EXISTING_GLOBAL;NEEDED_GLOBAL
Global	Contract	Accounting Assumptions	PV Of Purchase Option	PVOfPurchaseOption	sTYPE_MONEY	No	No	ContractFinancialTest								EXISTING_GLOBAL;NEEDED_GLOBAL
Global	Contract	Accounting Assumptions	PV Of Residual Value Guarantees	PVOfResidualValueGuarantees	sTYPE_MONEY	No	No	ContractFinancialTest								EXISTING_GLOBAL;NEEDED_GLOBAL
Global	Contract	Accounting Assumptions	PV Of Structuring Costs	PVOfStructuringCosts	sTYPE_MONEY	No	No	ContractFinancialTest								EXISTING_GLOBAL;NEEDED_GLOBAL
Global	Contract	Accounting Assumptions	Residual Value Guarantees	ResidualValueGuarantees	sTYPE_MONEY	No	No	ContractFinancialTest								EXISTING_GLOBAL;NEEDED_GLOBAL
Global	Contract	Accounting Assumptions	Structuring Costs Description	PVOfStructuringCostsDesc	sTYPE_TEXT	No	No	ContractFinancialTest								EXISTING_GLOBAL;NEEDED_GLOBAL
Global	Contract	Accounting Assumptions Adjustments	Accounting Assumption Adjustment Secondary Rent Schedule Allocation Percent	SecondaryRentSchedAllocPercent	sTYPE_PERCENTAGE	No	No	AcctingAssumptionAdjust								EXISTING_GLOBAL;NEEDED_GLOBAL
Global	Contract	Accounting Assumptions Adjustments	Accting Assumption Adjust ClientID	BOMapClientRecordID	sTYPE_TEXT	Yes	No	AcctingAssumptionAdjust								EXISTING_GLOBAL;NEEDED_GLOBAL
Global	Contract	Accounting Assumptions Adjustments	Accting Assumption Adjust RecID	AcctingAssumptionAdjustID	sTYPE_UNFORMATTED_NUMBER	No	No	AcctingAssumptionAdjust								EXISTING_GLOBAL;NEEDED_GLOBAL
Global	Contract	Accounting Assumptions Adjustments	Adjustment Percent	AdjustmentPercent	sTYPE_PERCENTAGE	No	No	AcctingAssumptionAdjust								EXISTING_GLOBAL;NEEDED_GLOBAL
Global	Contract	Accounting Assumptions Adjustments	Annual Amount	AnnualAmount	sTYPE_MONEY	Yes	No	AcctingAssumptionAdjust								EXISTING_GLOBAL;NEEDED_GLOBAL
Global	Contract	Accounting Assumptions Adjustments	ASC 842 Schedule	CodeASC842ScheduleID	sCODE_ASC842_SCHEDULE	No	No	AcctingAssumptionAdjust								EXISTING_GLOBAL;NEEDED_GLOBAL
Global	Contract	Accounting Assumptions Adjustments	Begin Date	BeginDate	sTYPE_DATE	Yes	No	AcctingAssumptionAdjust								EXISTING_GLOBAL;NEEDED_GLOBAL
Global	Contract	Accounting Assumptions Adjustments	Contract	ContractID	sTYPE_CONTRACT	Yes	No	AcctingAssumptionAdjust								EXISTING_GLOBAL;NEEDED_GLOBAL
Global	Contract	Accounting Assumptions Adjustments	End Date	EndDate	sTYPE_DATE	Yes	No	AcctingAssumptionAdjust								EXISTING_GLOBAL;NEEDED_GLOBAL
Global	Contract	Accounting Assumptions Adjustments	Expense Setup	ExpenseSetupID	sTYPE_EXPENSE_SETUP	No	No	AcctingAssumptionAdjust								EXISTING_GLOBAL;NEEDED_GLOBAL
Global	Contract	Accounting Assumptions Adjustments	First Payment Amount	FirstPaymentAmount	sTYPE_MONEY	No	No	AcctingAssumptionAdjust								EXISTING_GLOBAL;NEEDED_GLOBAL
Global	Contract	Accounting Assumptions Adjustments	Frequency	CodeFrequencyID	sCODE_FREQUENCY	No	No	AcctingAssumptionAdjust								EXISTING_GLOBAL;NEEDED_GLOBAL
Global	Contract	Accounting Assumptions Adjustments	IFRS 16 Schedule	CodeIFRS16ScheduleID	sCODE_IFRS16_SCHEDULE	No	No	AcctingAssumptionAdjust								EXISTING_GLOBAL;NEEDED_GLOBAL
Global	Contract	Accounting Assumptions Adjustments	Last Payment Amount	LastPaymentAmount	sTYPE_MONEY	No	No	AcctingAssumptionAdjust								EXISTING_GLOBAL;NEEDED_GLOBAL
Global	Contract	Accounting Assumptions Adjustments	Notes	Notes	sTYPE_TEXTAREA	No	No	AcctingAssumptionAdjust								EXISTING_GLOBAL;NEEDED_GLOBAL
Global	Contract	Accounting Assumptions Adjustments	Payment Amount	PaymentAmount	sTYPE_MONEY	Yes	No	AcctingAssumptionAdjust								EXISTING_GLOBAL;NEEDED_GLOBAL
Global	Contract	Accounting Assumptions Adjustments	Payment Rate	PaymentRate	sTYPE_MONEY	No	No	AcctingAssumptionAdjust								EXISTING_GLOBAL;NEEDED_GLOBAL
Global	Contract	Accounting Assumptions Adjustments	Proration Method	CodeProrationMethodID	sCODE_PRORATION_METHOD	No	No	AcctingAssumptionAdjust								EXISTING_GLOBAL;NEEDED_GLOBAL
Global	Contract	Accrual Transaction	Account Number #1	AccountNumber1	sTYPE_TEXT	No	No	AccrualTransaction								EXISTING_GLOBAL;NEEDED_GLOBAL
Global	Contract	Accrual Transaction	Account Number #2	AccountNumber2	sTYPE_TEXT	No	No	AccrualTransaction								EXISTING_GLOBAL;NEEDED_GLOBAL
Global	Contract	Accrual Transaction	Account Number #3	AccountNumber3	sTYPE_TEXT	No	No	AccrualTransaction								EXISTING_GLOBAL;NEEDED_GLOBAL
Global	Contract	Accrual Transaction	Account Number #4	AccountNumber4	sTYPE_TEXT	No	No	AccrualTransaction								EXISTING_GLOBAL;NEEDED_GLOBAL
Global	Contract	Accrual Transaction	Account Number #5	AccountNumber5	sTYPE_TEXT	No	No	AccrualTransaction								EXISTING_GLOBAL;NEEDED_GLOBAL
Global	Contract	Accrual Transaction	Account Number #6	AccountNumber6	sTYPE_TEXT	No	No	AccrualTransaction								EXISTING_GLOBAL;NEEDED_GLOBAL
Global	Contract	Accrual Transaction	Account Number #7	AccountNumber7	sTYPE_TEXT	No	No	AccrualTransaction								EXISTING_GLOBAL;NEEDED_GLOBAL
Global	Contract	Accrual Transaction	Account Number #8	AccountNumber8	sTYPE_TEXT	No	No	AccrualTransaction								EXISTING_GLOBAL;NEEDED_GLOBAL
Global	Contract	Accrual Transaction	Accrual Message	AccrualMessage	sTYPE_TEXT	No	No	AccrualTransaction								EXISTING_GLOBAL;NEEDED_GLOBAL
Global	Contract	Accrual Transaction	Accrual Transaction ClientID	BOMapClientRecordID	sTYPE_TEXT	Yes	No	AccrualTransaction								EXISTING_GLOBAL;NEEDED_GLOBAL
Global	Contract	Accrual Transaction	Accrual Transaction RecID	AccrualTransactionID	sTYPE_UNFORMATTED_NUMBER	No	No	AccrualTransaction								EXISTING_GLOBAL;NEEDED_GLOBAL
Global	Contract	Accrual Transaction	AP Export Base Number	APExportBaseNumber	sTYPE_TEXT	No	No	AccrualTransaction								EXISTING_GLOBAL;NEEDED_GLOBAL
Global	Contract	Accrual Transaction	AP Export Prepaid Number	APExportPrepaidNumber	sTYPE_TEXT	No	No	AccrualTransaction								EXISTING_GLOBAL;NEEDED_GLOBAL
Global	Contract	Accrual Transaction	Contract	ContractID	sTYPE_CONTRACT	Yes	No	AccrualTransaction								EXISTING_GLOBAL;NEEDED_GLOBAL
Global	Contract	Accrual Transaction	Created By	CreatedByID	sTYPE_MEMBER	No	No	AccrualTransaction								EXISTING_GLOBAL;NEEDED_GLOBAL
Global	Contract	Accrual Transaction	Created Date	CreatedDate	sTYPE_TIME	No	No	AccrualTransaction								EXISTING_GLOBAL;NEEDED_GLOBAL
Global	Contract	Accrual Transaction	Currency Type	CodeCurrencyTypeID	sCODE_CURRENCY_TYPE	No	No	AccrualTransaction								EXISTING_GLOBAL;NEEDED_GLOBAL
Global	Contract	Accrual Transaction	Description	Description	sTYPE_TEXT	No	No	AccrualTransaction								EXISTING_GLOBAL;NEEDED_GLOBAL
Global	Contract	Accrual Transaction	Exp Accrual Acct #1 Number	ExpAccrualAcct1Number	sTYPE_TEXT	No	No	AccrualTransaction								EXISTING_GLOBAL;NEEDED_GLOBAL
Global	Contract	Accrual Transaction	Exp Accrual Acct #2 Number	ExpAccrualAcct2Number	sTYPE_TEXT	No	No	AccrualTransaction								EXISTING_GLOBAL;NEEDED_GLOBAL
Global	Contract	Accrual Transaction	Exp Accrual Acct #3 Number	ExpAccrualAcct3Number	sTYPE_TEXT	No	No	AccrualTransaction								EXISTING_GLOBAL;NEEDED_GLOBAL
Global	Contract	Accrual Transaction	Exp Accrual Acct #4 Number	ExpAccrualAcct4Number	sTYPE_TEXT	No	No	AccrualTransaction								EXISTING_GLOBAL;NEEDED_GLOBAL
Global	Contract	Accrual Transaction	Expense Accrual Setup	ExpenseAccrualSetupID	sTYPE_EXPENSE_ACCRUAL_SETUP	No	No	AccrualTransaction								EXISTING_GLOBAL;NEEDED_GLOBAL
Global	Contract	Accrual Transaction	Expense Category	CodeExpenseCategoryID	sCODE_EXPENSE_CATEGORY	No	No	AccrualTransaction								EXISTING_GLOBAL;NEEDED_GLOBAL
Global	Contract	Accrual Transaction	Expense Group	CodeExpenseGroupID	sCODE_EXPENSE_GROUP	No	No	AccrualTransaction								EXISTING_GLOBAL;NEEDED_GLOBAL
Global	Contract	Accrual Transaction	Expense Type	CodeExpenseTypeID	sCODE_EXPENSE_TYPE	No	No	AccrualTransaction								EXISTING_GLOBAL;NEEDED_GLOBAL
Global	Contract	Accrual Transaction	Hold?	HoldFlag	sTYPE_CHECKBOX	No	No	AccrualTransaction								EXISTING_GLOBAL;NEEDED_GLOBAL
Global	Contract	Accrual Transaction	Modified By	ModifiedByID	sTYPE_MEMBER	No	No	AccrualTransaction								EXISTING_GLOBAL;NEEDED_GLOBAL
Global	Contract	Accrual Transaction	Modified Date	ModifiedDate	sTYPE_TIME	No	No	AccrualTransaction								EXISTING_GLOBAL;NEEDED_GLOBAL
Global	Contract	Accrual Transaction	Notes	Notes	sTYPE_TEXTAREA	No	No	AccrualTransaction								EXISTING_GLOBAL;NEEDED_GLOBAL
Global	Contract	Accrual Transaction	Organization	OrganizationID	sTYPE_ORGANIZATION	No	No	AccrualTransaction								EXISTING_GLOBAL;NEEDED_GLOBAL
Global	Contract	Accrual Transaction	Percent Rent Accrual Acct #1	PercentRentAccrualAcct1Number	sTYPE_TEXT	No	No	AccrualTransaction								EXISTING_GLOBAL;NEEDED_GLOBAL
Global	Contract	Accrual Transaction	Percent Rent Accrual Acct #2	PercentRentAccrualAcct2Number	sTYPE_TEXT	No	No	AccrualTransaction								EXISTING_GLOBAL;NEEDED_GLOBAL
Global	Contract	Accrual Transaction	Percent Rent Accrual Acct #3	PercentRentAccrualAcct3Number	sTYPE_TEXT	No	No	AccrualTransaction								EXISTING_GLOBAL;NEEDED_GLOBAL
Global	Contract	Accrual Transaction	Percent Rent Accrual Acct #4	PercentRentAccrualAcct4Number	sTYPE_TEXT	No	No	AccrualTransaction								EXISTING_GLOBAL;NEEDED_GLOBAL
Global	Contract	Accrual Transaction	Period Amount	PeriodAmount	sTYPE_MONEY	No	No	AccrualTransaction								EXISTING_GLOBAL;NEEDED_GLOBAL
Global	Contract	Accrual Transaction	Period Begin Date	PeriodBeginDate	sTYPE_DATE	No	No	AccrualTransaction								EXISTING_GLOBAL;NEEDED_GLOBAL
Global	Contract	Accrual Transaction	Period End Date	PeriodEndDate	sTYPE_DATE	No	No	AccrualTransaction								EXISTING_GLOBAL;NEEDED_GLOBAL
Global	Contract	Accrual Transaction	Period Number	PeriodNumber	sTYPE_UNFORMATTED_NUMBER	No	No	AccrualTransaction								EXISTING_GLOBAL;NEEDED_GLOBAL
Global	Contract	Accrual Transaction	Period Year	PeriodYear	sTYPE_DROPDOWN_YEAR	No	No	AccrualTransaction								EXISTING_GLOBAL;NEEDED_GLOBAL
Global	Contract	Accrual Transaction	Posting Date	PostingDate	sTYPE_DATE	No	No	AccrualTransaction								EXISTING_GLOBAL;NEEDED_GLOBAL
Global	Contract	Accrual Transaction	Processed?	ProcessedFlag	sTYPE_CHECKBOX	No	No	AccrualTransaction								EXISTING_GLOBAL;NEEDED_GLOBAL
Global	Contract	Accrual Transaction	RE Tax Accrual Acct #1	RETaxAccrualAcct1Number	sTYPE_TEXT	No	No	AccrualTransaction								EXISTING_GLOBAL;NEEDED_GLOBAL
Global	Contract	Accrual Transaction	RE Tax Accrual Acct #2	RETaxAccrualAcct2Number	sTYPE_TEXT	No	No	AccrualTransaction								EXISTING_GLOBAL;NEEDED_GLOBAL
Global	Contract	Accrual Transaction	RE Tax Accrual Acct #3	RETaxAccrualAcct3Number	sTYPE_TEXT	No	No	AccrualTransaction								EXISTING_GLOBAL;NEEDED_GLOBAL
Global	Contract	Accrual Transaction	RE Tax Accrual Acct #4	RETaxAccrualAcct4Number	sTYPE_TEXT	No	No	AccrualTransaction								EXISTING_GLOBAL;NEEDED_GLOBAL
Global	Contract	Accrual Transaction	Rev Number	RevNumber	sTYPE_UNFORMATTED_NUMBER	No	No	AccrualTransaction								EXISTING_GLOBAL;NEEDED_GLOBAL
Global	Contract	Accrual Transaction	Source Entity Table	SourceEntityTable	sTYPE_TEXT	No	No	AccrualTransaction								EXISTING_GLOBAL;NEEDED_GLOBAL
Global	Contract	Accrual Transaction	Tax Amount #1	TaxAmount1	sTYPE_MONEY	No	No	AccrualTransaction								EXISTING_GLOBAL;NEEDED_GLOBAL
Global	Contract	Accrual Transaction	Tax Amount #2	TaxAmount2	sTYPE_MONEY	No	No	AccrualTransaction								EXISTING_GLOBAL;NEEDED_GLOBAL
Global	Contract	Accrual Transaction	Tax Amount #3	TaxAmount3	sTYPE_MONEY	No	No	AccrualTransaction								EXISTING_GLOBAL;NEEDED_GLOBAL
Global	Contract	Accrual Transaction	Tax Amount #4	TaxAmount4	sTYPE_MONEY	No	No	AccrualTransaction								EXISTING_GLOBAL;NEEDED_GLOBAL
Global	Contract	Accrual Transaction	Taxes Included In Amount?	TaxesIncludedFlag	sTYPE_CHECKBOX	No	No	AccrualTransaction								EXISTING_GLOBAL;NEEDED_GLOBAL
Global	Contract	Accrual Transaction	Total Amount	TotalAmount	sTYPE_MONEY	No	No	AccrualTransaction								EXISTING_GLOBAL;NEEDED_GLOBAL
Global	Contract	Allowance	Allowance ClientID	BOMapClientRecordID	sTYPE_TEXT	Yes	No	Allowance	Allowance	BOMapClientRecordID	Allowance ClientID	allowance	BOMapClientRecordID	TEXT	Client identifier	EXISTING_GLOBAL;NEEDED_GLOBAL
Global	Contract	Allowance	Allowance Group	CodeAllowanceGroupID	sCODE_ALLOWANCE_GROUP	No	No	Allowance	Allowance	CodeAllowanceGroupID	Allowance Group	allowance	CodeAllowanceGroupID	TEXT	Foreign key (ID reference)	EXISTING_GLOBAL;NEEDED_GLOBAL
Global	Contract	Allowance	Allowance RecID	AllowanceID	sTYPE_UNFORMATTED_NUMBER	No	No	Allowance	Allowance	AllowanceID	Allowance RecID	allowance	AllowanceID	VARCHAR(64) NOT NULL	Primary key	EXISTING_GLOBAL;NEEDED_GLOBAL
Global	Contract	Allowance	Allowance Type	CodeAllowanceTypeID	sCODE_ALLOWANCE_TYPE	No	No	Allowance	Allowance	CodeAllowanceTypeID	Allowance Type	allowance	CodeAllowanceTypeID	TEXT	Foreign key (ID reference)	EXISTING_GLOBAL;NEEDED_GLOBAL
Global	Contract	Allowance	Amendment	AmendmentID	sTYPE_CONTRACT_AMENDMENT	No	No	Allowance	Allowance	AmendmentID	Amendment	allowance	AmendmentID	TEXT	Foreign key (ID reference)	EXISTING_GLOBAL;NEEDED_GLOBAL
Global	Contract	Allowance	Begin Date	BeginDate	sTYPE_DATE	No	No	Allowance	Allowance	BeginDate	Begin Date	allowance	BeginDate	TEXT		EXISTING_GLOBAL;NEEDED_GLOBAL
Global	Contract	Allowance	Building Area Unit	CodeBuildingAreaUnitID	sCODE_BUILDING_AREA_UNIT	No	No	Allowance	Allowance	CodeBuildingAreaUnitID	Building Area Unit	allowance	CodeBuildingAreaUnitID	TEXT	Foreign key (ID reference)	EXISTING_GLOBAL;NEEDED_GLOBAL
Global	Contract	Allowance	Contract	ContractID	sTYPE_CONTRACT	Yes	No	Allowance	Allowance	ContractID	ContractID	allowance	ContractID	TEXT	Foreign key (ID reference)	EXISTING_GLOBAL;NEEDED_GLOBAL
Global	Contract	Allowance	Covenant	CovenantID	sTYPE_COVENANT	No	No	Allowance	Allowance	CovenantID	Covenant	allowance	CovenantID	TEXT	Foreign key (ID reference)	EXISTING_GLOBAL;NEEDED_GLOBAL
Global	Contract	Allowance	Currency Type	CodeCurrencyTypeID	sCODE_CURRENCY_TYPE	No	No	Allowance	Allowance	CodeCurrencyTypeID	Currency Type	allowance	CodeCurrencyTypeID	TEXT	Foreign key (ID reference)	EXISTING_GLOBAL;NEEDED_GLOBAL
Global	Contract	Allowance	End Date	EndDate	sTYPE_DATE	No	No	Allowance	Allowance	EndDate	End Date	allowance	EndDate	TEXT		EXISTING_GLOBAL;NEEDED_GLOBAL
Global	Contract	Allowance	Modified By	ModifiedByID	sTYPE_MEMBER	No	No	Allowance	Allowance	ModifiedByID	Modified By	allowance	ModifiedByID	TEXT	Foreign key (ID reference)	EXISTING_GLOBAL;NEEDED_GLOBAL
Global	Contract	Allowance	Modified Date	ModifiedDate	sTYPE_TIME	No	No	Allowance	Allowance	ModifiedDate	Modified Date	allowance	ModifiedDate	TEXT	Incremental watermark	EXISTING_GLOBAL;NEEDED_GLOBAL
Global	Contract	Allowance	Notes	Notes	sTYPE_TEXTAREA	No	No	Allowance	Allowance	Notes	Notes	allowance	Notes	TEXT		EXISTING_GLOBAL;NEEDED_GLOBAL
Global	Contract	Allowance	Rentable Area	RentableArea	sTYPE_AREA	No	No	Allowance	Allowance	RentableArea	Rentable Area	allowance	RentableArea	TEXT		EXISTING_GLOBAL;NEEDED_GLOBAL
Global	Contract	Allowance	Section	Section	sTYPE_TEXT	No	No	Allowance	Allowance	Section	Section	allowance	Section	TEXT		EXISTING_GLOBAL;NEEDED_GLOBAL
Global	Contract	Allowance	Total Amount	TotalAmount	sTYPE_MONEY	No	No	Allowance	Allowance	TotalAmount	Total Amount	allowance	TotalAmount	TEXT		EXISTING_GLOBAL;NEEDED_GLOBAL
Global	Contract	Allowance Transaction	Allowance	AllowanceID	sTYPE_ALLOWANCE	Yes	No	AllowanceTransaction								EXISTING_GLOBAL;NEEDED_GLOBAL
Global	Contract	Allowance Transaction	Allowance Transaction ClientID	BOMapClientRecordID	sTYPE_TEXT	Yes	No	AllowanceTransaction								EXISTING_GLOBAL;NEEDED_GLOBAL
Global	Contract	Allowance Transaction	Allowance Transaction RecID	AllowanceTransactionID	sTYPE_UNFORMATTED_NUMBER	No	No	AllowanceTransaction								EXISTING_GLOBAL;NEEDED_GLOBAL
Global	Contract	Allowance Transaction	Contract	ContractID	sTYPE_CONTRACT	Yes	No	AllowanceTransaction								EXISTING_GLOBAL;NEEDED_GLOBAL
Global	Contract	Allowance Transaction	Due Date	DueDate	sTYPE_DATE	No	No	AllowanceTransaction								EXISTING_GLOBAL;NEEDED_GLOBAL
Global	Contract	Allowance Transaction	Modified By	ModifiedByID	sTYPE_MEMBER	No	No	AllowanceTransaction								EXISTING_GLOBAL;NEEDED_GLOBAL
Global	Contract	Allowance Transaction	Modified Date	ModifiedDate	sTYPE_TIME	No	No	AllowanceTransaction								EXISTING_GLOBAL;NEEDED_GLOBAL
Global	Contract	Allowance Transaction	Notes	Notes	sTYPE_TEXTAREA	No	No	AllowanceTransaction								EXISTING_GLOBAL;NEEDED_GLOBAL
Global	Contract	Allowance Transaction	Penalty Amount	PenaltyAmount	sTYPE_MONEY	No	No	AllowanceTransaction								EXISTING_GLOBAL;NEEDED_GLOBAL
Global	Contract	Allowance Transaction	Receive Amount	ReceiveAmount	sTYPE_MONEY	No	No	AllowanceTransaction								EXISTING_GLOBAL;NEEDED_GLOBAL
Global	Contract	Allowance Transaction	Receive Date	ReceiveDate	sTYPE_DATE	No	No	AllowanceTransaction								EXISTING_GLOBAL;NEEDED_GLOBAL
Global	Contract	Allowance Transaction	Request Amount	RequestAmount	sTYPE_MONEY	No	No	AllowanceTransaction								EXISTING_GLOBAL;NEEDED_GLOBAL
Global	Contract	Allowance Transaction	Request Date	RequestDate	sTYPE_DATE	No	No	AllowanceTransaction								EXISTING_GLOBAL;NEEDED_GLOBAL
Global	Contract	Alternate Rent Schedule	Alt Rent Math	CodeAltRentMathID	sCODE_ALT_RENT_MATH	No	No	AlternateRentSchedule								EXISTING_GLOBAL;NEEDED_GLOBAL
Global	Contract	Alternate Rent Schedule	Alternate Rent Schedule ClientID	BOMapClientRecordID	sTYPE_TEXT	Yes	No	AlternateRentSchedule								EXISTING_GLOBAL;NEEDED_GLOBAL
Global	Contract	Alternate Rent Schedule	Alternate Rent Schedule RecID	AlternateRentScheduleID	sTYPE_UNFORMATTED_NUMBER	No	No	AlternateRentSchedule								EXISTING_GLOBAL;NEEDED_GLOBAL
Global	Contract	Alternate Rent Schedule	Begin Date	BeginDate	sTYPE_DATE	Yes	No	AlternateRentSchedule								EXISTING_GLOBAL;NEEDED_GLOBAL
Global	Contract	Alternate Rent Schedule	Contract	ContractID	sTYPE_CONTRACT	Yes	No	AlternateRentSchedule								EXISTING_GLOBAL;NEEDED_GLOBAL
Global	Contract	Alternate Rent Schedule	Created By	CreatedByID	sTYPE_MEMBER	No	No	AlternateRentSchedule								EXISTING_GLOBAL;NEEDED_GLOBAL
Global	Contract	Alternate Rent Schedule	Created Date	CreatedDate	sTYPE_TIME	No	No	AlternateRentSchedule								EXISTING_GLOBAL;NEEDED_GLOBAL
Global	Contract	Alternate Rent Schedule	Deduct Exclusions?	PRDeductExclusions	sTYPE_CHECKBOX	No	No	AlternateRentSchedule								EXISTING_GLOBAL;NEEDED_GLOBAL
Global	Contract	Alternate Rent Schedule	Description	Description	sTYPE_TEXT	No	No	AlternateRentSchedule								EXISTING_GLOBAL;NEEDED_GLOBAL
Global	Contract	Alternate Rent Schedule	End Date	EndDate	sTYPE_DATE	No	No	AlternateRentSchedule								EXISTING_GLOBAL;NEEDED_GLOBAL
Global	Contract	Alternate Rent Schedule	Expense Reduction Amount	ExpenseReductionAmount	sTYPE_MONEY	No	No	AlternateRentSchedule								EXISTING_GLOBAL;NEEDED_GLOBAL
Global	Contract	Alternate Rent Schedule	Expense Reduction Percent	ExpenseReductionPercent	sTYPE_PERCENTAGE	No	No	AlternateRentSchedule								EXISTING_GLOBAL;NEEDED_GLOBAL
Global	Contract	Alternate Rent Schedule	Expense Setup	ExpenseSetupID	sTYPE_EXPENSE_SETUP	No	No	AlternateRentSchedule								EXISTING_GLOBAL;NEEDED_GLOBAL
Global	Contract	Alternate Rent Schedule	Modified By	ModifiedByID	sTYPE_MEMBER	No	No	AlternateRentSchedule								EXISTING_GLOBAL;NEEDED_GLOBAL
Global	Contract	Alternate Rent Schedule	Modified Date	ModifiedDate	sTYPE_TIME	No	No	AlternateRentSchedule								EXISTING_GLOBAL;NEEDED_GLOBAL
Global	Contract	Alternate Rent Schedule	Monthly Max Cap(Ceiling)	CapAmount	sTYPE_MONEY	No	No	AlternateRentSchedule								EXISTING_GLOBAL;NEEDED_GLOBAL
Global	Contract	Alternate Rent Schedule	Monthly Min Cap(Floor)	FloorAmount	sTYPE_MONEY	No	No	AlternateRentSchedule								EXISTING_GLOBAL;NEEDED_GLOBAL
Global	Contract	Alternate Rent Schedule	Notes	Notes	sTYPE_TEXTAREA	No	No	AlternateRentSchedule								EXISTING_GLOBAL;NEEDED_GLOBAL
Global	Contract	Alternate Rent Schedule	Percent Rent Rate	PercentRentRate	sTYPE_PERCENTAGE	No	No	AlternateRentSchedule								EXISTING_GLOBAL;NEEDED_GLOBAL
Global	Contract	Alternate Rent Schedule	Rev Number	RevNumber	sTYPE_UNFORMATTED_NUMBER	No	No	AlternateRentSchedule								EXISTING_GLOBAL;NEEDED_GLOBAL
Global	Contract	Alternate Rent Schedule	Sales Group	CodeSalesGroupID	sCODE_SALES_GROUP	No	No	AlternateRentSchedule								EXISTING_GLOBAL;NEEDED_GLOBAL
Global	Contract	Alternate Rent Schedule	Set payments for Percent Rent on Hold	SetPRHoldFlag	sTYPE_CHECKBOX	No	No	AlternateRentSchedule								EXISTING_GLOBAL;NEEDED_GLOBAL
Global	Contract	Alternate Rent Schedule	Set payments for Recurring Expenses on Hold	SetExpHoldFlag	sTYPE_CHECKBOX	No	No	AlternateRentSchedule								EXISTING_GLOBAL;NEEDED_GLOBAL
Global	Contract	Alternate Rent Schedule	Suspend SL?	SuspendSL	sTYPE_CHECKBOX	No	No	AlternateRentSchedule								EXISTING_GLOBAL;NEEDED_GLOBAL
Global	Contract	ASC 842 Schedule Type	Don't Amortize Asset Value	DontAmortizeAssetValue	sTYPE_BOOLEAN	No	No	CodeASC842Schedule								EXISTING_GLOBAL;NEEDED_GLOBAL
Global	Contract	ASC 842 Schedule Type	Export Account #1	ExportAcct1Number	sTYPE_TEXT	No	No	CodeASC842Schedule								EXISTING_GLOBAL;NEEDED_GLOBAL
Global	Contract	ASC 842 Schedule Type	Export Account #10	ExportAcct10Number	sTYPE_TEXT	No	No	CodeASC842Schedule								EXISTING_GLOBAL;NEEDED_GLOBAL
Global	Contract	ASC 842 Schedule Type	Export Account #11	ExportAcct11Number	sTYPE_TEXT	No	No	CodeASC842Schedule								EXISTING_GLOBAL;NEEDED_GLOBAL
Global	Contract	ASC 842 Schedule Type	Export Account #12	ExportAcct12Number	sTYPE_TEXT	No	No	CodeASC842Schedule								EXISTING_GLOBAL;NEEDED_GLOBAL
Global	Contract	ASC 842 Schedule Type	Export Account #13	ExportAcct13Number	sTYPE_TEXT	No	No	CodeASC842Schedule								EXISTING_GLOBAL;NEEDED_GLOBAL
Global	Contract	ASC 842 Schedule Type	Export Account #14	ExportAcct14Number	sTYPE_TEXT	No	No	CodeASC842Schedule								EXISTING_GLOBAL;NEEDED_GLOBAL
Global	Contract	ASC 842 Schedule Type	Export Account #15	ExportAcct15Number	sTYPE_TEXT	No	No	CodeASC842Schedule								EXISTING_GLOBAL;NEEDED_GLOBAL
Global	Contract	ASC 842 Schedule Type	Export Account #16	ExportAcct16Number	sTYPE_TEXT	No	No	CodeASC842Schedule								EXISTING_GLOBAL;NEEDED_GLOBAL
Global	Contract	ASC 842 Schedule Type	Export Account #17	ExportAcct17Number	sTYPE_TEXT	No	No	CodeASC842Schedule								EXISTING_GLOBAL;NEEDED_GLOBAL
Global	Contract	ASC 842 Schedule Type	Export Account #18	ExportAcct18Number	sTYPE_TEXT	No	No	CodeASC842Schedule								EXISTING_GLOBAL;NEEDED_GLOBAL
Global	Contract	ASC 842 Schedule Type	Export Account #19	ExportAcct19Number	sTYPE_TEXT	No	No	CodeASC842Schedule								EXISTING_GLOBAL;NEEDED_GLOBAL
Global	Contract	ASC 842 Schedule Type	Export Account #2	ExportAcct2Number	sTYPE_TEXT	No	No	CodeASC842Schedule								EXISTING_GLOBAL;NEEDED_GLOBAL
Global	Contract	ASC 842 Schedule Type	Export Account #20	ExportAcct20Number	sTYPE_TEXT	No	No	CodeASC842Schedule								EXISTING_GLOBAL;NEEDED_GLOBAL
Global	Contract	ASC 842 Schedule Type	Export Account #3	ExportAcct3Number	sTYPE_TEXT	No	No	CodeASC842Schedule								EXISTING_GLOBAL;NEEDED_GLOBAL
Global	Contract	ASC 842 Schedule Type	Export Account #4	ExportAcct4Number	sTYPE_TEXT	No	No	CodeASC842Schedule								EXISTING_GLOBAL;NEEDED_GLOBAL
Global	Contract	ASC 842 Schedule Type	Export Account #5	ExportAcct5Number	sTYPE_TEXT	No	No	CodeASC842Schedule								EXISTING_GLOBAL;NEEDED_GLOBAL
Global	Contract	ASC 842 Schedule Type	Export Account #6	ExportAcct6Number	sTYPE_TEXT	No	No	CodeASC842Schedule								EXISTING_GLOBAL;NEEDED_GLOBAL
Global	Contract	ASC 842 Schedule Type	Export Account #7	ExportAcct7Number	sTYPE_TEXT	No	No	CodeASC842Schedule								EXISTING_GLOBAL;NEEDED_GLOBAL
Global	Contract	ASC 842 Schedule Type	Export Account #8	ExportAcct8Number	sTYPE_TEXT	No	No	CodeASC842Schedule								EXISTING_GLOBAL;NEEDED_GLOBAL
Global	Contract	ASC 842 Schedule Type	Export Account #9	ExportAcct9Number	sTYPE_TEXT	No	No	CodeASC842Schedule								EXISTING_GLOBAL;NEEDED_GLOBAL
Global	Contract	Audit Info	Modified By	ModifiedByID	sTYPE_MEMBER	No	No	Contract								EXISTING_GLOBAL;NEEDED_GLOBAL
Global	Contract	Audit Info	Modified Date	ModifiedDate	sTYPE_TIME	No	No	Contract								EXISTING_GLOBAL;NEEDED_GLOBAL
Global	Contract	Cap Lease Test	Aggregate NNN Base Rent NPV	AggregateNNNBaseRentNPV	sTYPE_MONEY	No	No	Contract								EXISTING_GLOBAL;NEEDED_GLOBAL
Global	Contract	Cap Lease Test	Automatic Renewal In Lease?	AutomaticRenewalInLease	sTYPE_CHECKBOX	No	No	Contract								EXISTING_GLOBAL;NEEDED_GLOBAL
Global	Contract	Cap Lease Test	Automatic Renewal Option?	AutomaticRenewalOption	sTYPE_CHECKBOX	No	No	Contract								EXISTING_GLOBAL;NEEDED_GLOBAL
Global	Contract	Cap Lease Test	Bargain Renewal In Lease?	BargainRenewalInLease	sTYPE_CHECKBOX	No	No	Contract								EXISTING_GLOBAL;NEEDED_GLOBAL
Global	Contract	Cap Lease Test	Bargain Renewal Option?	BargainRenewalOption	sTYPE_CHECKBOX	No	No	Contract								EXISTING_GLOBAL;NEEDED_GLOBAL
Global	Contract	Cap Lease Test	Base Year Operating Expenses	BaseYearOperatingExpenses	sTYPE_MONEY	No	No	Contract								EXISTING_GLOBAL;NEEDED_GLOBAL
Global	Contract	Cap Lease Test	Base Year Other Expenses	BaseYearOtherExpenses	sTYPE_MONEY	No	No	Contract								EXISTING_GLOBAL;NEEDED_GLOBAL
Global	Contract	Cap Lease Test	Base Year RE Tax	BaseYearRETax	sTYPE_MONEY	No	No	Contract								EXISTING_GLOBAL;NEEDED_GLOBAL
Global	Contract	Cap Lease Test	Contains Bargain Purchase Option?	ContainsBargainPurchaseOption	sTYPE_CHECKBOX	No	No	Contract								EXISTING_GLOBAL;NEEDED_GLOBAL
Global	Contract	Cap Lease Test	Does Title Revert To Tenant?	DoesTitleRevertToTenant	sTYPE_CHECKBOX	No	No	Contract								EXISTING_GLOBAL;NEEDED_GLOBAL
Global	Contract	Cap Lease Test	Final Result	FinalResult	sTYPE_TEXT	No	No	Contract								EXISTING_GLOBAL;NEEDED_GLOBAL
Global	Contract	Cap Lease Test	FMV Of Building	FMVOfBuilding	sTYPE_MONEY	No	No	Contract								EXISTING_GLOBAL;NEEDED_GLOBAL
Global	Contract	Cap Lease Test	FMV Of Land	FMVOfLand	sTYPE_MONEY	No	No	Contract								EXISTING_GLOBAL;NEEDED_GLOBAL
Global	Contract	Cap Lease Test	FMV Source	FMVSource	sTYPE_TEXT	No	No	Contract								EXISTING_GLOBAL;NEEDED_GLOBAL
Global	Contract	Cap Lease Test	Leased Land Area	LeasedLandArea	sTYPE_AREA	No	No	Contract								EXISTING_GLOBAL;NEEDED_GLOBAL
Global	Contract	Cap Lease Test	Project Land Area	ProjectLandArea	sTYPE_AREA	No	No	Contract								EXISTING_GLOBAL;NEEDED_GLOBAL
Global	Contract	Cap Lease Test	Ratio Lease w/ Auto Renewal To FMV	RatioLeaseAutoRenewToFMV	sTYPE_PERCENTAGE	No	No	Contract								EXISTING_GLOBAL;NEEDED_GLOBAL
Global	Contract	Cap Lease Test	Ratio Lease w/ Bargain Renewal To FMV	RatioLeaseBargainRenewToFMV	sTYPE_PERCENTAGE	No	No	Contract								EXISTING_GLOBAL;NEEDED_GLOBAL
Global	Contract	Cap Lease Test	Ratio Term w/ Auto Renewal To Life	RatioTermAutoRenewToLife	sTYPE_PERCENTAGE	No	No	Contract								EXISTING_GLOBAL;NEEDED_GLOBAL
Global	Contract	Cap Lease Test	Ratio Term w/ Bargain Renewal To Life	RatioTermBargainRenewToLife	sTYPE_PERCENTAGE	No	No	Contract								EXISTING_GLOBAL;NEEDED_GLOBAL
Global	Contract	Cap Lease Test	Remaining Life	RemainingLife	sTYPE_NUMBER	No	No	Contract								EXISTING_GLOBAL;NEEDED_GLOBAL
Global	Contract	Cap Lease Test	Test #1 Result	Test1Result	sTYPE_TEXT	No	No	Contract								EXISTING_GLOBAL;NEEDED_GLOBAL
Global	Contract	Cap Lease Test	Test #2 Result	Test2Result	sTYPE_TEXT	No	No	Contract								EXISTING_GLOBAL;NEEDED_GLOBAL
Global	Contract	Cap Lease Test	Test #3 Result	Test3Result	sTYPE_TEXT	No	No	Contract								EXISTING_GLOBAL;NEEDED_GLOBAL
Global	Contract	Cap Lease Test	Test #4 Result	Test4Result	sTYPE_TEXT	No	No	Contract								EXISTING_GLOBAL;NEEDED_GLOBAL
Global	Contract	Cap Lease Test	Test #5a Result	Test5aResult	sTYPE_TEXT	No	No	Contract								EXISTING_GLOBAL;NEEDED_GLOBAL
Global	Contract	Cap Lease Test	Test #5b Result	Test5bResult	sTYPE_TEXT	No	No	Contract								EXISTING_GLOBAL;NEEDED_GLOBAL
Global	Contract	Cap Lease Test	Year Built	YearBuilt	sTYPE_DROPDOWN_YEAR	No	No	Contract								EXISTING_GLOBAL;NEEDED_GLOBAL
Global	Contract	Co Tenancy	Amendment	AmendmentID	sTYPE_CONTRACT_AMENDMENT	No	No	CoTenancy								EXISTING_GLOBAL;NEEDED_GLOBAL
Global	Contract	Co Tenancy	Anchor Name	CoTenancyName	sTYPE_TEXT	No	No	CoTenancy								EXISTING_GLOBAL;NEEDED_GLOBAL
Global	Contract	Co Tenancy	Begin Date	BeginDate	sTYPE_DATE	No	No	CoTenancy								EXISTING_GLOBAL;NEEDED_GLOBAL
Global	Contract	Co Tenancy	Building Area Unit	CodeBuildingAreaUnitID	sCODE_BUILDING_AREA_UNIT	No	No	CoTenancy								EXISTING_GLOBAL;NEEDED_GLOBAL
Global	Contract	Co Tenancy	Co Tenancy Amount	CoTenancyAmount	sTYPE_MONEY	No	No	CoTenancy								EXISTING_GLOBAL;NEEDED_GLOBAL
Global	Contract	Co Tenancy	Co Tenancy Area	CoTenancyArea	sTYPE_AREA	No	No	CoTenancy								EXISTING_GLOBAL;NEEDED_GLOBAL
Global	Contract	Co Tenancy	Co Tenancy ClientID	BOMapClientRecordID	sTYPE_TEXT	Yes	No	CoTenancy								EXISTING_GLOBAL;NEEDED_GLOBAL
Global	Contract	Co Tenancy	Co Tenancy Group	CodeCoTenancyGroupID	sCODE_CO_TENANCY_GROUP	No	No	CoTenancy								EXISTING_GLOBAL;NEEDED_GLOBAL
Global	Contract	Co Tenancy	Co Tenancy RecID	CoTenancyID	sTYPE_UNFORMATTED_NUMBER	No	No	CoTenancy								EXISTING_GLOBAL;NEEDED_GLOBAL
Global	Contract	Co Tenancy	Co Tenancy Type	CodeCoTenancyTypeID	sCODE_CO_TENANCY_TYPE	No	No	CoTenancy								EXISTING_GLOBAL;NEEDED_GLOBAL
Global	Contract	Co Tenancy	Contract	ContractID	sTYPE_CONTRACT	Yes	No	CoTenancy								EXISTING_GLOBAL;NEEDED_GLOBAL
Global	Contract	Co Tenancy	Covenant	CovenantID	sTYPE_COVENANT	No	No	CoTenancy								EXISTING_GLOBAL;NEEDED_GLOBAL
Global	Contract	Co Tenancy	Currency Type	CodeCurrencyTypeID	sCODE_CURRENCY_TYPE	No	No	CoTenancy								EXISTING_GLOBAL;NEEDED_GLOBAL
Global	Contract	Co Tenancy	Effective Date	EffectiveDate	sTYPE_DATE	No	No	CoTenancy								EXISTING_GLOBAL;NEEDED_GLOBAL
Global	Contract	Co Tenancy	End Date	EndDate	sTYPE_DATE	No	No	CoTenancy								EXISTING_GLOBAL;NEEDED_GLOBAL
Global	Contract	Co Tenancy	Has Right To Terminate?	HasRightToTerminate	sTYPE_CHECKBOX	No	No	CoTenancy								EXISTING_GLOBAL;NEEDED_GLOBAL
Global	Contract	Co Tenancy	Modified By	ModifiedByID	sTYPE_MEMBER	No	No	CoTenancy								EXISTING_GLOBAL;NEEDED_GLOBAL
Global	Contract	Co Tenancy	Modified Date	ModifiedDate	sTYPE_TIME	No	No	CoTenancy								EXISTING_GLOBAL;NEEDED_GLOBAL
Global	Contract	Co Tenancy	Notes	Notes	sTYPE_TEXTAREA	No	No	CoTenancy								EXISTING_GLOBAL;NEEDED_GLOBAL
Global	Contract	Co Tenancy	Occupancy Percentage	OccupancyPercentage	sTYPE_PERCENTAGE	No	No	CoTenancy								EXISTING_GLOBAL;NEEDED_GLOBAL
Global	Contract	Co Tenancy	Remodel Date	RemodelDate	sTYPE_DATE	No	No	CoTenancy								EXISTING_GLOBAL;NEEDED_GLOBAL
Global	Contract	Co Tenancy	Rent Account	RentAccount	sTYPE_TEXT	No	No	CoTenancy								EXISTING_GLOBAL;NEEDED_GLOBAL
Global	Contract	Co Tenancy	Rent Reduction Amount	RentReductionAmount	sTYPE_MONEY	No	No	CoTenancy								EXISTING_GLOBAL;NEEDED_GLOBAL
Global	Contract	Co Tenancy	Rent Reduction Percent	RentReductionPercent	sTYPE_PERCENTAGE	No	No	CoTenancy								EXISTING_GLOBAL;NEEDED_GLOBAL
Global	Contract	Co Tenancy	Sales	Sales	sTYPE_MONEY	No	No	CoTenancy								EXISTING_GLOBAL;NEEDED_GLOBAL
Global	Contract	Co Tenancy	Section	Section	sTYPE_TEXT	No	No	CoTenancy								EXISTING_GLOBAL;NEEDED_GLOBAL
Global	Contract	Contract Amendment	Amendment Group	CodeAmendmentGroupID	sCODE_AMENDMENT_GROUP	No	No	ContractAmendment								EXISTING_GLOBAL;NEEDED_GLOBAL
Global	Contract	Contract Amendment	Amendment Number	AmendmentNumber	sTYPE_TEXT	No	No	ContractAmendment								EXISTING_GLOBAL;NEEDED_GLOBAL
Global	Contract	Contract Amendment	Amendment RecID	ContractAmendmentID	sTYPE_UNFORMATTED_NUMBER	No	No	ContractAmendment								EXISTING_GLOBAL;NEEDED_GLOBAL
Global	Contract	Contract Amendment	Amendment Type	CodeAmendmentTypeID	sCODE_AMENDMENT_TYPE	No	No	ContractAmendment								EXISTING_GLOBAL;NEEDED_GLOBAL
Global	Contract	Contract Amendment	Base Amount Change	BaseAmountChange	sTYPE_MONEY	No	No	ContractAmendment								EXISTING_GLOBAL;NEEDED_GLOBAL
Global	Contract	Contract Amendment	Building Area Unit	CodeBuildingAreaUnitID	sCODE_BUILDING_AREA_UNIT	No	No	ContractAmendment								EXISTING_GLOBAL;NEEDED_GLOBAL
Global	Contract	Contract Amendment	Contract	ContractID	sTYPE_CONTRACT	Yes	No	ContractAmendment								EXISTING_GLOBAL;NEEDED_GLOBAL
Global	Contract	Contract Amendment	Contract Amendment ClientID	BOMapClientRecordID	sTYPE_TEXT	Yes	No	ContractAmendment								EXISTING_GLOBAL;NEEDED_GLOBAL
Global	Contract	Contract Amendment	Contract Use	CodeContractUseID	sCODE_CONTRACT_USE	No	No	ContractAmendment								EXISTING_GLOBAL;NEEDED_GLOBAL
Global	Contract	Contract Amendment	Description	Description	sTYPE_TEXT	No	No	ContractAmendment								EXISTING_GLOBAL;NEEDED_GLOBAL
Global	Contract	Contract Amendment	Documents	DocumentIDList	sTYPE_DOCUMENT_LIST	No	No	ContractAmendment								EXISTING_GLOBAL;NEEDED_GLOBAL
Global	Contract	Contract Amendment	Effective Date	EffectiveDate	sTYPE_DATE	No	No	ContractAmendment								EXISTING_GLOBAL;NEEDED_GLOBAL
Global	Contract	Contract Amendment	Frequency	CodeFrequencyID	sCODE_MONTH_FREQUENCY	No	No	ContractAmendment								EXISTING_GLOBAL;NEEDED_GLOBAL
Global	Contract	Contract Amendment	Modified By	ModifiedByID	sTYPE_MEMBER	No	No	ContractAmendment								EXISTING_GLOBAL;NEEDED_GLOBAL
Global	Contract	Contract Amendment	Modified Date	ModifiedDate	sTYPE_TIME	No	No	ContractAmendment								EXISTING_GLOBAL;NEEDED_GLOBAL
Global	Contract	Contract Amendment	Notes	Notes	sTYPE_TEXTAREA	No	No	ContractAmendment								EXISTING_GLOBAL;NEEDED_GLOBAL
Global	Contract	Contract Amendment	Rentable Area Change	RentableAreaChange	sTYPE_AREA	No	No	ContractAmendment								EXISTING_GLOBAL;NEEDED_GLOBAL
Global	Contract	Contract Dates	Actual End Date	ActualEndDate	sTYPE_DATE	No	No	Contract								EXISTING_GLOBAL;NEEDED_GLOBAL
Global	Contract	Contract Dates	Actual Start Date	ActualStartDate	sTYPE_DATE	No	No	Contract								EXISTING_GLOBAL;NEEDED_GLOBAL
Global	Contract	Contract Dates	Baseline End Date	BaselineEndDate	sTYPE_DATE	No	No	Contract								EXISTING_GLOBAL;NEEDED_GLOBAL
Global	Contract	Contract Dates	Baseline Start Date	BaselineStartDate	sTYPE_DATE	No	No	Contract								EXISTING_GLOBAL;NEEDED_GLOBAL
Global	Contract	Contract Dates	Commence Date	CommenceDate	sTYPE_DATE	No	No	Contract								EXISTING_GLOBAL;NEEDED_GLOBAL
Global	Contract	Contract Dates	Current Month/Year	CurrentMonthYear	sTYPE_TEXT	No	No	Contract								EXISTING_GLOBAL;NEEDED_GLOBAL
Global	Contract	Contract Dates	Current Year	CurrentYear	sTYPE_UNFORMATTED_NUMBER	No	No	Contract								EXISTING_GLOBAL;NEEDED_GLOBAL
Global	Contract	Contract Dates	Days to Expiration	DaysToExpiration	sTYPE_NUMBER_FRACTION0DIGITS	No	No	Contract								EXISTING_GLOBAL;NEEDED_GLOBAL
Global	Contract	Contract Dates	Execute Date	ExecuteDate	sTYPE_DATE	No	No	Contract								EXISTING_GLOBAL;NEEDED_GLOBAL
Global	Contract	Contract Dates	Expected End Date	ExpectedEndDate	sTYPE_DATE	No	No	Contract								EXISTING_GLOBAL;NEEDED_GLOBAL
Global	Contract	Contract Dates	Expire Date	ExpireDate	sTYPE_DATE	No	No	Contract								EXISTING_GLOBAL;NEEDED_GLOBAL
Global	Contract	Contract Dates	Obligation Date	ObligationDate	sTYPE_DATE	No	No	Contract								EXISTING_GLOBAL;NEEDED_GLOBAL
Global	Contract	Contract Dates	Payments Begin Date	PaymentsBeginDate	sTYPE_DATE	No	No	Contract								EXISTING_GLOBAL;NEEDED_GLOBAL
Global	Contract	Contract Dates	Payments End Date	PaymentsEndDate	sTYPE_DATE	No	No	Contract								EXISTING_GLOBAL;NEEDED_GLOBAL
Global	Contract	Contract Dates	Possession Begin Date	PossessionBeginDate	sTYPE_DATE	No	No	Contract								EXISTING_GLOBAL;NEEDED_GLOBAL
Global	Contract	Contract Dates	Possession End Date	PossessionEndDate	sTYPE_DATE	No	No	Contract								EXISTING_GLOBAL;NEEDED_GLOBAL
Global	Contract	Contract Dates	Status Effective Date	StatusEffectiveDate	sTYPE_DATE	No	No	Contract								EXISTING_GLOBAL;NEEDED_GLOBAL
Global	Contract	Contract Dates	Term Length	TermLength	sTYPE_DATE_MATH_OPERATION	No	No	Contract								EXISTING_GLOBAL;NEEDED_GLOBAL
Global	Contract	Contract Info	Agreement Type	CodeAgreementTypeID	sCODE_AGREEMENT_TYPE	No	No	Contract								EXISTING_GLOBAL;NEEDED_GLOBAL
Global	Contract	Contract Info	Asset Class	CodeAssetClassID	sCODE_ASSET_CLASS	No	No	Contract								EXISTING_GLOBAL;NEEDED_GLOBAL
Global	Contract	Contract Info	Building Area Unit	CodeBuildingAreaUnitID	sCODE_BUILDING_AREA_UNIT	No	No	Contract								EXISTING_GLOBAL;NEEDED_GLOBAL
Global	Contract	Contract Info	Computed Discount Rate	ComputedSLDiscountRate	sTYPE_PERCENTAGE	No	No	Contract								EXISTING_GLOBAL;NEEDED_GLOBAL
Global	Contract	Contract Info	Contract Category	CodeContractCategoryID	sCODE_CONTRACT_CATEGORY	No	No	Contract								EXISTING_GLOBAL;NEEDED_GLOBAL
Global	Contract	Contract Info	Contract Class	ContractClass	sTYPE_TEXT	No	No	Contract								EXISTING_GLOBAL;NEEDED_GLOBAL
Global	Contract	Contract Info	Contract ClientID	BOMapClientRecordID	sTYPE_TEXT	Yes	No	Contract								EXISTING_GLOBAL;NEEDED_GLOBAL
Global	Contract	Contract Info	Contract Group	CodeContractGroupID	sCODE_CONTRACT_GROUP	No	No	Contract								EXISTING_GLOBAL;NEEDED_GLOBAL
Global	Contract	Contract Info	Contract ID	ClientEntityID	sTYPE_TEXT	No	No	Contract								EXISTING_GLOBAL;NEEDED_GLOBAL
Global	Contract	Contract Info	Contract Name	ContractName	sTYPE_ENTITY_NAME	Yes	No	Contract								EXISTING_GLOBAL;NEEDED_GLOBAL
Global	Contract	Contract Info	Contract RecID	ContractID	sTYPE_UNFORMATTED_NUMBER	No	No	Contract								EXISTING_GLOBAL;NEEDED_GLOBAL
Global	Contract	Contract Info	Contract Status	CodeContractStatusID	sCODE_CONTRACT_STATUS	No	No	Contract								EXISTING_GLOBAL;NEEDED_GLOBAL
Global	Contract	Contract Info	Contract Tax Rate #1	ContractTaxRate1	sTYPE_PERCENTAGE	No	No	Contract								EXISTING_GLOBAL;NEEDED_GLOBAL
Global	Contract	Contract Info	Contract Tax Rate #2	ContractTaxRate2	sTYPE_PERCENTAGE	No	No	Contract								EXISTING_GLOBAL;NEEDED_GLOBAL
Global	Contract	Contract Info	Contract Tax Rate #3	ContractTaxRate3	sTYPE_PERCENTAGE	No	No	Contract								EXISTING_GLOBAL;NEEDED_GLOBAL
Global	Contract	Contract Info	Contract Tax Rate #4	ContractTaxRate4	sTYPE_PERCENTAGE	No	No	Contract								EXISTING_GLOBAL;NEEDED_GLOBAL
Global	Contract	Contract Info	Contract Type	CodeContractTypeID	sCODE_CONTRACT_TYPE	No	No	Contract								EXISTING_GLOBAL;NEEDED_GLOBAL
Global	Contract	Contract Info	Contract Use	CodeContractUseID	sCODE_CONTRACT_USE	No	No	Contract								EXISTING_GLOBAL;NEEDED_GLOBAL
Global	Contract	Contract Info	Contract UUID	UUID	sTYPE_TEXT	No	No	Contract								EXISTING_GLOBAL;NEEDED_GLOBAL
Global	Contract	Contract Info	Currency Type	CodeCurrencyTypeID	sCODE_CURRENCY_TYPE	No	No	Contract								EXISTING_GLOBAL;NEEDED_GLOBAL
Global	Contract	Contract Info	currPaymentRate	math_currPaymentRate_9	sTYPE_MONEY_MATH_OPERATION	No	No	Contract								EXISTING_GLOBAL;NEEDED_GLOBAL
Global	Contract	Contract Info	Description	ProjectDescription	sTYPE_TEXT	No	No	Contract								EXISTING_GLOBAL;NEEDED_GLOBAL
Global	Contract	Contract Info	Expense Accrual Forecast Table	ExpAccrualForecastTable	sTYPE_EXPACCRUAL_FORECAST_TABLE	No	No	Contract								EXISTING_GLOBAL;NEEDED_GLOBAL
Global	Contract	Contract Info	Expense Forecast Table	ExpenseForecastTable	sTYPE_EXPENSE_FORECAST_TABLE	No	No	Contract								EXISTING_GLOBAL;NEEDED_GLOBAL
Global	Contract	Contract Info	Facility	FacilityID	sTYPE_FACILITY	No	No	Contract								EXISTING_GLOBAL;NEEDED_GLOBAL
Global	Contract	Contract Info	Fair Value Threshold	FairValueThreshold	sTYPE_PERCENTAGE	No	No	Contract								EXISTING_GLOBAL;NEEDED_GLOBAL
Global	Contract	Contract Info	Holding Interest	CodeHoldingInterestID	sCODE_HOLDING_INTEREST	No	No	Contract								EXISTING_GLOBAL;NEEDED_GLOBAL
Global	Contract	Contract Info	In Alternate Rent?	InAlternateRent	sTYPE_BOOLEAN	No	No	Contract								EXISTING_GLOBAL;NEEDED_GLOBAL
Global	Contract	Contract Info	Is Low Asset Value	IsLowAssetValue	sTYPE_CHECKBOX	No	No	Contract								EXISTING_GLOBAL;NEEDED_GLOBAL
Global	Contract	Contract Info	Is Short Term	IsShortTerm	sTYPE_CHECKBOX	No	No	Contract								EXISTING_GLOBAL;NEEDED_GLOBAL
Global	Contract	Contract Info	Is Translation	IsTranslation	sTYPE_CHECKBOX	No	No	Contract								EXISTING_GLOBAL;NEEDED_GLOBAL
Global	Contract	Contract Info	Latest Financial Test Result	LatestFinancialTestFinalResult	sTYPE_TEXT	No	No	Contract								EXISTING_GLOBAL;NEEDED_GLOBAL
Global	Contract	Contract Info	Likely Term End Date	LastLikelyOptionDate	sTYPE_DATE	No	No	Contract								EXISTING_GLOBAL;NEEDED_GLOBAL
Global	Contract	Contract Info	Location	LocationID	sTYPE_LOCATION	No	No	Contract								EXISTING_GLOBAL;NEEDED_GLOBAL
Global	Contract	Contract Info	Master Contract	MasterContractID	sTYPE_CONTRACT	No	No	Contract								EXISTING_GLOBAL;NEEDED_GLOBAL
Global	Contract	Contract Info	Month To Month?	MonthToMonth	sTYPE_CHECKBOX	No	No	Contract								EXISTING_GLOBAL;NEEDED_GLOBAL
Global	Contract	Contract Info	Notes	Notes	sTYPE_TEXTAREA	No	No	Contract								EXISTING_GLOBAL;NEEDED_GLOBAL
Global	Contract	Contract Info	Open Year	OpenYear	sTYPE_DROPDOWN_YEAR	No	No	Contract								EXISTING_GLOBAL;NEEDED_GLOBAL
Global	Contract	Contract Info	Option Description	OptionDescription	sTYPE_TEXT	No	No	Contract								EXISTING_GLOBAL;NEEDED_GLOBAL
Global	Contract	Contract Info	Organization	OrganizationID	sTYPE_ORGANIZATION	No	No	Contract								EXISTING_GLOBAL;NEEDED_GLOBAL
Global	Contract	Contract Info	Out Of Date Days	OutOfDateDays	sTYPE_NUMBER	No	No	Contract								EXISTING_GLOBAL;NEEDED_GLOBAL
Global	Contract	Contract Info	Payment Rate	PaymentRate	sTYPE_PERCENTAGE	No	No	Contract								EXISTING_GLOBAL;NEEDED_GLOBAL
Global	Contract	Contract Info	Portfolio	ProgramID	sTYPE_PROGRAM	No	No	Contract								EXISTING_GLOBAL;NEEDED_GLOBAL
Global	Contract	Contract Info	Pro Rata Share Rate	ProRataShareRate	sTYPE_PERCENTAGE	No	No	Contract								EXISTING_GLOBAL;NEEDED_GLOBAL
Global	Contract	Contract Info	Proration Method	CodeProrationMethodID	sCODE_PRORATION_METHOD	No	No	Contract								EXISTING_GLOBAL;NEEDED_GLOBAL
Global	Contract	Contract Info	Remaining Economic Life Threshold	RemainingEconomicLifeThreshold	sTYPE_PERCENTAGE	No	No	Contract								EXISTING_GLOBAL;NEEDED_GLOBAL
Global	Contract	Contract Info	Rentable Area	RentableArea	sTYPE_AREA	No	No	Contract								EXISTING_GLOBAL;NEEDED_GLOBAL
Global	Contract	Contract Info	Schedule Behind Days	BehindScheduleDays	sTYPE_NUMBER	No	No	Contract								EXISTING_GLOBAL;NEEDED_GLOBAL
Global	Contract	Contract Info	Schedule Creation Method	TaskCreationMethod	sTYPE_TASK_CREATION_METHOD	Yes	No	Contract								EXISTING_GLOBAL;NEEDED_GLOBAL
Global	Contract	Contract Info	Service Channel Location ID	ScLocationID	sTYPE_TEXT	No	No	Contract								EXISTING_GLOBAL;NEEDED_GLOBAL
Global	Contract	Contract Info	Time Zone	TimeZone	sTYPE_TIMEZONE	No	No	Contract								EXISTING_GLOBAL;NEEDED_GLOBAL
Global	Contract	Contract Term	Amendment	AmendmentID	sTYPE_CONTRACT_AMENDMENT	No	No	ContractTerm								EXISTING_GLOBAL;NEEDED_GLOBAL
Global	Contract	Contract Term	Average Rent Per Area Unit	AvgRentPerAreaUnit	sTYPE_MONEY	No	No	ContractTerm								EXISTING_GLOBAL;NEEDED_GLOBAL
Global	Contract	Contract Term	Building Area Unit	CodeBuildingAreaUnitID	sCODE_BUILDING_AREA_UNIT	No	No	ContractTerm								EXISTING_GLOBAL;NEEDED_GLOBAL
Global	Contract	Contract Term	Client Number	ClientNumber	sTYPE_TEXT	No	No	ContractTerm								EXISTING_GLOBAL;NEEDED_GLOBAL
Global	Contract	Contract Term	Contract	ContractID	sTYPE_CONTRACT	Yes	No	ContractTerm								EXISTING_GLOBAL;NEEDED_GLOBAL
Global	Contract	Contract Term	Covenant	CovenantID	sTYPE_COVENANT	No	No	ContractTerm								EXISTING_GLOBAL;NEEDED_GLOBAL
Global	Contract	Contract Term	Coverage Period Begin Date	BeginDate	sTYPE_DATE	No	No	ContractTerm								EXISTING_GLOBAL;NEEDED_GLOBAL
Global	Contract	Contract Term	Coverage Period End Date	EndDate	sTYPE_DATE	No	No	ContractTerm								EXISTING_GLOBAL;NEEDED_GLOBAL
Global	Contract	Contract Term	Description	Description	sTYPE_TEXT	No	No	ContractTerm								EXISTING_GLOBAL;NEEDED_GLOBAL
Global	Contract	Contract Term	Include Term For Accruals?	IncludeTermForAccruals	sTYPE_CHECKBOX	No	No	ContractTerm								EXISTING_GLOBAL;NEEDED_GLOBAL
Global	Contract	Contract Term	Length	LengthOfTerm	sTYPE_DATE_MATH_OPERATION	No	No	ContractTerm								EXISTING_GLOBAL;NEEDED_GLOBAL
Global	Contract	Contract Term	Modified By	ModifiedByID	sTYPE_MEMBER	No	No	ContractTerm								EXISTING_GLOBAL;NEEDED_GLOBAL
Global	Contract	Contract Term	Modified Date	ModifiedDate	sTYPE_TIME	No	No	ContractTerm								EXISTING_GLOBAL;NEEDED_GLOBAL
Global	Contract	Contract Term	Next Available Term	NextAvailableTermID	sTYPE_CONTRACT_TERM	No	No	Contract								EXISTING_GLOBAL;NEEDED_GLOBAL
Global	Contract	Contract Term	Next Available Term Key Date Info	NextAvailableTermKeyDateID	sTYPE_KEY_DATE	No	No	Contract								EXISTING_GLOBAL;NEEDED_GLOBAL
Global	Contract	Contract Term	Notes	Notes	sTYPE_TEXTAREA	No	No	ContractTerm								EXISTING_GLOBAL;NEEDED_GLOBAL
Global	Contract	Contract Term	Payment Begin Date	PaymentBeginDate	sTYPE_DATE	No	No	ContractTerm								EXISTING_GLOBAL;NEEDED_GLOBAL
Global	Contract	Contract Term	Payment End Date	PaymentEndDate	sTYPE_DATE	No	No	ContractTerm								EXISTING_GLOBAL;NEEDED_GLOBAL
Global	Contract	Contract Term	Remaining Number of Terms	RemainingNumberOfTerms	sTYPE_NUMBER	No	No	Contract								EXISTING_GLOBAL;NEEDED_GLOBAL
Global	Contract	Contract Term	Rentable Area	RentableArea	sTYPE_AREA	No	No	ContractTerm								EXISTING_GLOBAL;NEEDED_GLOBAL
Global	Contract	Contract Term	Section	Section	sTYPE_TEXT	No	No	ContractTerm								EXISTING_GLOBAL;NEEDED_GLOBAL
Global	Contract	Contract Term	Term ClientID	BOMapClientRecordID	sTYPE_TEXT	Yes	No	ContractTerm								EXISTING_GLOBAL;NEEDED_GLOBAL
Global	Contract	Contract Term	Term RecID	ContractTermID	sTYPE_UNFORMATTED_NUMBER	No	No	ContractTerm								EXISTING_GLOBAL;NEEDED_GLOBAL
Global	Contract	Contract Term	Term Status	CodeTermStatusID	sCODE_TERM_STATUS	No	No	ContractTerm								EXISTING_GLOBAL;NEEDED_GLOBAL
Global	Contract	Contract Term	Term Type	CodeTermTypeID	sCODE_TERM_TYPE	No	No	ContractTerm								EXISTING_GLOBAL;NEEDED_GLOBAL
Global	Contract	Covenant	Accounting Adjustment Type	CodeAccountingAdjustmentTypeID	sCODE_ACCOUNTING_ADJUSTMENT_TYPE	No	No	Covenant	Covenant	CodeAccountingAdjustmentTypeID	Accounting Adjustment Type	covenant	CodeAccountingAdjustmentTypeID	TEXT	Foreign key (ID reference)	EXISTING_GLOBAL;NEEDED_GLOBAL
Global	Contract	Covenant	Amendment	AmendmentID	sTYPE_CONTRACT_AMENDMENT	No	No	Covenant	Covenant	AmendmentID	Amendment	covenant	AmendmentID	TEXT	Foreign key (ID reference)	EXISTING_GLOBAL;NEEDED_GLOBAL
Global	Contract	Covenant	ASC 842 Schedule	CodeASC842ScheduleID	sCODE_ASC842_SCHEDULE	No	No	Covenant	Covenant	CodeASC842ScheduleID	ASC 842 Schedule	covenant	CodeASC842ScheduleID	TEXT	Foreign key (ID reference)	EXISTING_GLOBAL;NEEDED_GLOBAL
Global	Contract	Covenant	Associated Document	AssociatedDocumentID	sTYPE_DOCUMENT	No	No	Covenant	Covenant	AssociatedDocumentID	Associated Document	covenant	AssociatedDocumentID	TEXT	Foreign key (ID reference)	EXISTING_GLOBAL;NEEDED_GLOBAL
Global	Contract	Covenant	Building Area Unit	CodeBuildingAreaUnitID	sCODE_BUILDING_AREA_UNIT	No	No	Covenant	Covenant	CodeBuildingAreaUnitID	Building Area Unit	covenant	CodeBuildingAreaUnitID	TEXT	Foreign key (ID reference)	EXISTING_GLOBAL;NEEDED_GLOBAL
Global	Contract	Covenant	Contract	ContractID	sTYPE_CONTRACT	Yes	No	Covenant	Covenant	ContractID	ContractID	covenant	ContractID	TEXT	Foreign key (ID reference)	EXISTING_GLOBAL;NEEDED_GLOBAL
Global	Contract	Covenant	Covenant Amount	CovenantAmount	sTYPE_MONEY	No	No	Covenant	Covenant	CovenantAmount	Covenant Amount	covenant	CovenantAmount	TEXT		EXISTING_GLOBAL;NEEDED_GLOBAL
Global	Contract	Covenant	Covenant Area	CovenantArea	sTYPE_AREA	No	No	Covenant	Covenant	CovenantArea	Covenant Area	covenant	CovenantArea	TEXT		EXISTING_GLOBAL;NEEDED_GLOBAL
Global	Contract	Covenant	Covenant Category	CodeCovenantCategoryID	sCODE_COVENANT_CATEGORY	No	No	Covenant	Covenant	CodeCovenantCategoryID	Covenant Category	covenant	CodeCovenantCategoryID	TEXT	Foreign key (ID reference)	EXISTING_GLOBAL;NEEDED_GLOBAL
Global	Contract	Covenant	Covenant ClientID	BOMapClientRecordID	sTYPE_TEXT	Yes	No	Covenant	Covenant	BOMapClientRecordID	Covenant ClientID	covenant	BOMapClientRecordID	TEXT	Client identifier	EXISTING_GLOBAL;NEEDED_GLOBAL
Global	Contract	Covenant	Covenant Date	CovenantDate	sTYPE_DATE	No	No	Covenant	Covenant	CovenantDate	Covenant Date	covenant	CovenantDate	TEXT		EXISTING_GLOBAL;NEEDED_GLOBAL
Global	Contract	Covenant	Covenant Group	CodeCovenantGroupID	sCODE_COVENANT_GROUP	No	No	Covenant	Covenant	CodeCovenantGroupID	Covenant Group	covenant	CodeCovenantGroupID	TEXT	Foreign key (ID reference)	EXISTING_GLOBAL;NEEDED_GLOBAL
Global	Contract	Covenant	Covenant Group/Type Name	CovenantGroupTypeName	sTYPE_TEXT	No	No	Covenant	Covenant	CovenantGroupTypeName	Covenant Group/Type Name	covenant	CovenantGroupTypeName	TEXT		EXISTING_GLOBAL;NEEDED_GLOBAL
Global	Contract	Covenant	Covenant RecID	CovenantID	sTYPE_UNFORMATTED_NUMBER	No	No	Covenant	Covenant	CovenantID	Covenant RecID	covenant	CovenantID	VARCHAR(64) NOT NULL	Primary key	EXISTING_GLOBAL;NEEDED_GLOBAL
Global	Contract	Covenant	Covenant Secondary Rent Schedule Allocation Percent	SecondaryRentSchedAllocPercent	sTYPE_PERCENTAGE	No	No	Covenant	Covenant	SecondaryRentSchedAllocPercent	Covenant Secondary Rent Schedule Allocation Percent	covenant	SecondaryRentSchedAllocPercent	TEXT		EXISTING_GLOBAL;NEEDED_GLOBAL
Global	Contract	Covenant	Covenant Status	CodeCovenantStatusID	sCODE_COVENANT_STATUS	No	No	Covenant	Covenant	CodeCovenantStatusID	Covenant Status	covenant	CodeCovenantStatusID	TEXT	Foreign key (ID reference)	EXISTING_GLOBAL;NEEDED_GLOBAL
Global	Contract	Covenant	Covenant Template	CodeCovenantTemplateID	sCODE_COVENANT_TEMPLATE	No	No	Covenant	Covenant	CodeCovenantTemplateID	Covenant Template	covenant	CodeCovenantTemplateID	TEXT	Foreign key (ID reference)	EXISTING_GLOBAL;NEEDED_GLOBAL
Global	Contract	Covenant	Covenant Type	CodeCovenantTypeID	sCODE_COVENANT_TYPE	No	No	Covenant	Covenant	CodeCovenantTypeID	Covenant Type	covenant	CodeCovenantTypeID	TEXT	Foreign key (ID reference)	EXISTING_GLOBAL;NEEDED_GLOBAL
Global	Contract	Covenant	Currency Type	CodeCurrencyTypeID	sCODE_CURRENCY_TYPE	No	No	Covenant	Covenant	CodeCurrencyTypeID	Currency Type	covenant	CodeCurrencyTypeID	TEXT	Foreign key (ID reference)	EXISTING_GLOBAL;NEEDED_GLOBAL
Global	Contract	Covenant	Documents	DocumentIDList	sTYPE_DOCUMENT_LIST	No	No	Covenant	Covenant	DocumentIDList	Documents	covenant	DocumentIDList	TEXT		EXISTING_GLOBAL;NEEDED_GLOBAL
Global	Contract	Covenant	Exists?	ExistsFlag	sTYPE_CHECKBOX	No	No	Covenant	Covenant	ExistsFlag	Exists?	covenant	ExistsFlag	TEXT		EXISTING_GLOBAL;NEEDED_GLOBAL
Global	Contract	Covenant	File Name	BaseName	sTYPE_TEXT	No	No	Covenant	Covenant	BaseName	File Name	covenant	BaseName	TEXT		EXISTING_GLOBAL;NEEDED_GLOBAL
Global	Contract	Covenant	Folder	FolderID	sTYPE_DOCUMENT	No	No	Covenant	Covenant	FolderID	Folder	covenant	FolderID	TEXT	Foreign key (ID reference)	EXISTING_GLOBAL;NEEDED_GLOBAL
Global	Contract	Covenant	Hold Amount in Rent Schedule Liability	HoldAmountInSchedLiability	sTYPE_CHECKBOX	No	No	Covenant	Covenant	HoldAmountInSchedLiability	Hold Amount in Rent Schedule Liability	covenant	HoldAmountInSchedLiability	TEXT		EXISTING_GLOBAL;NEEDED_GLOBAL
Global	Contract	Covenant	IFRS 16 Schedule	CodeIFRS16ScheduleID	sCODE_IFRS16_SCHEDULE	No	No	Covenant	Covenant	CodeIFRS16ScheduleID	IFRS 16 Schedule	covenant	CodeIFRS16ScheduleID	TEXT	Foreign key (ID reference)	EXISTING_GLOBAL;NEEDED_GLOBAL
Global	Contract	Covenant	Line Number	LineNumber	sTYPE_TEXT	No	No	Covenant	Covenant	LineNumber	Line Number	covenant	LineNumber	TEXT		EXISTING_GLOBAL;NEEDED_GLOBAL
Global	Contract	Covenant	Modified By	ModifiedByID	sTYPE_MEMBER	No	No	Covenant	Covenant	ModifiedByID	Modified By	covenant	ModifiedByID	TEXT	Foreign key (ID reference)	EXISTING_GLOBAL;NEEDED_GLOBAL
Global	Contract	Covenant	Modified Date	ModifiedDate	sTYPE_TIME	No	No	Covenant	Covenant	ModifiedDate	Modified Date	covenant	ModifiedDate	TEXT	Incremental watermark	EXISTING_GLOBAL;NEEDED_GLOBAL
Global	Contract	Covenant	Notes	Notes	sTYPE_TEXTAREA	No	No	Covenant	Covenant	Notes	Notes	covenant	Notes	TEXT		EXISTING_GLOBAL;NEEDED_GLOBAL
Global	Contract	Covenant	Page Number	PageNumber	sTYPE_TEXT	No	No	Covenant	Covenant	PageNumber	Page Number	covenant	PageNumber	TEXT		EXISTING_GLOBAL;NEEDED_GLOBAL
Global	Contract	Covenant	Paragraph Number	ParagraphNumber	sTYPE_TEXT	No	No	Covenant	Covenant	ParagraphNumber	Paragraph Number	covenant	ParagraphNumber	TEXT		EXISTING_GLOBAL;NEEDED_GLOBAL
Global	Contract	Covenant	Portion Guaranteed By 3rd Party	ThirdPartyRVGAmount	sTYPE_MONEY	No	No	Covenant	Covenant	ThirdPartyRVGAmount	Portion Guaranteed By 3rd Party	covenant	ThirdPartyRVGAmount	TEXT		EXISTING_GLOBAL;NEEDED_GLOBAL
Global	Contract	Covenant	Section Number	SectionNumber	sTYPE_TEXT	No	No	Covenant	Covenant	SectionNumber	Section Number	covenant	SectionNumber	TEXT		EXISTING_GLOBAL;NEEDED_GLOBAL
Global	Contract	Covenant	Standard Language Version	StandardLanguageVersion	sTYPE_TEXT	No	No	Covenant	Covenant	StandardLanguageVersion	Standard Language Version	covenant	StandardLanguageVersion	TEXT		EXISTING_GLOBAL;NEEDED_GLOBAL
Global	Contract	Covenant	Standard Language?	StandardLanguageFlag	sTYPE_CHECKBOX	No	No	Covenant	Covenant	StandardLanguageFlag	Standard Language?	covenant	StandardLanguageFlag	TEXT		EXISTING_GLOBAL;NEEDED_GLOBAL
Global	Contract	Covenant	Total Residual Value Guarantee	TotalRVGAmount	sTYPE_MONEY	No	No	Covenant	Covenant	TotalRVGAmount	Total Residual Value Guarantee	covenant	TotalRVGAmount	TEXT		EXISTING_GLOBAL;NEEDED_GLOBAL
Global	Contract	CPI	Contract	ContractID	sTYPE_CONTRACT	No	No	CPI								EXISTING_GLOBAL;NEEDED_GLOBAL
Global	Contract	CPI	CPI Index	CodeCPIIndexID	sCODE_CPI_INDEX	No	No	CPI								EXISTING_GLOBAL;NEEDED_GLOBAL
Global	Contract	CPI	CPI RecID	CPIID	sTYPE_UNFORMATTED_NUMBER	No	No	CPI								EXISTING_GLOBAL;NEEDED_GLOBAL
Global	Contract	CPI	CPI Value	CPI	sTYPE_NUMBER_FRACTION5DIGITS	Yes	No	CPI								EXISTING_GLOBAL;NEEDED_GLOBAL
Global	Contract	CPI	Modified By	ModifiedByID	sTYPE_MEMBER	No	No	CPI								EXISTING_GLOBAL;NEEDED_GLOBAL
Global	Contract	CPI	Modified Date	ModifiedDate	sTYPE_TIME	No	No	CPI								EXISTING_GLOBAL;NEEDED_GLOBAL
Global	Contract	CPI	Month	Month	sTYPE_NUMBER	Yes	No	CPI								EXISTING_GLOBAL;NEEDED_GLOBAL
Global	Contract	CPI	Published Date	PublishedDate	sTYPE_DATE	No	No	CPI								EXISTING_GLOBAL;NEEDED_GLOBAL
Global	Contract	CPI	Year	Year	sTYPE_DROPDOWN_YEAR	Yes	No	CPI								EXISTING_GLOBAL;NEEDED_GLOBAL
Global	Contract	Custom Coverage Payments	Coverage Begin Annual	CoverageBeginAnnual	sTYPE_MONTH_AND_DAY	No	No	ExpenseSetup								EXISTING_GLOBAL;NEEDED_GLOBAL
Global	Contract	Custom Coverage Payments	Coverage Begin Q1	CoverageBeginQ1	sTYPE_MONTH_AND_DAY	No	No	ExpenseSetup								EXISTING_GLOBAL;NEEDED_GLOBAL
Global	Contract	Custom Coverage Payments	Coverage Begin Q2	CoverageBeginQ2	sTYPE_MONTH_AND_DAY	No	No	ExpenseSetup								EXISTING_GLOBAL;NEEDED_GLOBAL
Global	Contract	Custom Coverage Payments	Coverage Begin Q3	CoverageBeginQ3	sTYPE_MONTH_AND_DAY	No	No	ExpenseSetup								EXISTING_GLOBAL;NEEDED_GLOBAL
Global	Contract	Custom Coverage Payments	Coverage Begin Q4	CoverageBeginQ4	sTYPE_MONTH_AND_DAY	No	No	ExpenseSetup								EXISTING_GLOBAL;NEEDED_GLOBAL
Global	Contract	Custom Coverage Payments	Coverage Begin Semi Annual 1	CoverageBeginSemiAnnual1	sTYPE_MONTH_AND_DAY	No	No	ExpenseSetup								EXISTING_GLOBAL;NEEDED_GLOBAL
Global	Contract	Custom Coverage Payments	Coverage Begin Semi Annual 2	CoverageBeginSemiAnnual2	sTYPE_MONTH_AND_DAY	No	No	ExpenseSetup								EXISTING_GLOBAL;NEEDED_GLOBAL
Global	Contract	Custom Coverage Payments	First Payment Due Date	FirstPaymentDueDate	sTYPE_DATE	No	No	ExpenseSetup								EXISTING_GLOBAL;NEEDED_GLOBAL
Global	Contract	Custom Coverage Payments	Last Payment Due Date	LastPaymentDueDate	sTYPE_DATE	No	No	ExpenseSetup								EXISTING_GLOBAL;NEEDED_GLOBAL
Global	Contract	Custom Coverage Payments	Payment Due Annual	PaymentDueAnnual	sTYPE_MONTH_AND_DAY	No	No	ExpenseSetup								EXISTING_GLOBAL;NEEDED_GLOBAL
Global	Contract	Custom Coverage Payments	Payment Due Q1	PaymentDueQ1	sTYPE_MONTH_AND_DAY	No	No	ExpenseSetup								EXISTING_GLOBAL;NEEDED_GLOBAL
Global	Contract	Custom Coverage Payments	Payment Due Q2	PaymentDueQ2	sTYPE_MONTH_AND_DAY	No	No	ExpenseSetup								EXISTING_GLOBAL;NEEDED_GLOBAL
Global	Contract	Custom Coverage Payments	Payment Due Q3	PaymentDueQ3	sTYPE_MONTH_AND_DAY	No	No	ExpenseSetup								EXISTING_GLOBAL;NEEDED_GLOBAL
Global	Contract	Custom Coverage Payments	Payment Due Q4	PaymentDueQ4	sTYPE_MONTH_AND_DAY	No	No	ExpenseSetup								EXISTING_GLOBAL;NEEDED_GLOBAL
Global	Contract	Custom Coverage Payments	Payment Due Semi Annual 1	PaymentDueSemiAnnual1	sTYPE_MONTH_AND_DAY	No	No	ExpenseSetup								EXISTING_GLOBAL;NEEDED_GLOBAL
Global	Contract	Custom Coverage Payments	Payment Due Semi Annual 2	PaymentDueSemiAnnual2	sTYPE_MONTH_AND_DAY	No	No	ExpenseSetup								EXISTING_GLOBAL;NEEDED_GLOBAL
Global	Contract	Escalation Index	Effective Date	EffectiveDate	sTYPE_DATE	No	No	EscalationIndex								EXISTING_GLOBAL;NEEDED_GLOBAL
Global	Contract	Escalation Index	Escalation Index ClientID	BOMapClientRecordID	sTYPE_TEXT	Yes	No	EscalationIndex								EXISTING_GLOBAL;NEEDED_GLOBAL
Global	Contract	Escalation Index	Escalation Index Name	EscalationIndexName	sTYPE_TEXT	Yes	No	EscalationIndex								EXISTING_GLOBAL;NEEDED_GLOBAL
Global	Contract	Escalation Index	Escalation Index RecID	EscalationIndexID	sTYPE_UNFORMATTED_NUMBER	No	No	EscalationIndex								EXISTING_GLOBAL;NEEDED_GLOBAL
Global	Contract	Escalation Index	Index Amount	IndexAmount	sTYPE_PERCENTAGE	No	No	EscalationIndex								EXISTING_GLOBAL;NEEDED_GLOBAL
Global	Contract	Escalation Index	Index Group	CodeIndexGroupID	sCODE_INDEX_GROUP	No	No	EscalationIndex								EXISTING_GLOBAL;NEEDED_GLOBAL
Global	Contract	Escalation Index	Index Source	CodeIndexSourceID	sCODE_INDEX_SOURCE	No	No	EscalationIndex								EXISTING_GLOBAL;NEEDED_GLOBAL
Global	Contract	Escalation Index	Index Type	CodeIndexTypeID	sCODE_INDEX_TYPE	No	No	EscalationIndex								EXISTING_GLOBAL;NEEDED_GLOBAL
Global	Contract	Escalation Index	Modified By	ModifiedByID	sTYPE_MEMBER	No	No	EscalationIndex								EXISTING_GLOBAL;NEEDED_GLOBAL
Global	Contract	Escalation Index	Modified Date	ModifiedDate	sTYPE_TIME	No	No	EscalationIndex								EXISTING_GLOBAL;NEEDED_GLOBAL
Global	Contract	Escalation Index	Period Month	PeriodMonth	sTYPE_NUMBER	No	No	EscalationIndex								EXISTING_GLOBAL;NEEDED_GLOBAL
Global	Contract	Escalation Index	Period Year	PeriodYear	sTYPE_DROPDOWN_YEAR	No	No	EscalationIndex								EXISTING_GLOBAL;NEEDED_GLOBAL
Global	Contract	Expense Accrual Forecast	Accrual Schedule	ExpenseAccrualScheduleID	sTYPE_EXPENSE_ACCRUAL_SCHEDULE	No	No	VirtualExpAccrualForecastPeriod								EXISTING_GLOBAL;NEEDED_GLOBAL
Global	Contract	Expense Accrual Forecast	Accrual Setup	ExpenseAccrualSetupID	sTYPE_EXPENSE_ACCRUAL_SETUP	No	No	VirtualExpAccrualForecastPeriod								EXISTING_GLOBAL;NEEDED_GLOBAL
Global	Contract	Expense Accrual Forecast	Accrual Type	CodeAccrualTypeID	sCODE_ACCRUAL_TYPE	No	No	VirtualExpAccrualForecastPeriod								EXISTING_GLOBAL;NEEDED_GLOBAL
Global	Contract	Expense Accrual Forecast	Begin Date	BeginDate	sTYPE_DATE	No	No	VirtualExpAccrualForecastPeriod								EXISTING_GLOBAL;NEEDED_GLOBAL
Global	Contract	Expense Accrual Forecast	Contract	ContractID	sTYPE_CONTRACT	No	No	VirtualExpAccrualForecastPeriod								EXISTING_GLOBAL;NEEDED_GLOBAL
Global	Contract	Expense Accrual Forecast	Date Range	DateRange	sTYPE_DATE_RANGE	No	No	VirtualExpAccrualForecastPeriod								EXISTING_GLOBAL;NEEDED_GLOBAL
Global	Contract	Expense Accrual Forecast	End Date	EndDate	sTYPE_DATE	No	No	VirtualExpAccrualForecastPeriod								EXISTING_GLOBAL;NEEDED_GLOBAL
Global	Contract	Expense Accrual Forecast	Expense Category	CodeExpenseCategoryID	sCODE_EXPENSE_CATEGORY	No	No	VirtualExpAccrualForecastPeriod								EXISTING_GLOBAL;NEEDED_GLOBAL
Global	Contract	Expense Accrual Forecast	Expense Group	CodeExpenseGroupID	sCODE_EXPENSE_GROUP	No	No	VirtualExpAccrualForecastPeriod								EXISTING_GLOBAL;NEEDED_GLOBAL
Global	Contract	Expense Accrual Forecast	Expense Type	CodeExpenseTypeID	sCODE_EXPENSE_TYPE	No	No	VirtualExpAccrualForecastPeriod								EXISTING_GLOBAL;NEEDED_GLOBAL
Global	Contract	Expense Accrual Forecast	Fiscal Period	Period	sTYPE_NUMBER	No	No	VirtualExpAccrualForecastPeriod								EXISTING_GLOBAL;NEEDED_GLOBAL
Global	Contract	Expense Accrual Forecast	Fiscal Year	Year	sTYPE_DROPDOWN_YEAR	No	No	VirtualExpAccrualForecastPeriod								EXISTING_GLOBAL;NEEDED_GLOBAL
Global	Contract	Expense Accrual Forecast	Period Amount	PeriodExpense	sTYPE_MONEY	No	No	VirtualExpAccrualForecastPeriod								EXISTING_GLOBAL;NEEDED_GLOBAL
Global	Contract	Expense Accrual Schedule	Accrual Rate	AccrualRate	sTYPE_MONEY	No	No	ExpenseAccrualSchedule								EXISTING_GLOBAL;NEEDED_GLOBAL
Global	Contract	Expense Accrual Schedule	Annual Amount	AnnualAmount	sTYPE_MONEY	No	No	ExpenseAccrualSchedule								EXISTING_GLOBAL;NEEDED_GLOBAL
Global	Contract	Expense Accrual Schedule	Begin Period	BeginPeriod	sTYPE_DROPDOWN_PERIOD	No	No	ExpenseAccrualSchedule								EXISTING_GLOBAL;NEEDED_GLOBAL
Global	Contract	Expense Accrual Schedule	Begin Period / Year	BeginPeriodName	sTYPE_PERIOD_YEAR	No	No	ExpenseAccrualSchedule								EXISTING_GLOBAL;NEEDED_GLOBAL
Global	Contract	Expense Accrual Schedule	Begin Year	BeginYear	sTYPE_DROPDOWN_YEAR	No	No	ExpenseAccrualSchedule								EXISTING_GLOBAL;NEEDED_GLOBAL
Global	Contract	Expense Accrual Schedule	Contract	ContractID	sTYPE_CONTRACT	Yes	No	ExpenseAccrualSchedule								EXISTING_GLOBAL;NEEDED_GLOBAL
Global	Contract	Expense Accrual Schedule	Created By	CreatedByID	sTYPE_MEMBER	No	No	ExpenseAccrualSchedule								EXISTING_GLOBAL;NEEDED_GLOBAL
Global	Contract	Expense Accrual Schedule	Created Date	CreatedDate	sTYPE_TIME	No	No	ExpenseAccrualSchedule								EXISTING_GLOBAL;NEEDED_GLOBAL
Global	Contract	Expense Accrual Schedule	Daily Accrual Rate	DailyAccrualRate	sTYPE_MONEY	No	No	ExpenseAccrualSchedule								EXISTING_GLOBAL;NEEDED_GLOBAL
Global	Contract	Expense Accrual Schedule	Description	Description	sTYPE_TEXT	No	No	ExpenseAccrualSchedule								EXISTING_GLOBAL;NEEDED_GLOBAL
Global	Contract	Expense Accrual Schedule	End Period	EndPeriod	sTYPE_DROPDOWN_PERIOD	No	No	ExpenseAccrualSchedule								EXISTING_GLOBAL;NEEDED_GLOBAL
Global	Contract	Expense Accrual Schedule	End Period / Year	EndPeriodName	sTYPE_PERIOD_YEAR	No	No	ExpenseAccrualSchedule								EXISTING_GLOBAL;NEEDED_GLOBAL
Global	Contract	Expense Accrual Schedule	End Year	EndYear	sTYPE_DROPDOWN_YEAR	No	No	ExpenseAccrualSchedule								EXISTING_GLOBAL;NEEDED_GLOBAL
Global	Contract	Expense Accrual Schedule	Expense Accrual Schedule ClientID	BOMapClientRecordID	sTYPE_TEXT	Yes	No	ExpenseAccrualSchedule								EXISTING_GLOBAL;NEEDED_GLOBAL
Global	Contract	Expense Accrual Schedule	Expense Accrual Schedule RecID	ExpenseAccrualScheduleID	sTYPE_UNFORMATTED_NUMBER	No	No	ExpenseAccrualSchedule								EXISTING_GLOBAL;NEEDED_GLOBAL
Global	Contract	Expense Accrual Schedule	Expense Accrual Setup	ExpenseAccrualSetupID	sTYPE_EXPENSE_ACCRUAL_SETUP	Yes	No	ExpenseAccrualSchedule								EXISTING_GLOBAL;NEEDED_GLOBAL
Global	Contract	Expense Accrual Schedule	First Payment Amount	FirstPaymentAmount	sTYPE_MONEY	No	No	ExpenseAccrualSchedule								EXISTING_GLOBAL;NEEDED_GLOBAL
Global	Contract	Expense Accrual Schedule	Forecast Adjustment	ForecastAdjustment	sTYPE_MONEY	No	No	ExpenseAccrualSchedule								EXISTING_GLOBAL;NEEDED_GLOBAL
Global	Contract	Expense Accrual Schedule	Forecast Cap Percent	ForecastCapPercent	sTYPE_PERCENTAGE	No	No	ExpenseAccrualSchedule								EXISTING_GLOBAL;NEEDED_GLOBAL
Global	Contract	Expense Accrual Schedule	Forecast Growth Percent	ForecastGrowthPercent	sTYPE_PERCENTAGE	No	No	ExpenseAccrualSchedule								EXISTING_GLOBAL;NEEDED_GLOBAL
Global	Contract	Expense Accrual Schedule	Last Payment Amount	LastPaymentAmount	sTYPE_MONEY	No	No	ExpenseAccrualSchedule								EXISTING_GLOBAL;NEEDED_GLOBAL
Global	Contract	Expense Accrual Schedule	Modified By	ModifiedByID	sTYPE_MEMBER	No	No	ExpenseAccrualSchedule								EXISTING_GLOBAL;NEEDED_GLOBAL
Global	Contract	Expense Accrual Schedule	Modified Date	ModifiedDate	sTYPE_TIME	No	No	ExpenseAccrualSchedule								EXISTING_GLOBAL;NEEDED_GLOBAL
Global	Contract	Expense Accrual Schedule	Notes	Notes	sTYPE_TEXTAREA	No	No	ExpenseAccrualSchedule								EXISTING_GLOBAL;NEEDED_GLOBAL
Global	Contract	Expense Accrual Schedule	Period Amount	PeriodAmount	sTYPE_MONEY	No	No	ExpenseAccrualSchedule								EXISTING_GLOBAL;NEEDED_GLOBAL
Global	Contract	Expense Accrual Schedule	Plan Adjustment	PlanAdjustment	sTYPE_MONEY	No	No	ExpenseAccrualSchedule								EXISTING_GLOBAL;NEEDED_GLOBAL
Global	Contract	Expense Accrual Schedule	Plan Cap Percent	PlanCapPercent	sTYPE_PERCENTAGE	No	No	ExpenseAccrualSchedule								EXISTING_GLOBAL;NEEDED_GLOBAL
Global	Contract	Expense Accrual Schedule	Plan Growth Percent	PlanGrowthPercent	sTYPE_PERCENTAGE	No	No	ExpenseAccrualSchedule								EXISTING_GLOBAL;NEEDED_GLOBAL
Global	Contract	Expense Accrual Schedule	Planning and Forecasting Notes	PlanForecastNotes	sTYPE_TEXTAREA	No	No	ExpenseAccrualSchedule								EXISTING_GLOBAL;NEEDED_GLOBAL
Global	Contract	Expense Accrual Schedule	Rev Number	RevNumber	sTYPE_UNFORMATTED_NUMBER	No	No	ExpenseAccrualSchedule								EXISTING_GLOBAL;NEEDED_GLOBAL
Global	Contract	Expense Accrual Setup	Accrual Message	AccrualMessage	sTYPE_TEXT	No	No	ExpenseAccrualSetup								EXISTING_GLOBAL;NEEDED_GLOBAL
Global	Contract	Expense Accrual Setup	Amendment	AmendmentID	sTYPE_CONTRACT_AMENDMENT	No	No	ExpenseAccrualSetup								EXISTING_GLOBAL;NEEDED_GLOBAL
Global	Contract	Expense Accrual Setup	Begin Date	BeginDate	sTYPE_DATE	No	No	ExpenseAccrualSetup								EXISTING_GLOBAL;NEEDED_GLOBAL
Global	Contract	Expense Accrual Setup	Begin Period / Year	BeginPeriodName	sTYPE_TEXT	No	No	ExpenseAccrualSetup								EXISTING_GLOBAL;NEEDED_GLOBAL
Global	Contract	Expense Accrual Setup	Building Area Unit	CodeBuildingAreaUnitID	sCODE_BUILDING_AREA_UNIT	No	No	ExpenseAccrualSetup								EXISTING_GLOBAL;NEEDED_GLOBAL
Global	Contract	Expense Accrual Setup	Contract	ContractID	sTYPE_CONTRACT	Yes	No	ExpenseAccrualSetup								EXISTING_GLOBAL;NEEDED_GLOBAL
Global	Contract	Expense Accrual Setup	Covenant	CovenantID	sTYPE_COVENANT	No	No	ExpenseAccrualSetup								EXISTING_GLOBAL;NEEDED_GLOBAL
Global	Contract	Expense Accrual Setup	Created By	CreatedByID	sTYPE_MEMBER	No	No	ExpenseAccrualSetup								EXISTING_GLOBAL;NEEDED_GLOBAL
Global	Contract	Expense Accrual Setup	Created Date	CreatedDate	sTYPE_TIME	No	No	ExpenseAccrualSetup								EXISTING_GLOBAL;NEEDED_GLOBAL
Global	Contract	Expense Accrual Setup	Currency Type	CodeCurrencyTypeID	sCODE_CURRENCY_TYPE	No	No	ExpenseAccrualSetup								EXISTING_GLOBAL;NEEDED_GLOBAL
Global	Contract	Expense Accrual Setup	Current Annual Expense	CurrentAnnualExpense	sTYPE_MONEY	No	No	ExpenseAccrualSetup								EXISTING_GLOBAL;NEEDED_GLOBAL
Global	Contract	Expense Accrual Setup	Current Period Expense	CurrentPeriodExpense	sTYPE_MONEY	No	No	ExpenseAccrualSetup								EXISTING_GLOBAL;NEEDED_GLOBAL
Global	Contract	Expense Accrual Setup	Daily Rent	IsDailyRent	sTYPE_CHECKBOX	No	No	ExpenseAccrualSetup								EXISTING_GLOBAL;NEEDED_GLOBAL
Global	Contract	Expense Accrual Setup	Description	Description	sTYPE_TEXT	No	No	ExpenseAccrualSetup								EXISTING_GLOBAL;NEEDED_GLOBAL
Global	Contract	Expense Accrual Setup	End Date	EndDate	sTYPE_DATE	No	No	ExpenseAccrualSetup								EXISTING_GLOBAL;NEEDED_GLOBAL
Global	Contract	Expense Accrual Setup	End Period / Year	EndPeriodName	sTYPE_TEXT	No	No	ExpenseAccrualSetup								EXISTING_GLOBAL;NEEDED_GLOBAL
Global	Contract	Expense Accrual Setup	Expense Accrual Setup ClientID	BOMapClientRecordID	sTYPE_TEXT	Yes	No	ExpenseAccrualSetup								EXISTING_GLOBAL;NEEDED_GLOBAL
Global	Contract	Expense Accrual Setup	Expense Accrual Setup RecID	ExpenseAccrualSetupID	sTYPE_UNFORMATTED_NUMBER	No	No	ExpenseAccrualSetup								EXISTING_GLOBAL;NEEDED_GLOBAL
Global	Contract	Expense Accrual Setup	Expense Category	CodeExpenseCategoryID	sCODE_EXPENSE_CATEGORY	No	No	ExpenseAccrualSetup								EXISTING_GLOBAL;NEEDED_GLOBAL
Global	Contract	Expense Accrual Setup	Expense Group	CodeExpenseGroupID	sCODE_EXPENSE_GROUP	No	No	ExpenseAccrualSetup								EXISTING_GLOBAL;NEEDED_GLOBAL
Global	Contract	Expense Accrual Setup	Expense Setup	ExpenseSetupID	sTYPE_EXPENSE_SETUP	No	No	ExpenseAccrualSetup								EXISTING_GLOBAL;NEEDED_GLOBAL
Global	Contract	Expense Accrual Setup	Expense Type	CodeExpenseTypeID	sCODE_EXPENSE_TYPE	No	No	ExpenseAccrualSetup								EXISTING_GLOBAL;NEEDED_GLOBAL
Global	Contract	Expense Accrual Setup	Hold?	HoldFlag	sTYPE_CHECKBOX	No	No	ExpenseAccrualSetup								EXISTING_GLOBAL;NEEDED_GLOBAL
Global	Contract	Expense Accrual Setup	Modified By	ModifiedByID	sTYPE_MEMBER	No	No	ExpenseAccrualSetup								EXISTING_GLOBAL;NEEDED_GLOBAL
Global	Contract	Expense Accrual Setup	Modified Date	ModifiedDate	sTYPE_TIME	No	No	ExpenseAccrualSetup								EXISTING_GLOBAL;NEEDED_GLOBAL
Global	Contract	Expense Accrual Setup	Notes	Notes	sTYPE_TEXTAREA	No	No	ExpenseAccrualSetup								EXISTING_GLOBAL;NEEDED_GLOBAL
Global	Contract	Expense Accrual Setup	Record Type	CodeAccrualTypeID	sCODE_ACCRUAL_TYPE	Yes	No	ExpenseAccrualSetup								EXISTING_GLOBAL;NEEDED_GLOBAL
Global	Contract	Expense Accrual Setup	Rentable Area	RentableArea	sTYPE_AREA	No	No	ExpenseAccrualSetup								EXISTING_GLOBAL;NEEDED_GLOBAL
Global	Contract	Expense Accrual Setup	Rev Number	RevNumber	sTYPE_UNFORMATTED_NUMBER	No	No	ExpenseAccrualSetup								EXISTING_GLOBAL;NEEDED_GLOBAL
Global	Contract	Expense Accrual Setup	Section	Section	sTYPE_TEXT	No	No	ExpenseAccrualSetup								EXISTING_GLOBAL;NEEDED_GLOBAL
Global	Contract	Expense Allocation	Allocation ClientID	BOMapClientRecordID	sTYPE_TEXT	Yes	No	ExpenseAllocation								EXISTING_GLOBAL;NEEDED_GLOBAL
Global	Contract	Expense Allocation	Allocation Percentage	AllocationPercentage	sTYPE_PERCENTAGE	No	No	ExpenseAllocation								EXISTING_GLOBAL;NEEDED_GLOBAL
Global	Contract	Expense Allocation	Allocation RecID	ExpenseAllocationID	sTYPE_UNFORMATTED_NUMBER	No	No	ExpenseAllocation								EXISTING_GLOBAL;NEEDED_GLOBAL
Global	Contract	Expense Allocation	Begin Date	BeginDate	sTYPE_DATE	No	No	ExpenseAllocation								EXISTING_GLOBAL;NEEDED_GLOBAL
Global	Contract	Expense Allocation	Contract	ContractID	sTYPE_CONTRACT	Yes	No	ExpenseAllocation								EXISTING_GLOBAL;NEEDED_GLOBAL
Global	Contract	Expense Allocation	Effective Date	EffectiveDate	sTYPE_DATE	No	No	ExpenseAllocation								EXISTING_GLOBAL;NEEDED_GLOBAL
Global	Contract	Expense Allocation	End Date	EndDate	sTYPE_DATE	No	No	ExpenseAllocation								EXISTING_GLOBAL;NEEDED_GLOBAL
Global	Contract	Expense Allocation	Equipment	AssetID	sTYPE_EQUIPMENT	No	No	ExpenseAllocation								EXISTING_GLOBAL;NEEDED_GLOBAL
Global	Contract	Expense Allocation	Equipment Associated Entity	AssetAssociatedProjectEntityID	sTYPE_MIXEDENTITY	No	No	ExpenseAllocation								EXISTING_GLOBAL;NEEDED_GLOBAL
Global	Contract	Expense Allocation	Expense Setup	ExpenseSetupID	sTYPE_EXPENSE_SETUP	No	No	ExpenseAllocation								EXISTING_GLOBAL;NEEDED_GLOBAL
Global	Contract	Expense Allocation	Modified By	ModifiedByID	sTYPE_MEMBER	No	No	ExpenseAllocation								EXISTING_GLOBAL;NEEDED_GLOBAL
Global	Contract	Expense Allocation	Modified Date	ModifiedDate	sTYPE_TIME	No	No	ExpenseAllocation								EXISTING_GLOBAL;NEEDED_GLOBAL
Global	Contract	Expense Allocation	Notes	Notes	sTYPE_TEXTAREA	No	No	ExpenseAllocation								EXISTING_GLOBAL;NEEDED_GLOBAL
Global	Contract	Expense Allocation	Organization	OrganizationID	sTYPE_ORGANIZATION	No	No	ExpenseAllocation								EXISTING_GLOBAL;NEEDED_GLOBAL
Global	Contract	Expense Escalation	Base Amount	BaseAmount	sTYPE_MONEY	No	No	ExpenseEscalation								EXISTING_GLOBAL;NEEDED_GLOBAL
Global	Contract	Expense Escalation	Base Year	BaseYear	sTYPE_TEXT	No	No	ExpenseEscalation								EXISTING_GLOBAL;NEEDED_GLOBAL
Global	Contract	Expense Escalation	Begin Date	BeginDate	sTYPE_DATE	No	No	ExpenseEscalation								EXISTING_GLOBAL;NEEDED_GLOBAL
Global	Contract	Expense Escalation	Cap Amount	CapAmount	sTYPE_MONEY	No	No	ExpenseEscalation								EXISTING_GLOBAL;NEEDED_GLOBAL
Global	Contract	Expense Escalation	Cap Percentage	CapPercentage	sTYPE_PERCENTAGE	No	No	ExpenseEscalation								EXISTING_GLOBAL;NEEDED_GLOBAL
Global	Contract	Expense Escalation	Contract	ContractID	sTYPE_CONTRACT	Yes	No	ExpenseEscalation								EXISTING_GLOBAL;NEEDED_GLOBAL
Global	Contract	Expense Escalation	End Date	EndDate	sTYPE_DATE	No	No	ExpenseEscalation								EXISTING_GLOBAL;NEEDED_GLOBAL
Global	Contract	Expense Escalation	Escalation Category	CodeEscalationCategoryID	sCODE_ESCALATION_CATEGORY	No	No	ExpenseEscalation								EXISTING_GLOBAL;NEEDED_GLOBAL
Global	Contract	Expense Escalation	Escalation ClientID	BOMapClientRecordID	sTYPE_TEXT	Yes	No	ExpenseEscalation								EXISTING_GLOBAL;NEEDED_GLOBAL
Global	Contract	Expense Escalation	Escalation Group	CodeEscalationGroupID	sCODE_ESCALATION_GROUP	No	No	ExpenseEscalation								EXISTING_GLOBAL;NEEDED_GLOBAL
Global	Contract	Expense Escalation	Escalation Index	EscalationIndexID	sTYPE_ESCALATION_INDEX	No	No	ExpenseEscalation								EXISTING_GLOBAL;NEEDED_GLOBAL
Global	Contract	Expense Escalation	Escalation Method	EscalationMethod	sTYPE_TEXT	No	No	ExpenseEscalation								EXISTING_GLOBAL;NEEDED_GLOBAL
Global	Contract	Expense Escalation	Escalation Period	EscalationPeriod	sTYPE_NUMBER	No	No	ExpenseEscalation								EXISTING_GLOBAL;NEEDED_GLOBAL
Global	Contract	Expense Escalation	Escalation RecID	ExpenseEscalationID	sTYPE_UNFORMATTED_NUMBER	No	No	ExpenseEscalation								EXISTING_GLOBAL;NEEDED_GLOBAL
Global	Contract	Expense Escalation	Escalation Type	CodeEscalationTypeID	sCODE_ESCALATION_TYPE	No	No	ExpenseEscalation								EXISTING_GLOBAL;NEEDED_GLOBAL
Global	Contract	Expense Escalation	Expense Setup	ExpenseSetupID	sTYPE_EXPENSE_SETUP	Yes	No	ExpenseEscalation								EXISTING_GLOBAL;NEEDED_GLOBAL
Global	Contract	Expense Escalation	Fixed Amount	FixedAmount	sTYPE_MONEY	No	No	ExpenseEscalation								EXISTING_GLOBAL;NEEDED_GLOBAL
Global	Contract	Expense Escalation	Frequency	CodeFrequencyID	sCODE_MONTH_FREQUENCY	No	No	ExpenseEscalation								EXISTING_GLOBAL;NEEDED_GLOBAL
Global	Contract	Expense Escalation	Index Base Factor	IndexBaseFactor	sTYPE_PERCENTAGE	No	No	ExpenseEscalation								EXISTING_GLOBAL;NEEDED_GLOBAL
Global	Contract	Expense Escalation	Lifetime Max Percentage	LifetimeMaxPercentage	sTYPE_PERCENTAGE	No	No	ExpenseEscalation								EXISTING_GLOBAL;NEEDED_GLOBAL
Global	Contract	Expense Escalation	Lifetime Min Percentage	LifetimeMinPercentage	sTYPE_PERCENTAGE	No	No	ExpenseEscalation								EXISTING_GLOBAL;NEEDED_GLOBAL
Global	Contract	Expense Escalation	Modified By	ModifiedByID	sTYPE_MEMBER	No	No	ExpenseEscalation								EXISTING_GLOBAL;NEEDED_GLOBAL
Global	Contract	Expense Escalation	Modified Date	ModifiedDate	sTYPE_TIME	No	No	ExpenseEscalation								EXISTING_GLOBAL;NEEDED_GLOBAL
Global	Contract	Expense Escalation	Notes	Notes	sTYPE_TEXTAREA	No	No	ExpenseEscalation								EXISTING_GLOBAL;NEEDED_GLOBAL
Global	Contract	Expense Escalation	Period Max Percentage	PeriodMaxPercentage	sTYPE_PERCENTAGE	No	No	ExpenseEscalation								EXISTING_GLOBAL;NEEDED_GLOBAL
Global	Contract	Expense Escalation	Period Min Percentage	PeriodMinPercentage	sTYPE_PERCENTAGE	No	No	ExpenseEscalation								EXISTING_GLOBAL;NEEDED_GLOBAL
Global	Contract	Expense Escalation	Stop Amount	StopAmount	sTYPE_MONEY	No	No	ExpenseEscalation								EXISTING_GLOBAL;NEEDED_GLOBAL
Global	Contract	Expense Forecast	Begin Date	BeginDate	sTYPE_DATE	No	No	VirtualExpenseForecastPeriod								EXISTING_GLOBAL;NEEDED_GLOBAL
Global	Contract	Expense Forecast	Calendar Month	MonthName	sTYPE_TEXT	No	No	VirtualExpenseForecastPeriod								EXISTING_GLOBAL;NEEDED_GLOBAL
Global	Contract	Expense Forecast	Calendar Year	CalendarYear	sTYPE_DROPDOWN_YEAR	No	No	VirtualExpenseForecastPeriod								EXISTING_GLOBAL;NEEDED_GLOBAL
Global	Contract	Expense Forecast	Contract	ContractID	sTYPE_CONTRACT	No	No	VirtualExpenseForecastPeriod								EXISTING_GLOBAL;NEEDED_GLOBAL
Global	Contract	Expense Forecast	End Date	EndDate	sTYPE_DATE	No	No	VirtualExpenseForecastPeriod								EXISTING_GLOBAL;NEEDED_GLOBAL
Global	Contract	Expense Forecast	Expense Category	CodeExpenseCategoryID	sCODE_EXPENSE_CATEGORY	No	No	VirtualExpenseForecastPeriod								EXISTING_GLOBAL;NEEDED_GLOBAL
Global	Contract	Expense Forecast	Expense Group	CodeExpenseGroupID	sCODE_EXPENSE_GROUP	No	No	VirtualExpenseForecastPeriod								EXISTING_GLOBAL;NEEDED_GLOBAL
Global	Contract	Expense Forecast	Expense Setup	ExpenseSetupID	sTYPE_EXPENSE_SETUP	No	No	VirtualExpenseForecastPeriod								EXISTING_GLOBAL;NEEDED_GLOBAL
Global	Contract	Expense Forecast	Expense Type	CodeExpenseTypeID	sCODE_EXPENSE_TYPE	No	No	VirtualExpenseForecastPeriod								EXISTING_GLOBAL;NEEDED_GLOBAL
Global	Contract	Expense Forecast	Fiscal Period	Period	sTYPE_NUMBER	No	No	VirtualExpenseForecastPeriod								EXISTING_GLOBAL;NEEDED_GLOBAL
Global	Contract	Expense Forecast	Fiscal Year	FiscalYear	sTYPE_DROPDOWN_YEAR	No	No	VirtualExpenseForecastPeriod								EXISTING_GLOBAL;NEEDED_GLOBAL
Global	Contract	Expense Forecast	Ignore Alternate Rent?	IgnoreAlternateRent	sTYPE_BOOLEAN	No	No	VirtualExpenseForecastPeriod								EXISTING_GLOBAL;NEEDED_GLOBAL
Global	Contract	Expense Forecast	In Alternate Rent?	InAlternateRent	sTYPE_BOOLEAN	No	No	VirtualExpenseForecastPeriod								EXISTING_GLOBAL;NEEDED_GLOBAL
Global	Contract	Expense Forecast	Is CPI?	IsCPI	sTYPE_BOOLEAN	No	No	VirtualExpenseForecastPeriod								EXISTING_GLOBAL;NEEDED_GLOBAL
Global	Contract	Expense Forecast	Is Fiscal Forecast?	IsFiscalForecast	sTYPE_BOOLEAN	No	No	VirtualExpenseForecastPeriod								EXISTING_GLOBAL;NEEDED_GLOBAL
Global	Contract	Expense Forecast	Is Obligation?	IsObligationOnly	sTYPE_BOOLEAN	No	No	VirtualExpenseForecastPeriod								EXISTING_GLOBAL;NEEDED_GLOBAL
Global	Contract	Expense Forecast	Paid / Forecast Period Amount	AdjustedPeriodExpense	sTYPE_MONEY	No	No	VirtualExpenseForecastPeriod								EXISTING_GLOBAL;NEEDED_GLOBAL
Global	Contract	Expense Forecast	Period Amount	PeriodExpense	sTYPE_MONEY	No	No	VirtualExpenseForecastPeriod								EXISTING_GLOBAL;NEEDED_GLOBAL
Global	Contract	Expense Forecast	Period Paid Amount	RentPaid	sTYPE_MONEY	No	No	VirtualExpenseForecastPeriod								EXISTING_GLOBAL;NEEDED_GLOBAL
Global	Contract	Expense Forecast	Straight-Line Schedule	CodeSLScheduleID	sCODE_SL_SCHEDULE	No	No	VirtualExpenseForecastPeriod								EXISTING_GLOBAL;NEEDED_GLOBAL
Global	Contract	Expense Offset	Aggregate Expense Group	CodePRAggregateExpGroupID	sCODE_EXPENSE_GROUP	No	No	VariableRentOffset								EXISTING_GLOBAL;NEEDED_GLOBAL
Global	Contract	Expense Offset	Aggregate Expense Type	CodePRAggregateExpTypeID	sCODE_EXPENSE_TYPE	No	No	VariableRentOffset								EXISTING_GLOBAL;NEEDED_GLOBAL
Global	Contract	Expense Offset	Begin Date	BeginDate	sTYPE_DATE	No	No	VariableRentOffset								EXISTING_GLOBAL;NEEDED_GLOBAL
Global	Contract	Expense Offset	Cap Amount	CapAmount	sTYPE_MONEY	No	No	VariableRentOffset								EXISTING_GLOBAL;NEEDED_GLOBAL
Global	Contract	Expense Offset	Cap Percent	CapPercent	sTYPE_PERCENTAGE	No	No	VariableRentOffset								EXISTING_GLOBAL;NEEDED_GLOBAL
Global	Contract	Expense Offset	Contract	ContractID	sTYPE_CONTRACT	Yes	No	VariableRentOffset								EXISTING_GLOBAL;NEEDED_GLOBAL
Global	Contract	Expense Offset	Currency Type	CodeCurrencyTypeID	sCODE_CURRENCY_TYPE	No	No	VariableRentOffset								EXISTING_GLOBAL;NEEDED_GLOBAL
Global	Contract	Expense Offset	End Date	EndDate	sTYPE_DATE	No	No	VariableRentOffset								EXISTING_GLOBAL;NEEDED_GLOBAL
Global	Contract	Expense Offset	Expense Group	CodeExpenseGroupID	sCODE_EXPENSE_GROUP	No	No	VariableRentOffset								EXISTING_GLOBAL;NEEDED_GLOBAL
Global	Contract	Expense Offset	Expense Type	CodeExpenseTypeID	sCODE_EXPENSE_TYPE	No	No	VariableRentOffset								EXISTING_GLOBAL;NEEDED_GLOBAL
Global	Contract	Expense Offset	Fixed Offset Amount	FixedOffsetAmount	sTYPE_MONEY	No	No	VariableRentOffset								EXISTING_GLOBAL;NEEDED_GLOBAL
Global	Contract	Expense Offset	Modified By	ModifiedByID	sTYPE_MEMBER	No	No	VariableRentOffset								EXISTING_GLOBAL;NEEDED_GLOBAL
Global	Contract	Expense Offset	Modified Date	ModifiedDate	sTYPE_TIME	No	No	VariableRentOffset								EXISTING_GLOBAL;NEEDED_GLOBAL
Global	Contract	Expense Offset	Notes	Notes	sTYPE_TEXTAREA	No	No	VariableRentOffset								EXISTING_GLOBAL;NEEDED_GLOBAL
Global	Contract	Expense Offset	Offset ClientID	BOMapClientRecordID	sTYPE_TEXT	Yes	No	VariableRentOffset								EXISTING_GLOBAL;NEEDED_GLOBAL
Global	Contract	Expense Offset	Offset Group	CodeOffsetGroupID	sCODE_OFFSET_GROUP	No	No	VariableRentOffset								EXISTING_GLOBAL;NEEDED_GLOBAL
Global	Contract	Expense Offset	Offset RecID	VariableRentOffsetID	sTYPE_UNFORMATTED_NUMBER	No	No	VariableRentOffset								EXISTING_GLOBAL;NEEDED_GLOBAL
Global	Contract	Expense Offset	Offset Type	CodeOffsetTypeID	sCODE_OFFSET_TYPE	No	No	VariableRentOffset								EXISTING_GLOBAL;NEEDED_GLOBAL
Global	Contract	Expense Offset	Sales Group	CodeSalesGroupID	sCODE_SALES_GROUP	No	No	VariableRentOffset								EXISTING_GLOBAL;NEEDED_GLOBAL
Global	Contract	Expense Recovery	Amendment	AmendmentID	sTYPE_CONTRACT_AMENDMENT	No	No	ExpenseRecovery								EXISTING_GLOBAL;NEEDED_GLOBAL
Global	Contract	Expense Recovery	Approval Status	CodeApprovalStatusID	sCODE_APPROVAL_STATUS_EXPRECOVERY	No	No	ExpenseRecovery								EXISTING_GLOBAL;NEEDED_GLOBAL
Global	Contract	Expense Recovery	Base Year	BaseYear	sTYPE_TEXT	No	No	ExpenseRecovery								EXISTING_GLOBAL;NEEDED_GLOBAL
Global	Contract	Expense Recovery	Base Year Amount	BaseYearAmount	sTYPE_MONEY	No	No	ExpenseRecovery								EXISTING_GLOBAL;NEEDED_GLOBAL
Global	Contract	Expense Recovery	Base Year Amount Type	CodeBaseYearAmountTypeID	sCODE_BASE_YEAR_AMOUNT_TYPE	No	No	ExpenseRecovery								EXISTING_GLOBAL;NEEDED_GLOBAL
Global	Contract	Expense Recovery	Begin Date	BeginDate	sTYPE_DATE	No	No	ExpenseRecovery								EXISTING_GLOBAL;NEEDED_GLOBAL
Global	Contract	Expense Recovery	Calculation Method	CodeCalculationMethodID	sCODE_CALCULATION_METHOD	No	No	ExpenseRecovery								EXISTING_GLOBAL;NEEDED_GLOBAL
Global	Contract	Expense Recovery	Cap Amount Per-Period Change (Percent)	CapAmountChangePercent	sTYPE_PERCENTAGE	No	No	ExpenseRecovery								EXISTING_GLOBAL;NEEDED_GLOBAL
Global	Contract	Expense Recovery	Cap Amount Per-Period Change (Value)	CapAmountChangeValue	sTYPE_MONEY	No	No	ExpenseRecovery								EXISTING_GLOBAL;NEEDED_GLOBAL
Global	Contract	Expense Recovery	Cap Percentage	CapPercentage	sTYPE_PERCENTAGE	No	No	ExpenseRecovery								EXISTING_GLOBAL;NEEDED_GLOBAL
Global	Contract	Expense Recovery	Cap Type	CodeCapTypeID	sCODE_CAP_TYPE	No	No	ExpenseRecovery								EXISTING_GLOBAL;NEEDED_GLOBAL
Global	Contract	Expense Recovery	Catch Up Number of Months	CatchUpNumberOfMonths	sTYPE_NUMBER_FRACTION2DIGITS	No	No	ExpenseRecovery								EXISTING_GLOBAL;NEEDED_GLOBAL
Global	Contract	Expense Recovery	Catch Up Payment Amount	CatchUpPaymentAmount	sTYPE_MONEY	No	No	ExpenseRecovery								EXISTING_GLOBAL;NEEDED_GLOBAL
Global	Contract	Expense Recovery	Contract	ContractID	sTYPE_CONTRACT	Yes	No	ExpenseRecovery								EXISTING_GLOBAL;NEEDED_GLOBAL
Global	Contract	Expense Recovery	Covenant	CovenantID	sTYPE_COVENANT	No	No	ExpenseRecovery								EXISTING_GLOBAL;NEEDED_GLOBAL
Global	Contract	Expense Recovery	Created By	CreatedByID	sTYPE_MEMBER	No	No	ExpenseRecovery								EXISTING_GLOBAL;NEEDED_GLOBAL
Global	Contract	Expense Recovery	Created Date	CreatedDate	sTYPE_TIME	No	No	ExpenseRecovery								EXISTING_GLOBAL;NEEDED_GLOBAL
Global	Contract	Expense Recovery	Currency Type	CodeCurrencyTypeID	sCODE_CURRENCY_TYPE	No	No	ExpenseRecovery								EXISTING_GLOBAL;NEEDED_GLOBAL
Global	Contract	Expense Recovery	Current Escrow Payment	CurrentEscrowPayment	sTYPE_MONEY	No	No	ExpenseRecovery								EXISTING_GLOBAL;NEEDED_GLOBAL
Global	Contract	Expense Recovery	Date Received	DateReceived	sTYPE_DATE	No	No	ExpenseRecovery								EXISTING_GLOBAL;NEEDED_GLOBAL
Global	Contract	Expense Recovery	Documents	DocumentIDList	sTYPE_DOCUMENT_LIST	No	No	ExpenseRecovery								EXISTING_GLOBAL;NEEDED_GLOBAL
Global	Contract	Expense Recovery	End Date	EndDate	sTYPE_DATE	No	No	ExpenseRecovery								EXISTING_GLOBAL;NEEDED_GLOBAL
Global	Contract	Expense Recovery	Escalation Amount Increase	EscalationAmountIncrease	sTYPE_MONEY_MATH_OPERATION	No	No	ExpenseRecovery								EXISTING_GLOBAL;NEEDED_GLOBAL
Global	Contract	Expense Recovery	Escalation Payment Method	CodeEscalationPaymentMethodID	sCODE_ESCALATION_PAYMENT_METHOD	No	No	ExpenseRecovery								EXISTING_GLOBAL;NEEDED_GLOBAL
Global	Contract	Expense Recovery	Escalation Percentage	EscalationPercentage	sTYPE_PERCENTAGE	No	No	ExpenseRecovery								EXISTING_GLOBAL;NEEDED_GLOBAL
Global	Contract	Expense Recovery	Exp Rec Based On	CodeExpRecBasedOnID	sCODE_EXP_REC_BASED_ON	No	No	ExpenseRecovery								EXISTING_GLOBAL;NEEDED_GLOBAL
Global	Contract	Expense Recovery	Expense Group	CodeExpenseGroupID	sCODE_EXPENSE_GROUP	No	No	ExpenseRecovery								EXISTING_GLOBAL;NEEDED_GLOBAL
Global	Contract	Expense Recovery	Expense Recovery ClientID	BOMapClientRecordID	sTYPE_TEXT	Yes	No	ExpenseRecovery								EXISTING_GLOBAL;NEEDED_GLOBAL
Global	Contract	Expense Recovery	Expense Recovery RecID	ExpenseRecoveryID	sTYPE_UNFORMATTED_NUMBER	No	No	ExpenseRecovery								EXISTING_GLOBAL;NEEDED_GLOBAL
Global	Contract	Expense Recovery	Expense Type	CodeExpenseTypeID	sCODE_EXPENSE_TYPE	No	No	ExpenseRecovery								EXISTING_GLOBAL;NEEDED_GLOBAL
Global	Contract	Expense Recovery	Grossup Rate	GrossupRate	sTYPE_MONEY	No	No	ExpenseRecovery								EXISTING_GLOBAL;NEEDED_GLOBAL
Global	Contract	Expense Recovery	Is Escalation Non-Cumulative	IsRecoveryCapEscalationNonCum	sTYPE_CHECKBOX	No	No	ExpenseRecovery								EXISTING_GLOBAL;NEEDED_GLOBAL
Global	Contract	Expense Recovery	Maximum Value	MaximumValue	sTYPE_MONEY	No	No	ExpenseRecovery								EXISTING_GLOBAL;NEEDED_GLOBAL
Global	Contract	Expense Recovery	Minimum Value	MinimumValue	sTYPE_MONEY	No	No	ExpenseRecovery								EXISTING_GLOBAL;NEEDED_GLOBAL
Global	Contract	Expense Recovery	Modified By	ModifiedByID	sTYPE_MEMBER	No	No	ExpenseRecovery								EXISTING_GLOBAL;NEEDED_GLOBAL
Global	Contract	Expense Recovery	Modified Date	ModifiedDate	sTYPE_TIME	No	No	ExpenseRecovery								EXISTING_GLOBAL;NEEDED_GLOBAL
Global	Contract	Expense Recovery	New Escalation Payment	NewEscalationPayment	sTYPE_MONEY	No	No	ExpenseRecovery								EXISTING_GLOBAL;NEEDED_GLOBAL
Global	Contract	Expense Recovery	Notes	Notes	sTYPE_TEXTAREA	No	No	ExpenseRecovery								EXISTING_GLOBAL;NEEDED_GLOBAL
Global	Contract	Expense Recovery	Number of Days In Period	NumDaysInRecoveryPeriod	sTYPE_DATE_MATH_OPERATION	No	No	ExpenseRecovery								EXISTING_GLOBAL;NEEDED_GLOBAL
Global	Contract	Expense Recovery	Occupancy Factor	OccupancyAdjustedThreshold	sTYPE_PERCENT_MATH_OPERATION	No	No	ExpenseRecovery								EXISTING_GLOBAL;NEEDED_GLOBAL
Global	Contract	Expense Recovery	Payment Frequency	CodePaymentFrequencyID	sCODE_MONTH_FREQUENCY	No	No	ExpenseRecovery								EXISTING_GLOBAL;NEEDED_GLOBAL
Global	Contract	Expense Recovery	Pro Rata Share Method	CodeProRataShareMethodID	sCODE_PRO_RATA_SHARE_METHOD	No	No	ExpenseRecovery								EXISTING_GLOBAL;NEEDED_GLOBAL
Global	Contract	Expense Recovery	Proposed Catch Up Payment Amount	ProposedCatchUpPaymentAmount	sTYPE_MONEY_MATH_OPERATION	No	No	ExpenseRecovery								EXISTING_GLOBAL;NEEDED_GLOBAL
Global	Contract	Expense Recovery	Proposed Escalation Payment	ProposedEscalationPayment	sTYPE_MONEY_MATH_OPERATION	No	No	ExpenseRecovery								EXISTING_GLOBAL;NEEDED_GLOBAL
Global	Contract	Expense Recovery	Reconciled Date	ReconciledDate	sTYPE_DATE	No	No	ExpenseRecovery								EXISTING_GLOBAL;NEEDED_GLOBAL
Global	Contract	Expense Recovery	Reconciled?	ReconciledFlag	sTYPE_CHECKBOX	No	No	ExpenseRecovery								EXISTING_GLOBAL;NEEDED_GLOBAL
Global	Contract	Expense Recovery	Reconciliation Frequency	CodeReconciliationFrequencyID	sCODE_MONTH_FREQUENCY	No	No	ExpenseRecovery								EXISTING_GLOBAL;NEEDED_GLOBAL
Global	Contract	Expense Recovery	Recovery Exclusions	RecoveryExclusions	sTYPE_TEXTAREA	No	No	ExpenseRecovery								EXISTING_GLOBAL;NEEDED_GLOBAL
Global	Contract	Expense Recovery	Recovery Group	CodeRecoveryGroupID	sCODE_RECOVERY_GROUP	No	No	ExpenseRecovery								EXISTING_GLOBAL;NEEDED_GLOBAL
Global	Contract	Expense Recovery	Recovery Period	RecoveryPeriod	sTYPE_TEXT	No	No	ExpenseRecovery								EXISTING_GLOBAL;NEEDED_GLOBAL
Global	Contract	Expense Recovery	Recovery Period Days	RecoveryPeriodDaysNoZeroDef	sTYPE_NUMBER	No	No	ExpenseRecovery								EXISTING_GLOBAL;NEEDED_GLOBAL
Global	Contract	Expense Recovery	Recovery Type	CodeRecoveryTypeID	sCODE_RECOVERY_TYPE	No	No	ExpenseRecovery								EXISTING_GLOBAL;NEEDED_GLOBAL
Global	Contract	Expense Recovery	Rev Number	RevNumber	sTYPE_UNFORMATTED_NUMBER	No	No	ExpenseRecovery								EXISTING_GLOBAL;NEEDED_GLOBAL
Global	Contract	Expense Recovery	Section	Section	sTYPE_TEXT	No	No	ExpenseRecovery								EXISTING_GLOBAL;NEEDED_GLOBAL
Global	Contract	Expense Recovery	Tenant Due Date	TenantDueDate	sTYPE_DATE	No	No	ExpenseRecovery								EXISTING_GLOBAL;NEEDED_GLOBAL
Global	Contract	Expense Recovery	Tenant Savings Amount	TenantSavingsAmount	sTYPE_MONEY	No	No	ExpenseRecovery								EXISTING_GLOBAL;NEEDED_GLOBAL
Global	Contract	Expense Recovery Item	A-B Variance Amount	ABVarianceAmount	sTYPE_MONEY_MATH_OPERATION	No	No	ExpenseRecoveryItem								EXISTING_GLOBAL;NEEDED_GLOBAL
Global	Contract	Expense Recovery Item	A-B Variance Percent	ABVariancePercent	sTYPE_PERCENT_MATH_OPERATION	No	No	ExpenseRecoveryItem								EXISTING_GLOBAL;NEEDED_GLOBAL
Global	Contract	Expense Recovery Item	Admin Fee Amount	ApprovedAdminFeeAmtNoZeroDef	sTYPE_MONEY	No	No	ExpenseRecoveryItem								EXISTING_GLOBAL;NEEDED_GLOBAL
Global	Contract	Expense Recovery Item	Admin Fee Percentage	ApprovedAdminFeePrcntNoZeroDef	sTYPE_PERCENTAGE	No	No	ExpenseRecoveryItem								EXISTING_GLOBAL;NEEDED_GLOBAL
Global	Contract	Expense Recovery Item	A-P Variance Amount	APVarianceAmount	sTYPE_MONEY_MATH_OPERATION	No	No	ExpenseRecoveryItem								EXISTING_GLOBAL;NEEDED_GLOBAL
Global	Contract	Expense Recovery Item	A-P Variance Percent	APVariancePercent	sTYPE_PERCENT_MATH_OPERATION	No	No	ExpenseRecoveryItem								EXISTING_GLOBAL;NEEDED_GLOBAL
Global	Contract	Expense Recovery Item	Approval Status	CodeApprovalStatusID	sCODE_APPROVAL_STATUS_EXPRECOVERY	No	No	ExpenseRecoveryItem								EXISTING_GLOBAL;NEEDED_GLOBAL
Global	Contract	Expense Recovery Item	Approved Amount	ApprovedAmount	sTYPE_MONEY	No	No	ExpenseRecoveryItem								EXISTING_GLOBAL;NEEDED_GLOBAL
Global	Contract	Expense Recovery Item	Approved Pro Rata Share Rate	ApprovedProRataShareRate	sTYPE_PERCENTAGE	No	No	ExpenseRecoveryItem								EXISTING_GLOBAL;NEEDED_GLOBAL
Global	Contract	Expense Recovery Item	B-P Variance Amount	BPVarianceAmount	sTYPE_MONEY_MATH_OPERATION	No	No	ExpenseRecoveryItem								EXISTING_GLOBAL;NEEDED_GLOBAL
Global	Contract	Expense Recovery Item	B-P Variance Percent	BPVariancePercent	sTYPE_PERCENT_MATH_OPERATION	No	No	ExpenseRecoveryItem								EXISTING_GLOBAL;NEEDED_GLOBAL
Global	Contract	Expense Recovery Item	Budgeted Amount	BudgetedAmount	sTYPE_MONEY	No	No	ExpenseRecoveryItem								EXISTING_GLOBAL;NEEDED_GLOBAL
Global	Contract	Expense Recovery Item	Budgeted Amount Gross	BudgetedAmountGross	sTYPE_MONEY_MATH_OPERATION	No	No	ExpenseRecoveryItem								EXISTING_GLOBAL;NEEDED_GLOBAL
Global	Contract	Expense Recovery Item	Budgeted Amount Net	BudgetedAmountNet	sTYPE_MONEY_MATH_OPERATION	No	No	ExpenseRecoveryItem								EXISTING_GLOBAL;NEEDED_GLOBAL
Global	Contract	Expense Recovery Item	Budgeted Pro Rata Share Rate	BudgetedProRataShareRate	sTYPE_PERCENTAGE	No	No	ExpenseRecoveryItem								EXISTING_GLOBAL;NEEDED_GLOBAL
Global	Contract	Expense Recovery Item	Cap Amount	ApprovedCapAmountNoZeroDef	sTYPE_MONEY	No	No	ExpenseRecoveryItem								EXISTING_GLOBAL;NEEDED_GLOBAL
Global	Contract	Expense Recovery Item	Cap Percentage	ApprovedCapPercentNoZeroDef	sTYPE_PERCENTAGE	No	No	ExpenseRecoveryItem								EXISTING_GLOBAL;NEEDED_GLOBAL
Global	Contract	Expense Recovery Item	Computed Admin Fee	ComputedApprovedAdminFeeNoZeroDef	sTYPE_MONEY_MATH_OPERATION	No	No	ExpenseRecoveryItem								EXISTING_GLOBAL;NEEDED_GLOBAL
Global	Contract	Expense Recovery Item	Computed Approved Cap	ComputedApprovedCapNoZeroDef	sTYPE_MONEY_MATH_OPERATION	No	No	ExpenseRecoveryItem								EXISTING_GLOBAL;NEEDED_GLOBAL
Global	Contract	Expense Recovery Item	Computed Total Approved Amount	ComputedApprovedTotalAmount	sTYPE_MONEY_MATH_OPERATION	No	No	ExpenseRecoveryItem								EXISTING_GLOBAL;NEEDED_GLOBAL
Global	Contract	Expense Recovery Item	Computed Total Approved Amount Gross	ComputedApprovedTotalAmountGross	sTYPE_MONEY_MATH_OPERATION	No	No	ExpenseRecoveryItem								EXISTING_GLOBAL;NEEDED_GLOBAL
Global	Contract	Expense Recovery Item	Computed Total Approved Amount Net	ComputedApprovedTotalAmountNet	sTYPE_MONEY_MATH_OPERATION	No	No	ExpenseRecoveryItem								EXISTING_GLOBAL;NEEDED_GLOBAL
Global	Contract	Expense Recovery Item	Contract	ContractID	sTYPE_CONTRACT	Yes	No	ExpenseRecoveryItem								EXISTING_GLOBAL;NEEDED_GLOBAL
Global	Contract	Expense Recovery Item	Created By	CreatedByID	sTYPE_MEMBER	No	No	ExpenseRecoveryItem								EXISTING_GLOBAL;NEEDED_GLOBAL
Global	Contract	Expense Recovery Item	Created Date	CreatedDate	sTYPE_TIME	No	No	ExpenseRecoveryItem								EXISTING_GLOBAL;NEEDED_GLOBAL
Global	Contract	Expense Recovery Item	Expense Recovery	ExpenseRecoveryID	sTYPE_EXPENSE_RECOVERY	Yes	No	ExpenseRecoveryItem								EXISTING_GLOBAL;NEEDED_GLOBAL
Global	Contract	Expense Recovery Item	Expense Recovery Item ClientID	BOMapClientRecordID	sTYPE_TEXT	Yes	No	ExpenseRecoveryItem								EXISTING_GLOBAL;NEEDED_GLOBAL
Global	Contract	Expense Recovery Item	Expense Recovery Item RecID	ExpenseRecoveryItemID	sTYPE_UNFORMATTED_NUMBER	No	No	ExpenseRecoveryItem								EXISTING_GLOBAL;NEEDED_GLOBAL
Global	Contract	Expense Recovery Item	Modified By	ModifiedByID	sTYPE_MEMBER	No	No	ExpenseRecoveryItem								EXISTING_GLOBAL;NEEDED_GLOBAL
Global	Contract	Expense Recovery Item	Modified Date	ModifiedDate	sTYPE_TIME	No	No	ExpenseRecoveryItem								EXISTING_GLOBAL;NEEDED_GLOBAL
Global	Contract	Expense Recovery Item	Notes	Notes	sTYPE_TEXTAREA	No	No	ExpenseRecoveryItem								EXISTING_GLOBAL;NEEDED_GLOBAL
Global	Contract	Expense Recovery Item	Prior Approved Amount	PriorApprovedAmountNoZeroDef	sTYPE_MONEY	No	No	ExpenseRecoveryItem								EXISTING_GLOBAL;NEEDED_GLOBAL
Global	Contract	Expense Recovery Item	Prior Budgeted Amount	PriorBudgetedAmountNoZeroDef	sTYPE_MONEY	No	No	ExpenseRecoveryItem								EXISTING_GLOBAL;NEEDED_GLOBAL
Global	Contract	Expense Recovery Item	Prior Reported Amount	PriorReportedAmountNoZeroDef	sTYPE_MONEY	No	No	ExpenseRecoveryItem								EXISTING_GLOBAL;NEEDED_GLOBAL
Global	Contract	Expense Recovery Item	R-A Variance Amount	RAVarianceAmount	sTYPE_MONEY_MATH_OPERATION	No	No	ExpenseRecoveryItem								EXISTING_GLOBAL;NEEDED_GLOBAL
Global	Contract	Expense Recovery Item	R-A Variance Percent	RAVariancePercent	sTYPE_PERCENT_MATH_OPERATION	No	No	ExpenseRecoveryItem								EXISTING_GLOBAL;NEEDED_GLOBAL
Global	Contract	Expense Recovery Item	Recovery Item Group	CodeRecoveryItemGroupID	sCODE_RECOVERY_ITEM_GROUP	No	No	ExpenseRecoveryItem								EXISTING_GLOBAL;NEEDED_GLOBAL
Global	Contract	Expense Recovery Item	Recovery Item Type	CodeRecoveryItemTypeID	sCODE_RECOVERY_ITEM_TYPE	No	No	ExpenseRecoveryItem								EXISTING_GLOBAL;NEEDED_GLOBAL
Global	Contract	Expense Recovery Item	Recovery Section	CodeRecoverySectionID	sCODE_RECOVERY_SECTION	Yes	No	ExpenseRecoveryItem								EXISTING_GLOBAL;NEEDED_GLOBAL
Global	Contract	Expense Recovery Item	Reported Amount	ReportedAmount	sTYPE_MONEY	No	No	ExpenseRecoveryItem								EXISTING_GLOBAL;NEEDED_GLOBAL
Global	Contract	Expense Recovery Item	Reported Amount Gross	ReportedAmountGross	sTYPE_MONEY_MATH_OPERATION	No	No	ExpenseRecoveryItem								EXISTING_GLOBAL;NEEDED_GLOBAL
Global	Contract	Expense Recovery Item	Reported Amount Net	ReportedAmountNet	sTYPE_MONEY_MATH_OPERATION	No	No	ExpenseRecoveryItem								EXISTING_GLOBAL;NEEDED_GLOBAL
Global	Contract	Expense Recovery Item	Reported Pro Rata Share Rate	ReportedProRataShareRate	sTYPE_PERCENTAGE	No	No	ExpenseRecoveryItem								EXISTING_GLOBAL;NEEDED_GLOBAL
Global	Contract	Expense Recovery Item	Rev Number	RevNumber	sTYPE_UNFORMATTED_NUMBER	No	No	ExpenseRecoveryItem								EXISTING_GLOBAL;NEEDED_GLOBAL
Global	Contract	Expense Recovery Item	R-P Variance Amount	RPVarianceAmount	sTYPE_MONEY_MATH_OPERATION	No	No	ExpenseRecoveryItem								EXISTING_GLOBAL;NEEDED_GLOBAL
Global	Contract	Expense Recovery Item	R-P Variance Percent	RPVariancePercent	sTYPE_PERCENT_MATH_OPERATION	No	No	ExpenseRecoveryItem								EXISTING_GLOBAL;NEEDED_GLOBAL
Global	Contract	Expense Recovery Item Mapping	Contract	ContractID	sTYPE_CONTRACT	Yes	No	ExpenseRecoveryItemMapping								EXISTING_GLOBAL;NEEDED_GLOBAL
Global	Contract	Expense Recovery Item Mapping	Document	DocumentID	sTYPE_DOCUMENT	Yes	No	ExpenseRecoveryItemMapping								EXISTING_GLOBAL;NEEDED_GLOBAL
Global	Contract	Expense Recovery Item Mapping	Expense Recovery Item	ExpenseRecoveryItemID	sTYPE_EXPENSE_RECOVERY_ITEM	Yes	No	ExpenseRecoveryItemMapping								EXISTING_GLOBAL;NEEDED_GLOBAL
Global	Contract	Expense Recovery Item Mapping	Invoice Line Item Name	InvoiceLineItemName	sTYPE_TEXT	No	No	ExpenseRecoveryItemMapping								EXISTING_GLOBAL;NEEDED_GLOBAL
Global	Contract	Expense Recovery Item Mapping	JSON Config	JSONConfigText	sTYPE_TEXTAREA	No	No	ExpenseRecoveryItemMapping								EXISTING_GLOBAL;NEEDED_GLOBAL
Global	Contract	Expense Schedule	Account Period	AccountPeriod	sTYPE_NUMBER	No	No	ExpenseSchedule								EXISTING_GLOBAL;NEEDED_GLOBAL
Global	Contract	Expense Schedule	Account Year	AccountYear	sTYPE_NUMBER	No	No	ExpenseSchedule								EXISTING_GLOBAL;NEEDED_GLOBAL
Global	Contract	Expense Schedule	Adjustment Method	AdjustmentMethod	sTYPE_TEXT	No	No	ExpenseSchedule								EXISTING_GLOBAL;NEEDED_GLOBAL
Global	Contract	Expense Schedule	Adjustment Method Type	CodeAdjustmentMethodID	sCODE_ADJUSTMENT_METHOD	No	No	ExpenseSchedule								EXISTING_GLOBAL;NEEDED_GLOBAL
Global	Contract	Expense Schedule	Annual Amount	AnnualAmount	sTYPE_MONEY	No	No	ExpenseSchedule								EXISTING_GLOBAL;NEEDED_GLOBAL
Global	Contract	Expense Schedule	Approval Status	CodeApprovalStatusID	sCODE_APPROVAL_STATUS	No	No	ExpenseSchedule								EXISTING_GLOBAL;NEEDED_GLOBAL
Global	Contract	Expense Schedule	Begin Date	BeginDate	sTYPE_DATE	Yes	No	ExpenseSchedule								EXISTING_GLOBAL;NEEDED_GLOBAL
Global	Contract	Expense Schedule	Calculated Tax Amount #1	CalculatedTaxAmount1	sTYPE_MONEY	No	No	ExpenseSchedule								EXISTING_GLOBAL;NEEDED_GLOBAL
Global	Contract	Expense Schedule	Calculated Tax Amount #2	CalculatedTaxAmount2	sTYPE_MONEY	No	No	ExpenseSchedule								EXISTING_GLOBAL;NEEDED_GLOBAL
Global	Contract	Expense Schedule	Calculated Tax Amount #3	CalculatedTaxAmount3	sTYPE_MONEY	No	No	ExpenseSchedule								EXISTING_GLOBAL;NEEDED_GLOBAL
Global	Contract	Expense Schedule	Calculated Tax Amount #4	CalculatedTaxAmount4	sTYPE_MONEY	No	No	ExpenseSchedule								EXISTING_GLOBAL;NEEDED_GLOBAL
Global	Contract	Expense Schedule	Contract	ContractID	sTYPE_CONTRACT	Yes	No	ExpenseSchedule								EXISTING_GLOBAL;NEEDED_GLOBAL
Global	Contract	Expense Schedule	Contract Term	ContractTermID	sTYPE_CONTRACT_TERM	No	No	ExpenseSchedule								EXISTING_GLOBAL;NEEDED_GLOBAL
Global	Contract	Expense Schedule	Daily Rent Rate	DailyRentRate	sTYPE_MONEY	No	No	ExpenseSchedule								EXISTING_GLOBAL;NEEDED_GLOBAL
Global	Contract	Expense Schedule	Date Range	DateRange	sTYPE_DATE_RANGE	No	No	ExpenseSchedule								EXISTING_GLOBAL;NEEDED_GLOBAL
Global	Contract	Expense Schedule	Description	Description	sTYPE_TEXT	No	No	ExpenseSchedule								EXISTING_GLOBAL;NEEDED_GLOBAL
Global	Contract	Expense Schedule	End Date	EndDate	sTYPE_DATE	Yes	No	ExpenseSchedule								EXISTING_GLOBAL;NEEDED_GLOBAL
Global	Contract	Expense Schedule	Equipment	AssetID	sTYPE_EQUIPMENT	No	No	ExpenseSchedule								EXISTING_GLOBAL;NEEDED_GLOBAL
Global	Contract	Expense Schedule	Equipment Associated Entity	AssetAssociatedProjectEntityID	sTYPE_MIXEDENTITY	No	No	ExpenseSchedule								EXISTING_GLOBAL;NEEDED_GLOBAL
Global	Contract	Expense Schedule	Expense Schedule ClientID	BOMapClientRecordID	sTYPE_TEXT	Yes	No	ExpenseSchedule								EXISTING_GLOBAL;NEEDED_GLOBAL
Global	Contract	Expense Schedule	Expense Schedule RecID	ExpenseScheduleID	sTYPE_UNFORMATTED_NUMBER	No	No	ExpenseSchedule								EXISTING_GLOBAL;NEEDED_GLOBAL
Global	Contract	Expense Schedule	Expense Setup	ExpenseSetupID	sTYPE_EXPENSE_SETUP	Yes	No	ExpenseSchedule								EXISTING_GLOBAL;NEEDED_GLOBAL
Global	Contract	Expense Schedule	First Payment Amount	FirstPaymentAmount	sTYPE_MONEY	No	No	ExpenseSchedule								EXISTING_GLOBAL;NEEDED_GLOBAL
Global	Contract	Expense Schedule	Hold?	HoldFlag	sTYPE_CHECKBOX	No	No	ExpenseSchedule								EXISTING_GLOBAL;NEEDED_GLOBAL
Global	Contract	Expense Schedule	Is CPI?	IsCPI	sTYPE_CHECKBOX	No	No	ExpenseSchedule								EXISTING_GLOBAL;NEEDED_GLOBAL
Global	Contract	Expense Schedule	Last Approval Change Date	LastApprovalChangeDate	sTYPE_DATE	No	No	ExpenseSchedule								EXISTING_GLOBAL;NEEDED_GLOBAL
Global	Contract	Expense Schedule	Last Payment Amount	LastPaymentAmount	sTYPE_MONEY	No	No	ExpenseSchedule								EXISTING_GLOBAL;NEEDED_GLOBAL
Global	Contract	Expense Schedule	Modified By	ModifiedByID	sTYPE_MEMBER	No	No	ExpenseSchedule								EXISTING_GLOBAL;NEEDED_GLOBAL
Global	Contract	Expense Schedule	Modified Date	ModifiedDate	sTYPE_TIME	No	No	ExpenseSchedule								EXISTING_GLOBAL;NEEDED_GLOBAL
Global	Contract	Expense Schedule	Next Annual Amount	NextAnnualAmount	sTYPE_MONEY	No	No	ExpenseSchedule								EXISTING_GLOBAL;NEEDED_GLOBAL
Global	Contract	Expense Schedule	Next Payment Amount	NextPaymentAmount	sTYPE_MONEY	No	No	ExpenseSchedule								EXISTING_GLOBAL;NEEDED_GLOBAL
Global	Contract	Expense Schedule	Next Schedule	NextExpenseScheduleID	sTYPE_EXPENSE_SCHEDULE	No	No	ExpenseSchedule								EXISTING_GLOBAL;NEEDED_GLOBAL
Global	Contract	Expense Schedule	Notes	Notes	sTYPE_TEXTAREA	No	No	ExpenseSchedule								EXISTING_GLOBAL;NEEDED_GLOBAL
Global	Contract	Expense Schedule	Option Rent?	OptionRentFlag	sTYPE_CHECKBOX	No	No	ExpenseSchedule								EXISTING_GLOBAL;NEEDED_GLOBAL
Global	Contract	Expense Schedule	Payment Amount	PaymentAmount	sTYPE_MONEY	No	No	ExpenseSchedule								EXISTING_GLOBAL;NEEDED_GLOBAL
Global	Contract	Expense Schedule	Payment Rate	PaymentRate	sTYPE_MONEY	No	No	ExpenseSchedule								EXISTING_GLOBAL;NEEDED_GLOBAL
Global	Contract	Expense Schedule	Previous Annual Amount	PreviousAnnualAmount	sTYPE_MONEY	No	No	ExpenseSchedule								EXISTING_GLOBAL;NEEDED_GLOBAL
Global	Contract	Expense Schedule	Previous Payment Amount	PreviousPaymentAmount	sTYPE_MONEY	No	No	ExpenseSchedule								EXISTING_GLOBAL;NEEDED_GLOBAL
Global	Contract	Expense Schedule	Previous Schedule	PreviousExpenseScheduleID	sTYPE_EXPENSE_SCHEDULE	No	No	ExpenseSchedule								EXISTING_GLOBAL;NEEDED_GLOBAL
Global	Contract	Expense Schedule	Processed Date	ProcessedDate	sTYPE_DATE	No	No	ExpenseSchedule								EXISTING_GLOBAL;NEEDED_GLOBAL
Global	Contract	Expense Schedule	Processed?	ProcessedFlag	sTYPE_CHECKBOX	No	No	ExpenseSchedule								EXISTING_GLOBAL;NEEDED_GLOBAL
Global	Contract	Expense Schedule	Ready For Payment?	ReadyForPaymentFlag	sTYPE_CHECKBOX	No	No	ExpenseSchedule								EXISTING_GLOBAL;NEEDED_GLOBAL
Global	Contract	Expense Schedule	Tax Amount #1	TaxAmount1	sTYPE_MONEY	No	No	ExpenseSchedule								EXISTING_GLOBAL;NEEDED_GLOBAL
Global	Contract	Expense Schedule	Tax Amount #2	TaxAmount2	sTYPE_MONEY	No	No	ExpenseSchedule								EXISTING_GLOBAL;NEEDED_GLOBAL
Global	Contract	Expense Schedule	Tax Amount #3	TaxAmount3	sTYPE_MONEY	No	No	ExpenseSchedule								EXISTING_GLOBAL;NEEDED_GLOBAL
Global	Contract	Expense Schedule	Tax Amount #4	TaxAmount4	sTYPE_MONEY	No	No	ExpenseSchedule								EXISTING_GLOBAL;NEEDED_GLOBAL
Global	Contract	Expense Schedule	Tax Rate #1	CalculatedTaxRate1	sTYPE_PERCENTAGE	No	No	ExpenseSchedule								EXISTING_GLOBAL;NEEDED_GLOBAL
Global	Contract	Expense Schedule	Tax Rate #2	CalculatedTaxRate2	sTYPE_PERCENTAGE	No	No	ExpenseSchedule								EXISTING_GLOBAL;NEEDED_GLOBAL
Global	Contract	Expense Schedule	Tax Rate #3	CalculatedTaxRate3	sTYPE_PERCENTAGE	No	No	ExpenseSchedule								EXISTING_GLOBAL;NEEDED_GLOBAL
Global	Contract	Expense Schedule	Tax Rate #4	CalculatedTaxRate4	sTYPE_PERCENTAGE	No	No	ExpenseSchedule								EXISTING_GLOBAL;NEEDED_GLOBAL
Global	Contract	Expense Setup	Amendment	AmendmentID	sTYPE_CONTRACT_AMENDMENT	No	No	ExpenseSetup								EXISTING_GLOBAL;NEEDED_GLOBAL
Global	Contract	Expense Setup	Amount Decrease Cap	AmountDecreaseCap	sTYPE_MONEY	No	No	ExpenseSetup								EXISTING_GLOBAL;NEEDED_GLOBAL
Global	Contract	Expense Setup	Amount Increase Cap	AmountIncreaseCap	sTYPE_MONEY	No	No	ExpenseSetup								EXISTING_GLOBAL;NEEDED_GLOBAL
Global	Contract	Expense Setup	Apply Tax #1?	ApplyTax1Flag	sTYPE_CHECKBOX	No	No	ExpenseSetup								EXISTING_GLOBAL;NEEDED_GLOBAL
Global	Contract	Expense Setup	Apply Tax #2?	ApplyTax2Flag	sTYPE_CHECKBOX	No	No	ExpenseSetup								EXISTING_GLOBAL;NEEDED_GLOBAL
Global	Contract	Expense Setup	Apply Tax #3?	ApplyTax3Flag	sTYPE_CHECKBOX	No	No	ExpenseSetup								EXISTING_GLOBAL;NEEDED_GLOBAL
Global	Contract	Expense Setup	Apply Tax #4?	ApplyTax4Flag	sTYPE_CHECKBOX	No	No	ExpenseSetup								EXISTING_GLOBAL;NEEDED_GLOBAL
Global	Contract	Expense Setup	Bank Account Number	BankAccountNumber	sTYPE_TEXT	No	No	ExpenseSetup								EXISTING_GLOBAL;NEEDED_GLOBAL
Global	Contract	Expense Setup	Bank Routing Number	BankRoutingNumber	sTYPE_TEXT	No	No	ExpenseSetup								EXISTING_GLOBAL;NEEDED_GLOBAL
Global	Contract	Expense Setup	Begin Date	BeginDate	sTYPE_DATE	No	No	ExpenseSetup								EXISTING_GLOBAL;NEEDED_GLOBAL
Global	Contract	Expense Setup	Building Area Unit	CodeBuildingAreaUnitID	sCODE_BUILDING_AREA_UNIT	No	No	ExpenseSetup								EXISTING_GLOBAL;NEEDED_GLOBAL
Global	Contract	Expense Setup	Contract	ContractID	sTYPE_CONTRACT	Yes	No	ExpenseSetup								EXISTING_GLOBAL;NEEDED_GLOBAL
Global	Contract	Expense Setup	Covenant	CovenantID	sTYPE_COVENANT	No	No	ExpenseSetup								EXISTING_GLOBAL;NEEDED_GLOBAL
Global	Contract	Expense Setup	CPI Index	CodeCPIIndexID	sCODE_CPI_INDEX	No	No	ExpenseSetup								EXISTING_GLOBAL;NEEDED_GLOBAL
Global	Contract	Expense Setup	CPI Multiplier	CPIMultiplier	sTYPE_NUMBER	No	No	ExpenseSetup								EXISTING_GLOBAL;NEEDED_GLOBAL
Global	Contract	Expense Setup	CPI Notes	CPINotes	sTYPE_TEXTAREA	No	No	ExpenseSetup								EXISTING_GLOBAL;NEEDED_GLOBAL
Global	Contract	Expense Setup	Currency Type	CodeCurrencyTypeID	sCODE_CURRENCY_TYPE	No	No	ExpenseSetup								EXISTING_GLOBAL;NEEDED_GLOBAL
Global	Contract	Expense Setup	Current Annual Rent	CurrentAnnualRent	sTYPE_MONEY	No	No	ExpenseSetup								EXISTING_GLOBAL;NEEDED_GLOBAL
Global	Contract	Expense Setup	Current Monthly Rent	CurrentMonthlyRent	sTYPE_MONEY	No	No	ExpenseSetup								EXISTING_GLOBAL;NEEDED_GLOBAL
Global	Contract	Expense Setup	Current Monthly Tax Amount #1	CurrentTaxAmount1	sTYPE_MONEY	No	No	ExpenseSetup								EXISTING_GLOBAL;NEEDED_GLOBAL
Global	Contract	Expense Setup	Current Monthly Tax Amount #2	CurrentTaxAmount2	sTYPE_MONEY	No	No	ExpenseSetup								EXISTING_GLOBAL;NEEDED_GLOBAL
Global	Contract	Expense Setup	Current Monthly Tax Amount #3	CurrentTaxAmount3	sTYPE_MONEY	No	No	ExpenseSetup								EXISTING_GLOBAL;NEEDED_GLOBAL
Global	Contract	Expense Setup	Current Monthly Tax Amount #4	CurrentTaxAmount4	sTYPE_MONEY	No	No	ExpenseSetup								EXISTING_GLOBAL;NEEDED_GLOBAL
Global	Contract	Expense Setup	Current Period Rent	CurrentPeriodRent	sTYPE_MONEY	No	No	ExpenseSetup								EXISTING_GLOBAL;NEEDED_GLOBAL
Global	Contract	Expense Setup	Current Period Tax Amount #1	CurrentPeriodTaxAmount1	sTYPE_MONEY	No	No	ExpenseSetup								EXISTING_GLOBAL;NEEDED_GLOBAL
Global	Contract	Expense Setup	Current Period Tax Amount #2	CurrentPeriodTaxAmount2	sTYPE_MONEY	No	No	ExpenseSetup								EXISTING_GLOBAL;NEEDED_GLOBAL
Global	Contract	Expense Setup	Current Period Tax Amount #3	CurrentPeriodTaxAmount3	sTYPE_MONEY	No	No	ExpenseSetup								EXISTING_GLOBAL;NEEDED_GLOBAL
Global	Contract	Expense Setup	Current Period Tax Amount #4	CurrentPeriodTaxAmount4	sTYPE_MONEY	No	No	ExpenseSetup								EXISTING_GLOBAL;NEEDED_GLOBAL
Global	Contract	Expense Setup	Custom Payment Coverage	IsCustomPaymentCoverage	sTYPE_CHECKBOX	No	No	ExpenseSetup								EXISTING_GLOBAL;NEEDED_GLOBAL
Global	Contract	Expense Setup	Daily Rent	IsDailyRent	sTYPE_CHECKBOX	No	No	ExpenseSetup								EXISTING_GLOBAL;NEEDED_GLOBAL
Global	Contract	Expense Setup	Date Range	DateRange	sTYPE_DATE_RANGE	No	No	ExpenseSetup								EXISTING_GLOBAL;NEEDED_GLOBAL
Global	Contract	Expense Setup	Description	Description	sTYPE_TEXT	No	No	ExpenseSetup								EXISTING_GLOBAL;NEEDED_GLOBAL
Global	Contract	Expense Setup	End Date	EndDate	sTYPE_DATE	No	No	ExpenseSetup								EXISTING_GLOBAL;NEEDED_GLOBAL
Global	Contract	Expense Setup	Expense Acct	CodeExpenseAcctID	sCODE_EXPENSE_ACCT	No	No	ExpenseSetup								EXISTING_GLOBAL;NEEDED_GLOBAL
Global	Contract	Expense Setup	Expense Category	CodeExpenseCategoryID	sCODE_EXPENSE_CATEGORY	No	No	ExpenseSetup								EXISTING_GLOBAL;NEEDED_GLOBAL
Global	Contract	Expense Setup	Expense Group	CodeExpenseGroupID	sCODE_EXPENSE_GROUP	No	No	ExpenseSetup								EXISTING_GLOBAL;NEEDED_GLOBAL
Global	Contract	Expense Setup	Expense Setup ClientID	BOMapClientRecordID	sTYPE_TEXT	Yes	No	ExpenseSetup								EXISTING_GLOBAL;NEEDED_GLOBAL
Global	Contract	Expense Setup	Expense Setup RecID	ExpenseSetupID	sTYPE_UNFORMATTED_NUMBER	No	No	ExpenseSetup								EXISTING_GLOBAL;NEEDED_GLOBAL
Global	Contract	Expense Setup	Expense Type	CodeExpenseTypeID	sCODE_EXPENSE_TYPE	No	No	ExpenseSetup								EXISTING_GLOBAL;NEEDED_GLOBAL
Global	Contract	Expense Setup	Forecast Adjustment	ForecastAdjustment	sTYPE_MONEY	No	No	ExpenseSetup								EXISTING_GLOBAL;NEEDED_GLOBAL
Global	Contract	Expense Setup	Forecast Cap Percent	ForecastCapPercent	sTYPE_PERCENTAGE	No	No	ExpenseSetup								EXISTING_GLOBAL;NEEDED_GLOBAL
Global	Contract	Expense Setup	Forecast Growth Percent	ForecastGrowthPercent	sTYPE_PERCENTAGE	No	No	ExpenseSetup								EXISTING_GLOBAL;NEEDED_GLOBAL
Global	Contract	Expense Setup	Frequency	CodeFrequencyID	sCODE_MONTH_FREQUENCY	Yes	No	ExpenseSetup								EXISTING_GLOBAL;NEEDED_GLOBAL
Global	Contract	Expense Setup	Hold?	HoldFlag	sTYPE_CHECKBOX	No	No	ExpenseSetup								EXISTING_GLOBAL;NEEDED_GLOBAL
Global	Contract	Expense Setup	Include in Planning and Forecasting	IncludeInPlanForecast	sTYPE_CHECKBOX	No	No	ExpenseSetup								EXISTING_GLOBAL;NEEDED_GLOBAL
Global	Contract	Expense Setup	Internal Reference Number	InternalReferenceNumber	sTYPE_TEXT	No	No	ExpenseSetup								EXISTING_GLOBAL;NEEDED_GLOBAL
Global	Contract	Expense Setup	Is CPI Compounding?	IsCPICompounding	sTYPE_CHECKBOX	No	No	ExpenseSetup								EXISTING_GLOBAL;NEEDED_GLOBAL
Global	Contract	Expense Setup	Is Receivable?	IsReceivable	sTYPE_CHECKBOX	No	No	ExpenseSetup								EXISTING_GLOBAL;NEEDED_GLOBAL
Global	Contract	Expense Setup	Modified By	ModifiedByID	sTYPE_MEMBER	No	No	ExpenseSetup								EXISTING_GLOBAL;NEEDED_GLOBAL
Global	Contract	Expense Setup	Modified Date	ModifiedDate	sTYPE_TIME	No	No	ExpenseSetup								EXISTING_GLOBAL;NEEDED_GLOBAL
Global	Contract	Expense Setup	Notes	Notes	sTYPE_TEXTAREA	No	No	ExpenseSetup								EXISTING_GLOBAL;NEEDED_GLOBAL
Global	Contract	Expense Setup	Number Of Payments	NumberOfPayments	sTYPE_NUMBER	No	No	ExpenseSetup								EXISTING_GLOBAL;NEEDED_GLOBAL
Global	Contract	Expense Setup	Pay in Arrears?	IsPayArrears	sTYPE_CHECKBOX	No	No	ExpenseSetup								EXISTING_GLOBAL;NEEDED_GLOBAL
Global	Contract	Expense Setup	Payment Due Day	PaymentDueDay	sTYPE_NUMBER	No	No	ExpenseSetup								EXISTING_GLOBAL;NEEDED_GLOBAL
Global	Contract	Expense Setup	Payment Method	CodePaymentMethodID	sCODE_PAYMENT_METHOD	No	No	ExpenseSetup								EXISTING_GLOBAL;NEEDED_GLOBAL
Global	Contract	Expense Setup	Payment Rate	PaymentRate	sTYPE_PERCENTAGE	No	No	ExpenseSetup								EXISTING_GLOBAL;NEEDED_GLOBAL
Global	Contract	Expense Setup	Percent Decrease Cap	PercentDecreaseCap	sTYPE_PERCENTAGE	No	No	ExpenseSetup								EXISTING_GLOBAL;NEEDED_GLOBAL
Global	Contract	Expense Setup	Percent Increase Cap	PercentIncreaseCap	sTYPE_PERCENTAGE	No	No	ExpenseSetup								EXISTING_GLOBAL;NEEDED_GLOBAL
Global	Contract	Expense Setup	Plan Adjustment	PlanAdjustment	sTYPE_MONEY	No	No	ExpenseSetup								EXISTING_GLOBAL;NEEDED_GLOBAL
Global	Contract	Expense Setup	Plan Cap Percent	PlanCapPercent	sTYPE_PERCENTAGE	No	No	ExpenseSetup								EXISTING_GLOBAL;NEEDED_GLOBAL
Global	Contract	Expense Setup	Plan Growth Percent	PlanGrowthPercent	sTYPE_PERCENTAGE	No	No	ExpenseSetup								EXISTING_GLOBAL;NEEDED_GLOBAL
Global	Contract	Expense Setup	Plan/Forecast Based On	CodePlanForecastBasedOnID	sCODE_PLAN_FORECAST_BASED_ON	No	No	ExpenseSetup								EXISTING_GLOBAL;NEEDED_GLOBAL
Global	Contract	Expense Setup	Plan/Forecast Group	CodePlanForecastGroupID	sCODE_PLAN_FORECAST_GROUP	No	No	ExpenseSetup								EXISTING_GLOBAL;NEEDED_GLOBAL
Global	Contract	Expense Setup	Planning and Forecasting Notes	PlanForecastNotes	sTYPE_TEXTAREA	No	No	ExpenseSetup								EXISTING_GLOBAL;NEEDED_GLOBAL
Global	Contract	Expense Setup	Pro Rata Share Rate	ProRataShareRate	sTYPE_PERCENTAGE	No	No	ExpenseSetup								EXISTING_GLOBAL;NEEDED_GLOBAL
Global	Contract	Expense Setup	Proration Method	CodeProrationMethodID	sCODE_PRORATION_METHOD	No	No	ExpenseSetup								EXISTING_GLOBAL;NEEDED_GLOBAL
Global	Contract	Expense Setup	Ready For Payment?	ReadyForPaymentFlag	sTYPE_CHECKBOX	No	No	ExpenseSetup								EXISTING_GLOBAL;NEEDED_GLOBAL
Global	Contract	Expense Setup	Reconcilable Expense?	ReconcilableExpense	sTYPE_CHECKBOX	No	No	ExpenseSetup								EXISTING_GLOBAL;NEEDED_GLOBAL
Global	Contract	Expense Setup	Remit Message	RemitMessage	sTYPE_TEXT	No	No	ExpenseSetup								EXISTING_GLOBAL;NEEDED_GLOBAL
Global	Contract	Expense Setup	Rentable Area	RentableArea	sTYPE_AREA	No	No	ExpenseSetup								EXISTING_GLOBAL;NEEDED_GLOBAL
Global	Contract	Expense Setup	Secondary Rent Schedule Allocation Amount	SecondaryRentSchedAllocAmount	sTYPE_MONEY	No	No	ExpenseSetup								EXISTING_GLOBAL;NEEDED_GLOBAL
Global	Contract	Expense Setup	Secondary Rent Schedule Allocation Percent	SecondaryRentSchedAllocPercent	sTYPE_PERCENTAGE	No	No	ExpenseSetup								EXISTING_GLOBAL;NEEDED_GLOBAL
Global	Contract	Expense Setup	Section	Section	sTYPE_TEXT	No	No	ExpenseSetup								EXISTING_GLOBAL;NEEDED_GLOBAL
Global	Contract	Expense Setup	Taxes Included In Amount?	TaxesIncludedFlag	sTYPE_CHECKBOX	No	No	ExpenseSetup								EXISTING_GLOBAL;NEEDED_GLOBAL
Global	Contract	Expense Setup	Vendor	VendorID	sTYPE_VENDOR	No	No	ExpenseSetup								EXISTING_GLOBAL;NEEDED_GLOBAL
Global	Contract	Expense Setup	Vendor Account Number	VendorAccountNumber	sTYPE_TEXT	No	No	ExpenseSetup								EXISTING_GLOBAL;NEEDED_GLOBAL
Global	Contract	Expense Setup	Vendor Allocation List	VendorAllocationList	sTYPE_TEXT	No	No	ExpenseSetup								EXISTING_GLOBAL;NEEDED_GLOBAL
Global	Contract	Expense Type	AP Export Base Number	APExportBaseNumber	sTYPE_TEXT	No	No	CodeExpenseType								EXISTING_GLOBAL;NEEDED_GLOBAL
Global	Contract	Expense Type	AP Export Prepaid Number	APExportPrepaidNumber	sTYPE_TEXT	No	No	CodeExpenseType								EXISTING_GLOBAL;NEEDED_GLOBAL
Global	Contract	Expense Type	AP Export Tax #1	APExportTax1Number	sTYPE_TEXT	No	No	CodeExpenseType								EXISTING_GLOBAL;NEEDED_GLOBAL
Global	Contract	Expense Type	AP Export Tax #2	APExportTax2Number	sTYPE_TEXT	No	No	CodeExpenseType								EXISTING_GLOBAL;NEEDED_GLOBAL
Global	Contract	Expense Type	AP Export Tax #3	APExportTax3Number	sTYPE_TEXT	No	No	CodeExpenseType								EXISTING_GLOBAL;NEEDED_GLOBAL
Global	Contract	Expense Type	AP Export Tax #4	APExportTax4Number	sTYPE_TEXT	No	No	CodeExpenseType								EXISTING_GLOBAL;NEEDED_GLOBAL
Global	Contract	Expense Type	ASC 842 Schedule	CodeASC842ScheduleID	sCODE_ASC842_SCHEDULE	No	No	CodeExpenseType								EXISTING_GLOBAL;NEEDED_GLOBAL
Global	Contract	Expense Type	Description	LongDescription	sTYPE_TEXT	No	No	CodeExpenseType								EXISTING_GLOBAL;NEEDED_GLOBAL
Global	Contract	Expense Type	Expense Accrual Acct #1	ExpAccrualAcct1Number	sTYPE_TEXT	No	No	CodeExpenseType								EXISTING_GLOBAL;NEEDED_GLOBAL
Global	Contract	Expense Type	Expense Accrual Acct #2	ExpAccrualAcct2Number	sTYPE_TEXT	No	No	CodeExpenseType								EXISTING_GLOBAL;NEEDED_GLOBAL
Global	Contract	Expense Type	Expense Accrual Acct #3	ExpAccrualAcct3Number	sTYPE_TEXT	No	No	CodeExpenseType								EXISTING_GLOBAL;NEEDED_GLOBAL
Global	Contract	Expense Type	Expense Accrual Acct #4	ExpAccrualAcct4Number	sTYPE_TEXT	No	No	CodeExpenseType								EXISTING_GLOBAL;NEEDED_GLOBAL
Global	Contract	Expense Type	Expense Category	CodeExpenseCategoryID	sCODE_EXPENSE_CATEGORY	No	No	CodeExpenseType								EXISTING_GLOBAL;NEEDED_GLOBAL
Global	Contract	Expense Type	Expense Type RecID	CodeID	sTYPE_UNFORMATTED_NUMBER	No	No	CodeExpenseType								EXISTING_GLOBAL;NEEDED_GLOBAL
Global	Contract	Expense Type	IFRS 16 Schedule	CodeIFRS16ScheduleID	sCODE_IFRS16_SCHEDULE	No	No	CodeExpenseType								EXISTING_GLOBAL;NEEDED_GLOBAL
Global	Contract	Expense Type	Modified By	ModifiedByID	sTYPE_MEMBER	No	No	CodeExpenseType								EXISTING_GLOBAL;NEEDED_GLOBAL
Global	Contract	Expense Type	Modified Date	ModifiedDate	sTYPE_TIME	No	No	CodeExpenseType								EXISTING_GLOBAL;NEEDED_GLOBAL
Global	Contract	Expense Type	Name	ShortName	sTYPE_TEXT	Yes	No	CodeExpenseType								EXISTING_GLOBAL;NEEDED_GLOBAL
Global	Contract	Expense Type	Parent Expense Group	ParentID	sCODE_EXPENSE_GROUP	No	No	CodeExpenseType								EXISTING_GLOBAL;NEEDED_GLOBAL
Global	Contract	Expense Type	Parent Group	ParentCodeExpenseGroupID	sCODE_EXPENSE_GROUP	Yes	No	CodeExpenseType								EXISTING_GLOBAL;NEEDED_GLOBAL
Global	Contract	Expense Type	Percent Rent Accrual Acct #1	PercentRentAccrualAcct1Number	sTYPE_TEXT	No	No	CodeExpenseType								EXISTING_GLOBAL;NEEDED_GLOBAL
Global	Contract	Expense Type	Percent Rent Accrual Acct #2	PercentRentAccrualAcct2Number	sTYPE_TEXT	No	No	CodeExpenseType								EXISTING_GLOBAL;NEEDED_GLOBAL
Global	Contract	Expense Type	Percent Rent Accrual Acct #3	PercentRentAccrualAcct3Number	sTYPE_TEXT	No	No	CodeExpenseType								EXISTING_GLOBAL;NEEDED_GLOBAL
Global	Contract	Expense Type	Percent Rent Accrual Acct #4	PercentRentAccrualAcct4Number	sTYPE_TEXT	No	No	CodeExpenseType								EXISTING_GLOBAL;NEEDED_GLOBAL
Global	Contract	Expense Type	RE Tax Accrual Acct #1	RETaxAccrualAcct1Number	sTYPE_TEXT	No	No	CodeExpenseType								EXISTING_GLOBAL;NEEDED_GLOBAL
Global	Contract	Expense Type	RE Tax Accrual Acct #2	RETaxAccrualAcct2Number	sTYPE_TEXT	No	No	CodeExpenseType								EXISTING_GLOBAL;NEEDED_GLOBAL
Global	Contract	Expense Type	RE Tax Accrual Acct #3	RETaxAccrualAcct3Number	sTYPE_TEXT	No	No	CodeExpenseType								EXISTING_GLOBAL;NEEDED_GLOBAL
Global	Contract	Expense Type	RE Tax Accrual Acct #4	RETaxAccrualAcct4Number	sTYPE_TEXT	No	No	CodeExpenseType								EXISTING_GLOBAL;NEEDED_GLOBAL
Global	Contract	Expense Type	Straight-Line Schedule	CodeSLScheduleID	sCODE_SL_SCHEDULE	No	No	CodeExpenseType								EXISTING_GLOBAL;NEEDED_GLOBAL
Global	Contract	Expense Vendor Allocation	AP Vendor Number	APVendorNumber	sTYPE_TEXT	No	No	ExpenseVendorAllocation								EXISTING_GLOBAL;NEEDED_GLOBAL
Global	Contract	Expense Vendor Allocation	Begin Date	BeginDate	sTYPE_DATE	No	No	ExpenseVendorAllocation								EXISTING_GLOBAL;NEEDED_GLOBAL
Global	Contract	Expense Vendor Allocation	Contract	ContractID	sTYPE_CONTRACT	Yes	No	ExpenseVendorAllocation								EXISTING_GLOBAL;NEEDED_GLOBAL
Global	Contract	Expense Vendor Allocation	Created By	CreatedByID	sTYPE_MEMBER	No	No	ExpenseVendorAllocation								EXISTING_GLOBAL;NEEDED_GLOBAL
Global	Contract	Expense Vendor Allocation	Created Date	CreatedDate	sTYPE_TIME	No	No	ExpenseVendorAllocation								EXISTING_GLOBAL;NEEDED_GLOBAL
Global	Contract	Expense Vendor Allocation	End Date	EndDate	sTYPE_DATE	No	No	ExpenseVendorAllocation								EXISTING_GLOBAL;NEEDED_GLOBAL
Global	Contract	Expense Vendor Allocation	Expense Setup	ExpenseSetupID	sTYPE_EXPENSE_SETUP	Yes	No	ExpenseVendorAllocation								EXISTING_GLOBAL;NEEDED_GLOBAL
Global	Contract	Expense Vendor Allocation	Modified By	ModifiedByID	sTYPE_MEMBER	No	No	ExpenseVendorAllocation								EXISTING_GLOBAL;NEEDED_GLOBAL
Global	Contract	Expense Vendor Allocation	Modified Date	ModifiedDate	sTYPE_TIME	No	No	ExpenseVendorAllocation								EXISTING_GLOBAL;NEEDED_GLOBAL
Global	Contract	Expense Vendor Allocation	Notes	Notes	sTYPE_TEXTAREA	No	No	ExpenseVendorAllocation								EXISTING_GLOBAL;NEEDED_GLOBAL
Global	Contract	Expense Vendor Allocation	Payment Percentage	PaymentPercentage	sTYPE_PERCENTAGE	No	No	ExpenseVendorAllocation								EXISTING_GLOBAL;NEEDED_GLOBAL
Global	Contract	Expense Vendor Allocation	Rev Number	RevNumber	sTYPE_UNFORMATTED_NUMBER	No	No	ExpenseVendorAllocation								EXISTING_GLOBAL;NEEDED_GLOBAL
Global	Contract	Expense Vendor Allocation	Vendor	VendorID	sTYPE_VENDOR	Yes	No	ExpenseVendorAllocation								EXISTING_GLOBAL;NEEDED_GLOBAL
Global	Contract	Expense Vendor Allocation	Vendor Allocation ClientID	BOMapClientRecordID	sTYPE_TEXT	Yes	No	ExpenseVendorAllocation								EXISTING_GLOBAL;NEEDED_GLOBAL
Global	Contract	Expense Vendor Allocation	Vendor Allocation RecID	ExpenseVendorAllocationID	sTYPE_UNFORMATTED_NUMBER	No	No	ExpenseVendorAllocation								EXISTING_GLOBAL;NEEDED_GLOBAL
Global	Contract	Financial - Calendar	Aggregate Base Rent	AggregateBaseRent	sTYPE_MONEY	No	No	Contract								EXISTING_GLOBAL;NEEDED_GLOBAL
Global	Contract	Financial - Calendar	Aggregate Total Rent	AggregateTotalRent	sTYPE_MONEY	No	No	Contract								EXISTING_GLOBAL;NEEDED_GLOBAL
Global	Contract	Financial - Calendar	Beyond Fifth Calendar Year Base Rent	BeyondFifthYearBaseRent	sTYPE_MONEY	No	No	Contract								EXISTING_GLOBAL;NEEDED_GLOBAL
Global	Contract	Financial - Calendar	Beyond Fifth Calendar Year Total Rent	BeyondFifthYearTotalRent	sTYPE_MONEY	No	No	Contract								EXISTING_GLOBAL;NEEDED_GLOBAL
Global	Contract	Financial - Calendar	Beyond Sixth Calendar Year Base Rent	BeyondSixthYearBaseRent	sTYPE_MONEY	No	No	Contract								EXISTING_GLOBAL;NEEDED_GLOBAL
Global	Contract	Financial - Calendar	Beyond Sixth Calendar Year Total Rent	BeyondSixthYearTotalRent	sTYPE_MONEY	No	No	Contract								EXISTING_GLOBAL;NEEDED_GLOBAL
Global	Contract	Financial - Calendar	Current Annual Calendar Base Rent	CurrentAnnualBaseRent	sTYPE_MONEY	No	No	Contract								EXISTING_GLOBAL;NEEDED_GLOBAL
Global	Contract	Financial - Calendar	Current Annual Calendar Total Rent	CurrentAnnualTotalRent	sTYPE_MONEY	No	No	Contract								EXISTING_GLOBAL;NEEDED_GLOBAL
Global	Contract	Financial - Calendar	Current Calendar Q1 Base Rent	CurrentCalendarYearQ1BaseRent	sTYPE_MONEY	No	No	Contract								EXISTING_GLOBAL;NEEDED_GLOBAL
Global	Contract	Financial - Calendar	Current Calendar Q1 Total Rent	CurrentCalendarYearQ1TotalRent	sTYPE_MONEY	No	No	Contract								EXISTING_GLOBAL;NEEDED_GLOBAL
Global	Contract	Financial - Calendar	Current Calendar Q2 Base Rent	CurrentCalendarYearQ2BaseRent	sTYPE_MONEY	No	No	Contract								EXISTING_GLOBAL;NEEDED_GLOBAL
Global	Contract	Financial - Calendar	Current Calendar Q2 Total Rent	CurrentCalendarYearQ2TotalRent	sTYPE_MONEY	No	No	Contract								EXISTING_GLOBAL;NEEDED_GLOBAL
Global	Contract	Financial - Calendar	Current Calendar Q3 Base Rent	CurrentCalendarYearQ3BaseRent	sTYPE_MONEY	No	No	Contract								EXISTING_GLOBAL;NEEDED_GLOBAL
Global	Contract	Financial - Calendar	Current Calendar Q3 Total Rent	CurrentCalendarYearQ3TotalRent	sTYPE_MONEY	No	No	Contract								EXISTING_GLOBAL;NEEDED_GLOBAL
Global	Contract	Financial - Calendar	Current Calendar Q4 Base Rent	CurrentCalendarYearQ4BaseRent	sTYPE_MONEY	No	No	Contract								EXISTING_GLOBAL;NEEDED_GLOBAL
Global	Contract	Financial - Calendar	Current Calendar Q4 Total Rent	CurrentCalendarYearQ4TotalRent	sTYPE_MONEY	No	No	Contract								EXISTING_GLOBAL;NEEDED_GLOBAL
Global	Contract	Financial - Calendar	Current Calendar Year Gross Sales	CurrentCalendarYearGrossSales	sTYPE_MONEY	No	No	Contract								EXISTING_GLOBAL;NEEDED_GLOBAL
Global	Contract	Financial - Calendar	Current Monthly Base Rent	CurrentMonthlyBaseRent	sTYPE_MONEY	No	No	Contract								EXISTING_GLOBAL;NEEDED_GLOBAL
Global	Contract	Financial - Calendar	Current Monthly Total Rent	CurrentMonthlyTotalRent	sTYPE_MONEY	No	No	Contract								EXISTING_GLOBAL;NEEDED_GLOBAL
Global	Contract	Financial - Calendar	Current Straight Line Asset Balance	CurrentStraightLineAssetBalance	sTYPE_MONEY	No	No	Contract								EXISTING_GLOBAL;NEEDED_GLOBAL
Global	Contract	Financial - Calendar	Current Straight Line Liability Balance	CurrentStraightLineLiabilityBalance	sTYPE_MONEY	No	No	Contract								EXISTING_GLOBAL;NEEDED_GLOBAL
Global	Contract	Financial - Calendar	Fifth Calendar Year Base Rent	FifthYearBaseRent	sTYPE_MONEY	No	No	Contract								EXISTING_GLOBAL;NEEDED_GLOBAL
Global	Contract	Financial - Calendar	Fifth Calendar Year Total Rent	FifthYearTotalRent	sTYPE_MONEY	No	No	Contract								EXISTING_GLOBAL;NEEDED_GLOBAL
Global	Contract	Financial - Calendar	Fourth Calendar Year Base Rent	FourthYearBaseRent	sTYPE_MONEY	No	No	Contract								EXISTING_GLOBAL;NEEDED_GLOBAL
Global	Contract	Financial - Calendar	Fourth Calendar Year Total Rent	FourthYearTotalRent	sTYPE_MONEY	No	No	Contract								EXISTING_GLOBAL;NEEDED_GLOBAL
Global	Contract	Financial - Calendar	Next Calendar Year Base Rent	NextYearBaseRent	sTYPE_MONEY	No	No	Contract								EXISTING_GLOBAL;NEEDED_GLOBAL
Global	Contract	Financial - Calendar	Next Calendar Year Total Rent	NextYearTotalRent	sTYPE_MONEY	No	No	Contract								EXISTING_GLOBAL;NEEDED_GLOBAL
Global	Contract	Financial - Calendar	Prior Calendar Year Gross Sales	PriorCalendarYearGrossSales	sTYPE_MONEY	No	No	Contract								EXISTING_GLOBAL;NEEDED_GLOBAL
Global	Contract	Financial - Calendar	Remaining Base Rent Obligation	RemainingObligationBaseRent	sTYPE_MONEY	No	No	Contract								EXISTING_GLOBAL;NEEDED_GLOBAL
Global	Contract	Financial - Calendar	Remaining Total Rent Obligation	RemainingObligationTotalRent	sTYPE_MONEY	No	No	Contract								EXISTING_GLOBAL;NEEDED_GLOBAL
Global	Contract	Financial - Calendar	Sixth Calendar Year Base Rent	SixthYearBaseRent	sTYPE_MONEY	No	No	Contract								EXISTING_GLOBAL;NEEDED_GLOBAL
Global	Contract	Financial - Calendar	Sixth Calendar Year Total Rent	SixthYearTotalRent	sTYPE_MONEY	No	No	Contract								EXISTING_GLOBAL;NEEDED_GLOBAL
Global	Contract	Financial - Calendar	Third Calendar Year Base Rent	ThirdYearBaseRent	sTYPE_MONEY	No	No	Contract								EXISTING_GLOBAL;NEEDED_GLOBAL
Global	Contract	Financial - Calendar	Third Calendar Year Total Rent	ThirdYearTotalRent	sTYPE_MONEY	No	No	Contract								EXISTING_GLOBAL;NEEDED_GLOBAL
Global	Contract	Financial - Calendar w/ Tax	Aggregate Base Rent w/ Tax	AggregateBaseRentWithTax	sTYPE_MONEY	No	No	Contract								EXISTING_GLOBAL;NEEDED_GLOBAL
Global	Contract	Financial - Calendar w/ Tax	Aggregate Total Rent w/ Tax	AggregateTotalRentWithTax	sTYPE_MONEY	No	No	Contract								EXISTING_GLOBAL;NEEDED_GLOBAL
Global	Contract	Financial - Calendar w/ Tax	Beyond Fifth Calendar Year Base Rent w/ Tax	BeyondFifthYearBaseRentWithTax	sTYPE_MONEY	No	No	Contract								EXISTING_GLOBAL;NEEDED_GLOBAL
Global	Contract	Financial - Calendar w/ Tax	Beyond Fifth Calendar Year Total Rent w/ Tax	BeyondFifthYearTotalRentWithTax	sTYPE_MONEY	No	No	Contract								EXISTING_GLOBAL;NEEDED_GLOBAL
Global	Contract	Financial - Calendar w/ Tax	Beyond Sixth Calendar Year Base Rent w/ Tax	BeyondSixthYearBaseRentWithTax	sTYPE_MONEY	No	No	Contract								EXISTING_GLOBAL;NEEDED_GLOBAL
Global	Contract	Financial - Calendar w/ Tax	Beyond Sixth Calendar Year Total Rent w/ Tax	BeyondSixthYearTotalRentWithTax	sTYPE_MONEY	No	No	Contract								EXISTING_GLOBAL;NEEDED_GLOBAL
Global	Contract	Financial - Calendar w/ Tax	Current Annual Calendar Base Rent w/ Tax	CurrentAnnualBaseRentWithTax	sTYPE_MONEY	No	No	Contract								EXISTING_GLOBAL;NEEDED_GLOBAL
Global	Contract	Financial - Calendar w/ Tax	Current Annual Calendar Total Rent w/ Tax	CurrentAnnualTotalRentWithTax	sTYPE_MONEY	No	No	Contract								EXISTING_GLOBAL;NEEDED_GLOBAL
Global	Contract	Financial - Calendar w/ Tax	Current Calendar Q1 Base Rent w/ Tax	CurrentCalendarYearQ1BaseRentWithTax	sTYPE_MONEY	No	No	Contract								EXISTING_GLOBAL;NEEDED_GLOBAL
Global	Contract	Financial - Calendar w/ Tax	Current Calendar Q1 Total Rent w/ Tax	CurrentCalendarYearQ1TotalRentWithTax	sTYPE_MONEY	No	No	Contract								EXISTING_GLOBAL;NEEDED_GLOBAL
Global	Contract	Financial - Calendar w/ Tax	Current Calendar Q2 Base Rent w/ Tax	CurrentCalendarYearQ2BaseRentWithTax	sTYPE_MONEY	No	No	Contract								EXISTING_GLOBAL;NEEDED_GLOBAL
Global	Contract	Financial - Calendar w/ Tax	Current Calendar Q2 Total Rent w/ Tax	CurrentCalendarYearQ2TotalRentWithTax	sTYPE_MONEY	No	No	Contract								EXISTING_GLOBAL;NEEDED_GLOBAL
Global	Contract	Financial - Calendar w/ Tax	Current Calendar Q3 Base Rent w/ Tax	CurrentCalendarYearQ3BaseRentWithTax	sTYPE_MONEY	No	No	Contract								EXISTING_GLOBAL;NEEDED_GLOBAL
Global	Contract	Financial - Calendar w/ Tax	Current Calendar Q3 Total Rent w/ Tax	CurrentCalendarYearQ3TotalRentWithTax	sTYPE_MONEY	No	No	Contract								EXISTING_GLOBAL;NEEDED_GLOBAL
Global	Contract	Financial - Calendar w/ Tax	Current Calendar Q4 Base Rent w/ Tax	CurrentCalendarYearQ4BaseRentWithTax	sTYPE_MONEY	No	No	Contract								EXISTING_GLOBAL;NEEDED_GLOBAL
Global	Contract	Financial - Calendar w/ Tax	Current Calendar Q4 Total Rent w/ Tax	CurrentCalendarYearQ4TotalRentWithTax	sTYPE_MONEY	No	No	Contract								EXISTING_GLOBAL;NEEDED_GLOBAL
Global	Contract	Financial - Calendar w/ Tax	Current Monthly Base Rent w/ Tax	CurrentMonthlyBaseRentWithTax	sTYPE_MONEY	No	No	Contract								EXISTING_GLOBAL;NEEDED_GLOBAL
Global	Contract	Financial - Calendar w/ Tax	Current Monthly Total Rent w/ Tax	CurrentMonthlyTotalRentWithTax	sTYPE_MONEY	No	No	Contract								EXISTING_GLOBAL;NEEDED_GLOBAL
Global	Contract	Financial - Calendar w/ Tax	Fifth Calendar Year Base Rent w/ Tax	FifthYearBaseRentWithTax	sTYPE_MONEY	No	No	Contract								EXISTING_GLOBAL;NEEDED_GLOBAL
Global	Contract	Financial - Calendar w/ Tax	Fifth Calendar Year Total Rent w/ Tax	FifthYearTotalRentWithTax	sTYPE_MONEY	No	No	Contract								EXISTING_GLOBAL;NEEDED_GLOBAL
Global	Contract	Financial - Calendar w/ Tax	Fourth Calendar Year Base Rent w/ Tax	FourthYearBaseRentWithTax	sTYPE_MONEY	No	No	Contract								EXISTING_GLOBAL;NEEDED_GLOBAL
Global	Contract	Financial - Calendar w/ Tax	Fourth Calendar Year Total Rent w/ Tax	FourthYearTotalRentWithTax	sTYPE_MONEY	No	No	Contract								EXISTING_GLOBAL;NEEDED_GLOBAL
Global	Contract	Financial - Calendar w/ Tax	Next Calendar Year Base Rent w/ Tax	NextYearBaseRentWithTax	sTYPE_MONEY	No	No	Contract								EXISTING_GLOBAL;NEEDED_GLOBAL
Global	Contract	Financial - Calendar w/ Tax	Next Calendar Year Total Rent w/ Tax	NextYearTotalRentWithTax	sTYPE_MONEY	No	No	Contract								EXISTING_GLOBAL;NEEDED_GLOBAL
Global	Contract	Financial - Calendar w/ Tax	Remaining Base Rent Obligation w/ Tax	RemainingObligationBaseRentWithTax	sTYPE_MONEY	No	No	Contract								EXISTING_GLOBAL;NEEDED_GLOBAL
Global	Contract	Financial - Calendar w/ Tax	Remaining Total Rent Obligation w/ Tax	RemainingObligationTotalRentWithTax	sTYPE_MONEY	No	No	Contract								EXISTING_GLOBAL;NEEDED_GLOBAL
Global	Contract	Financial - Calendar w/ Tax	Sixth Calendar Year Base Rent w/ Tax	SixthYearBaseRentWithTax	sTYPE_MONEY	No	No	Contract								EXISTING_GLOBAL;NEEDED_GLOBAL
Global	Contract	Financial - Calendar w/ Tax	Sixth Calendar Year Total Rent w/ Tax	SixthYearTotalRentWithTax	sTYPE_MONEY	No	No	Contract								EXISTING_GLOBAL;NEEDED_GLOBAL
Global	Contract	Financial - Calendar w/ Tax	Third Calendar Year Base Rent w/ Tax	ThirdYearBaseRentWithTax	sTYPE_MONEY	No	No	Contract								EXISTING_GLOBAL;NEEDED_GLOBAL
Global	Contract	Financial - Calendar w/ Tax	Third Calendar Year Total Rent w/ Tax	ThirdYearTotalRentWithTax	sTYPE_MONEY	No	No	Contract								EXISTING_GLOBAL;NEEDED_GLOBAL
Global	Contract	Financial - Fiscal	Beyond Fifth Fiscal Year Base Rent	BeyondFifthFiscalYearBaseRent	sTYPE_MONEY	No	No	Contract								EXISTING_GLOBAL;NEEDED_GLOBAL
Global	Contract	Financial - Fiscal	Beyond Fifth Fiscal Year Total Rent	BeyondFifthFiscalYearTotalRent	sTYPE_MONEY	No	No	Contract								EXISTING_GLOBAL;NEEDED_GLOBAL
Global	Contract	Financial - Fiscal	Beyond Sixth Fiscal Year Base Rent	BeyondSixthFiscalYearBaseRent	sTYPE_MONEY	No	No	Contract								EXISTING_GLOBAL;NEEDED_GLOBAL
Global	Contract	Financial - Fiscal	Beyond Sixth Fiscal Year Total Rent	BeyondSixthFiscalYearTotalRent	sTYPE_MONEY	No	No	Contract								EXISTING_GLOBAL;NEEDED_GLOBAL
Global	Contract	Financial - Fiscal	Current Annual Fiscal Base Rent	CurrentAnnualFiscalBaseRent	sTYPE_MONEY	No	No	Contract								EXISTING_GLOBAL;NEEDED_GLOBAL
Global	Contract	Financial - Fiscal	Current Annual Fiscal Total Rent	CurrentAnnualFiscalTotalRent	sTYPE_MONEY	No	No	Contract								EXISTING_GLOBAL;NEEDED_GLOBAL
Global	Contract	Financial - Fiscal	Current Fiscal Q1 Base Rent	CurrentFiscalYearQ1BaseRent	sTYPE_MONEY	No	No	Contract								EXISTING_GLOBAL;NEEDED_GLOBAL
Global	Contract	Financial - Fiscal	Current Fiscal Q1 Total Rent	CurrentFiscalYearQ1TotalRent	sTYPE_MONEY	No	No	Contract								EXISTING_GLOBAL;NEEDED_GLOBAL
Global	Contract	Financial - Fiscal	Current Fiscal Q2 Base Rent	CurrentFiscalYearQ2BaseRent	sTYPE_MONEY	No	No	Contract								EXISTING_GLOBAL;NEEDED_GLOBAL
Global	Contract	Financial - Fiscal	Current Fiscal Q2 Total Rent	CurrentFiscalYearQ2TotalRent	sTYPE_MONEY	No	No	Contract								EXISTING_GLOBAL;NEEDED_GLOBAL
Global	Contract	Financial - Fiscal	Current Fiscal Q3 Base Rent	CurrentFiscalYearQ3BaseRent	sTYPE_MONEY	No	No	Contract								EXISTING_GLOBAL;NEEDED_GLOBAL
Global	Contract	Financial - Fiscal	Current Fiscal Q3 Total Rent	CurrentFiscalYearQ3TotalRent	sTYPE_MONEY	No	No	Contract								EXISTING_GLOBAL;NEEDED_GLOBAL
Global	Contract	Financial - Fiscal	Current Fiscal Q4 Base Rent	CurrentFiscalYearQ4BaseRent	sTYPE_MONEY	No	No	Contract								EXISTING_GLOBAL;NEEDED_GLOBAL
Global	Contract	Financial - Fiscal	Current Fiscal Q4 Total Rent	CurrentFiscalYearQ4TotalRent	sTYPE_MONEY	No	No	Contract								EXISTING_GLOBAL;NEEDED_GLOBAL
Global	Contract	Financial - Fiscal	Current Period Base Rent	CurrentPeriodBaseRent	sTYPE_MONEY	No	No	Contract								EXISTING_GLOBAL;NEEDED_GLOBAL
Global	Contract	Financial - Fiscal	Current Period Total Rent	CurrentPeriodTotalRent	sTYPE_MONEY	No	No	Contract								EXISTING_GLOBAL;NEEDED_GLOBAL
Global	Contract	Financial - Fiscal	Fifth Fiscal Year Base Rent	FifthFiscalYearBaseRent	sTYPE_MONEY	No	No	Contract								EXISTING_GLOBAL;NEEDED_GLOBAL
Global	Contract	Financial - Fiscal	Fifth Fiscal Year Total Rent	FifthFiscalYearTotalRent	sTYPE_MONEY	No	No	Contract								EXISTING_GLOBAL;NEEDED_GLOBAL
Global	Contract	Financial - Fiscal	Fourth Fiscal Year Base Rent	FourthFiscalYearBaseRent	sTYPE_MONEY	No	No	Contract								EXISTING_GLOBAL;NEEDED_GLOBAL
Global	Contract	Financial - Fiscal	Fourth Fiscal Year Total Rent	FourthFiscalYearTotalRent	sTYPE_MONEY	No	No	Contract								EXISTING_GLOBAL;NEEDED_GLOBAL
Global	Contract	Financial - Fiscal	Next Fiscal Year Base Rent	NextFiscalYearBaseRent	sTYPE_MONEY	No	No	Contract								EXISTING_GLOBAL;NEEDED_GLOBAL
Global	Contract	Financial - Fiscal	Next Fiscal Year Total Rent	NextFiscalYearTotalRent	sTYPE_MONEY	No	No	Contract								EXISTING_GLOBAL;NEEDED_GLOBAL
Global	Contract	Financial - Fiscal	Remaining Base Rent Obligation(Fiscal Year)	RemainingFiscalObligationBaseRent	sTYPE_MONEY	No	No	Contract								EXISTING_GLOBAL;NEEDED_GLOBAL
Global	Contract	Financial - Fiscal	Remaining Total Rent Obligation(Fiscal Year)	RemainingFiscalObligationTotalRent	sTYPE_MONEY	No	No	Contract								EXISTING_GLOBAL;NEEDED_GLOBAL
Global	Contract	Financial - Fiscal	Sixth Fiscal Year Base Rent	SixthFiscalYearBaseRent	sTYPE_MONEY	No	No	Contract								EXISTING_GLOBAL;NEEDED_GLOBAL
Global	Contract	Financial - Fiscal	Sixth Fiscal Year Total Rent	SixthFiscalYearTotalRent	sTYPE_MONEY	No	No	Contract								EXISTING_GLOBAL;NEEDED_GLOBAL
Global	Contract	Financial - Fiscal	Third Fiscal Year Base Rent	ThirdFiscalYearBaseRent	sTYPE_MONEY	No	No	Contract								EXISTING_GLOBAL;NEEDED_GLOBAL
Global	Contract	Financial - Fiscal	Third Fiscal Year Total Rent	ThirdFiscalYearTotalRent	sTYPE_MONEY	No	No	Contract								EXISTING_GLOBAL;NEEDED_GLOBAL
Global	Contract	Financial - Fiscal w/ Tax	Beyond Fifth Fiscal Year Base Rent w/ Tax	BeyondFifthFiscalYearBaseRentWithTax	sTYPE_MONEY	No	No	Contract								EXISTING_GLOBAL;NEEDED_GLOBAL
Global	Contract	Financial - Fiscal w/ Tax	Beyond Fifth Fiscal Year Total Rent w/ Tax	BeyondFifthFiscalYearTotalRentWithTax	sTYPE_MONEY	No	No	Contract								EXISTING_GLOBAL;NEEDED_GLOBAL
Global	Contract	Financial - Fiscal w/ Tax	Beyond Sixth Fiscal Year Base Rent w/ Tax	BeyondSixthFiscalYearBaseRentWithTax	sTYPE_MONEY	No	No	Contract								EXISTING_GLOBAL;NEEDED_GLOBAL
Global	Contract	Financial - Fiscal w/ Tax	Beyond Sixth Fiscal Year Total Rent w/ Tax	BeyondSixthFiscalYearTotalRentWithTax	sTYPE_MONEY	No	No	Contract								EXISTING_GLOBAL;NEEDED_GLOBAL
Global	Contract	Financial - Fiscal w/ Tax	Current Annual Fiscal Base Rent w/ Tax	CurrentAnnualFiscalBaseRentWithTax	sTYPE_MONEY	No	No	Contract								EXISTING_GLOBAL;NEEDED_GLOBAL
Global	Contract	Financial - Fiscal w/ Tax	Current Annual Fiscal Total Rent w/ Tax	CurrentAnnualFiscalTotalRentWithTax	sTYPE_MONEY	No	No	Contract								EXISTING_GLOBAL;NEEDED_GLOBAL
Global	Contract	Financial - Fiscal w/ Tax	Current Fiscal Q1 Base Rent w/ Tax	CurrentFiscalYearQ1BaseRentWithTax	sTYPE_MONEY	No	No	Contract								EXISTING_GLOBAL;NEEDED_GLOBAL
Global	Contract	Financial - Fiscal w/ Tax	Current Fiscal Q1 Total Rent w/ Tax	CurrentFiscalYearQ1TotalRentWithTax	sTYPE_MONEY	No	No	Contract								EXISTING_GLOBAL;NEEDED_GLOBAL
Global	Contract	Financial - Fiscal w/ Tax	Current Fiscal Q2 Base Rent w/ Tax	CurrentFiscalYearQ2BaseRentWithTax	sTYPE_MONEY	No	No	Contract								EXISTING_GLOBAL;NEEDED_GLOBAL
Global	Contract	Financial - Fiscal w/ Tax	Current Fiscal Q2 Total Rent w/ Tax	CurrentFiscalYearQ2TotalRentWithTax	sTYPE_MONEY	No	No	Contract								EXISTING_GLOBAL;NEEDED_GLOBAL
Global	Contract	Financial - Fiscal w/ Tax	Current Fiscal Q3 Base Rent w/ Tax	CurrentFiscalYearQ3BaseRentWithTax	sTYPE_MONEY	No	No	Contract								EXISTING_GLOBAL;NEEDED_GLOBAL
Global	Contract	Financial - Fiscal w/ Tax	Current Fiscal Q3 Total Rent w/ Tax	CurrentFiscalYearQ3TotalRentWithTax	sTYPE_MONEY	No	No	Contract								EXISTING_GLOBAL;NEEDED_GLOBAL
Global	Contract	Financial - Fiscal w/ Tax	Current Fiscal Q4 Base Rent w/ Tax	CurrentFiscalYearQ4BaseRentWithTax	sTYPE_MONEY	No	No	Contract								EXISTING_GLOBAL;NEEDED_GLOBAL
Global	Contract	Financial - Fiscal w/ Tax	Current Fiscal Q4 Total Rent w/ Tax	CurrentFiscalYearQ4TotalRentWithTax	sTYPE_MONEY	No	No	Contract								EXISTING_GLOBAL;NEEDED_GLOBAL
Global	Contract	Financial - Fiscal w/ Tax	Current Period Base Rent w/ Tax	CurrentPeriodBaseRentWithTax	sTYPE_MONEY	No	No	Contract								EXISTING_GLOBAL;NEEDED_GLOBAL
Global	Contract	Financial - Fiscal w/ Tax	Current Period Total Rent w/ Tax	CurrentPeriodTotalRentWithTax	sTYPE_MONEY	No	No	Contract								EXISTING_GLOBAL;NEEDED_GLOBAL
Global	Contract	Financial - Fiscal w/ Tax	Fifth Fiscal Year Base Rent w/ Tax	FifthFiscalYearBaseRentWithTax	sTYPE_MONEY	No	No	Contract								EXISTING_GLOBAL;NEEDED_GLOBAL
Global	Contract	Financial - Fiscal w/ Tax	Fifth Fiscal Year Total Rent w/ Tax	FifthFiscalYearTotalRentWithTax	sTYPE_MONEY	No	No	Contract								EXISTING_GLOBAL;NEEDED_GLOBAL
Global	Contract	Financial - Fiscal w/ Tax	Fourth Fiscal Year Base Rent w/ Tax	FourthFiscalYearBaseRentWithTax	sTYPE_MONEY	No	No	Contract								EXISTING_GLOBAL;NEEDED_GLOBAL
Global	Contract	Financial - Fiscal w/ Tax	Fourth Fiscal Year Total Rent w/ Tax	FourthFiscalYearTotalRentWithTax	sTYPE_MONEY	No	No	Contract								EXISTING_GLOBAL;NEEDED_GLOBAL
Global	Contract	Financial - Fiscal w/ Tax	Next Fiscal Year Base Rent w/ Tax	NextFiscalYearBaseRentWithTax	sTYPE_MONEY	No	No	Contract								EXISTING_GLOBAL;NEEDED_GLOBAL
Global	Contract	Financial - Fiscal w/ Tax	Next Fiscal Year Total Rent w/ Tax	NextFiscalYearTotalRentWithTax	sTYPE_MONEY	No	No	Contract								EXISTING_GLOBAL;NEEDED_GLOBAL
Global	Contract	Financial - Fiscal w/ Tax	Remaining Base Rent Obligation(Fiscal Year) w/ Tax	RemainingFiscalObligationBaseRentWithTax	sTYPE_MONEY	No	No	Contract								EXISTING_GLOBAL;NEEDED_GLOBAL
Global	Contract	Financial - Fiscal w/ Tax	Remaining Total Rent Obligation(Fiscal Year) w/ Tax	RemainingFiscalObligationTotalRentWithTax	sTYPE_MONEY	No	No	Contract								EXISTING_GLOBAL;NEEDED_GLOBAL
Global	Contract	Financial - Fiscal w/ Tax	Sixth Fiscal Year Base Rent w/ Tax	SixthFiscalYearBaseRentWithTax	sTYPE_MONEY	No	No	Contract								EXISTING_GLOBAL;NEEDED_GLOBAL
Global	Contract	Financial - Fiscal w/ Tax	Sixth Fiscal Year Total Rent w/ Tax	SixthFiscalYearTotalRentWithTax	sTYPE_MONEY	No	No	Contract								EXISTING_GLOBAL;NEEDED_GLOBAL
Global	Contract	Financial - Fiscal w/ Tax	Third Fiscal Year Base Rent w/ Tax	ThirdFiscalYearBaseRentWithTax	sTYPE_MONEY	No	No	Contract								EXISTING_GLOBAL;NEEDED_GLOBAL
Global	Contract	Financial - Fiscal w/ Tax	Third Fiscal Year Total Rent w/ Tax	ThirdFiscalYearTotalRentWithTax	sTYPE_MONEY	No	No	Contract								EXISTING_GLOBAL;NEEDED_GLOBAL
Global	Contract	Financial - Rent Schedule	Beyond Fifth Fiscal Year Cash Expense	BeyondFifthFiscalYearCashExpense	sTYPE_MONEY	No	No	SLSummary								
Global	Contract	Financial - Rent Schedule	Beyond Sixth Fiscal Year Cash Expense	BeyondSixthFiscalYearCashExpense	sTYPE_MONEY	No	No	SLSummary								
Global	Contract	Financial - Rent Schedule	Current Fiscal Year Cash Expense	CurrentFiscalYearCashExpense	sTYPE_MONEY	No	No	SLSummary								
Global	Contract	Financial - Rent Schedule	Current Fiscal Year and Beyond Cash Expense	BeyondCurrentFiscalYearCashExpense	sTYPE_MONEY	No	No	SLSummary								
Global	Contract	Financial - Rent Schedule	Current Fiscal Year and Beyond Interest Expense	BeyondCurrentFiscalYearInterestExpense	sTYPE_MONEY	No	No	SLSummary								
Global	Contract	Financial - Rent Schedule	Current Fiscal Year Q1 Cash Expense	CurrentFiscalYearQ1CashExpense	sTYPE_MONEY	No	No	SLSummary								EXISTING_GLOBAL;NEEDED_GLOBAL
Global	Contract	Financial - Rent Schedule	Current Fiscal Year Q2 Cash Expense	CurrentFiscalYearQ2CashExpense	sTYPE_MONEY	No	No	SLSummary								EXISTING_GLOBAL;NEEDED_GLOBAL
Global	Contract	Financial - Rent Schedule	Current Fiscal Year Q3 Cash Expense	CurrentFiscalYearQ3CashExpense	sTYPE_MONEY	No	No	SLSummary								EXISTING_GLOBAL;NEEDED_GLOBAL
Global	Contract	Financial - Rent Schedule	Current Fiscal Year Q4 Cash Expense	CurrentFiscalYearQ4CashExpense	sTYPE_MONEY	No	No	SLSummary								EXISTING_GLOBAL;NEEDED_GLOBAL
Global	Contract	Financial - Rent Schedule	Fifth Fiscal Year Cash Expense	FifthFiscalYearCashExpense	sTYPE_MONEY	No	No	SLSummary								
Global	Contract	Financial - Rent Schedule	Fourth Fiscal Year Cash Expense	FourthFiscalYearCashExpense	sTYPE_MONEY	No	No	SLSummary								
Global	Contract	Financial - Rent Schedule	Next Fiscal Year Cash Expense	NextFiscalYearCashExpense	sTYPE_MONEY	No	No	SLSummary								
Global	Contract	Financial - Rent Schedule	Sixth Fiscal Year Cash Expense	SixthFiscalYearCashExpense	sTYPE_MONEY	No	No	SLSummary								
Global	Contract	Financial - Rent Schedule	Third Fiscal Year Cash Expense	ThirdFiscalYearCashExpense	sTYPE_MONEY	No	No	SLSummary								
Global	Contract	Financial Adjustment	Accounting Adjustment Type	CodeAccountingAdjustmentTypeID	sCODE_ACCOUNTING_ADJUSTMENT_TYPE	No	No	FinancialAdjustment								EXISTING_GLOBAL;NEEDED_GLOBAL
Global	Contract	Financial Adjustment	Amount	Amount	sTYPE_MONEY	No	No	FinancialAdjustment								EXISTING_GLOBAL;NEEDED_GLOBAL
Global	Contract	Financial Adjustment	Asset	AssetID	sTYPE_ASSET	Yes	No	FinancialAdjustment								EXISTING_GLOBAL;NEEDED_GLOBAL
Global	Contract	Financial Adjustment	Asset Associated Entity	AssetAssociatedProjectEntityID	sTYPE_MIXEDENTITY	No	No	FinancialAdjustment								EXISTING_GLOBAL;NEEDED_GLOBAL
Global	Contract	Financial Adjustment	Contract	ContractID	sTYPE_CONTRACT	Yes	No	FinancialAdjustment								EXISTING_GLOBAL;NEEDED_GLOBAL
Global	Contract	Financial Adjustment	Covenant	CovenantID	sTYPE_COVENANT	No	No	FinancialAdjustment								EXISTING_GLOBAL;NEEDED_GLOBAL
Global	Contract	Financial Adjustment	Created By	CreatedByID	sTYPE_MEMBER	No	No	FinancialAdjustment								EXISTING_GLOBAL;NEEDED_GLOBAL
Global	Contract	Financial Adjustment	Created Date	CreatedDate	sTYPE_TIME	No	No	FinancialAdjustment								EXISTING_GLOBAL;NEEDED_GLOBAL
Global	Contract	Financial Adjustment	Effective Date	EffectiveDate	sTYPE_DATE	No	No	FinancialAdjustment								EXISTING_GLOBAL;NEEDED_GLOBAL
Global	Contract	Financial Adjustment	Financial Adjustment ClientID	BOMapClientRecordID	sTYPE_TEXT	Yes	No	FinancialAdjustment								EXISTING_GLOBAL;NEEDED_GLOBAL
Global	Contract	Financial Adjustment	Financial Adjustment RecID	FinancialAdjustmentID	sTYPE_UNFORMATTED_NUMBER	No	No	FinancialAdjustment								EXISTING_GLOBAL;NEEDED_GLOBAL
Global	Contract	Financial Adjustment	Financial Adjustment Status	CodeFinancialAdjustmentStatusID	sCODE_FINANCIAL_ADJUSTMENT_STATUS	No	No	FinancialAdjustment								EXISTING_GLOBAL;NEEDED_GLOBAL
Global	Contract	Financial Adjustment	Modified By	ModifiedByID	sTYPE_MEMBER	No	No	FinancialAdjustment								EXISTING_GLOBAL;NEEDED_GLOBAL
Global	Contract	Financial Adjustment	Modified Date	ModifiedDate	sTYPE_TIME	No	No	FinancialAdjustment								EXISTING_GLOBAL;NEEDED_GLOBAL
Global	Contract	Financial Adjustment	Notes	Notes	sTYPE_TEXTAREA	No	No	FinancialAdjustment								EXISTING_GLOBAL;NEEDED_GLOBAL
Global	Contract	Financial Adjustment	Portion Guaranteed By 3rd Party	ThirdPartyRVGAmount	sTYPE_MONEY	No	No	FinancialAdjustment								EXISTING_GLOBAL;NEEDED_GLOBAL
Global	Contract	Financial Adjustment	Rev Number	RevNumber	sTYPE_UNFORMATTED_NUMBER	No	No	FinancialAdjustment								EXISTING_GLOBAL;NEEDED_GLOBAL
Global	Contract	Financial Adjustment	Total Residual Value Guarantee	TotalRVGAmount	sTYPE_MONEY	No	No	FinancialAdjustment								EXISTING_GLOBAL;NEEDED_GLOBAL
Global	Contract	Financial Test	Accounting Type Override	CodeAcctMethodOverrideID	sCODE_ACCOUNTING_METHOD	No	No	ContractFinancialTest								EXISTING_GLOBAL;NEEDED_GLOBAL
Global	Contract	Financial Test	Asset	AssetID	sTYPE_ASSET	No	No	ContractFinancialTest								EXISTING_GLOBAL;NEEDED_GLOBAL
Global	Contract	Financial Test	Asset Associated Entity	AssetAssociatedProjectEntityID	sTYPE_MIXEDENTITY	No	No	ContractFinancialTest								EXISTING_GLOBAL;NEEDED_GLOBAL
Global	Contract	Financial Test	Associated Document	AssociatedDocumentID	sTYPE_DOCUMENT	No	No	ContractFinancialTest								EXISTING_GLOBAL;NEEDED_GLOBAL
Global	Contract	Financial Test	Auto Computed?	AutoComputed	sTYPE_CHECKBOX	No	No	ContractFinancialTest								EXISTING_GLOBAL;NEEDED_GLOBAL
Global	Contract	Financial Test	Base Name	BaseName	sTYPE_TEXT	No	No	ContractFinancialTest								EXISTING_GLOBAL;NEEDED_GLOBAL
Global	Contract	Financial Test	Commence Date	CommenceDate	sTYPE_DATE	No	No	ContractFinancialTest								EXISTING_GLOBAL;NEEDED_GLOBAL
Global	Contract	Financial Test	Contains Bargain Purchase Option?	ContainsBargainPurchaseOption	sTYPE_CHECKBOX	No	No	ContractFinancialTest								EXISTING_GLOBAL;NEEDED_GLOBAL
Global	Contract	Financial Test	Contract	ContractID	sTYPE_CONTRACT	Yes	No	ContractFinancialTest								EXISTING_GLOBAL;NEEDED_GLOBAL
Global	Contract	Financial Test	Contract Financial Test ClientID	BOMapClientRecordID	sTYPE_TEXT	Yes	No	ContractFinancialTest								EXISTING_GLOBAL;NEEDED_GLOBAL
Global	Contract	Financial Test	Contract Financial Test RecID	ContractFinancialTestID	sTYPE_UNFORMATTED_NUMBER	No	No	ContractFinancialTest								EXISTING_GLOBAL;NEEDED_GLOBAL
Global	Contract	Financial Test	Created By	CreatedByID	sTYPE_MEMBER	No	No	ContractFinancialTest								EXISTING_GLOBAL;NEEDED_GLOBAL
Global	Contract	Financial Test	Created Date	CreatedDate	sTYPE_TIME	No	No	ContractFinancialTest								EXISTING_GLOBAL;NEEDED_GLOBAL
Global	Contract	Financial Test	Does Ownership Revert To Tenant?	DoesTitleRevertToTenant	sTYPE_CHECKBOX	No	No	ContractFinancialTest								EXISTING_GLOBAL;NEEDED_GLOBAL
Global	Contract	Financial Test	Expire Date	ExpireDate	sTYPE_DATE	No	No	ContractFinancialTest								EXISTING_GLOBAL;NEEDED_GLOBAL
Global	Contract	Financial Test	Fair Value Controlled	FairValueControlled	sTYPE_MONEY_MATH_OPERATION	No	No	ContractFinancialTest								EXISTING_GLOBAL;NEEDED_GLOBAL
Global	Contract	Financial Test	Fair Value Of Asset	FairValueOfAsset	sTYPE_MONEY	No	No	ContractFinancialTest								EXISTING_GLOBAL;NEEDED_GLOBAL
Global	Contract	Financial Test	Fair Value Source	FairValueSource	sTYPE_TEXT	No	No	ContractFinancialTest								EXISTING_GLOBAL;NEEDED_GLOBAL
Global	Contract	Financial Test	Fair Value Threshold	FairValueThreshold	sTYPE_PERCENTAGE	No	No	ContractFinancialTest								EXISTING_GLOBAL;NEEDED_GLOBAL
Global	Contract	Financial Test	Final Result	FinalResult	sTYPE_TEXT	No	No	ContractFinancialTest								EXISTING_GLOBAL;NEEDED_GLOBAL
Global	Contract	Financial Test	Folder	FolderID	sTYPE_DOCUMENT	No	No	ContractFinancialTest								EXISTING_GLOBAL;NEEDED_GLOBAL
Global	Contract	Financial Test	Initial Liability Balance Adjustment	InitialLiabilityBalanceAdjust	sTYPE_MONEY	No	No	ContractFinancialTest								EXISTING_GLOBAL;NEEDED_GLOBAL
Global	Contract	Financial Test	Initial Liability Balance to Threshold Fair Value Controlled	InitLiabilityBalToThreshFairValueCtrld	sTYPE_PERCENT_MATH_OPERATION	No	No	ContractFinancialTest								EXISTING_GLOBAL;NEEDED_GLOBAL
Global	Contract	Financial Test	Is Asset Too Specialized For Lessor?	IsAssetTooSpecializedForLessor	sTYPE_CHECKBOX	No	No	ContractFinancialTest								EXISTING_GLOBAL;NEEDED_GLOBAL
Global	Contract	Financial Test	Is Locked?	IsLocked	sTYPE_CHECKBOX	No	No	ContractFinancialTest								EXISTING_GLOBAL;NEEDED_GLOBAL
Global	Contract	Financial Test	Is the lease commencement at or near the end of the economic life of the asset?	IsLeaseNearEnd	sTYPE_CHECKBOX	No	No	ContractFinancialTest								EXISTING_GLOBAL;NEEDED_GLOBAL
Global	Contract	Financial Test	Last Likely Option Date	LastLikelyOptionDate	sTYPE_DATE	No	No	ContractFinancialTest								EXISTING_GLOBAL;NEEDED_GLOBAL
Global	Contract	Financial Test	Likely Term Length	LikelyTermLength	sTYPE_DATE_MATH_OPERATION	No	No	ContractFinancialTest								EXISTING_GLOBAL;NEEDED_GLOBAL
Global	Contract	Financial Test	Line Number	LineNumber	sTYPE_TEXT	No	No	ContractFinancialTest								EXISTING_GLOBAL;NEEDED_GLOBAL
Global	Contract	Financial Test	Modified By	ModifiedByID	sTYPE_MEMBER	No	No	ContractFinancialTest								EXISTING_GLOBAL;NEEDED_GLOBAL
Global	Contract	Financial Test	Modified Date	ModifiedDate	sTYPE_TIME	No	No	ContractFinancialTest								EXISTING_GLOBAL;NEEDED_GLOBAL
Global	Contract	Financial Test	Notes	Notes	sTYPE_TEXTAREA	No	No	ContractFinancialTest								EXISTING_GLOBAL;NEEDED_GLOBAL
Global	Contract	Financial Test	Page Number	PageNumber	sTYPE_TEXT	No	No	ContractFinancialTest								EXISTING_GLOBAL;NEEDED_GLOBAL
Global	Contract	Financial Test	Paragraph Number	ParagraphNumber	sTYPE_TEXT	No	No	ContractFinancialTest								EXISTING_GLOBAL;NEEDED_GLOBAL
Global	Contract	Financial Test	Portion Of Asset Controlled	PortionOfAssetControlled	sTYPE_PERCENTAGE	No	No	ContractFinancialTest								EXISTING_GLOBAL;NEEDED_GLOBAL
Global	Contract	Financial Test	Remaining Economic Life Threshold	RemainingEconomicLifeThreshold	sTYPE_PERCENTAGE	No	No	ContractFinancialTest								EXISTING_GLOBAL;NEEDED_GLOBAL
Global	Contract	Financial Test	Remaining Life	RemainingLife	sTYPE_NUMBER_FRACTION2DIGITS	No	No	ContractFinancialTest								EXISTING_GLOBAL;NEEDED_GLOBAL
Global	Contract	Financial Test	Remaining Life Freq Unit	CodeRemainingLifeFreqUnitID	sCODE_FREQUENCY_UNIT	No	No	ContractFinancialTest								EXISTING_GLOBAL;NEEDED_GLOBAL
Global	Contract	Financial Test	Rev Number	RevNumber	sTYPE_UNFORMATTED_NUMBER	No	No	ContractFinancialTest								EXISTING_GLOBAL;NEEDED_GLOBAL
Global	Contract	Financial Test	Section Number	SectionNumber	sTYPE_TEXT	No	No	ContractFinancialTest								EXISTING_GLOBAL;NEEDED_GLOBAL
Global	Contract	Financial Test	Term Length	TermLength	sTYPE_DATE_MATH_OPERATION	No	No	ContractFinancialTest								EXISTING_GLOBAL;NEEDED_GLOBAL
Global	Contract	Financial Test	Test #1 Result	Test1Result	sTYPE_PASS_FAIL	No	No	ContractFinancialTest								EXISTING_GLOBAL;NEEDED_GLOBAL
Global	Contract	Financial Test	Test #2 Result	Test2Result	sTYPE_PASS_FAIL	No	No	ContractFinancialTest								EXISTING_GLOBAL;NEEDED_GLOBAL
Global	Contract	Financial Test	Test #3 Result	Test3Result	sTYPE_PASS_FAIL	No	No	ContractFinancialTest								EXISTING_GLOBAL;NEEDED_GLOBAL
Global	Contract	Financial Test	Test #4 Result	Test4Result	sTYPE_PASS_FAIL	No	No	ContractFinancialTest								EXISTING_GLOBAL;NEEDED_GLOBAL
Global	Contract	Financial Test	Test #5 Result	Test5Result	sTYPE_PASS_FAIL	No	No	ContractFinancialTest								EXISTING_GLOBAL;NEEDED_GLOBAL
Global	Contract	Financial Test	Test Term Length	TestTermLength	sTYPE_DATE_MATH_OPERATION	No	No	ContractFinancialTest								EXISTING_GLOBAL;NEEDED_GLOBAL
Global	Contract	Financial Test	Test Term Length to Remaining Life	ComputedTestTermLengthToRemainingLife	sTYPE_PERCENTAGE	No	No	ContractFinancialTest								EXISTING_GLOBAL;NEEDED_GLOBAL
Global	Contract	Financial Test	Threshold Fair Value Controlled	ThresholdFairValueControlled	sTYPE_MONEY_MATH_OPERATION	No	No	ContractFinancialTest								EXISTING_GLOBAL;NEEDED_GLOBAL
Global	Contract	Financial Test	Year Built	YearBuilt	sTYPE_DROPDOWN_YEAR	No	No	ContractFinancialTest								EXISTING_GLOBAL;NEEDED_GLOBAL
Global	Contract	IFRS 16 Schedule Type	Don't Amortize Asset Value	DontAmortizeAssetValue	sTYPE_BOOLEAN	No	No	CodeIFRS16Schedule								EXISTING_GLOBAL;NEEDED_GLOBAL
Global	Contract	IFRS 16 Schedule Type	Export Account #1	ExportAcct1Number	sTYPE_TEXT	No	No	CodeIFRS16Schedule								EXISTING_GLOBAL;NEEDED_GLOBAL
Global	Contract	IFRS 16 Schedule Type	Export Account #10	ExportAcct10Number	sTYPE_TEXT	No	No	CodeIFRS16Schedule								EXISTING_GLOBAL;NEEDED_GLOBAL
Global	Contract	IFRS 16 Schedule Type	Export Account #11	ExportAcct11Number	sTYPE_TEXT	No	No	CodeIFRS16Schedule								EXISTING_GLOBAL;NEEDED_GLOBAL
Global	Contract	IFRS 16 Schedule Type	Export Account #12	ExportAcct12Number	sTYPE_TEXT	No	No	CodeIFRS16Schedule								EXISTING_GLOBAL;NEEDED_GLOBAL
Global	Contract	IFRS 16 Schedule Type	Export Account #13	ExportAcct13Number	sTYPE_TEXT	No	No	CodeIFRS16Schedule								EXISTING_GLOBAL;NEEDED_GLOBAL
Global	Contract	IFRS 16 Schedule Type	Export Account #14	ExportAcct14Number	sTYPE_TEXT	No	No	CodeIFRS16Schedule								EXISTING_GLOBAL;NEEDED_GLOBAL
Global	Contract	IFRS 16 Schedule Type	Export Account #15	ExportAcct15Number	sTYPE_TEXT	No	No	CodeIFRS16Schedule								EXISTING_GLOBAL;NEEDED_GLOBAL
Global	Contract	IFRS 16 Schedule Type	Export Account #16	ExportAcct16Number	sTYPE_TEXT	No	No	CodeIFRS16Schedule								EXISTING_GLOBAL;NEEDED_GLOBAL
Global	Contract	IFRS 16 Schedule Type	Export Account #17	ExportAcct17Number	sTYPE_TEXT	No	No	CodeIFRS16Schedule								EXISTING_GLOBAL;NEEDED_GLOBAL
Global	Contract	IFRS 16 Schedule Type	Export Account #18	ExportAcct18Number	sTYPE_TEXT	No	No	CodeIFRS16Schedule								EXISTING_GLOBAL;NEEDED_GLOBAL
Global	Contract	IFRS 16 Schedule Type	Export Account #19	ExportAcct19Number	sTYPE_TEXT	No	No	CodeIFRS16Schedule								EXISTING_GLOBAL;NEEDED_GLOBAL
Global	Contract	IFRS 16 Schedule Type	Export Account #2	ExportAcct2Number	sTYPE_TEXT	No	No	CodeIFRS16Schedule								EXISTING_GLOBAL;NEEDED_GLOBAL
Global	Contract	IFRS 16 Schedule Type	Export Account #20	ExportAcct20Number	sTYPE_TEXT	No	No	CodeIFRS16Schedule								EXISTING_GLOBAL;NEEDED_GLOBAL
Global	Contract	IFRS 16 Schedule Type	Export Account #3	ExportAcct3Number	sTYPE_TEXT	No	No	CodeIFRS16Schedule								EXISTING_GLOBAL;NEEDED_GLOBAL
Global	Contract	IFRS 16 Schedule Type	Export Account #4	ExportAcct4Number	sTYPE_TEXT	No	No	CodeIFRS16Schedule								EXISTING_GLOBAL;NEEDED_GLOBAL
Global	Contract	IFRS 16 Schedule Type	Export Account #5	ExportAcct5Number	sTYPE_TEXT	No	No	CodeIFRS16Schedule								EXISTING_GLOBAL;NEEDED_GLOBAL
Global	Contract	IFRS 16 Schedule Type	Export Account #6	ExportAcct6Number	sTYPE_TEXT	No	No	CodeIFRS16Schedule								EXISTING_GLOBAL;NEEDED_GLOBAL
Global	Contract	IFRS 16 Schedule Type	Export Account #7	ExportAcct7Number	sTYPE_TEXT	No	No	CodeIFRS16Schedule								EXISTING_GLOBAL;NEEDED_GLOBAL
Global	Contract	IFRS 16 Schedule Type	Export Account #8	ExportAcct8Number	sTYPE_TEXT	No	No	CodeIFRS16Schedule								EXISTING_GLOBAL;NEEDED_GLOBAL
Global	Contract	IFRS 16 Schedule Type	Export Account #9	ExportAcct9Number	sTYPE_TEXT	No	No	CodeIFRS16Schedule								EXISTING_GLOBAL;NEEDED_GLOBAL
Global	Contract	Insurance	Agent Also Named Insured?	AgentAlsoNamedInsuredFlag	sTYPE_CHECKBOX	No	No	Insurance	Insurance	AgentAlsoNamedInsuredFlag	Agent Also Named Insured?	insurance	AgentAlsoNamedInsuredFlag	TEXT		EXISTING_GLOBAL;NEEDED_GLOBAL
Global	Contract	Insurance	Amendment	AmendmentID	sTYPE_CONTRACT_AMENDMENT	No	No	Insurance	Insurance	AmendmentID	Amendment	insurance	AmendmentID	TEXT	Foreign key (ID reference)	EXISTING_GLOBAL;NEEDED_GLOBAL
Global	Contract	Insurance	Begin Date	BeginDate	sTYPE_DATE	No	No	Insurance	Insurance	BeginDate	Begin Date	insurance	BeginDate	TEXT		EXISTING_GLOBAL;NEEDED_GLOBAL
Global	Contract	Insurance	Certificate Received Date	CertificateReceivedDate	sTYPE_DATE	No	No	Insurance	Insurance	CertificateReceivedDate	Certificate Received Date	insurance	CertificateReceivedDate	TEXT		EXISTING_GLOBAL;NEEDED_GLOBAL
Global	Contract	Insurance	Certificate Request Date	CertificateRequestDate	sTYPE_DATE	No	No	Insurance	Insurance	CertificateRequestDate	Certificate Request Date	insurance	CertificateRequestDate	TEXT		EXISTING_GLOBAL;NEEDED_GLOBAL
Global	Contract	Insurance	Certificate Required?	CertificateRequiredFlag	sTYPE_CHECKBOX	No	No	Insurance	Insurance	CertificateRequiredFlag	Certificate Required?	insurance	CertificateRequiredFlag	TEXT		EXISTING_GLOBAL;NEEDED_GLOBAL
Global	Contract	Insurance	Contact	ContactID	sTYPE_PERSON	No	No	Insurance	Insurance	ContactID	Contact	insurance	ContactID	TEXT	Foreign key (ID reference)	EXISTING_GLOBAL;NEEDED_GLOBAL
Global	Contract	Insurance	Contract	ContractID	sTYPE_CONTRACT	Yes	No	Insurance	Insurance	ContractID	ContractID	insurance	ContractID	TEXT	Foreign key (ID reference)	EXISTING_GLOBAL;NEEDED_GLOBAL
Global	Contract	Insurance	Covenant	CovenantID	sTYPE_COVENANT	No	No	Insurance	Insurance	CovenantID	Covenant	insurance	CovenantID	TEXT	Foreign key (ID reference)	EXISTING_GLOBAL;NEEDED_GLOBAL
Global	Contract	Insurance	Coverage Amount	CoverageAmount	sTYPE_MONEY	No	No	Insurance	Insurance	CoverageAmount	Coverage Amount	insurance	CoverageAmount	TEXT		EXISTING_GLOBAL;NEEDED_GLOBAL
Global	Contract	Insurance	Currency Type	CodeCurrencyTypeID	sCODE_CURRENCY_TYPE	No	No	Insurance	Insurance	CodeCurrencyTypeID	Currency Type	insurance	CodeCurrencyTypeID	TEXT	Foreign key (ID reference)	EXISTING_GLOBAL;NEEDED_GLOBAL
Global	Contract	Insurance	End Date	EndDate	sTYPE_DATE	No	No	Insurance	Insurance	EndDate	End Date	insurance	EndDate	TEXT		EXISTING_GLOBAL;NEEDED_GLOBAL
Global	Contract	Insurance	Insurance Category	CodeInsuranceCategoryID	sCODE_INSURANCE_CATEGORY	No	No	Insurance	Insurance	CodeInsuranceCategoryID	Insurance Category	insurance	CodeInsuranceCategoryID	TEXT	Foreign key (ID reference)	EXISTING_GLOBAL;NEEDED_GLOBAL
Global	Contract	Insurance	Insurance ClientID	BOMapClientRecordID	sTYPE_TEXT	Yes	No	Insurance	Insurance	BOMapClientRecordID	Insurance ClientID	insurance	BOMapClientRecordID	TEXT	Client identifier	EXISTING_GLOBAL;NEEDED_GLOBAL
Global	Contract	Insurance	Insurance Group	CodeInsuranceGroupID	sCODE_INSURANCE_GROUP	No	No	Insurance	Insurance	CodeInsuranceGroupID	Insurance Group	insurance	CodeInsuranceGroupID	TEXT	Foreign key (ID reference)	EXISTING_GLOBAL;NEEDED_GLOBAL
Global	Contract	Insurance	Insurance RecID	InsuranceID	sTYPE_UNFORMATTED_NUMBER	No	No	Insurance	Insurance	InsuranceID	Insurance RecID	insurance	InsuranceID	VARCHAR(64) NOT NULL	Primary key	EXISTING_GLOBAL;NEEDED_GLOBAL
Global	Contract	Insurance	Insurance Type	CodeInsuranceTypeID	sCODE_INSURANCE_TYPE	No	No	Insurance	Insurance	CodeInsuranceTypeID	Insurance Type	insurance	CodeInsuranceTypeID	TEXT	Foreign key (ID reference)	EXISTING_GLOBAL;NEEDED_GLOBAL
Global	Contract	Insurance	Landlord Also Named Insured?	LandlordAlsoNamedInsuredFlag	sTYPE_CHECKBOX	No	No	Insurance	Insurance	LandlordAlsoNamedInsuredFlag	Landlord Also Named Insured?	insurance	LandlordAlsoNamedInsuredFlag	TEXT		EXISTING_GLOBAL;NEEDED_GLOBAL
Global	Contract	Insurance	Modified By	ModifiedByID	sTYPE_MEMBER	No	No	Insurance	Insurance	ModifiedByID	Modified By	insurance	ModifiedByID	TEXT	Foreign key (ID reference)	EXISTING_GLOBAL;NEEDED_GLOBAL
Global	Contract	Insurance	Modified Date	ModifiedDate	sTYPE_TIME	No	No	Insurance	Insurance	ModifiedDate	Modified Date	insurance	ModifiedDate	TEXT	Incremental watermark	EXISTING_GLOBAL;NEEDED_GLOBAL
Global	Contract	Insurance	Notes	Notes	sTYPE_TEXTAREA	No	No	Insurance	Insurance	Notes	Notes	insurance	Notes	TEXT		EXISTING_GLOBAL;NEEDED_GLOBAL
Global	Contract	Insurance	Policy Number	PolicyNumber	sTYPE_TEXT	No	No	Insurance	Insurance	PolicyNumber	Policy Number	insurance	PolicyNumber	TEXT		EXISTING_GLOBAL;NEEDED_GLOBAL
Global	Contract	Insurance	Policy Required?	PolicyRequiredFlag	sTYPE_CHECKBOX	No	No	Insurance	Insurance	PolicyRequiredFlag	Policy Required?	insurance	PolicyRequiredFlag	TEXT		EXISTING_GLOBAL;NEEDED_GLOBAL
Global	Contract	Insurance	Section	Section	sTYPE_TEXT	No	No	Insurance	Insurance	Section	Section	insurance	Section	TEXT		EXISTING_GLOBAL;NEEDED_GLOBAL
Global	Contract	Insurance	Self Insured?	SelfInsuredFlag	sTYPE_CHECKBOX	No	No	Insurance	Insurance	SelfInsuredFlag	Self Insured?	insurance	SelfInsuredFlag	TEXT		EXISTING_GLOBAL;NEEDED_GLOBAL
Global	Contract	Insurance	Single Occurance Amount	SingleOccuranceAmount	sTYPE_MONEY	No	No	Insurance	Insurance	SingleOccuranceAmount	Single Occurance Amount	insurance	SingleOccuranceAmount	TEXT		EXISTING_GLOBAL;NEEDED_GLOBAL
Global	Contract	Key Date	Action Date	ActionDate	sTYPE_DATE	No	No	KeyDate								EXISTING_GLOBAL;NEEDED_GLOBAL
Global	Contract	Key Date	Action Period	ActionPeriod	sTYPE_DATE_DAYS_MATH_OPERATION	No	No	KeyDate								EXISTING_GLOBAL;NEEDED_GLOBAL
Global	Contract	Key Date	Action Period Unit	CodeActionPeriodUnitID	sCODE_TIME_UNIT	No	No	KeyDate								EXISTING_GLOBAL;NEEDED_GLOBAL
Global	Contract	Key Date	Contract	ContractID	sTYPE_CONTRACT	Yes	No	KeyDate								EXISTING_GLOBAL;NEEDED_GLOBAL
Global	Contract	Key Date	Contract Term	ContractTermID	sTYPE_CONTRACT_TERM	No	No	KeyDate								EXISTING_GLOBAL;NEEDED_GLOBAL
Global	Contract	Key Date	Covenant	CovenantID	sTYPE_COVENANT	No	No	KeyDate								EXISTING_GLOBAL;NEEDED_GLOBAL
Global	Contract	Key Date	Coverage Period Begin Date	BeginDate	sTYPE_DATE	No	No	KeyDate								EXISTING_GLOBAL;NEEDED_GLOBAL
Global	Contract	Key Date	Coverage Period End Date	EndDate	sTYPE_DATE	No	No	KeyDate								EXISTING_GLOBAL;NEEDED_GLOBAL
Global	Contract	Key Date	Description	Description	sTYPE_TEXT	No	No	KeyDate								EXISTING_GLOBAL;NEEDED_GLOBAL
Global	Contract	Key Date	Earliest Notice Date	NoticeBeginDate	sTYPE_DATE	No	No	KeyDate								EXISTING_GLOBAL;NEEDED_GLOBAL
Global	Contract	Key Date	Earliest Notice Period	FirstNoticePeriod	sTYPE_DATE_DAYS_MATH_OPERATION	No	No	KeyDate								EXISTING_GLOBAL;NEEDED_GLOBAL
Global	Contract	Key Date	Earliest Notice Period Unit	CodeFirstNoticePeriodUnitID	sCODE_TIME_UNIT	No	No	KeyDate								EXISTING_GLOBAL;NEEDED_GLOBAL
Global	Contract	Key Date	First Event Begin Date	FirstEventBeginDate	sTYPE_DATE	No	No	KeyDate								EXISTING_GLOBAL;NEEDED_GLOBAL
Global	Contract	Key Date	Frequency	CodeFrequencyID	sCODE_MONTH_FREQUENCY	No	No	KeyDate								EXISTING_GLOBAL;NEEDED_GLOBAL
Global	Contract	Key Date	Is Action Complete?	ActionComplete	sTYPE_CHECKBOX	No	No	KeyDate								EXISTING_GLOBAL;NEEDED_GLOBAL
Global	Contract	Key Date	Key Date Action	CodeKeyDateActionID	sCODE_KEY_DATE_ACTION	No	No	KeyDate								EXISTING_GLOBAL;NEEDED_GLOBAL
Global	Contract	Key Date	Key Date ClientID	BOMapClientRecordID	sTYPE_TEXT	Yes	No	KeyDate								EXISTING_GLOBAL;NEEDED_GLOBAL
Global	Contract	Key Date	Key Date Event Table	KeyDateEventTable	sTYPE_TEXT	No	No	KeyDate								EXISTING_GLOBAL;NEEDED_GLOBAL
Global	Contract	Key Date	Key Date Group	CodeKeyDateGroupID	sCODE_KEY_DATE_GROUP	No	No	KeyDate								EXISTING_GLOBAL;NEEDED_GLOBAL
Global	Contract	Key Date	Key Date RecID	KeyDateID	sTYPE_UNFORMATTED_NUMBER	No	No	KeyDate								EXISTING_GLOBAL;NEEDED_GLOBAL
Global	Contract	Key Date	Key Date Type	CodeKeyDateTypeID	sCODE_KEY_DATE_TYPE	No	No	KeyDate								EXISTING_GLOBAL;NEEDED_GLOBAL
Global	Contract	Key Date	Last Notice Date	NoticeEndDate	sTYPE_DATE	No	No	KeyDate								EXISTING_GLOBAL;NEEDED_GLOBAL
Global	Contract	Key Date	Last Notice Period	NoticePeriod	sTYPE_DATE_DAYS_MATH_OPERATION	No	No	KeyDate								EXISTING_GLOBAL;NEEDED_GLOBAL
Global	Contract	Key Date	Last Notice Period Unit	CodeNoticePeriodUnitID	sCODE_TIME_UNIT	No	No	KeyDate								EXISTING_GLOBAL;NEEDED_GLOBAL
Global	Contract	Key Date	Length	LengthOfTerm	sTYPE_DATE_MATH_OPERATION	No	No	KeyDate								EXISTING_GLOBAL;NEEDED_GLOBAL
Global	Contract	Key Date	Modified By	ModifiedByID	sTYPE_MEMBER	No	No	KeyDate								EXISTING_GLOBAL;NEEDED_GLOBAL
Global	Contract	Key Date	Modified Date	ModifiedDate	sTYPE_TIME	No	No	KeyDate								EXISTING_GLOBAL;NEEDED_GLOBAL
Global	Contract	Key Date	Notes	Notes	sTYPE_TEXTAREA	No	No	KeyDate								EXISTING_GLOBAL;NEEDED_GLOBAL
Global	Contract	Key Date	Notice Received?	NoticeReceivedFlag	sTYPE_CHECKBOX	No	No	KeyDate								EXISTING_GLOBAL;NEEDED_GLOBAL
Global	Contract	Key Date	Notice Sent?	NoticeSentFlag	sTYPE_CHECKBOX	No	No	KeyDate								EXISTING_GLOBAL;NEEDED_GLOBAL
Global	Contract	Key Date	Tickler Last Notice Date	TicklerDate	sTYPE_DATE	No	No	KeyDate								EXISTING_GLOBAL;NEEDED_GLOBAL
Global	Contract	Landlord Invoice	Amount Allocated	AmountAllocated	sTYPE_MONEY	No	No	LandlordInvoice								EXISTING_GLOBAL;NEEDED_GLOBAL
Global	Contract	Landlord Invoice	Amount Not Allocated	AmountNotAllocated	sTYPE_MONEY	No	No	LandlordInvoice								EXISTING_GLOBAL;NEEDED_GLOBAL
Global	Contract	Landlord Invoice	Contract	ContractID	sTYPE_CONTRACT	Yes	No	LandlordInvoice								EXISTING_GLOBAL;NEEDED_GLOBAL
Global	Contract	Landlord Invoice	Coverage Begin Date	ServicePeriodStartDate	sTYPE_DATE	No	No	LandlordInvoice								EXISTING_GLOBAL;NEEDED_GLOBAL
Global	Contract	Landlord Invoice	Coverage End Date	ServicePeriodEndDate	sTYPE_DATE	No	No	LandlordInvoice								EXISTING_GLOBAL;NEEDED_GLOBAL
Global	Contract	Landlord Invoice	Created By	CreatedByID	sTYPE_MEMBER	No	No	LandlordInvoice								EXISTING_GLOBAL;NEEDED_GLOBAL
Global	Contract	Landlord Invoice	Created Date	CreatedDate	sTYPE_TIME	No	No	LandlordInvoice								EXISTING_GLOBAL;NEEDED_GLOBAL
Global	Contract	Landlord Invoice	Currency Type	CodeCurrencyTypeID	sCODE_CURRENCY_TYPE	No	No	LandlordInvoice								EXISTING_GLOBAL;NEEDED_GLOBAL
Global	Contract	Landlord Invoice	Customer Address	CustomerAddress	sTYPE_TEXT	No	No	LandlordInvoice								
Global	Contract	Landlord Invoice	Customer Address Recipient	CustomerAddressRecipient	sTYPE_TEXT	No	No	LandlordInvoice								
Global	Contract	Landlord Invoice	Customer Name	CustomerName	sTYPE_TEXT	No	No	LandlordInvoice								
Global	Contract	Landlord Invoice	Customer Tax ID	CustomerTaxID	sTYPE_TEXT	No	No	LandlordInvoice								
Global	Contract	Landlord Invoice	CustomerID	CustomerID	sTYPE_TEXT	No	No	LandlordInvoice								
Global	Contract	Landlord Invoice	Document	AssociatedDocumentID	sTYPE_DOCUMENT	No	No	LandlordInvoice								EXISTING_GLOBAL;NEEDED_GLOBAL
Global	Contract	Landlord Invoice	Due Date	DueDate	sTYPE_DATE	No	No	LandlordInvoice								EXISTING_GLOBAL;NEEDED_GLOBAL
Global	Contract	Landlord Invoice	Folder	FolderID	sTYPE_DOCUMENT	No	No	LandlordInvoice								EXISTING_GLOBAL;NEEDED_GLOBAL
Global	Contract	Landlord Invoice	Invoice Date	InvoiceDate	sTYPE_DATE	No	No	LandlordInvoice								EXISTING_GLOBAL;NEEDED_GLOBAL
Global	Contract	Landlord Invoice	Invoice Number	InvoiceNumber	sTYPE_TEXT	No	No	LandlordInvoice								EXISTING_GLOBAL;NEEDED_GLOBAL
Global	Contract	Landlord Invoice	Invoice Total	InvoiceTotal	sTYPE_MONEY	No	No	LandlordInvoice								
Global	Contract	Landlord Invoice	Modified By	ModifiedByID	sTYPE_MEMBER	No	No	LandlordInvoice								EXISTING_GLOBAL;NEEDED_GLOBAL
Global	Contract	Landlord Invoice	Modified Date	ModifiedDate	sTYPE_TIME	No	No	LandlordInvoice								EXISTING_GLOBAL;NEEDED_GLOBAL
Global	Contract	Landlord Invoice	Notes	Notes	sTYPE_TEXT	No	No	LandlordInvoice								EXISTING_GLOBAL;NEEDED_GLOBAL
Global	Contract	Landlord Invoice	Payment Term	PaymentTerm	sTYPE_TEXT	No	No	LandlordInvoice								
Global	Contract	Landlord Invoice	Project Entity	ProjectEntityID	sTYPE_PROJECT_ENTITY	Yes	No	LandlordInvoice								EXISTING_GLOBAL;NEEDED_GLOBAL
Global	Contract	Landlord Invoice	Sub Total	SubTotal	sTYPE_MONEY	No	No	LandlordInvoice								
Global	Contract	Landlord Invoice	Total Tax	TotalTax	sTYPE_MONEY	No	No	LandlordInvoice								
Global	Contract	Landlord Invoice	Vendor	EmployerID	sTYPE_EMPLOYER	No	No	LandlordInvoice								EXISTING_GLOBAL;NEEDED_GLOBAL
Global	Contract	Landlord Invoice	Vendor Address	VendorAddress	sTYPE_TEXT	No	No	LandlordInvoice								
Global	Contract	Landlord Invoice	Vendor Address Recipient	VendorAddressRecipient	sTYPE_TEXT	No	No	LandlordInvoice								
Global	Contract	Landlord Invoice	Vendor Name	VendorName	sTYPE_TEXT	No	No	LandlordInvoice								
Global	Contract	Landlord Invoice	Vendor Tax ID	VendorTaxID	sTYPE_TEXT	No	No	LandlordInvoice								
Global	Contract	Landlord Invoice Association	Allocation Amount	AllocationAmount	sTYPE_MONEY	Yes	No	LinkLandlordInvPaymentTxn								EXISTING_GLOBAL;NEEDED_GLOBAL
Global	Contract	Landlord Invoice Association	Allocation Date	AllocationDate	sTYPE_DATE	Yes	No	LinkLandlordInvPaymentTxn								
Global	Contract	Landlord Invoice Association	Created By	CreatedByID	sTYPE_MEMBER	No	No	LinkLandlordInvPaymentTxn								EXISTING_GLOBAL;NEEDED_GLOBAL
Global	Contract	Landlord Invoice Association	Created Date	CreatedDate	sTYPE_TIME	No	No	LinkLandlordInvPaymentTxn								EXISTING_GLOBAL;NEEDED_GLOBAL
Global	Contract	Landlord Invoice Association	Landlord Invoice Item	LandlordInvoiceItemID	sTYPE_LANDLORD_INVOICE_ITEM	Yes	No	LinkLandlordInvPaymentTxn								
Global	Contract	Landlord Invoice Association	Modified By	ModifiedByID	sTYPE_MEMBER	No	No	LinkLandlordInvPaymentTxn								EXISTING_GLOBAL;NEEDED_GLOBAL
Global	Contract	Landlord Invoice Association	Modified Date	ModifiedDate	sTYPE_TIME	No	No	LinkLandlordInvPaymentTxn								EXISTING_GLOBAL;NEEDED_GLOBAL
Global	Contract	Landlord Invoice Association	Notes	Notes	sTYPE_TEXT	No	No	LinkLandlordInvPaymentTxn								EXISTING_GLOBAL;NEEDED_GLOBAL
Global	Contract	Landlord Invoice Association	Payment Transaction	PaymentTransactionID	sTYPE_PAYMENT_TRANSACTION	Yes	No	LinkLandlordInvPaymentTxn								EXISTING_GLOBAL;NEEDED_GLOBAL
Global	Contract	Landlord Invoice Association	Project Entity	ProjectEntityID	sTYPE_PROJECT_ENTITY	Yes	No	LinkLandlordInvPaymentTxn								EXISTING_GLOBAL;NEEDED_GLOBAL
Global	Contract	Landlord Invoice Association	Reconciliation Status	ReconciliationStatus	sTYPE_TEXT	Yes	No	LinkLandlordInvPaymentTxn								
Global	Contract	Landlord Invoice Association	Variance Amount	VarianceAmount	sTYPE_MONEY	No	No	LinkLandlordInvPaymentTxn								
Global	Contract	Landlord Invoice Association	Variance Reason	VarianceReason	sTYPE_TEXT	No	No	LinkLandlordInvPaymentTxn								
Global	Contract	Landlord Invoice Item	Amount Allocated	LinkAmountAllocated	sTYPE_TEXT	No	No	LandlordInvoiceItem								EXISTING_GLOBAL;NEEDED_GLOBAL
Global	Contract	Landlord Invoice Item	Amount Not Allocated	AmountNotAllocated	sTYPE_MONEY	No	No	LandlordInvoiceItem								EXISTING_GLOBAL;NEEDED_GLOBAL
Global	Contract	Landlord Invoice Item	Comments	Comments	sTYPE_TEXT	No	No	LandlordInvoiceItem								EXISTING_GLOBAL
Global	Contract	Landlord Invoice Item	Contract	ContractID	sTYPE_CONTRACT	Yes	No	LandlordInvoiceItem								EXISTING_GLOBAL;NEEDED_GLOBAL
Global	Contract	Landlord Invoice Item	Created By	CreatedByID	sTYPE_MEMBER	No	No	LandlordInvoiceItem								EXISTING_GLOBAL;NEEDED_GLOBAL
Global	Contract	Landlord Invoice Item	Created Date	CreatedDate	sTYPE_TIME	No	No	LandlordInvoiceItem								EXISTING_GLOBAL;NEEDED_GLOBAL
Global	Contract	Landlord Invoice Item	Expense Category	CodeExpenseCategoryID	sCODE_EXPENSE_CATEGORY	No	No	LandlordInvoiceItem								EXISTING_GLOBAL;NEEDED_GLOBAL
Global	Contract	Landlord Invoice Item	Expense Group	CodeExpenseGroupID	sCODE_EXPENSE_GROUP	No	No	LandlordInvoiceItem								EXISTING_GLOBAL;NEEDED_GLOBAL
Global	Contract	Landlord Invoice Item	Expense Type	CodeExpenseTypeID	sCODE_EXPENSE_TYPE	No	No	LandlordInvoiceItem								EXISTING_GLOBAL;NEEDED_GLOBAL
Global	Contract	Landlord Invoice Item	Item Date	ItemDate	sTYPE_DATE	No	No	LandlordInvoiceItem								
Global	Contract	Landlord Invoice Item	Landlord Invoice	LandlordInvoiceID	sTYPE_LANDLORD_INVOICE	Yes	No	LandlordInvoiceItem								
Global	Contract	Landlord Invoice Item	Line Item Amount	LineItemAmount	sTYPE_MONEY	Yes	No	LandlordInvoiceItem								
Global	Contract	Landlord Invoice Item	Line Item Description	LineItemDescription	sTYPE_TEXT	No	No	LandlordInvoiceItem								
Global	Contract	Landlord Invoice Item	Modified By	ModifiedByID	sTYPE_MEMBER	No	No	LandlordInvoiceItem								EXISTING_GLOBAL;NEEDED_GLOBAL
Global	Contract	Landlord Invoice Item	Modified Date	ModifiedDate	sTYPE_TIME	No	No	LandlordInvoiceItem								EXISTING_GLOBAL;NEEDED_GLOBAL
Global	Contract	Landlord Invoice Item	Payment Transaction Effective Date	PayTransEffectiveDate	sTYPE_TEXT	No	No	LandlordInvoiceItem								
Global	Contract	Landlord Invoice Item	Payment Transaction Expense Category	PayTransCategory	sTYPE_TEXT	No	No	LandlordInvoiceItem								
Global	Contract	Landlord Invoice Item	Payment Transaction Expense Group	PayTransExpenseGroup	sTYPE_TEXT	No	No	LandlordInvoiceItem								
Global	Contract	Landlord Invoice Item	Payment Transaction Expense Type	PayTransExpenseType	sTYPE_TEXT	No	No	LandlordInvoiceItem								
Global	Contract	Landlord Invoice Item	Payment Transaction Is Receivable	PayTransIsReceivable	sTYPE_TEXT	No	No	LandlordInvoiceItem								
Global	Contract	Landlord Invoice Item	Payment Transaction Total Amount	PayTransTotalAmount	sTYPE_TEXT	No	No	LandlordInvoiceItem								
Global	Contract	Landlord Invoice Item	Payment Transaction Vendor	PayTransVendor	sTYPE_TEXT	No	No	LandlordInvoiceItem								
Global	Contract	Landlord Invoice Item	Project Entity	ProjectEntityID	sTYPE_PROJECT_ENTITY	Yes	No	LandlordInvoiceItem								EXISTING_GLOBAL;NEEDED_GLOBAL
Global	Contract	Landlord Invoice Item	Remit Message	RemitMessage	sTYPE_TEXT	No	No	LandlordInvoiceItem								EXISTING_GLOBAL;NEEDED_GLOBAL
Global	Contract	Landlord Invoice Item	Sequence Number	SequenceNumber	sTYPE_NUMBER	No	No	LandlordInvoiceItem								EXISTING_GLOBAL;NEEDED_GLOBAL
Global	Contract	Landlord Invoice Item	Tax Amount	TaxAmount	sTYPE_MONEY	No	No	LandlordInvoiceItem								EXISTING_GLOBAL;NEEDED_GLOBAL
Global	Contract	Landlord Invoice Item	Tax Rate	TaxRate	sTYPE_PERCENTAGE	No	No	LandlordInvoiceItem								EXISTING_GLOBAL;NEEDED_GLOBAL
Global	Contract	Landlord Invoice Item	Total Amount	TotalAmount	sTYPE_MONEY	Yes	No	LandlordInvoiceItem								EXISTING_GLOBAL;NEEDED_GLOBAL
Global	Contract	Party	Company	CompanyID	sTYPE_EMPLOYER	No	No	Party	Party	CompanyID	Company	party	CompanyID	TEXT	Foreign key (ID reference)	EXISTING_GLOBAL;NEEDED_GLOBAL
Global	Contract	Party	Contact	ContactID	sTYPE_PERSON	No	No	Party	Party	ContactID	Contact	party	ContactID	TEXT	Foreign key (ID reference)	EXISTING_GLOBAL;NEEDED_GLOBAL
Global	Contract	Party	Contract	ContractID	sTYPE_CONTRACT	Yes	No	Party	Party	ContractID	ContractID	party	ContractID	TEXT	Foreign key (ID reference)	EXISTING_GLOBAL;NEEDED_GLOBAL
Global	Contract	Party	Modified By	ModifiedByID	sTYPE_MEMBER	No	No	Party	Party	ModifiedByID	Modified By	party	ModifiedByID	TEXT	Foreign key (ID reference)	EXISTING_GLOBAL;NEEDED_GLOBAL
Global	Contract	Party	Modified Date	ModifiedDate	sTYPE_TIME	No	No	Party	Party	ModifiedDate	Modified Date	party	ModifiedDate	TEXT	Incremental watermark	EXISTING_GLOBAL;NEEDED_GLOBAL
Global	Contract	Party	Notes	Notes	sTYPE_TEXTAREA	No	No	Party	Party	Notes	Notes	party	Notes	TEXT		EXISTING_GLOBAL;NEEDED_GLOBAL
Global	Contract	Party	Party ClientID	BOMapClientRecordID	sTYPE_TEXT	Yes	No	Party	Party	BOMapClientRecordID	Party ClientID	party	BOMapClientRecordID	TEXT	Client identifier	EXISTING_GLOBAL;NEEDED_GLOBAL
Global	Contract	Party	Party Group	CodePartyGroupID	sCODE_PARTY_GROUP	No	No	Party	Party	CodePartyGroupID	Party Group	party	CodePartyGroupID	TEXT	Foreign key (ID reference)	EXISTING_GLOBAL;NEEDED_GLOBAL
Global	Contract	Party	Party RecID	PartyID	sTYPE_UNFORMATTED_NUMBER	No	No	Party	Party	PartyID	Party RecID	party	PartyID	VARCHAR(64) NOT NULL	Primary key	EXISTING_GLOBAL;NEEDED_GLOBAL
Global	Contract	Party	Party Type	CodePartyTypeID	sCODE_PARTY_TYPE	No	No	Party	Party	CodePartyTypeID	Party Type	party	CodePartyTypeID	TEXT	Foreign key (ID reference)	EXISTING_GLOBAL;NEEDED_GLOBAL
Global	Contract	Party	Primary?	PrimaryFlag	sTYPE_CHECKBOX	No	No	Party	Party	PrimaryFlag	Primary?	party	PrimaryFlag	TEXT		EXISTING_GLOBAL;NEEDED_GLOBAL
Global	Contract	Payment Receipt	Amount Allocated	AmountAllocated	sTYPE_MONEY	No	No	PaymentReceipt								EXISTING_GLOBAL;NEEDED_GLOBAL
Global	Contract	Payment Receipt	Amount Not Allocated	AmountNotAllocated	sTYPE_MONEY	No	No	PaymentReceipt								EXISTING_GLOBAL;NEEDED_GLOBAL
Global	Contract	Payment Receipt	Bank Account Number	BankAccountNumber	sTYPE_TEXT	No	No	PaymentReceipt								EXISTING_GLOBAL;NEEDED_GLOBAL
Global	Contract	Payment Receipt	Bank Routing Number	BankRoutingNumber	sTYPE_TEXT	No	No	PaymentReceipt								EXISTING_GLOBAL;NEEDED_GLOBAL
Global	Contract	Payment Receipt	Contract	ContractID	sTYPE_CONTRACT	Yes	No	PaymentReceipt								EXISTING_GLOBAL;NEEDED_GLOBAL
Global	Contract	Payment Receipt	Currency Type	CodeCurrencyTypeID	sCODE_CURRENCY_TYPE	No	No	PaymentReceipt								EXISTING_GLOBAL;NEEDED_GLOBAL
Global	Contract	Payment Receipt	Documents	DocumentIDList	sTYPE_DOCUMENT_LIST	No	No	PaymentReceipt								EXISTING_GLOBAL;NEEDED_GLOBAL
Global	Contract	Payment Receipt	Effective Date	EffectiveDate	sTYPE_DATE	No	No	PaymentReceipt								EXISTING_GLOBAL;NEEDED_GLOBAL
Global	Contract	Payment Receipt	Modified By	ModifiedByID	sTYPE_MEMBER	No	No	PaymentReceipt								EXISTING_GLOBAL;NEEDED_GLOBAL
Global	Contract	Payment Receipt	Modified Date	ModifiedDate	sTYPE_TIME	No	No	PaymentReceipt								EXISTING_GLOBAL;NEEDED_GLOBAL
Global	Contract	Payment Receipt	Notes	Notes	sTYPE_TEXTAREA	No	No	PaymentReceipt								EXISTING_GLOBAL;NEEDED_GLOBAL
Global	Contract	Payment Receipt	Payment Receipt ClientID	BOMapClientRecordID	sTYPE_TEXT	Yes	No	PaymentReceipt								EXISTING_GLOBAL;NEEDED_GLOBAL
Global	Contract	Payment Receipt	Payment Receipt RecID	PaymentReceiptID	sTYPE_UNFORMATTED_NUMBER	No	No	PaymentReceipt								EXISTING_GLOBAL;NEEDED_GLOBAL
Global	Contract	Payment Receipt	Period Month	PeriodMonth	sTYPE_NUMBER	No	No	PaymentReceipt								EXISTING_GLOBAL;NEEDED_GLOBAL
Global	Contract	Payment Receipt	Period Year	PeriodYear	sTYPE_DROPDOWN_YEAR	No	No	PaymentReceipt								EXISTING_GLOBAL;NEEDED_GLOBAL
Global	Contract	Payment Receipt	Posting Date	PostingDate	sTYPE_DATE	No	No	PaymentReceipt								EXISTING_GLOBAL;NEEDED_GLOBAL
Global	Contract	Payment Receipt	Receipt Date	ReceiptDate	sTYPE_DATE	No	No	PaymentReceipt								EXISTING_GLOBAL;NEEDED_GLOBAL
Global	Contract	Payment Receipt	Receipt Number	ReceiptNumber	sTYPE_TEXT	No	No	PaymentReceipt								EXISTING_GLOBAL;NEEDED_GLOBAL
Global	Contract	Payment Receipt	Receipt Type	CodeReceiptTypeID	sCODE_RECEIPT_TYPE	No	No	PaymentReceipt								EXISTING_GLOBAL;NEEDED_GLOBAL
Global	Contract	Payment Receipt	Received Amount	ReceivedAmount	sTYPE_MONEY	No	No	PaymentReceipt								EXISTING_GLOBAL;NEEDED_GLOBAL
Global	Contract	Payment Transaction	Account Number #1	AccountNumber1	sTYPE_TEXT	No	No	PaymentTransaction								EXISTING_GLOBAL;NEEDED_GLOBAL
Global	Contract	Payment Transaction	Account Number #2	AccountNumber2	sTYPE_TEXT	No	No	PaymentTransaction								EXISTING_GLOBAL;NEEDED_GLOBAL
Global	Contract	Payment Transaction	Account Number #3	AccountNumber3	sTYPE_TEXT	No	No	PaymentTransaction								EXISTING_GLOBAL;NEEDED_GLOBAL
Global	Contract	Payment Transaction	Account Number #4	AccountNumber4	sTYPE_TEXT	No	No	PaymentTransaction								EXISTING_GLOBAL;NEEDED_GLOBAL
Global	Contract	Payment Transaction	Account Number #5	AccountNumber5	sTYPE_TEXT	No	No	PaymentTransaction								EXISTING_GLOBAL;NEEDED_GLOBAL
Global	Contract	Payment Transaction	Account Number #6	AccountNumber6	sTYPE_TEXT	No	No	PaymentTransaction								EXISTING_GLOBAL;NEEDED_GLOBAL
Global	Contract	Payment Transaction	Account Number #7	AccountNumber7	sTYPE_TEXT	No	No	PaymentTransaction								EXISTING_GLOBAL;NEEDED_GLOBAL
Global	Contract	Payment Transaction	Account Number #8	AccountNumber8	sTYPE_TEXT	No	No	PaymentTransaction								EXISTING_GLOBAL;NEEDED_GLOBAL
Global	Contract	Payment Transaction	Alternate Rent Schedule	AlternateRentScheduleID	sTYPE_ALTERNATE_RENT_SCHEDULE	No	No	PaymentTransaction								EXISTING_GLOBAL;NEEDED_GLOBAL
Global	Contract	Payment Transaction	Amount Allocated	AmountAllocated	sTYPE_MONEY	No	No	PaymentTransaction								EXISTING_GLOBAL;NEEDED_GLOBAL
Global	Contract	Payment Transaction	Amount Invoiced	AmountInvoiced	sTYPE_TEXT	No	No	PaymentTransaction								
Global	Contract	Payment Transaction	Amount Not Allocated	AmountNotAllocated	sTYPE_MONEY	No	No	PaymentTransaction								EXISTING_GLOBAL;NEEDED_GLOBAL
Global	Contract	Payment Transaction	Amount Received	AmountReceived	sTYPE_TEXT	No	No	PaymentTransaction								EXISTING_GLOBAL;NEEDED_GLOBAL
Global	Contract	Payment Transaction	AP Export Base Number	APExportBaseNumber	sTYPE_TEXT	No	No	PaymentTransaction								EXISTING_GLOBAL;NEEDED_GLOBAL
Global	Contract	Payment Transaction	AP Export Prepaid Number	APExportPrepaidNumber	sTYPE_TEXT	No	No	PaymentTransaction								EXISTING_GLOBAL;NEEDED_GLOBAL
Global	Contract	Payment Transaction	AP Export Tax #1	APExportTax1Number	sTYPE_TEXT	No	No	PaymentTransaction								EXISTING_GLOBAL;NEEDED_GLOBAL
Global	Contract	Payment Transaction	AP Export Tax #2	APExportTax2Number	sTYPE_TEXT	No	No	PaymentTransaction								EXISTING_GLOBAL;NEEDED_GLOBAL
Global	Contract	Payment Transaction	AP Export Tax #3	APExportTax3Number	sTYPE_TEXT	No	No	PaymentTransaction								EXISTING_GLOBAL;NEEDED_GLOBAL
Global	Contract	Payment Transaction	AP Export Tax #4	APExportTax4Number	sTYPE_TEXT	No	No	PaymentTransaction								EXISTING_GLOBAL;NEEDED_GLOBAL
Global	Contract	Payment Transaction	Applied to Transaction	AppliedToPayTranID	sTYPE_PAYMENT_TRANSACTION	No	No	PaymentTransaction								EXISTING_GLOBAL;NEEDED_GLOBAL
Global	Contract	Payment Transaction	Approval Status	CodeApprovalStatusID	sCODE_APPROVAL_STATUS	No	No	PaymentTransaction								EXISTING_GLOBAL;NEEDED_GLOBAL
Global	Contract	Payment Transaction	Associated Document	AssociatedDocumentID	sTYPE_DOCUMENT	No	No	PaymentTransaction								EXISTING_GLOBAL;NEEDED_GLOBAL
Global	Contract	Payment Transaction	Bank Account Number	BankAccountNumber	sTYPE_TEXT	No	No	PaymentTransaction								EXISTING_GLOBAL;NEEDED_GLOBAL
Global	Contract	Payment Transaction	Bank Routing Number	BankRoutingNumber	sTYPE_TEXT	No	No	PaymentTransaction								EXISTING_GLOBAL;NEEDED_GLOBAL
Global	Contract	Payment Transaction	Billing Date	BillingDate	sTYPE_DATE	No	No	PaymentTransaction								EXISTING_GLOBAL;NEEDED_GLOBAL
Global	Contract	Payment Transaction	Check Amount	CheckAmount	sTYPE_MONEY	No	No	PaymentTransaction								EXISTING_GLOBAL;NEEDED_GLOBAL
Global	Contract	Payment Transaction	Check Currency Type	CodeCheckCurrencyTypeID	sCODE_CURRENCY_TYPE	No	No	PaymentTransaction								EXISTING_GLOBAL;NEEDED_GLOBAL
Global	Contract	Payment Transaction	Check Date	CheckDate	sTYPE_DATE	No	No	PaymentTransaction								EXISTING_GLOBAL;NEEDED_GLOBAL
Global	Contract	Payment Transaction	Check Number	CheckNumber	sTYPE_TEXT	No	No	PaymentTransaction								EXISTING_GLOBAL;NEEDED_GLOBAL
Global	Contract	Payment Transaction	Client Amount #1	ClientAmount1	sTYPE_MONEY	No	No	PaymentTransaction								EXISTING_GLOBAL;NEEDED_GLOBAL
Global	Contract	Payment Transaction	Client Amount #2	ClientAmount2	sTYPE_MONEY	No	No	PaymentTransaction								EXISTING_GLOBAL;NEEDED_GLOBAL
Global	Contract	Payment Transaction	Client Amount #3	ClientAmount3	sTYPE_MONEY	No	No	PaymentTransaction								EXISTING_GLOBAL;NEEDED_GLOBAL
Global	Contract	Payment Transaction	Client Date #1	ClientDate1	sTYPE_DATE	No	No	PaymentTransaction								EXISTING_GLOBAL;NEEDED_GLOBAL
Global	Contract	Payment Transaction	Client Date #2	ClientDate2	sTYPE_DATE	No	No	PaymentTransaction								EXISTING_GLOBAL;NEEDED_GLOBAL
Global	Contract	Payment Transaction	Client Date #3	ClientDate3	sTYPE_DATE	No	No	PaymentTransaction								EXISTING_GLOBAL;NEEDED_GLOBAL
Global	Contract	Payment Transaction	Client Reference Number	VendorRefNumber	sTYPE_TEXT	No	No	PaymentTransaction								EXISTING_GLOBAL;NEEDED_GLOBAL
Global	Contract	Payment Transaction	Client Text #1	ClientText1	sTYPE_TEXTAREA	No	No	PaymentTransaction								EXISTING_GLOBAL;NEEDED_GLOBAL
Global	Contract	Payment Transaction	Client Text #2	ClientText2	sTYPE_TEXTAREA	No	No	PaymentTransaction								EXISTING_GLOBAL;NEEDED_GLOBAL
Global	Contract	Payment Transaction	Client Text #3	ClientText3	sTYPE_TEXTAREA	No	No	PaymentTransaction								EXISTING_GLOBAL;NEEDED_GLOBAL
Global	Contract	Payment Transaction	Confirmed?	ConfirmedFlag	sTYPE_CHECKBOX	No	No	PaymentTransaction								EXISTING_GLOBAL;NEEDED_GLOBAL
Global	Contract	Payment Transaction	Contract	ContractID	sTYPE_CONTRACT	Yes	No	PaymentTransaction								EXISTING_GLOBAL;NEEDED_GLOBAL
Global	Contract	Payment Transaction	Coverage Begin Date	CoverageBeginDate	sTYPE_DATE	No	No	PaymentTransaction								EXISTING_GLOBAL;NEEDED_GLOBAL
Global	Contract	Payment Transaction	Coverage End Date	CoverageEndDate	sTYPE_DATE	No	No	PaymentTransaction								EXISTING_GLOBAL;NEEDED_GLOBAL
Global	Contract	Payment Transaction	Credit?	CreditFlag	sTYPE_CHECKBOX	No	No	PaymentTransaction								EXISTING_GLOBAL;NEEDED_GLOBAL
Global	Contract	Payment Transaction	Currency Type	CodeCurrencyTypeID	sCODE_CURRENCY_TYPE	No	No	PaymentTransaction								EXISTING_GLOBAL;NEEDED_GLOBAL
Global	Contract	Payment Transaction	Description	Description	sTYPE_TEXT	No	No	PaymentTransaction								EXISTING_GLOBAL;NEEDED_GLOBAL
Global	Contract	Payment Transaction	Documents	DocumentIDList	sTYPE_DOCUMENT_LIST	No	No	PaymentTransaction								EXISTING_GLOBAL;NEEDED_GLOBAL
Global	Contract	Payment Transaction	Due Date	DueDate	sTYPE_DATE	No	No	PaymentTransaction								EXISTING_GLOBAL;NEEDED_GLOBAL
Global	Contract	Payment Transaction	Effective Date	EffectiveDate	sTYPE_DATE	No	No	PaymentTransaction								EXISTING_GLOBAL;NEEDED_GLOBAL
Global	Contract	Payment Transaction	Equipment	AssetID	sTYPE_EQUIPMENT	No	No	PaymentTransaction								EXISTING_GLOBAL;NEEDED_GLOBAL
Global	Contract	Payment Transaction	Equipment Associated Entity	AssetAssociatedProjectEntityID	sTYPE_MIXEDENTITY	No	No	PaymentTransaction								EXISTING_GLOBAL;NEEDED_GLOBAL
Global	Contract	Payment Transaction	Expense Accrual Acct #1	ExpAccrualAcct1Number	sTYPE_TEXT	No	No	PaymentTransaction								EXISTING_GLOBAL;NEEDED_GLOBAL
Global	Contract	Payment Transaction	Expense Accrual Acct #2	ExpAccrualAcct2Number	sTYPE_TEXT	No	No	PaymentTransaction								EXISTING_GLOBAL;NEEDED_GLOBAL
Global	Contract	Payment Transaction	Expense Accrual Acct #3	ExpAccrualAcct3Number	sTYPE_TEXT	No	No	PaymentTransaction								EXISTING_GLOBAL;NEEDED_GLOBAL
Global	Contract	Payment Transaction	Expense Accrual Acct #4	ExpAccrualAcct4Number	sTYPE_TEXT	No	No	PaymentTransaction								EXISTING_GLOBAL;NEEDED_GLOBAL
Global	Contract	Payment Transaction	Expense Category	CodeExpenseCategoryID	sCODE_EXPENSE_CATEGORY	No	No	PaymentTransaction								EXISTING_GLOBAL;NEEDED_GLOBAL
Global	Contract	Payment Transaction	Expense Group	CodeExpenseGroupID	sCODE_EXPENSE_GROUP	No	No	PaymentTransaction								EXISTING_GLOBAL;NEEDED_GLOBAL
Global	Contract	Payment Transaction	Expense Recovery	ExpenseRecoveryID	sTYPE_EXPENSE_RECOVERY	No	No	PaymentTransaction								EXISTING_GLOBAL;NEEDED_GLOBAL
Global	Contract	Payment Transaction	Expense Setup	ExpenseSetupID	sTYPE_EXPENSE_SETUP	No	No	PaymentTransaction								EXISTING_GLOBAL;NEEDED_GLOBAL
Global	Contract	Payment Transaction	Expense Type	CodeExpenseTypeID	sCODE_EXPENSE_TYPE	No	No	PaymentTransaction								EXISTING_GLOBAL;NEEDED_GLOBAL
Global	Contract	Payment Transaction	Export Batch Number	ExportBatchNumber	sTYPE_TEXT	No	No	PaymentTransaction								EXISTING_GLOBAL;NEEDED_GLOBAL
Global	Contract	Payment Transaction	File Name	BaseName	sTYPE_TEXT	No	No	PaymentTransaction								EXISTING_GLOBAL;NEEDED_GLOBAL
Global	Contract	Payment Transaction	Folder	FolderID	sTYPE_DOCUMENT	No	No	PaymentTransaction								EXISTING_GLOBAL;NEEDED_GLOBAL
Global	Contract	Payment Transaction	Freight Amount	FreightAmount	sTYPE_MONEY	No	No	PaymentTransaction								EXISTING_GLOBAL;NEEDED_GLOBAL
Global	Contract	Payment Transaction	Hold?	HoldFlag	sTYPE_CHECKBOX	No	No	PaymentTransaction								EXISTING_GLOBAL;NEEDED_GLOBAL
Global	Contract	Payment Transaction	In Alternate Rent?	InAlternateRent	sTYPE_BOOLEAN	No	No	PaymentTransaction								EXISTING_GLOBAL;NEEDED_GLOBAL
Global	Contract	Payment Transaction	Internal Reference Number	InternalRefNumber	sTYPE_TEXT	No	No	PaymentTransaction								EXISTING_GLOBAL;NEEDED_GLOBAL
Global	Contract	Payment Transaction	Invoice Amount	InvoiceAmount	sTYPE_MONEY	No	No	PaymentTransaction								EXISTING_GLOBAL;NEEDED_GLOBAL
Global	Contract	Payment Transaction	Invoice Amount Allocated	InvoiceAmountAllocated	sTYPE_MONEY	No	No	PaymentTransaction								
Global	Contract	Payment Transaction	Invoice Amount Not Allocated	InvoiceAmountNotAllocated	sTYPE_MONEY	No	No	PaymentTransaction								
Global	Contract	Payment Transaction	Invoice Date	InvoiceDate	sTYPE_DATE	No	No	PaymentTransaction								EXISTING_GLOBAL;NEEDED_GLOBAL
Global	Contract	Payment Transaction	Invoice Number	InvoiceNumber	sTYPE_TEXT	No	No	PaymentTransaction								EXISTING_GLOBAL;NEEDED_GLOBAL
Global	Contract	Payment Transaction	Is Invoice Reconciled?	IsInvoiceReconciled	sTYPE_BOOLEAN	No	No	PaymentTransaction								
Global	Contract	Payment Transaction	Is Receivable?	IsReceivable	sTYPE_CHECKBOX	No	No	PaymentTransaction								EXISTING_GLOBAL;NEEDED_GLOBAL
Global	Contract	Payment Transaction	Last Approval Change Date	LastApprovalChangeDate	sTYPE_DATE	No	No	PaymentTransaction								EXISTING_GLOBAL;NEEDED_GLOBAL
Global	Contract	Payment Transaction	Misc Amount	MiscAmount	sTYPE_MONEY	No	No	PaymentTransaction								EXISTING_GLOBAL;NEEDED_GLOBAL
Global	Contract	Payment Transaction	Modified By	ModifiedByID	sTYPE_MEMBER	No	No	PaymentTransaction								EXISTING_GLOBAL;NEEDED_GLOBAL
Global	Contract	Payment Transaction	Modified Date	ModifiedDate	sTYPE_TIME	No	No	PaymentTransaction								EXISTING_GLOBAL;NEEDED_GLOBAL
Global	Contract	Payment Transaction	Notes	Notes	sTYPE_TEXTAREA	No	No	PaymentTransaction								EXISTING_GLOBAL;NEEDED_GLOBAL
Global	Contract	Payment Transaction	One Time?	OneTimeFlag	sTYPE_CHECKBOX	No	No	PaymentTransaction								EXISTING_GLOBAL;NEEDED_GLOBAL
Global	Contract	Payment Transaction	Organization	OrganizationID	sTYPE_ORGANIZATION	No	No	PaymentTransaction								EXISTING_GLOBAL;NEEDED_GLOBAL
Global	Contract	Payment Transaction	Payment Method	CodePaymentMethodID	sCODE_PAYMENT_METHOD	No	No	PaymentTransaction								EXISTING_GLOBAL;NEEDED_GLOBAL
Global	Contract	Payment Transaction	Payment Transaction ClientID	BOMapClientRecordID	sTYPE_TEXT	Yes	No	PaymentTransaction								EXISTING_GLOBAL;NEEDED_GLOBAL
Global	Contract	Payment Transaction	Payment Transaction RecID	PaymentTransactionID	sTYPE_UNFORMATTED_NUMBER	No	No	PaymentTransaction								EXISTING_GLOBAL;NEEDED_GLOBAL
Global	Contract	Payment Transaction	Percent Rent Accrual Acct #1	PercentRentAccrualAcct1Number	sTYPE_TEXT	No	No	PaymentTransaction								EXISTING_GLOBAL;NEEDED_GLOBAL
Global	Contract	Payment Transaction	Percent Rent Accrual Acct #2	PercentRentAccrualAcct2Number	sTYPE_TEXT	No	No	PaymentTransaction								EXISTING_GLOBAL;NEEDED_GLOBAL
Global	Contract	Payment Transaction	Percent Rent Accrual Acct #3	PercentRentAccrualAcct3Number	sTYPE_TEXT	No	No	PaymentTransaction								EXISTING_GLOBAL;NEEDED_GLOBAL
Global	Contract	Payment Transaction	Percent Rent Accrual Acct #4	PercentRentAccrualAcct4Number	sTYPE_TEXT	No	No	PaymentTransaction								EXISTING_GLOBAL;NEEDED_GLOBAL
Global	Contract	Payment Transaction	Percentage Rent	PercentageRentID	sTYPE_PERCENTAGE_RENT	No	No	PaymentTransaction								EXISTING_GLOBAL;NEEDED_GLOBAL
Global	Contract	Payment Transaction	Posting Date	PostingDate	sTYPE_DATE	No	No	PaymentTransaction								EXISTING_GLOBAL;NEEDED_GLOBAL
Global	Contract	Payment Transaction	Pre-Alternate Rent Invoice Amount	PreAltRentInvoiceAmount	sTYPE_MONEY	No	No	PaymentTransaction								EXISTING_GLOBAL;NEEDED_GLOBAL
Global	Contract	Payment Transaction	Prepaid?	PrepaidFlag	sTYPE_CHECKBOX	No	No	PaymentTransaction								EXISTING_GLOBAL;NEEDED_GLOBAL
Global	Contract	Payment Transaction	Processed?	ProcessedFlag	sTYPE_CHECKBOX	No	No	PaymentTransaction								EXISTING_GLOBAL;NEEDED_GLOBAL
Global	Contract	Payment Transaction	Property Tax Bill	PropertyTaxBillID	sTYPE_PROPERTY_TAX_BILL	No	No	PaymentTransaction								EXISTING_GLOBAL;NEEDED_GLOBAL
Global	Contract	Payment Transaction	RE Tax Accrual Acct #1	RETaxAccrualAcct1Number	sTYPE_TEXT	No	No	PaymentTransaction								EXISTING_GLOBAL;NEEDED_GLOBAL
Global	Contract	Payment Transaction	RE Tax Accrual Acct #2	RETaxAccrualAcct2Number	sTYPE_TEXT	No	No	PaymentTransaction								EXISTING_GLOBAL;NEEDED_GLOBAL
Global	Contract	Payment Transaction	RE Tax Accrual Acct #3	RETaxAccrualAcct3Number	sTYPE_TEXT	No	No	PaymentTransaction								EXISTING_GLOBAL;NEEDED_GLOBAL
Global	Contract	Payment Transaction	RE Tax Accrual Acct #4	RETaxAccrualAcct4Number	sTYPE_TEXT	No	No	PaymentTransaction								EXISTING_GLOBAL;NEEDED_GLOBAL
Global	Contract	Payment Transaction	Remit Message	RemitMessage	sTYPE_TEXT	No	No	PaymentTransaction								EXISTING_GLOBAL;NEEDED_GLOBAL
Global	Contract	Payment Transaction	Scheduled Offset	ScheduledOffsetID	sTYPE_SCHEDULED_OFFSET	No	No	PaymentTransaction								EXISTING_GLOBAL;NEEDED_GLOBAL
Global	Contract	Payment Transaction	Source Entity	CodeSourceEntityID	sCODE_SOURCE_ENTITY	No	No	PaymentTransaction								EXISTING_GLOBAL;NEEDED_GLOBAL
Global	Contract	Payment Transaction	Source Entity Table	SourceEntityTable	sTYPE_TEXT	No	No	PaymentTransaction								EXISTING_GLOBAL;NEEDED_GLOBAL
Global	Contract	Payment Transaction	Tax Amount #1	TaxAmount1	sTYPE_MONEY	No	No	PaymentTransaction								EXISTING_GLOBAL;NEEDED_GLOBAL
Global	Contract	Payment Transaction	Tax Amount #2	TaxAmount2	sTYPE_MONEY	No	No	PaymentTransaction								EXISTING_GLOBAL;NEEDED_GLOBAL
Global	Contract	Payment Transaction	Tax Amount #3	TaxAmount3	sTYPE_MONEY	No	No	PaymentTransaction								EXISTING_GLOBAL;NEEDED_GLOBAL
Global	Contract	Payment Transaction	Tax Amount #4	TaxAmount4	sTYPE_MONEY	No	No	PaymentTransaction								EXISTING_GLOBAL;NEEDED_GLOBAL
Global	Contract	Payment Transaction	Taxes Included In Amount?	TaxesIncludedFlag	sTYPE_CHECKBOX	No	No	PaymentTransaction								EXISTING_GLOBAL;NEEDED_GLOBAL
Global	Contract	Payment Transaction	Total Amount	TotalAmount	sTYPE_MONEY	No	No	PaymentTransaction								EXISTING_GLOBAL;NEEDED_GLOBAL
Global	Contract	Payment Transaction	Total Amount (0-30 days)	AgingAmountForMonth1	sTYPE_MONEY	No	No	PaymentTransaction								EXISTING_GLOBAL;NEEDED_GLOBAL
Global	Contract	Payment Transaction	Total Amount (31-60 days)	AgingAmountForMonth2	sTYPE_MONEY	No	No	PaymentTransaction								EXISTING_GLOBAL;NEEDED_GLOBAL
Global	Contract	Payment Transaction	Total Amount (61-90 days)	AgingAmountForMonth3	sTYPE_MONEY	No	No	PaymentTransaction								EXISTING_GLOBAL;NEEDED_GLOBAL
Global	Contract	Payment Transaction	Total Amount (Due Date 0-30 days)	DueDateAgingAmountForMonth1	sTYPE_MONEY	No	No	PaymentTransaction								EXISTING_GLOBAL;NEEDED_GLOBAL
Global	Contract	Payment Transaction	Total Amount (Due Date 31-60 days)	DueDateAgingAmountForMonth2	sTYPE_MONEY	No	No	PaymentTransaction								EXISTING_GLOBAL;NEEDED_GLOBAL
Global	Contract	Payment Transaction	Total Amount (Due Date 61-90 days)	DueDateAgingAmountForMonth3	sTYPE_MONEY	No	No	PaymentTransaction								EXISTING_GLOBAL;NEEDED_GLOBAL
Global	Contract	Payment Transaction	Total Amount (Due Date over 90 days)	DueDateAgingAmountRemainder	sTYPE_MONEY	No	No	PaymentTransaction								EXISTING_GLOBAL;NEEDED_GLOBAL
Global	Contract	Payment Transaction	Total Amount (over 90 days)	AgingAmountRemainder	sTYPE_MONEY	No	No	PaymentTransaction								EXISTING_GLOBAL;NEEDED_GLOBAL
Global	Contract	Payment Transaction	Vendor	VendorID	sTYPE_VENDOR	No	No	PaymentTransaction								EXISTING_GLOBAL;NEEDED_GLOBAL
Global	Contract	Percentage Rent	Amendment	AmendmentID	sTYPE_CONTRACT_AMENDMENT	No	No	PercentageRent								EXISTING_GLOBAL;NEEDED_GLOBAL
Global	Contract	Percentage Rent	Annual Report Due Days	AnnualReportDueDays	sTYPE_NUMBER	No	No	PercentageRent								EXISTING_GLOBAL;NEEDED_GLOBAL
Global	Contract	Percentage Rent	Annualize Rent	AnnualizeRent	sTYPE_CHECKBOX	No	No	PercentageRent								EXISTING_GLOBAL;NEEDED_GLOBAL
Global	Contract	Percentage Rent	Audit Right?	AuditRightFlag	sTYPE_CHECKBOX	No	No	PercentageRent								EXISTING_GLOBAL;NEEDED_GLOBAL
Global	Contract	Percentage Rent	Begin Date	BeginDate	sTYPE_DATE	No	No	PercentageRent								EXISTING_GLOBAL;NEEDED_GLOBAL
Global	Contract	Percentage Rent	Billing Frequency	CodeBillingFrequencyID	sCODE_PR_FREQUENCY	No	No	PercentageRent								EXISTING_GLOBAL;NEEDED_GLOBAL
Global	Contract	Percentage Rent	Cap Amount	CapAmount	sTYPE_MONEY	No	No	PercentageRent								EXISTING_GLOBAL;NEEDED_GLOBAL
Global	Contract	Percentage Rent	Cap Frequency	CodeCapFrequencyID	sCODE_MONTH_FREQUENCY	No	No	PercentageRent								EXISTING_GLOBAL;NEEDED_GLOBAL
Global	Contract	Percentage Rent	Contract	ContractID	sTYPE_CONTRACT	Yes	No	PercentageRent								EXISTING_GLOBAL;NEEDED_GLOBAL
Global	Contract	Percentage Rent	Covenant	CovenantID	sTYPE_COVENANT	No	No	PercentageRent								EXISTING_GLOBAL;NEEDED_GLOBAL
Global	Contract	Percentage Rent	Cumulative?	CumulativeFlag	sTYPE_CHECKBOX	No	No	PercentageRent								EXISTING_GLOBAL;NEEDED_GLOBAL
Global	Contract	Percentage Rent	Currency Type	CodeCurrencyTypeID	sCODE_CURRENCY_TYPE	No	No	PercentageRent								EXISTING_GLOBAL;NEEDED_GLOBAL
Global	Contract	Percentage Rent	Description	Description	sTYPE_TEXT	No	No	PercentageRent								EXISTING_GLOBAL;NEEDED_GLOBAL
Global	Contract	Percentage Rent	Due Date	DueDate	sTYPE_DATE	No	No	PercentageRent								EXISTING_GLOBAL;NEEDED_GLOBAL
Global	Contract	Percentage Rent	End Date	EndDate	sTYPE_DATE	No	No	PercentageRent								EXISTING_GLOBAL;NEEDED_GLOBAL
Global	Contract	Percentage Rent	Expense Group	CodeExpenseGroupID	sCODE_EXPENSE_GROUP	No	No	PercentageRent								EXISTING_GLOBAL;NEEDED_GLOBAL
Global	Contract	Percentage Rent	Expense Type	CodeExpenseTypeID	sCODE_EXPENSE_TYPE	No	No	PercentageRent								EXISTING_GLOBAL;NEEDED_GLOBAL
Global	Contract	Percentage Rent	Extend Final Period to Lease Expiration Date	ExtFinalPeriodToLeaseExpDt	sTYPE_CHECKBOX	No	No	PercentageRent								EXISTING_GLOBAL;NEEDED_GLOBAL
Global	Contract	Percentage Rent	Floor Amount	FloorAmount	sTYPE_MONEY	No	No	PercentageRent								EXISTING_GLOBAL;NEEDED_GLOBAL
Global	Contract	Percentage Rent	Is Mid Month?	IsMidMonth	sTYPE_CHECKBOX	No	No	PercentageRent								EXISTING_GLOBAL;NEEDED_GLOBAL
Global	Contract	Percentage Rent	Is Partial Term?	IsPartialTerm	sTYPE_CHECKBOX	No	No	PercentageRent								EXISTING_GLOBAL;NEEDED_GLOBAL
Global	Contract	Percentage Rent	Last Payment Due Offset Days	AnnualPaymentDueDays	sTYPE_NUMBER	No	No	PercentageRent								EXISTING_GLOBAL;NEEDED_GLOBAL
Global	Contract	Percentage Rent	Modified By	ModifiedByID	sTYPE_MEMBER	No	No	PercentageRent								EXISTING_GLOBAL;NEEDED_GLOBAL
Global	Contract	Percentage Rent	Modified Date	ModifiedDate	sTYPE_TIME	No	No	PercentageRent								EXISTING_GLOBAL;NEEDED_GLOBAL
Global	Contract	Percentage Rent	Natural Breakpoint?	NaturalBreakpointFlag	sTYPE_CHECKBOX	No	No	PercentageRent								EXISTING_GLOBAL;NEEDED_GLOBAL
Global	Contract	Percentage Rent	Notes	Notes	sTYPE_TEXTAREA	No	No	PercentageRent								EXISTING_GLOBAL;NEEDED_GLOBAL
Global	Contract	Percentage Rent	Offset Amount	OffsetAmount	sTYPE_MONEY	No	No	PercentageRent								EXISTING_GLOBAL;NEEDED_GLOBAL
Global	Contract	Percentage Rent	Percentage Rent ClientID	BOMapClientRecordID	sTYPE_TEXT	Yes	No	PercentageRent								EXISTING_GLOBAL;NEEDED_GLOBAL
Global	Contract	Percentage Rent	Percentage Rent RecID	PercentageRentID	sTYPE_UNFORMATTED_NUMBER	No	No	PercentageRent								EXISTING_GLOBAL;NEEDED_GLOBAL
Global	Contract	Percentage Rent	Percentage Rent Type	CodePercentageRentTypeID	sCODE_PERCENTAGE_RENT_TYPE	No	No	PercentageRent								EXISTING_GLOBAL;NEEDED_GLOBAL
Global	Contract	Percentage Rent	Period Payment Due Offset Days	PeriodPaymentDueDays	sTYPE_NUMBER	No	No	PercentageRent								EXISTING_GLOBAL;NEEDED_GLOBAL
Global	Contract	Percentage Rent	Period Report Due Days	PeriodReportDueDays	sTYPE_NUMBER	No	No	PercentageRent								EXISTING_GLOBAL;NEEDED_GLOBAL
Global	Contract	Percentage Rent	Proration Method	CodeProrationMethodID	sCODE_PRORATION_METHOD	No	No	PercentageRent								EXISTING_GLOBAL;NEEDED_GLOBAL
Global	Contract	Percentage Rent	Rent Year Start Month	RentYearStartMonth	sTYPE_MONTH	No	No	PercentageRent								EXISTING_GLOBAL;NEEDED_GLOBAL
Global	Contract	Percentage Rent	Reporting Frequency	CodeReportingFrequencyID	sCODE_PR_FREQUENCY	No	No	PercentageRent								EXISTING_GLOBAL;NEEDED_GLOBAL
Global	Contract	Percentage Rent	Sales Group	CodeSalesGroupID	sCODE_SALES_GROUP	No	No	PercentageRent								EXISTING_GLOBAL;NEEDED_GLOBAL
Global	Contract	Percentage Rent	Sales Year End Date	SalesYearEndDate	sTYPE_DATE	No	No	PercentageRent								EXISTING_GLOBAL;NEEDED_GLOBAL
Global	Contract	Percentage Rent	Section	Section	sTYPE_TEXT	No	No	PercentageRent								EXISTING_GLOBAL;NEEDED_GLOBAL
Global	Contract	Percentage Rent	Store Type	CodeStoreTypeID	sCODE_STORE_TYPE	No	No	PercentageRent								EXISTING_GLOBAL;NEEDED_GLOBAL
Global	Contract	Percentage Rent	Use Count Based Rate?	UseCountBasedRate	sTYPE_CHECKBOX	No	No	PercentageRent								EXISTING_GLOBAL;NEEDED_GLOBAL
Global	Contract	Percentage Rent	Use Trailing #12 Month Sales?	UseTrailing12MonthSales	sTYPE_CHECKBOX	No	No	PercentageRent								EXISTING_GLOBAL;NEEDED_GLOBAL
Global	Contract	Percentage Rent Accrual Period	Accrual Amount Prior Periods	AccrualAmountPriorPeriods	sTYPE_MONEY	No	No	VirtualPRAccrualPeriod								EXISTING_GLOBAL;NEEDED_GLOBAL
Global	Contract	Percentage Rent Accrual Period	Accrual Amount This Period	AccrualAmountThisPeriod	sTYPE_MONEY	No	No	VirtualPRAccrualPeriod								EXISTING_GLOBAL;NEEDED_GLOBAL
Global	Contract	Percentage Rent Accrual Period	Accrual Amount Total	AccrualAmountTotal	sTYPE_MONEY	No	No	VirtualPRAccrualPeriod								EXISTING_GLOBAL;NEEDED_GLOBAL
Global	Contract	Percentage Rent Accrual Period	Begin Date	BeginDate	sTYPE_DATE	No	No	VirtualPRAccrualPeriod								EXISTING_GLOBAL;NEEDED_GLOBAL
Global	Contract	Percentage Rent Accrual Period	Contract	ContractID	sTYPE_CONTRACT	No	No	VirtualPRAccrualPeriod								EXISTING_GLOBAL;NEEDED_GLOBAL
Global	Contract	Percentage Rent Accrual Period	End Date	EndDate	sTYPE_DATE	No	No	VirtualPRAccrualPeriod								EXISTING_GLOBAL;NEEDED_GLOBAL
Global	Contract	Percentage Rent Accrual Period	Fiscal Period	Period	sTYPE_UNFORMATTED_NUMBER	No	No	VirtualPRAccrualPeriod								EXISTING_GLOBAL;NEEDED_GLOBAL
Global	Contract	Percentage Rent Accrual Period	Fiscal Period Year	FiscalPeriodName	sTYPE_TEXT	No	No	VirtualPRAccrualPeriod								EXISTING_GLOBAL;NEEDED_GLOBAL
Global	Contract	Percentage Rent Accrual Period	Fiscal Period/Year Sort	FiscalPeriodNameSort	sTYPE_PERIOD_YEAR	No	No	VirtualPRAccrualPeriod								
Global	Contract	Percentage Rent Accrual Period	Fiscal Year	Year	sTYPE_DROPDOWN_YEAR	No	No	VirtualPRAccrualPeriod								EXISTING_GLOBAL;NEEDED_GLOBAL
Global	Contract	Percentage Rent Accrual Period	Is Posted?	IsPosted	sTYPE_BOOLEAN	No	No	VirtualPRAccrualPeriod								EXISTING_GLOBAL;NEEDED_GLOBAL
Global	Contract	Percentage Rent Accrual Period	Matching Calendar Month	MatchingCalendarMonth	sTYPE_MONTH	No	No	VirtualPRAccrualPeriod								EXISTING_GLOBAL;NEEDED_GLOBAL
Global	Contract	Percentage Rent Accrual Period	Matching Calendar Year	MatchingCalendarYear	sTYPE_DROPDOWN_YEAR	No	No	VirtualPRAccrualPeriod								EXISTING_GLOBAL;NEEDED_GLOBAL
Global	Contract	Percentage Rent Accrual Period	Number Days In Period	NumberDaysInPeriod	sTYPE_NUMBER	No	No	VirtualPRAccrualPeriod								EXISTING_GLOBAL;NEEDED_GLOBAL
Global	Contract	Percentage Rent Accrual Period	Number Weeks In Period	NumberWeeksInPeriod	sTYPE_NUMBER	No	No	VirtualPRAccrualPeriod								EXISTING_GLOBAL;NEEDED_GLOBAL
Global	Contract	Percentage Rent Accrual Period	Posted Accrual Amount Prior Periods	PostedAccrualAmountPriorPeriods	sTYPE_MONEY	No	No	VirtualPRAccrualPeriod								EXISTING_GLOBAL;NEEDED_GLOBAL
Global	Contract	Percentage Rent Accrual Period	Posted Accrual Amount This Period	PostedAccrualAmountThisPeriod	sTYPE_MONEY	No	No	VirtualPRAccrualPeriod								EXISTING_GLOBAL;NEEDED_GLOBAL
Global	Contract	Percentage Rent Accrual Period	Posted Accrual Amount Total	PostedAccrualAmountTotal	sTYPE_MONEY	No	No	VirtualPRAccrualPeriod								EXISTING_GLOBAL;NEEDED_GLOBAL
Global	Contract	Percentage Rent Accrual Period	Quarter	Quarter	sTYPE_NUMBER	No	No	VirtualPRAccrualPeriod								EXISTING_GLOBAL;NEEDED_GLOBAL
Global	Contract	Percentage Rent Breakpoints	Begin Date	BeginDate	sTYPE_DATE	No	No	PercentageRentBreakpoint								EXISTING_GLOBAL;NEEDED_GLOBAL
Global	Contract	Percentage Rent Breakpoints	Breakpoint Amount #1	BreakpointAmount1	sTYPE_MONEY	No	No	PercentageRentBreakpoint								EXISTING_GLOBAL;NEEDED_GLOBAL
Global	Contract	Percentage Rent Breakpoints	Breakpoint Amount #2	BreakpointAmount2	sTYPE_MONEY	No	No	PercentageRentBreakpoint								EXISTING_GLOBAL;NEEDED_GLOBAL
Global	Contract	Percentage Rent Breakpoints	Breakpoint Amount #3	BreakpointAmount3	sTYPE_MONEY	No	No	PercentageRentBreakpoint								EXISTING_GLOBAL;NEEDED_GLOBAL
Global	Contract	Percentage Rent Breakpoints	Breakpoint Amount #4	BreakpointAmount4	sTYPE_MONEY	No	No	PercentageRentBreakpoint								EXISTING_GLOBAL;NEEDED_GLOBAL
Global	Contract	Percentage Rent Breakpoints	Breakpoint Amount #5	BreakpointAmount5	sTYPE_MONEY	No	No	PercentageRentBreakpoint								EXISTING_GLOBAL;NEEDED_GLOBAL
Global	Contract	Percentage Rent Breakpoints	Breakpoint Amount #6	BreakpointAmount6	sTYPE_MONEY	No	No	PercentageRentBreakpoint								EXISTING_GLOBAL;NEEDED_GLOBAL
Global	Contract	Percentage Rent Breakpoints	Breakpoint Amount #7	BreakpointAmount7	sTYPE_MONEY	No	No	PercentageRentBreakpoint								EXISTING_GLOBAL;NEEDED_GLOBAL
Global	Contract	Percentage Rent Breakpoints	Breakpoint Amount #8	BreakpointAmount8	sTYPE_MONEY	No	No	PercentageRentBreakpoint								EXISTING_GLOBAL;NEEDED_GLOBAL
Global	Contract	Percentage Rent Breakpoints	Breakpoint Count #1	BreakpointCount1	sTYPE_NUMBER	No	No	PercentageRentBreakpoint								EXISTING_GLOBAL;NEEDED_GLOBAL
Global	Contract	Percentage Rent Breakpoints	Breakpoint Count #2	BreakpointCount2	sTYPE_NUMBER	No	No	PercentageRentBreakpoint								EXISTING_GLOBAL;NEEDED_GLOBAL
Global	Contract	Percentage Rent Breakpoints	Breakpoint Count #3	BreakpointCount3	sTYPE_NUMBER	No	No	PercentageRentBreakpoint								EXISTING_GLOBAL;NEEDED_GLOBAL
Global	Contract	Percentage Rent Breakpoints	Breakpoint Count #4	BreakpointCount4	sTYPE_NUMBER	No	No	PercentageRentBreakpoint								EXISTING_GLOBAL;NEEDED_GLOBAL
Global	Contract	Percentage Rent Breakpoints	Breakpoint Count #5	BreakpointCount5	sTYPE_NUMBER	No	No	PercentageRentBreakpoint								EXISTING_GLOBAL;NEEDED_GLOBAL
Global	Contract	Percentage Rent Breakpoints	Breakpoint Count #6	BreakpointCount6	sTYPE_NUMBER	No	No	PercentageRentBreakpoint								EXISTING_GLOBAL;NEEDED_GLOBAL
Global	Contract	Percentage Rent Breakpoints	Breakpoint Count #7	BreakpointCount7	sTYPE_NUMBER	No	No	PercentageRentBreakpoint								EXISTING_GLOBAL;NEEDED_GLOBAL
Global	Contract	Percentage Rent Breakpoints	Breakpoint Count #8	BreakpointCount8	sTYPE_NUMBER	No	No	PercentageRentBreakpoint								EXISTING_GLOBAL;NEEDED_GLOBAL
Global	Contract	Percentage Rent Breakpoints	Breakpoint Rate #1	BreakpointRate1	sTYPE_PERCENTAGE	No	No	PercentageRentBreakpoint								EXISTING_GLOBAL;NEEDED_GLOBAL
Global	Contract	Percentage Rent Breakpoints	Breakpoint Rate #2	BreakpointRate2	sTYPE_PERCENTAGE	No	No	PercentageRentBreakpoint								EXISTING_GLOBAL;NEEDED_GLOBAL
Global	Contract	Percentage Rent Breakpoints	Breakpoint Rate #3	BreakpointRate3	sTYPE_PERCENTAGE	No	No	PercentageRentBreakpoint								EXISTING_GLOBAL;NEEDED_GLOBAL
Global	Contract	Percentage Rent Breakpoints	Breakpoint Rate #4	BreakpointRate4	sTYPE_PERCENTAGE	No	No	PercentageRentBreakpoint								EXISTING_GLOBAL;NEEDED_GLOBAL
Global	Contract	Percentage Rent Breakpoints	Breakpoint Rate #5	BreakpointRate5	sTYPE_PERCENTAGE	No	No	PercentageRentBreakpoint								EXISTING_GLOBAL;NEEDED_GLOBAL
Global	Contract	Percentage Rent Breakpoints	Breakpoint Rate #6	BreakpointRate6	sTYPE_PERCENTAGE	No	No	PercentageRentBreakpoint								EXISTING_GLOBAL;NEEDED_GLOBAL
Global	Contract	Percentage Rent Breakpoints	Breakpoint Rate #7	BreakpointRate7	sTYPE_PERCENTAGE	No	No	PercentageRentBreakpoint								EXISTING_GLOBAL;NEEDED_GLOBAL
Global	Contract	Percentage Rent Breakpoints	Breakpoint Rate #8	BreakpointRate8	sTYPE_PERCENTAGE	No	No	PercentageRentBreakpoint								EXISTING_GLOBAL;NEEDED_GLOBAL
Global	Contract	Percentage Rent Breakpoints	Contract	ContractID	sTYPE_CONTRACT	Yes	No	PercentageRentBreakpoint								EXISTING_GLOBAL;NEEDED_GLOBAL
Global	Contract	Percentage Rent Breakpoints	Created By	CreatedByID	sTYPE_MEMBER	No	No	PercentageRentBreakpoint								EXISTING_GLOBAL;NEEDED_GLOBAL
Global	Contract	Percentage Rent Breakpoints	Created Date	CreatedDate	sTYPE_TIME	No	No	PercentageRentBreakpoint								EXISTING_GLOBAL;NEEDED_GLOBAL
Global	Contract	Percentage Rent Breakpoints	Description	Description	sTYPE_TEXT	No	No	PercentageRentBreakpoint								EXISTING_GLOBAL;NEEDED_GLOBAL
Global	Contract	Percentage Rent Breakpoints	End Date	EndDate	sTYPE_DATE	No	No	PercentageRentBreakpoint								EXISTING_GLOBAL;NEEDED_GLOBAL
Global	Contract	Percentage Rent Breakpoints	Modified By	ModifiedByID	sTYPE_MEMBER	No	No	PercentageRentBreakpoint								EXISTING_GLOBAL;NEEDED_GLOBAL
Global	Contract	Percentage Rent Breakpoints	Modified Date	ModifiedDate	sTYPE_TIME	No	No	PercentageRentBreakpoint								EXISTING_GLOBAL;NEEDED_GLOBAL
Global	Contract	Percentage Rent Breakpoints	Natural Breakpoint Rate	NaturalBreakpointRate	sTYPE_PERCENTAGE	No	No	PercentageRentBreakpoint								EXISTING_GLOBAL;NEEDED_GLOBAL
Global	Contract	Percentage Rent Breakpoints	Notes	Notes	sTYPE_TEXTAREA	No	No	PercentageRentBreakpoint								EXISTING_GLOBAL;NEEDED_GLOBAL
Global	Contract	Percentage Rent Breakpoints	Percentage Rent Breakpoint ClientID	BOMapClientRecordID	sTYPE_TEXT	Yes	No	PercentageRentBreakpoint								EXISTING_GLOBAL;NEEDED_GLOBAL
Global	Contract	Percentage Rent Breakpoints	Percentage Rent Breakpoint RecID	PercentageRentBreakpointID	sTYPE_UNFORMATTED_NUMBER	No	No	PercentageRentBreakpoint								EXISTING_GLOBAL;NEEDED_GLOBAL
Global	Contract	Percentage Rent Breakpoints	Portioned Sales Group	CodePortionedSalesGroupID	sCODE_SALES_GROUP	No	No	PercentageRentBreakpoint								EXISTING_GLOBAL;NEEDED_GLOBAL
Global	Contract	Percentage Rent Breakpoints	Rev Number	RevNumber	sTYPE_UNFORMATTED_NUMBER	No	No	PercentageRentBreakpoint								EXISTING_GLOBAL;NEEDED_GLOBAL
Global	Contract	Percentage Rent Breakpoints	Sales Group	CodeSalesGroupID	sCODE_SALES_GROUP	No	No	PercentageRentBreakpoint								EXISTING_GLOBAL;NEEDED_GLOBAL
Global	Contract	Percentage Rent Schedule	Breakpoint Amount #1	BreakpointAmount1	sTYPE_MONEY	No	No	VirtualPercentageRentPeriod								EXISTING_GLOBAL;NEEDED_GLOBAL
Global	Contract	Percentage Rent Schedule	Breakpoint Amount #2	BreakpointAmount2	sTYPE_MONEY	No	No	VirtualPercentageRentPeriod								EXISTING_GLOBAL;NEEDED_GLOBAL
Global	Contract	Percentage Rent Schedule	Breakpoint Amount #3	BreakpointAmount3	sTYPE_MONEY	No	No	VirtualPercentageRentPeriod								EXISTING_GLOBAL;NEEDED_GLOBAL
Global	Contract	Percentage Rent Schedule	Breakpoint Amount #4	BreakpointAmount4	sTYPE_MONEY	No	No	VirtualPercentageRentPeriod								EXISTING_GLOBAL;NEEDED_GLOBAL
Global	Contract	Percentage Rent Schedule	Breakpoint Amount #5	BreakpointAmount5	sTYPE_MONEY	No	No	VirtualPercentageRentPeriod								EXISTING_GLOBAL;NEEDED_GLOBAL
Global	Contract	Percentage Rent Schedule	Breakpoint Amount #6	BreakpointAmount6	sTYPE_MONEY	No	No	VirtualPercentageRentPeriod								EXISTING_GLOBAL;NEEDED_GLOBAL
Global	Contract	Percentage Rent Schedule	Breakpoint Amount #7	BreakpointAmount7	sTYPE_MONEY	No	No	VirtualPercentageRentPeriod								EXISTING_GLOBAL;NEEDED_GLOBAL
Global	Contract	Percentage Rent Schedule	Breakpoint Amount #8	BreakpointAmount8	sTYPE_MONEY	No	No	VirtualPercentageRentPeriod								EXISTING_GLOBAL;NEEDED_GLOBAL
Global	Contract	Percentage Rent Schedule	Breakpoint Count #1	BreakpointCount1	sTYPE_NUMBER	No	No	VirtualPercentageRentPeriod								EXISTING_GLOBAL;NEEDED_GLOBAL
Global	Contract	Percentage Rent Schedule	Breakpoint Count #2	BreakpointCount2	sTYPE_NUMBER	No	No	VirtualPercentageRentPeriod								EXISTING_GLOBAL;NEEDED_GLOBAL
Global	Contract	Percentage Rent Schedule	Breakpoint Count #3	BreakpointCount3	sTYPE_NUMBER	No	No	VirtualPercentageRentPeriod								EXISTING_GLOBAL;NEEDED_GLOBAL
Global	Contract	Percentage Rent Schedule	Breakpoint Count #4	BreakpointCount4	sTYPE_NUMBER	No	No	VirtualPercentageRentPeriod								EXISTING_GLOBAL;NEEDED_GLOBAL
Global	Contract	Percentage Rent Schedule	Breakpoint Count #5	BreakpointCount5	sTYPE_NUMBER	No	No	VirtualPercentageRentPeriod								EXISTING_GLOBAL;NEEDED_GLOBAL
Global	Contract	Percentage Rent Schedule	Breakpoint Count #6	BreakpointCount6	sTYPE_NUMBER	No	No	VirtualPercentageRentPeriod								EXISTING_GLOBAL;NEEDED_GLOBAL
Global	Contract	Percentage Rent Schedule	Breakpoint Count #7	BreakpointCount7	sTYPE_NUMBER	No	No	VirtualPercentageRentPeriod								EXISTING_GLOBAL;NEEDED_GLOBAL
Global	Contract	Percentage Rent Schedule	Breakpoint Count #8	BreakpointCount8	sTYPE_NUMBER	No	No	VirtualPercentageRentPeriod								EXISTING_GLOBAL;NEEDED_GLOBAL
Global	Contract	Percentage Rent Schedule	Breakpoint Rate #1	BreakpointRate1	sTYPE_PERCENTAGE	No	No	VirtualPercentageRentPeriod								EXISTING_GLOBAL;NEEDED_GLOBAL
Global	Contract	Percentage Rent Schedule	Breakpoint Rate #2	BreakpointRate2	sTYPE_PERCENTAGE	No	No	VirtualPercentageRentPeriod								EXISTING_GLOBAL;NEEDED_GLOBAL
Global	Contract	Percentage Rent Schedule	Breakpoint Rate #3	BreakpointRate3	sTYPE_PERCENTAGE	No	No	VirtualPercentageRentPeriod								EXISTING_GLOBAL;NEEDED_GLOBAL
Global	Contract	Percentage Rent Schedule	Breakpoint Rate #4	BreakpointRate4	sTYPE_PERCENTAGE	No	No	VirtualPercentageRentPeriod								EXISTING_GLOBAL;NEEDED_GLOBAL
Global	Contract	Percentage Rent Schedule	Breakpoint Rate #5	BreakpointRate5	sTYPE_PERCENTAGE	No	No	VirtualPercentageRentPeriod								EXISTING_GLOBAL;NEEDED_GLOBAL
Global	Contract	Percentage Rent Schedule	Breakpoint Rate #6	BreakpointRate6	sTYPE_PERCENTAGE	No	No	VirtualPercentageRentPeriod								EXISTING_GLOBAL;NEEDED_GLOBAL
Global	Contract	Percentage Rent Schedule	Breakpoint Rate #7	BreakpointRate7	sTYPE_PERCENTAGE	No	No	VirtualPercentageRentPeriod								EXISTING_GLOBAL;NEEDED_GLOBAL
Global	Contract	Percentage Rent Schedule	Breakpoint Rate #8	BreakpointRate8	sTYPE_PERCENTAGE	No	No	VirtualPercentageRentPeriod								EXISTING_GLOBAL;NEEDED_GLOBAL
Global	Contract	Percentage Rent Schedule	Cap Amount	CapAmount	sTYPE_MONEY	No	No	VirtualPercentageRentPeriod								EXISTING_GLOBAL;NEEDED_GLOBAL
Global	Contract	Percentage Rent Schedule	Cap Frequency	CodeCapFrequencyID	sCODE_MONTH_FREQUENCY	No	No	VirtualPercentageRentPeriod								EXISTING_GLOBAL;NEEDED_GLOBAL
Global	Contract	Percentage Rent Schedule	Configured Breakpoint Rate #1	ConfiguredBreakpointRate1	sTYPE_PERCENTAGE	No	No	VirtualPercentageRentPeriod								EXISTING_GLOBAL;NEEDED_GLOBAL
Global	Contract	Percentage Rent Schedule	Contract	ContractID	sTYPE_CONTRACT	No	No	VirtualPercentageRentPeriod								EXISTING_GLOBAL;NEEDED_GLOBAL
Global	Contract	Percentage Rent Schedule	Current Net Sales Amount	ActualNetSalesAmount	sTYPE_MONEY	No	No	VirtualPercentageRentPeriod								EXISTING_GLOBAL;NEEDED_GLOBAL
Global	Contract	Percentage Rent Schedule	Floor Amount	FloorAmount	sTYPE_MONEY	No	No	VirtualPercentageRentPeriod								EXISTING_GLOBAL;NEEDED_GLOBAL
Global	Contract	Percentage Rent Schedule	Is Partial Term?	IsPartialTerm	sTYPE_CHECKBOX	No	No	VirtualPercentageRentPeriod								EXISTING_GLOBAL;NEEDED_GLOBAL
Global	Contract	Percentage Rent Schedule	Natural Breakpoint Rate	NaturalBreakpointRate	sTYPE_PERCENTAGE	No	No	VirtualPercentageRentPeriod								EXISTING_GLOBAL;NEEDED_GLOBAL
Global	Contract	Percentage Rent Schedule	Period Begin Date	PeriodBeginDate	sTYPE_DATE	No	No	VirtualPercentageRentPeriod								EXISTING_GLOBAL;NEEDED_GLOBAL
Global	Contract	Percentage Rent Schedule	Period Date Range	PeriodDateRange	sTYPE_DATE_RANGE	No	No	VirtualPercentageRentPeriod								EXISTING_GLOBAL;NEEDED_GLOBAL
Global	Contract	Percentage Rent Schedule	Period End Date	PeriodEndDate	sTYPE_DATE	No	No	VirtualPercentageRentPeriod								EXISTING_GLOBAL;NEEDED_GLOBAL
Global	Contract	Percentage Rent Schedule	Sales Group	CodeSalesGroupID	sCODE_SALES_GROUP	No	No	VirtualPercentageRentPeriod								EXISTING_GLOBAL;NEEDED_GLOBAL
Global	Contract	Percentage Rent Schedule	Trailing Sales Multiplier	TrailingSalesMultiplier	sTYPE_NUMBER_FRACTION6DIGITS	No	No	VirtualPercentageRentPeriod								EXISTING_GLOBAL;NEEDED_GLOBAL
Global	Contract	Percentage Rent Summary Schedule	Billing Frequency	CodeBillingFrequencyID	sCODE_PR_FREQUENCY	No	No	VirtualPRPAggregate								EXISTING_GLOBAL;NEEDED_GLOBAL
Global	Contract	Percentage Rent Summary Schedule	Contract	ContractID	sTYPE_CONTRACT	No	No	VirtualPRPAggregate								EXISTING_GLOBAL;NEEDED_GLOBAL
Global	Contract	Percentage Rent Summary Schedule	Current Offset Amount	VariableRentOffsetAmount	sTYPE_MONEY	No	No	VirtualPRPAggregate								EXISTING_GLOBAL;NEEDED_GLOBAL
Global	Contract	Percentage Rent Summary Schedule	Current Percentage Rent	CurrentRentDue	sTYPE_MONEY	No	No	VirtualPRPAggregate								EXISTING_GLOBAL;NEEDED_GLOBAL
Global	Contract	Percentage Rent Summary Schedule	Current Percentage Rent Obligation	CurrentRentObligation	sTYPE_MONEY	No	No	VirtualPRPAggregate								EXISTING_GLOBAL;NEEDED_GLOBAL
Global	Contract	Percentage Rent Summary Schedule	Current Percentage Rent Paid	CurrentRentPaid	sTYPE_MONEY	No	No	VirtualPRPAggregate								EXISTING_GLOBAL;NEEDED_GLOBAL
Global	Contract	Percentage Rent Summary Schedule	Expense Group	CodeExpenseGroupID	sCODE_EXPENSE_GROUP	No	No	VirtualPRPAggregate								EXISTING_GLOBAL;NEEDED_GLOBAL
Global	Contract	Percentage Rent Summary Schedule	Expense Type	CodeExpenseTypeID	sCODE_EXPENSE_TYPE	No	No	VirtualPRPAggregate								EXISTING_GLOBAL;NEEDED_GLOBAL
Global	Contract	Percentage Rent Summary Schedule	Net Percentage Rent Due	NetSalesRentDue	sTYPE_MONEY	No	No	VirtualPRPAggregate								EXISTING_GLOBAL;NEEDED_GLOBAL
Global	Contract	Percentage Rent Summary Schedule	Percentage Rent Type	CodePercentageRentTypeID	sCODE_PERCENTAGE_RENT_TYPE	No	No	VirtualPRPAggregate								EXISTING_GLOBAL;NEEDED_GLOBAL
Global	Contract	Percentage Rent Summary Schedule	Period Begin Date	PeriodBeginDate	sTYPE_DATE	No	No	VirtualPRPAggregate								EXISTING_GLOBAL;NEEDED_GLOBAL
Global	Contract	Percentage Rent Summary Schedule	Period End Date	PeriodEndDate	sTYPE_DATE	No	No	VirtualPRPAggregate								EXISTING_GLOBAL;NEEDED_GLOBAL
Global	Contract	Percentage Rent Summary Schedule	Rent Year Begin Date	RentYearBeginDate	sTYPE_DATE	No	No	VirtualPRPAggregate								EXISTING_GLOBAL;NEEDED_GLOBAL
Global	Contract	Percentage Rent Summary Schedule	Rent Year End Date	RentYearEndDate	sTYPE_DATE	No	No	VirtualPRPAggregate								EXISTING_GLOBAL;NEEDED_GLOBAL
Global	Contract	Percentage Rent Summary Schedule	Rent Year Has Alternate Rent?	RentYearHasAltRent	sTYPE_BOOLEAN	No	No	VirtualPRPAggregate								EXISTING_GLOBAL;NEEDED_GLOBAL
Global	Contract	ReCalc Override Notes	Created By	CreatedByID	sTYPE_MEMBER	No	No	RecalcOverrideNotes								EXISTING_GLOBAL;NEEDED_GLOBAL
Global	Contract	ReCalc Override Notes	Date of entry	CreatedDate	sTYPE_TIME	No	No	RecalcOverrideNotes								EXISTING_GLOBAL;NEEDED_GLOBAL
Global	Contract	ReCalc Override Notes	Modified By	ModifiedByID	sTYPE_MEMBER	No	No	RecalcOverrideNotes								EXISTING_GLOBAL;NEEDED_GLOBAL
Global	Contract	ReCalc Override Notes	Modified Date	ModifiedDate	sTYPE_TIME	No	No	RecalcOverrideNotes								EXISTING_GLOBAL;NEEDED_GLOBAL
Global	Contract	ReCalc Override Notes	Override Note	Notes	sTYPE_TEXTAREA	Yes	No	RecalcOverrideNotes								EXISTING_GLOBAL;NEEDED_GLOBAL
Global	Contract	ReCalc Override Notes	Straight Line Summary	SLSummaryID	sTYPE_SL_SUMMARY	Yes	No	RecalcOverrideNotes								EXISTING_GLOBAL;NEEDED_GLOBAL
Global	Contract	Receipt Transaction Association	Allocation Amount	AllocationAmount	sTYPE_MONEY	No	No	LinkReceiptTransaction								EXISTING_GLOBAL;NEEDED_GLOBAL
Global	Contract	Receipt Transaction Association	Created By	CreatedByID	sTYPE_MEMBER	No	No	LinkReceiptTransaction								EXISTING_GLOBAL;NEEDED_GLOBAL
Global	Contract	Receipt Transaction Association	Created Date	CreatedDate	sTYPE_TIME	No	No	LinkReceiptTransaction								EXISTING_GLOBAL;NEEDED_GLOBAL
Global	Contract	Receipt Transaction Association	Link Receipt Transaction ClientID	BOMapClientRecordID	sTYPE_TEXT	Yes	No	LinkReceiptTransaction								EXISTING_GLOBAL;NEEDED_GLOBAL
Global	Contract	Receipt Transaction Association	Link Receipt Transaction RecID	LinkReceiptTransactionID	sTYPE_UNFORMATTED_NUMBER	No	No	LinkReceiptTransaction								EXISTING_GLOBAL;NEEDED_GLOBAL
Global	Contract	Receipt Transaction Association	Modified By	ModifiedByID	sTYPE_MEMBER	No	No	LinkReceiptTransaction								EXISTING_GLOBAL;NEEDED_GLOBAL
Global	Contract	Receipt Transaction Association	Modified Date	ModifiedDate	sTYPE_TIME	No	No	LinkReceiptTransaction								EXISTING_GLOBAL;NEEDED_GLOBAL
Global	Contract	Receipt Transaction Association	Notes	Notes	sTYPE_TEXTAREA	No	No	LinkReceiptTransaction								EXISTING_GLOBAL;NEEDED_GLOBAL
Global	Contract	Receipt Transaction Association	Payment Receipt	PaymentReceiptID	sTYPE_PAYMENT_RECEIPT	Yes	No	LinkReceiptTransaction								EXISTING_GLOBAL;NEEDED_GLOBAL
Global	Contract	Receipt Transaction Association	Payment Transaction	PaymentTransactionID	sTYPE_PAYMENT_TRANSACTION	Yes	No	LinkReceiptTransaction								EXISTING_GLOBAL;NEEDED_GLOBAL
Global	Contract	Receipt Transaction Association	Rev Number	RevNumber	sTYPE_UNFORMATTED_NUMBER	No	No	LinkReceiptTransaction								EXISTING_GLOBAL;NEEDED_GLOBAL
Global	Contract	Responsibility	Amendment	AmendmentID	sTYPE_CONTRACT_AMENDMENT	No	No	Responsibility	Responsibility	AmendmentID	Amendment	responsibility	AmendmentID	TEXT	Foreign key (ID reference)	EXISTING_GLOBAL;NEEDED_GLOBAL
Global	Contract	Responsibility	Cap Amount	CapAmount	sTYPE_MONEY	No	No	Responsibility	Responsibility	CapAmount	Cap Amount	responsibility	CapAmount	TEXT		EXISTING_GLOBAL;NEEDED_GLOBAL
Global	Contract	Responsibility	Cap Percent	CapPercent	sTYPE_PERCENTAGE	No	No	Responsibility	Responsibility	CapPercent	Cap Percent	responsibility	CapPercent	TEXT		EXISTING_GLOBAL;NEEDED_GLOBAL
Global	Contract	Responsibility	Contract	ContractID	sTYPE_CONTRACT	Yes	No	Responsibility	Responsibility	ContractID	ContractID	responsibility	ContractID	TEXT	Foreign key (ID reference)	EXISTING_GLOBAL;NEEDED_GLOBAL
Global	Contract	Responsibility	Contract Responsibility Amount	ContractResponsibilityAmount	sTYPE_MONEY	No	No	Responsibility	Responsibility	ContractResponsibilityAmount	Contract Responsibility Amount	responsibility	ContractResponsibilityAmount	TEXT		EXISTING_GLOBAL;NEEDED_GLOBAL
Global	Contract	Responsibility	Covenant	CovenantID	sTYPE_COVENANT	No	No	Responsibility	Responsibility	CovenantID	Covenant	responsibility	CovenantID	TEXT	Foreign key (ID reference)	EXISTING_GLOBAL;NEEDED_GLOBAL
Global	Contract	Responsibility	Effective Date	EffectiveDate	sTYPE_DATE	No	No	Responsibility	Responsibility	EffectiveDate	Effective Date	responsibility	EffectiveDate	TEXT		EXISTING_GLOBAL;NEEDED_GLOBAL
Global	Contract	Responsibility	End Date	EndDate	sTYPE_DATE	No	No	Responsibility	Responsibility	EndDate	End Date	responsibility	EndDate	TEXT		EXISTING_GLOBAL;NEEDED_GLOBAL
Global	Contract	Responsibility	Included In Rent?	IncludedInRentFlag	sTYPE_CHECKBOX	No	No	Responsibility	Responsibility	IncludedInRentFlag	Included In Rent?	responsibility	IncludedInRentFlag	TEXT		EXISTING_GLOBAL;NEEDED_GLOBAL
Global	Contract	Responsibility	Maintenance Category	CodeAssetCategoryID	sCODE_ASSET_CATEGORY	No	No	Responsibility	Responsibility	CodeAssetCategoryID	Maintenance Category	responsibility	CodeAssetCategoryID	TEXT	Foreign key (ID reference)	EXISTING_GLOBAL;NEEDED_GLOBAL
Global	Contract	Responsibility	Maintenance Contact	MaintenancePersonID	sTYPE_PERSON	No	No	Responsibility	Responsibility	MaintenancePersonID	Maintenance Contact	responsibility	MaintenancePersonID	TEXT	Foreign key (ID reference)	EXISTING_GLOBAL;NEEDED_GLOBAL
Global	Contract	Responsibility	Maintenance Responsibility	CodeMaintenanceResponsibilityID	sCODE_RESPONSIBLE_PARTY	No	No	Responsibility	Responsibility	CodeMaintenanceResponsibilityID	Maintenance Responsibility	responsibility	CodeMaintenanceResponsibilityID	TEXT	Foreign key (ID reference)	EXISTING_GLOBAL;NEEDED_GLOBAL
Global	Contract	Responsibility	Modified By	ModifiedByID	sTYPE_MEMBER	No	No	Responsibility	Responsibility	ModifiedByID	Modified By	responsibility	ModifiedByID	TEXT	Foreign key (ID reference)	EXISTING_GLOBAL;NEEDED_GLOBAL
Global	Contract	Responsibility	Modified Date	ModifiedDate	sTYPE_TIME	No	No	Responsibility	Responsibility	ModifiedDate	Modified Date	responsibility	ModifiedDate	TEXT	Incremental watermark	EXISTING_GLOBAL;NEEDED_GLOBAL
Global	Contract	Responsibility	Notes	Notes	sTYPE_TEXTAREA	No	No	Responsibility	Responsibility	Notes	Notes	responsibility	Notes	TEXT		EXISTING_GLOBAL;NEEDED_GLOBAL
Global	Contract	Responsibility	Pass Through Type	CodePassThroughTypeID	sCODE_PASS_THROUGH_TYPE	No	No	Responsibility	Responsibility	CodePassThroughTypeID	Pass Through Type	responsibility	CodePassThroughTypeID	TEXT	Foreign key (ID reference)	EXISTING_GLOBAL;NEEDED_GLOBAL
Global	Contract	Responsibility	Photos	Photos	sTYPE_PHOTO	No	No	Responsibility	Responsibility	Photos	Photos	responsibility	Photos	TEXT		EXISTING_GLOBAL;NEEDED_GLOBAL
Global	Contract	Responsibility	Repairs Contact	ExecutionPersonID	sTYPE_PERSON	No	No	Responsibility	Responsibility	ExecutionPersonID	Repairs Contact	responsibility	ExecutionPersonID	TEXT	Foreign key (ID reference)	EXISTING_GLOBAL;NEEDED_GLOBAL
Global	Contract	Responsibility	Repairs Responsibility	CodeExecutionResponsibilityID	sCODE_RESPONSIBLE_PARTY	No	No	Responsibility	Responsibility	CodeExecutionResponsibilityID	Repairs Responsibility	responsibility	CodeExecutionResponsibilityID	TEXT	Foreign key (ID reference)	EXISTING_GLOBAL;NEEDED_GLOBAL
Global	Contract	Responsibility	Replace Contact	FinancialPersonID	sTYPE_PERSON	No	No	Responsibility	Responsibility	FinancialPersonID	Replace Contact	responsibility	FinancialPersonID	TEXT	Foreign key (ID reference)	EXISTING_GLOBAL;NEEDED_GLOBAL
Global	Contract	Responsibility	Replace Responsibility	CodeFinancialResponsibilityID	sCODE_RESPONSIBLE_PARTY	No	No	Responsibility	Responsibility	CodeFinancialResponsibilityID	Replace Responsibility	responsibility	CodeFinancialResponsibilityID	TEXT	Foreign key (ID reference)	EXISTING_GLOBAL;NEEDED_GLOBAL
Global	Contract	Responsibility	Response Time	CodeResponseTimeID	sCODE_RESPONSE_TIME	No	No	Responsibility	Responsibility	CodeResponseTimeID	Response Time	responsibility	CodeResponseTimeID	TEXT	Foreign key (ID reference)	EXISTING_GLOBAL;NEEDED_GLOBAL
Global	Contract	Responsibility	Responsibility ClientID	BOMapClientRecordID	sTYPE_TEXT	Yes	No	Responsibility	Responsibility	BOMapClientRecordID	Responsibility ClientID	responsibility	BOMapClientRecordID	TEXT	Client identifier	EXISTING_GLOBAL;NEEDED_GLOBAL
Global	Contract	Responsibility	Responsibility Group	CodeResponsibilityGroupID	sCODE_RESPONSIBILITY_GROUP	No	No	Responsibility	Responsibility	CodeResponsibilityGroupID	Responsibility Group	responsibility	CodeResponsibilityGroupID	TEXT	Foreign key (ID reference)	EXISTING_GLOBAL;NEEDED_GLOBAL
Global	Contract	Responsibility	Responsibility RecID	ResponsibilityID	sTYPE_UNFORMATTED_NUMBER	No	No	Responsibility	Responsibility	ResponsibilityID	Responsibility RecID	responsibility	ResponsibilityID	VARCHAR(64) NOT NULL	Primary key	EXISTING_GLOBAL;NEEDED_GLOBAL
Global	Contract	Responsibility	Responsibility Type	CodeResponsibilityTypeID	sCODE_RESPONSIBILITY_TYPE	No	No	Responsibility	Responsibility	CodeResponsibilityTypeID	Responsibility Type	responsibility	CodeResponsibilityTypeID	TEXT	Foreign key (ID reference)	EXISTING_GLOBAL;NEEDED_GLOBAL
Global	Contract	Responsibility	Responsible Party	ResponsibilePartyVal	sTYPE_TEXT	No	No	Responsibility	Responsibility	ResponsibilePartyVal	Responsible Party	responsibility	ResponsibilePartyVal	TEXT		EXISTING_GLOBAL;NEEDED_GLOBAL
Global	Contract	Responsibility	Section	Section	sTYPE_TEXT	No	No	Responsibility	Responsibility	Section	Section	responsibility	Section	TEXT		EXISTING_GLOBAL;NEEDED_GLOBAL
Global	Contract	Responsibility	Service Contact	ServicePersonID	sTYPE_PERSON	No	No	Responsibility	Responsibility	ServicePersonID	Service Contact	responsibility	ServicePersonID	TEXT	Foreign key (ID reference)	EXISTING_GLOBAL;NEEDED_GLOBAL
Global	Contract	Responsibility	Service Level	ServiceLevel	sTYPE_TEXT	No	No	Responsibility	Responsibility	ServiceLevel	Service Level	responsibility	ServiceLevel	TEXT		EXISTING_GLOBAL;NEEDED_GLOBAL
Global	Contract	Responsibility	Service Responsibility	CodeServiceResponsibilityID	sCODE_RESPONSIBLE_PARTY	No	No	Responsibility	Responsibility	CodeServiceResponsibilityID	Service Responsibility	responsibility	CodeServiceResponsibilityID	TEXT	Foreign key (ID reference)	EXISTING_GLOBAL;NEEDED_GLOBAL
Global	Contract	Responsibility System Value	Responsible Party Value	CodeResponsiblePartySystemID	sCODE_RESPONSIBLE_PARTY_SYSTEM	No	No	CodeResponsibleParty								EXISTING_GLOBAL;NEEDED_GLOBAL
Global	Contract	Roll Forward Report	Accumulated Amortization Balance Prior to Impairment	AccumulatedAmortizationBalancePriorToImpairment	sTYPE_MONEY	No	No	SLSummary								EXISTING_GLOBAL;NEEDED_GLOBAL
Global	Contract	Roll Forward Report	Asset Amortization Expense	AssetAmortizationExpense	sTYPE_MONEY	No	No	SLSummary								EXISTING_GLOBAL;NEEDED_GLOBAL
Global	Contract	Roll Forward Report	Ending Accumulated Amortization Balance	EndingAccumulatedAmortizationBalance	sTYPE_MONEY	No	No	SLSummary								EXISTING_GLOBAL;NEEDED_GLOBAL
Global	Contract	Roll Forward Report	Ending Gross Asset Balance	EndingGrossAssetBalance	sTYPE_MONEY	No	No	SLSummary								EXISTING_GLOBAL;NEEDED_GLOBAL
Global	Contract	Roll Forward Report	Ending Lease Liability Balance	EndingLeaseLiabilityBalance	sTYPE_MONEY	No	No	SLSummary								EXISTING_GLOBAL;NEEDED_GLOBAL
Global	Contract	Roll Forward Report	Impairments and Accumulated Amortization Reset	ImpairmentsAndAccumulatedAmortizationReset	sTYPE_MONEY	No	No	SLSummary								EXISTING_GLOBAL;NEEDED_GLOBAL
Global	Contract	Roll Forward Report	Interest Expense	InterestExpense	sTYPE_MONEY	No	No	SLSummary								EXISTING_GLOBAL;NEEDED_GLOBAL
Global	Contract	Roll Forward Report	Is Include in Roll Forward Report?	IsIncludeInRollForwardReport	sTYPE_BOOLEAN	No	No	SLSummary								EXISTING_GLOBAL;NEEDED_GLOBAL
Global	Contract	Roll Forward Report	Lease Expiration Accumulated Amortization Impact	LeaseExpirationAccumulatedAmortizationImpact	sTYPE_MONEY	No	No	SLSummary								EXISTING_GLOBAL;NEEDED_GLOBAL
Global	Contract	Roll Forward Report	Lease Expiration Gross Asset Balance	LeaseExpirationGrossAssetBalance	sTYPE_MONEY	No	No	SLSummary								EXISTING_GLOBAL;NEEDED_GLOBAL
Global	Contract	Roll Forward Report	Lease Liability Payment Impact	LeaseLiabilityPaymentImpact	sTYPE_MONEY	No	No	SLSummary								EXISTING_GLOBAL;NEEDED_GLOBAL
Global	Contract	Roll Forward Report	Lease Remeasurement Accumulated Amortization Impact	LeaseRemeasurementAccumulatedAmortizationImpact	sTYPE_MONEY	No	No	SLSummary								EXISTING_GLOBAL;NEEDED_GLOBAL
Global	Contract	Roll Forward Report	Lease Remeasurement Lease Liability Impact	LeaseRemeasurementLeaseLiabilityImpact	sTYPE_MONEY	No	No	SLSummary								EXISTING_GLOBAL;NEEDED_GLOBAL
Global	Contract	Roll Forward Report	New Gross Asset Balances	NewGrossAssetBalances	sTYPE_MONEY	No	No	SLSummary								EXISTING_GLOBAL;NEEDED_GLOBAL
Global	Contract	Roll Forward Report	New Lease Liabilities	NewLeaseLiabilities	sTYPE_MONEY	No	No	SLSummary								EXISTING_GLOBAL;NEEDED_GLOBAL
Global	Contract	Roll Forward Report	Prior Period Accumulated Amortization Balance	PriorPeriodAccumulatedAmortizationBalance	sTYPE_MONEY	No	No	SLSummary								EXISTING_GLOBAL;NEEDED_GLOBAL
Global	Contract	Roll Forward Report	Prior Period Gross Asset Balance	PriorPeriodGrossAssetBalance	sTYPE_MONEY	No	No	SLSummary								EXISTING_GLOBAL;NEEDED_GLOBAL
Global	Contract	Roll Forward Report	Prior Period Lease Liability	PriorPeriodLeaseLiability	sTYPE_MONEY	No	No	SLSummary								EXISTING_GLOBAL;NEEDED_GLOBAL
Global	Contract	Roll Forward Report	Reclass Accumulated Amortization Impact	ReclassAccumulatedAmortizationImpact	sTYPE_MONEY	No	No	SLSummary								EXISTING_GLOBAL;NEEDED_GLOBAL
Global	Contract	Roll Forward Report	Reclass Gross Asset Balance Impact	ReclassGrossAssetBalanceImpact	sTYPE_MONEY	No	No	SLSummary								EXISTING_GLOBAL;NEEDED_GLOBAL
Global	Contract	Roll Forward Report	Reclass Lease Liability Impact	ReclassLeaseLiabilityImpact	sTYPE_MONEY	No	No	SLSummary								EXISTING_GLOBAL;NEEDED_GLOBAL
Global	Contract	Roll Forward Report	Reclassification Accumulated Amortization Impact	ReclassificationAccumulatedAmortizationImpact	sTYPE_MONEY	No	No	SLSummary								EXISTING_GLOBAL;NEEDED_GLOBAL
Global	Contract	Roll Forward Report	Reclassification Lease Liability Impact	ReclassificationLeaseLiabilityImpact	sTYPE_MONEY	No	No	SLSummary								EXISTING_GLOBAL;NEEDED_GLOBAL
Global	Contract	Roll Forward Report	Reclassification of Gross Asset Balance	ReclassificationOfGrossAssetBalance	sTYPE_MONEY	No	No	SLSummary								EXISTING_GLOBAL;NEEDED_GLOBAL
Global	Contract	Roll Forward Report	Remeasurement Gross Asset Balance Impact	RemeasurementGrossAssetBalanceImpact	sTYPE_MONEY	No	No	SLSummary								EXISTING_GLOBAL;NEEDED_GLOBAL
Global	Contract	Sales	Client Sales ID	ClientSalesID	sTYPE_TEXT	No	No	Sales	Sales	ClientSalesID	Client Sales ID	sales	ClientSalesID	TEXT	Foreign key (ID reference)	EXISTING_GLOBAL;NEEDED_GLOBAL
Global	Contract	Sales	Contract	ContractID	sTYPE_CONTRACT	Yes	No	Sales	Sales	ContractID	ContractID	sales	ContractID	TEXT	Foreign key (ID reference)	EXISTING_GLOBAL;NEEDED_GLOBAL
Global	Contract	Sales	Currency Type	CodeCurrencyTypeID	sCODE_CURRENCY_TYPE	No	No	Sales	Sales	CodeCurrencyTypeID	Currency Type	sales	CodeCurrencyTypeID	TEXT	Foreign key (ID reference)	EXISTING_GLOBAL;NEEDED_GLOBAL
Global	Contract	Sales	Effective Date	EffectiveDate	sTYPE_DATE	No	No	Sales	Sales	EffectiveDate	Effective Date	sales	EffectiveDate	TEXT		EXISTING_GLOBAL;NEEDED_GLOBAL
Global	Contract	Sales	Fiscal Period	SalesPeriod	sTYPE_NUMBER	No	No	Sales	Sales	SalesPeriod	Fiscal Period	sales	SalesPeriod	TEXT		EXISTING_GLOBAL;NEEDED_GLOBAL
Global	Contract	Sales	Fiscal Year	SalesYear	sTYPE_DROPDOWN_YEAR	No	No	Sales	Sales	SalesYear	Fiscal Year	sales	SalesYear	TEXT		EXISTING_GLOBAL;NEEDED_GLOBAL
Global	Contract	Sales	Gross Sales Amount	GrossSalesAmount	sTYPE_MONEY	No	No	Sales	Sales	GrossSalesAmount	Gross Sales Amount	sales	GrossSalesAmount	TEXT		EXISTING_GLOBAL;NEEDED_GLOBAL
Global	Contract	Sales	Matching Calendar Month	MatchingCalendarMonthText	sTYPE_TEXT	No	No	Sales	Sales	MatchingCalendarMonthText	Matching Calendar Month	sales	MatchingCalendarMonthText	TEXT		EXISTING_GLOBAL;NEEDED_GLOBAL
Global	Contract	Sales	Matching Calendar Month / Year	MatchingCalendarMonthYearText	sTYPE_TEXT	No	No	Sales	Sales	MatchingCalendarMonthYearText	Matching Calendar Month / Year	sales	MatchingCalendarMonthYearText	TEXT		EXISTING_GLOBAL;NEEDED_GLOBAL
Global	Contract	Sales	Matching Calendar Year	MatchingCalendarYear	sTYPE_UNFORMATTED_NUMBER	No	No	Sales	Sales	MatchingCalendarYear	Matching Calendar Year	sales	MatchingCalendarYear	TEXT		EXISTING_GLOBAL;NEEDED_GLOBAL
Global	Contract	Sales	Modified By	ModifiedByID	sTYPE_MEMBER	No	No	Sales	Sales	ModifiedByID	Modified By	sales	ModifiedByID	TEXT	Foreign key (ID reference)	EXISTING_GLOBAL;NEEDED_GLOBAL
Global	Contract	Sales	Modified Date	ModifiedDate	sTYPE_TIME	No	No	Sales	Sales	ModifiedDate	Modified Date	sales	ModifiedDate	TEXT	Incremental watermark	EXISTING_GLOBAL;NEEDED_GLOBAL
Global	Contract	Sales	Net Sales Amount	NetSalesAmount	sTYPE_MONEY	No	No	Sales	Sales	NetSalesAmount	Net Sales Amount	sales	NetSalesAmount	TEXT		EXISTING_GLOBAL;NEEDED_GLOBAL
Global	Contract	Sales	Posting Date	PostingDate	sTYPE_DATE	No	No	Sales	Sales	PostingDate	Posting Date	sales	PostingDate	TEXT		EXISTING_GLOBAL;NEEDED_GLOBAL
Global	Contract	Sales	Sales Adjustment #1	SalesAdjustment1	sTYPE_MONEY	No	No	Sales	Sales	SalesAdjustment1	Sales Adjustment #1	sales	SalesAdjustment1	TEXT		EXISTING_GLOBAL
Global	Contract	Sales	Sales Adjustment #2	SalesAdjustment2	sTYPE_MONEY	No	No	Sales	Sales	SalesAdjustment2	Sales Adjustment #2	sales	SalesAdjustment2	TEXT		EXISTING_GLOBAL
Global	Contract	Sales	Sales Adjustment #3	SalesAdjustment3	sTYPE_MONEY	No	No	Sales	Sales	SalesAdjustment3	Sales Adjustment #3	sales	SalesAdjustment3	TEXT		EXISTING_GLOBAL
Global	Contract	Sales	Sales Adjustment #4	SalesAdjustment4	sTYPE_MONEY	No	No	Sales	Sales	SalesAdjustment4	Sales Adjustment #4	sales	SalesAdjustment4	TEXT		EXISTING_GLOBAL
Global	Contract	Sales	Sales Adjustment #5	SalesAdjustment5	sTYPE_MONEY	No	No	Sales	Sales	SalesAdjustment5	Sales Adjustment #5	sales	SalesAdjustment5	TEXT		EXISTING_GLOBAL
Global	Contract	Sales	Sales Adjustment #6	SalesAdjustment6	sTYPE_MONEY	No	No	Sales	Sales	SalesAdjustment6	Sales Adjustment #6	sales	SalesAdjustment6	TEXT		EXISTING_GLOBAL
Global	Contract	Sales	Sales Category	CodeSalesCategoryID	sCODE_SALES_CATEGORY	No	No	Sales	Sales	CodeSalesCategoryID	Sales Category	sales	CodeSalesCategoryID	TEXT	Foreign key (ID reference)	EXISTING_GLOBAL;NEEDED_GLOBAL
Global	Contract	Sales	Sales ClientID	BOMapClientRecordID	sTYPE_TEXT	Yes	No	Sales	Sales	BOMapClientRecordID	Sales ClientID	sales	BOMapClientRecordID	TEXT	Client identifier	EXISTING_GLOBAL;NEEDED_GLOBAL
Global	Contract	Sales	Sales Group	CodeSalesGroupID	sCODE_SALES_GROUP	No	No	Sales	Sales	CodeSalesGroupID	Sales Group	sales	CodeSalesGroupID	TEXT	Foreign key (ID reference)	EXISTING_GLOBAL;NEEDED_GLOBAL
Global	Contract	Sales	Sales RecID	SalesID	sTYPE_UNFORMATTED_NUMBER	No	No	Sales	Sales	SalesID	Sales RecID	sales	SalesID	VARCHAR(64) NOT NULL	Primary key	EXISTING_GLOBAL;NEEDED_GLOBAL
Global	Contract	Sales	Sales Type	CodeSalesTypeID	sCODE_SALES_TYPE	No	No	Sales	Sales	CodeSalesTypeID	Sales Type	sales	CodeSalesTypeID	TEXT	Foreign key (ID reference)	EXISTING_GLOBAL;NEEDED_GLOBAL
Global	Contract	Sales	Unit Sales Count	UnitSalesCount	sTYPE_NUMBER	No	No	Sales	Sales	UnitSalesCount	Unit Sales Count	sales	UnitSalesCount	TEXT		EXISTING_GLOBAL;NEEDED_GLOBAL
Global	Contract	Sales	Unit Sales Type	CodeUnitSalesTypeID	sCODE_UNIT_SALES_TYPE	No	No	Sales	Sales	CodeUnitSalesTypeID	Unit Sales Type	sales	CodeUnitSalesTypeID	TEXT	Foreign key (ID reference)	EXISTING_GLOBAL;NEEDED_GLOBAL
Global	Contract	Sales Exclusion	Begin Date	BeginDate	sTYPE_DATE	No	No	SalesExclusion								EXISTING_GLOBAL;NEEDED_GLOBAL
Global	Contract	Sales Exclusion	Cap Amount	CapAmount	sTYPE_MONEY	No	No	SalesExclusion								EXISTING_GLOBAL;NEEDED_GLOBAL
Global	Contract	Sales Exclusion	Cap Percent	CapPercent	sTYPE_PERCENTAGE	No	No	SalesExclusion								EXISTING_GLOBAL;NEEDED_GLOBAL
Global	Contract	Sales Exclusion	Contract	ContractID	sTYPE_CONTRACT	Yes	No	SalesExclusion								EXISTING_GLOBAL;NEEDED_GLOBAL
Global	Contract	Sales Exclusion	Created By	CreatedByID	sTYPE_MEMBER	No	No	SalesExclusion								EXISTING_GLOBAL;NEEDED_GLOBAL
Global	Contract	Sales Exclusion	Created Date	CreatedDate	sTYPE_TIME	No	No	SalesExclusion								EXISTING_GLOBAL;NEEDED_GLOBAL
Global	Contract	Sales Exclusion	Currency Type	CodeCurrencyTypeID	sCODE_CURRENCY_TYPE	No	No	SalesExclusion								EXISTING_GLOBAL;NEEDED_GLOBAL
Global	Contract	Sales Exclusion	End Date	EndDate	sTYPE_DATE	No	No	SalesExclusion								EXISTING_GLOBAL;NEEDED_GLOBAL
Global	Contract	Sales Exclusion	Exclusion ClientID	BOMapClientRecordID	sTYPE_TEXT	Yes	No	SalesExclusion								EXISTING_GLOBAL;NEEDED_GLOBAL
Global	Contract	Sales Exclusion	Exclusion Group Cap	ExclusionGroupCapID	sTYPE_SALES_EXCLUSION_CAP	No	No	SalesExclusion								EXISTING_GLOBAL;NEEDED_GLOBAL
Global	Contract	Sales Exclusion	Exclusion Rate	ExclusionRate	sTYPE_PERCENTAGE	No	No	SalesExclusion								EXISTING_GLOBAL;NEEDED_GLOBAL
Global	Contract	Sales Exclusion	Exclusion RecID	SalesExclusionID	sTYPE_UNFORMATTED_NUMBER	No	No	SalesExclusion								EXISTING_GLOBAL;NEEDED_GLOBAL
Global	Contract	Sales Exclusion	Modified By	ModifiedByID	sTYPE_MEMBER	No	No	SalesExclusion								EXISTING_GLOBAL;NEEDED_GLOBAL
Global	Contract	Sales Exclusion	Modified Date	ModifiedDate	sTYPE_TIME	No	No	SalesExclusion								EXISTING_GLOBAL;NEEDED_GLOBAL
Global	Contract	Sales Exclusion	Notes	Notes	sTYPE_TEXTAREA	No	No	SalesExclusion								EXISTING_GLOBAL;NEEDED_GLOBAL
Global	Contract	Sales Exclusion	Rev Number	RevNumber	sTYPE_UNFORMATTED_NUMBER	No	No	SalesExclusion								EXISTING_GLOBAL;NEEDED_GLOBAL
Global	Contract	Sales Exclusion	Sales Group	CodeSalesGroupID	sCODE_SALES_GROUP	No	No	SalesExclusion								EXISTING_GLOBAL;NEEDED_GLOBAL
Global	Contract	Sales Exclusion	Sales Type	CodeSalesTypeID	sCODE_SALES_TYPE	No	No	SalesExclusion								EXISTING_GLOBAL;NEEDED_GLOBAL
Global	Contract	Sales Exclusion Cap	Begin Date	BeginDate	sTYPE_DATE	No	No	SalesExclusionCap								EXISTING_GLOBAL;NEEDED_GLOBAL
Global	Contract	Sales Exclusion Cap	Cap Amount	CapAmount	sTYPE_MONEY	No	No	SalesExclusionCap								EXISTING_GLOBAL;NEEDED_GLOBAL
Global	Contract	Sales Exclusion Cap	Cap Percent	CapPercent	sTYPE_PERCENTAGE	No	No	SalesExclusionCap								EXISTING_GLOBAL;NEEDED_GLOBAL
Global	Contract	Sales Exclusion Cap	Contract	ContractID	sTYPE_CONTRACT	Yes	No	SalesExclusionCap								EXISTING_GLOBAL;NEEDED_GLOBAL
Global	Contract	Sales Exclusion Cap	Created By	CreatedByID	sTYPE_MEMBER	No	No	SalesExclusionCap								EXISTING_GLOBAL;NEEDED_GLOBAL
Global	Contract	Sales Exclusion Cap	Created Date	CreatedDate	sTYPE_TIME	No	No	SalesExclusionCap								EXISTING_GLOBAL;NEEDED_GLOBAL
Global	Contract	Sales Exclusion Cap	Currency Type	CodeCurrencyTypeID	sCODE_CURRENCY_TYPE	No	No	SalesExclusionCap								EXISTING_GLOBAL;NEEDED_GLOBAL
Global	Contract	Sales Exclusion Cap	End Date	EndDate	sTYPE_DATE	No	No	SalesExclusionCap								EXISTING_GLOBAL;NEEDED_GLOBAL
Global	Contract	Sales Exclusion Cap	Exclusion Cap	CodeExclusionCapID	sCODE_EXCLUSION_CAP	Yes	No	SalesExclusionCap								EXISTING_GLOBAL;NEEDED_GLOBAL
Global	Contract	Sales Exclusion Cap	Exclusion Cap ClientID	BOMapClientRecordID	sTYPE_TEXT	Yes	No	SalesExclusionCap								EXISTING_GLOBAL;NEEDED_GLOBAL
Global	Contract	Sales Exclusion Cap	Exclusion Cap RecID	SalesExclusionCapID	sTYPE_UNFORMATTED_NUMBER	No	No	SalesExclusionCap								EXISTING_GLOBAL;NEEDED_GLOBAL
Global	Contract	Sales Exclusion Cap	Modified By	ModifiedByID	sTYPE_MEMBER	No	No	SalesExclusionCap								EXISTING_GLOBAL;NEEDED_GLOBAL
Global	Contract	Sales Exclusion Cap	Modified Date	ModifiedDate	sTYPE_TIME	No	No	SalesExclusionCap								EXISTING_GLOBAL;NEEDED_GLOBAL
Global	Contract	Sales Exclusion Cap	Notes	Notes	sTYPE_TEXTAREA	No	No	SalesExclusionCap								EXISTING_GLOBAL;NEEDED_GLOBAL
Global	Contract	Sales Exclusion Cap	PRP Computed Cap Amount	PRPComputedCapAmount	sTYPE_NUMBER	No	No	SalesExclusionCap								EXISTING_GLOBAL;NEEDED_GLOBAL
Global	Contract	Sales Exclusion Cap	PRP Excess Excluded Amount	PRPExcessExcludedAmount	sTYPE_NUMBER	No	No	SalesExclusionCap								EXISTING_GLOBAL;NEEDED_GLOBAL
Global	Contract	Sales Exclusion Cap	PRP Gross Excluded Amount	PRPGrossExcludedAmount	sTYPE_NUMBER	No	No	SalesExclusionCap								EXISTING_GLOBAL;NEEDED_GLOBAL
Global	Contract	Sales Exclusion Cap	PRP Gross Sales Amount	PRPGrossSalesAmount	sTYPE_NUMBER	No	No	SalesExclusionCap								EXISTING_GLOBAL;NEEDED_GLOBAL
Global	Contract	Sales Exclusion Cap	PRP Net Excluded Amount	PRPNetExcludedAmount	sTYPE_NUMBER	No	No	SalesExclusionCap								EXISTING_GLOBAL;NEEDED_GLOBAL
Global	Contract	Sales Exclusion Cap	Rev Number	RevNumber	sTYPE_UNFORMATTED_NUMBER	No	No	SalesExclusionCap								EXISTING_GLOBAL;NEEDED_GLOBAL
Global	Contract	Sales Exclusion Cap	Sales Group	CodeSalesGroupID	sCODE_SALES_GROUP	No	No	SalesExclusionCap								EXISTING_GLOBAL;NEEDED_GLOBAL
Global	Contract	Sales Exclusion Cap	SP Excluded Amount	SPExcludedAmount	sTYPE_NUMBER	No	No	SalesExclusionCap								EXISTING_GLOBAL;NEEDED_GLOBAL
Global	Contract	Sales Period	Breakpoint Amount #1	PRPBreakpointAmount1	sTYPE_MONEY	No	No	VirtualSalesPeriod								EXISTING_GLOBAL;NEEDED_GLOBAL
Global	Contract	Sales Period	Breakpoint Amount #2	PRPBreakpointAmount2	sTYPE_MONEY	No	No	VirtualSalesPeriod								EXISTING_GLOBAL;NEEDED_GLOBAL
Global	Contract	Sales Period	Breakpoint Amount #3	PRPBreakpointAmount3	sTYPE_MONEY	No	No	VirtualSalesPeriod								EXISTING_GLOBAL;NEEDED_GLOBAL
Global	Contract	Sales Period	Breakpoint Amount #4	PRPBreakpointAmount4	sTYPE_MONEY	No	No	VirtualSalesPeriod								EXISTING_GLOBAL;NEEDED_GLOBAL
Global	Contract	Sales Period	Breakpoint Amount #5	PRPBreakpointAmount5	sTYPE_MONEY	No	No	VirtualSalesPeriod								EXISTING_GLOBAL;NEEDED_GLOBAL
Global	Contract	Sales Period	Breakpoint Amount #6	PRPBreakpointAmount6	sTYPE_MONEY	No	No	VirtualSalesPeriod								EXISTING_GLOBAL;NEEDED_GLOBAL
Global	Contract	Sales Period	Breakpoint Amount #7	PRPBreakpointAmount7	sTYPE_MONEY	No	No	VirtualSalesPeriod								EXISTING_GLOBAL;NEEDED_GLOBAL
Global	Contract	Sales Period	Breakpoint Amount #8	PRPBreakpointAmount8	sTYPE_MONEY	No	No	VirtualSalesPeriod								EXISTING_GLOBAL;NEEDED_GLOBAL
Global	Contract	Sales Period	Breakpoint Rate #1	PRPBreakpointRate1	sTYPE_PERCENTAGE	No	No	VirtualSalesPeriod								EXISTING_GLOBAL;NEEDED_GLOBAL
Global	Contract	Sales Period	Breakpoint Rate #2	PRPBreakpointRate2	sTYPE_PERCENTAGE	No	No	VirtualSalesPeriod								EXISTING_GLOBAL;NEEDED_GLOBAL
Global	Contract	Sales Period	Breakpoint Rate #3	PRPBreakpointRate3	sTYPE_PERCENTAGE	No	No	VirtualSalesPeriod								EXISTING_GLOBAL;NEEDED_GLOBAL
Global	Contract	Sales Period	Breakpoint Rate #4	PRPBreakpointRate4	sTYPE_PERCENTAGE	No	No	VirtualSalesPeriod								EXISTING_GLOBAL;NEEDED_GLOBAL
Global	Contract	Sales Period	Breakpoint Rate #5	PRPBreakpointRate5	sTYPE_PERCENTAGE	No	No	VirtualSalesPeriod								EXISTING_GLOBAL;NEEDED_GLOBAL
Global	Contract	Sales Period	Breakpoint Rate #6	PRPBreakpointRate6	sTYPE_PERCENTAGE	No	No	VirtualSalesPeriod								EXISTING_GLOBAL;NEEDED_GLOBAL
Global	Contract	Sales Period	Breakpoint Rate #7	PRPBreakpointRate7	sTYPE_PERCENTAGE	No	No	VirtualSalesPeriod								EXISTING_GLOBAL;NEEDED_GLOBAL
Global	Contract	Sales Period	Breakpoint Rate #8	PRPBreakpointRate8	sTYPE_PERCENTAGE	No	No	VirtualSalesPeriod								EXISTING_GLOBAL;NEEDED_GLOBAL
Global	Contract	Sales Period	Breakpoint Rent	PRPBreakpointRent	sTYPE_MONEY	No	No	VirtualSalesPeriod								EXISTING_GLOBAL;NEEDED_GLOBAL
Global	Contract	Sales Period	Calendar Month	SalesMonth	sTYPE_TEXT	No	No	VirtualSalesPeriod								EXISTING_GLOBAL;NEEDED_GLOBAL
Global	Contract	Sales Period	Calendar Month/Year	SalesMonthYearText	sTYPE_TEXT	No	No	VirtualSalesPeriod								EXISTING_GLOBAL;NEEDED_GLOBAL
Global	Contract	Sales Period	Calendar Month/Year Date	SalesMonthYearSort	sTYPE_MONTHS_YEAR	No	No	VirtualSalesPeriod								EXISTING_GLOBAL;NEEDED_GLOBAL
Global	Contract	Sales Period	Calendar Year	SalesYear	sTYPE_DROPDOWN_YEAR	No	No	VirtualSalesPeriod								EXISTING_GLOBAL;NEEDED_GLOBAL
Global	Contract	Sales Period	Cap / Floor Adjusted Rent	PRPCapFloorAdjustedRent	sTYPE_MONEY	No	No	VirtualSalesPeriod								EXISTING_GLOBAL;NEEDED_GLOBAL
Global	Contract	Sales Period	Contract	ContractID	sTYPE_CONTRACT	No	No	VirtualSalesPeriod								EXISTING_GLOBAL;NEEDED_GLOBAL
Global	Contract	Sales Period	Excluded Sales Amount	ExcludedSalesPeriodAmount	sTYPE_MONEY	No	No	VirtualSalesPeriod								EXISTING_GLOBAL;NEEDED_GLOBAL
Global	Contract	Sales Period	Excluded Sales Count	ExcludedSalesPeriodCount	sTYPE_NUMBER_FRACTION0DIGITS	No	No	VirtualSalesPeriod								EXISTING_GLOBAL;NEEDED_GLOBAL
Global	Contract	Sales Period	Fiscal Period Year	SalesPeriodSort	sTYPE_PERIOD_YEAR	No	No	VirtualSalesPeriod								EXISTING_GLOBAL;NEEDED_GLOBAL
Global	Contract	Sales Period	Gross Sales Amount	GrossSalesPeriodAmount	sTYPE_MONEY	No	No	VirtualSalesPeriod								EXISTING_GLOBAL;NEEDED_GLOBAL
Global	Contract	Sales Period	Gross Sales Count	GrossSalesPeriodCount	sTYPE_NUMBER_FRACTION0DIGITS	No	No	VirtualSalesPeriod								EXISTING_GLOBAL;NEEDED_GLOBAL
Global	Contract	Sales Period	Is Actual?	IsActual	sTYPE_BOOLEAN	No	No	VirtualSalesPeriod								EXISTING_GLOBAL;NEEDED_GLOBAL
Global	Contract	Sales Period	Matching Fiscal Period/Year	SalesPeriodText	sTYPE_TEXT	No	No	VirtualSalesPeriod								EXISTING_GLOBAL;NEEDED_GLOBAL
Global	Contract	Sales Period	Net Sales Amount	NetSalesPeriodAmount	sTYPE_MONEY	No	No	VirtualSalesPeriod								EXISTING_GLOBAL;NEEDED_GLOBAL
Global	Contract	Sales Period	Net Sales Count	NetSalesPeriodCount	sTYPE_NUMBER_FRACTION0DIGITS	No	No	VirtualSalesPeriod								EXISTING_GLOBAL;NEEDED_GLOBAL
Global	Contract	Sales Period	Period Rent Paid	SalesPeriodRentPaid	sTYPE_MONEY	No	No	VirtualSalesPeriod								EXISTING_GLOBAL;NEEDED_GLOBAL
Global	Contract	Sales Period	Rent Due #1	PRPBreakpointRentDue1	sTYPE_MONEY	No	No	VirtualSalesPeriod								EXISTING_GLOBAL;NEEDED_GLOBAL
Global	Contract	Sales Period	Rent Due #2	PRPBreakpointRentDue2	sTYPE_MONEY	No	No	VirtualSalesPeriod								EXISTING_GLOBAL;NEEDED_GLOBAL
Global	Contract	Sales Period	Rent Due #3	PRPBreakpointRentDue3	sTYPE_MONEY	No	No	VirtualSalesPeriod								EXISTING_GLOBAL;NEEDED_GLOBAL
Global	Contract	Sales Period	Rent Due #4	PRPBreakpointRentDue4	sTYPE_MONEY	No	No	VirtualSalesPeriod								EXISTING_GLOBAL;NEEDED_GLOBAL
Global	Contract	Sales Period	Rent Due #5	PRPBreakpointRentDue5	sTYPE_MONEY	No	No	VirtualSalesPeriod								EXISTING_GLOBAL;NEEDED_GLOBAL
Global	Contract	Sales Period	Rent Due #6	PRPBreakpointRentDue6	sTYPE_MONEY	No	No	VirtualSalesPeriod								EXISTING_GLOBAL;NEEDED_GLOBAL
Global	Contract	Sales Period	Rent Due #7	PRPBreakpointRentDue7	sTYPE_MONEY	No	No	VirtualSalesPeriod								EXISTING_GLOBAL;NEEDED_GLOBAL
Global	Contract	Sales Period	Rent Due #8	PRPBreakpointRentDue8	sTYPE_MONEY	No	No	VirtualSalesPeriod								EXISTING_GLOBAL;NEEDED_GLOBAL
Global	Contract	Sales Period	Rent Period Begin Date	BillingBucketBeginDate	sTYPE_DATE	No	No	VirtualSalesPeriod								EXISTING_GLOBAL;NEEDED_GLOBAL
Global	Contract	Sales Period	Rent Period Cap Amount	BillingBucketCapAmount	sTYPE_MONEY	No	No	VirtualSalesPeriod								EXISTING_GLOBAL;NEEDED_GLOBAL
Global	Contract	Sales Period	Rent Period End Date	BillingBucketEndDate	sTYPE_DATE	No	No	VirtualSalesPeriod								EXISTING_GLOBAL;NEEDED_GLOBAL
Global	Contract	Sales Period	Rent Period Floor Amount	BillingBucketFloorAmount	sTYPE_MONEY	No	No	VirtualSalesPeriod								EXISTING_GLOBAL;NEEDED_GLOBAL
Global	Contract	Sales Period	Rent Period Payment Due Date	BillingBucketDueDate	sTYPE_DATE	No	No	VirtualSalesPeriod								EXISTING_GLOBAL;NEEDED_GLOBAL
Global	Contract	Sales Period	Rent Period Sales Amount	PRPSalesAmount	sTYPE_MONEY	No	No	VirtualSalesPeriod								EXISTING_GLOBAL;NEEDED_GLOBAL
Global	Contract	Sales Period	Rent Period Sales Count	PRPSalesCount	sTYPE_NUMBER_FRACTION0DIGITS	No	No	VirtualSalesPeriod								EXISTING_GLOBAL;NEEDED_GLOBAL
Global	Contract	Sales Period	Reporting Period Begin Date	ReportingBucketBeginDate	sTYPE_DATE	No	No	VirtualSalesPeriod								EXISTING_GLOBAL;NEEDED_GLOBAL
Global	Contract	Sales Period	Reporting Period Due Date	ReportingBucketDueDate	sTYPE_DATE	No	No	VirtualSalesPeriod								EXISTING_GLOBAL;NEEDED_GLOBAL
Global	Contract	Sales Period	Reporting Period End Date	ReportingBucketEndDate	sTYPE_DATE	No	No	VirtualSalesPeriod								EXISTING_GLOBAL;NEEDED_GLOBAL
Global	Contract	Sales Period	Reporting Period Gross Sales Amount	ReportingBucketGrossSalesAmount	sTYPE_MONEY	No	No	VirtualSalesPeriod								EXISTING_GLOBAL;NEEDED_GLOBAL
Global	Contract	Sales Period	Reporting Period Net Sales Amount	ReportingBucketNetSalesAmount	sTYPE_MONEY	No	No	VirtualSalesPeriod								EXISTING_GLOBAL;NEEDED_GLOBAL
Global	Contract	Sales Period	Sales Group	CodeSalesGroupID	sCODE_SALES_GROUP	No	No	VirtualSalesPeriod								EXISTING_GLOBAL;NEEDED_GLOBAL
Global	Contract	Sales Period	Sales Past Breakpoint #1	PRPSalesPastBreakpoint1	sTYPE_MONEY	No	No	VirtualSalesPeriod								EXISTING_GLOBAL;NEEDED_GLOBAL
Global	Contract	Sales Period	Sales Past Breakpoint #2	PRPSalesPastBreakpoint2	sTYPE_MONEY	No	No	VirtualSalesPeriod								EXISTING_GLOBAL;NEEDED_GLOBAL
Global	Contract	Sales Period	Sales Past Breakpoint #3	PRPSalesPastBreakpoint3	sTYPE_MONEY	No	No	VirtualSalesPeriod								EXISTING_GLOBAL;NEEDED_GLOBAL
Global	Contract	Sales Period	Sales Past Breakpoint #4	PRPSalesPastBreakpoint4	sTYPE_MONEY	No	No	VirtualSalesPeriod								EXISTING_GLOBAL;NEEDED_GLOBAL
Global	Contract	Sales Period	Sales Past Breakpoint #5	PRPSalesPastBreakpoint5	sTYPE_MONEY	No	No	VirtualSalesPeriod								EXISTING_GLOBAL;NEEDED_GLOBAL
Global	Contract	Sales Period	Sales Past Breakpoint #6	PRPSalesPastBreakpoint6	sTYPE_MONEY	No	No	VirtualSalesPeriod								EXISTING_GLOBAL;NEEDED_GLOBAL
Global	Contract	Sales Period	Sales Past Breakpoint #7	PRPSalesPastBreakpoint7	sTYPE_MONEY	No	No	VirtualSalesPeriod								EXISTING_GLOBAL;NEEDED_GLOBAL
Global	Contract	Sales Period	Sales Past Breakpoint #8	PRPSalesPastBreakpoint8	sTYPE_MONEY	No	No	VirtualSalesPeriod								EXISTING_GLOBAL;NEEDED_GLOBAL
Global	Contract	Sales Period	Sales Period Begin Date	PeriodBeginDate	sTYPE_DATE	No	No	VirtualSalesPeriod								EXISTING_GLOBAL;NEEDED_GLOBAL
Global	Contract	Sales Period	Sales Period End Date	PeriodEndDate	sTYPE_DATE	No	No	VirtualSalesPeriod								EXISTING_GLOBAL;NEEDED_GLOBAL
Global	Contract	Sales Period	Total Rent	PRPTotalRent	sTYPE_MONEY	No	No	VirtualSalesPeriod								EXISTING_GLOBAL;NEEDED_GLOBAL
Global	Contract	Sales Period	Total Rent Due	PRPRentDue	sTYPE_MONEY	No	No	VirtualSalesPeriod								EXISTING_GLOBAL;NEEDED_GLOBAL
Global	Contract	Scheduled Offset Expense Types	Contract	ContractID	sTYPE_CONTRACT	Yes	No	LinkSchedOffsetExpGrpType								EXISTING_GLOBAL;NEEDED_GLOBAL
Global	Contract	Scheduled Offset Expense Types	Created By	CreatedByID	sTYPE_MEMBER	No	No	LinkSchedOffsetExpGrpType								EXISTING_GLOBAL;NEEDED_GLOBAL
Global	Contract	Scheduled Offset Expense Types	Created Date	CreatedDate	sTYPE_TIME	No	No	LinkSchedOffsetExpGrpType								EXISTING_GLOBAL;NEEDED_GLOBAL
Global	Contract	Scheduled Offset Expense Types	Expense Group	CodeExpenseGroupID	sCODE_EXPENSE_GROUP	No	No	LinkSchedOffsetExpGrpType								EXISTING_GLOBAL;NEEDED_GLOBAL
Global	Contract	Scheduled Offset Expense Types	Expense Type	CodeExpenseTypeID	sCODE_EXPENSE_TYPE	No	No	LinkSchedOffsetExpGrpType								EXISTING_GLOBAL;NEEDED_GLOBAL
Global	Contract	Scheduled Offset Expense Types	Modified By	ModifiedByID	sTYPE_MEMBER	No	No	LinkSchedOffsetExpGrpType								EXISTING_GLOBAL;NEEDED_GLOBAL
Global	Contract	Scheduled Offset Expense Types	Modified Date	ModifiedDate	sTYPE_TIME	No	No	LinkSchedOffsetExpGrpType								EXISTING_GLOBAL;NEEDED_GLOBAL
Global	Contract	Scheduled Offset Expense Types	Rev Number	RevNumber	sTYPE_UNFORMATTED_NUMBER	No	No	LinkSchedOffsetExpGrpType								EXISTING_GLOBAL;NEEDED_GLOBAL
Global	Contract	Scheduled Offset Expense Types	Scheduled Offset	ScheduledOffsetID	sTYPE_SCHEDULED_OFFSET	Yes	No	LinkSchedOffsetExpGrpType								EXISTING_GLOBAL;NEEDED_GLOBAL
Global	Contract	Scheduled Offset Expense Types	Scheduled Offset Expense Type ClientID	BOMapClientRecordID	sTYPE_TEXT	Yes	No	LinkSchedOffsetExpGrpType								EXISTING_GLOBAL;NEEDED_GLOBAL
Global	Contract	Scheduled Offset Expense Types	Scheduled Offset Expense Type RecID	LinkSchedOffsetExpGrpTypeID	sTYPE_UNFORMATTED_NUMBER	No	No	LinkSchedOffsetExpGrpType								EXISTING_GLOBAL;NEEDED_GLOBAL
Global	Contract	Scheduled Offsets	Amount Allocated	AmountAllocated	sTYPE_MONEY	No	No	ScheduledOffset								EXISTING_GLOBAL;NEEDED_GLOBAL
Global	Contract	Scheduled Offsets	Amount Not Allocated	AmountNotAllocated	sTYPE_MONEY	No	No	ScheduledOffset								EXISTING_GLOBAL;NEEDED_GLOBAL
Global	Contract	Scheduled Offsets	Begin Date	BeginDate	sTYPE_DATE	No	No	ScheduledOffset								EXISTING_GLOBAL;NEEDED_GLOBAL
Global	Contract	Scheduled Offsets	Cap Amount Per Month	CapAmountPerMonth	sTYPE_MONEY	No	No	ScheduledOffset								EXISTING_GLOBAL;NEEDED_GLOBAL
Global	Contract	Scheduled Offsets	Cap Percent	CapPercent	sTYPE_PERCENTAGE	No	No	ScheduledOffset								EXISTING_GLOBAL;NEEDED_GLOBAL
Global	Contract	Scheduled Offsets	Contract	ContractID	sTYPE_CONTRACT	Yes	No	ScheduledOffset								EXISTING_GLOBAL;NEEDED_GLOBAL
Global	Contract	Scheduled Offsets	Created By	CreatedByID	sTYPE_MEMBER	No	No	ScheduledOffset								EXISTING_GLOBAL;NEEDED_GLOBAL
Global	Contract	Scheduled Offsets	Created Date	CreatedDate	sTYPE_TIME	No	No	ScheduledOffset								EXISTING_GLOBAL;NEEDED_GLOBAL
Global	Contract	Scheduled Offsets	Currency Type	CodeCurrencyTypeID	sCODE_CURRENCY_TYPE	No	No	ScheduledOffset								EXISTING_GLOBAL;NEEDED_GLOBAL
Global	Contract	Scheduled Offsets	End Date	EndDate	sTYPE_DATE	No	No	ScheduledOffset								EXISTING_GLOBAL;NEEDED_GLOBAL
Global	Contract	Scheduled Offsets	Modified By	ModifiedByID	sTYPE_MEMBER	No	No	ScheduledOffset								EXISTING_GLOBAL;NEEDED_GLOBAL
Global	Contract	Scheduled Offsets	Modified Date	ModifiedDate	sTYPE_TIME	No	No	ScheduledOffset								EXISTING_GLOBAL;NEEDED_GLOBAL
Global	Contract	Scheduled Offsets	Notes	Notes	sTYPE_TEXTAREA	No	No	ScheduledOffset								EXISTING_GLOBAL;NEEDED_GLOBAL
Global	Contract	Scheduled Offsets	Rev Number	RevNumber	sTYPE_UNFORMATTED_NUMBER	No	No	ScheduledOffset								EXISTING_GLOBAL;NEEDED_GLOBAL
Global	Contract	Scheduled Offsets	Scheduled Offset ClientID	BOMapClientRecordID	sTYPE_TEXT	Yes	No	ScheduledOffset								EXISTING_GLOBAL;NEEDED_GLOBAL
Global	Contract	Scheduled Offsets	Scheduled Offset RecID	ScheduledOffsetID	sTYPE_UNFORMATTED_NUMBER	No	No	ScheduledOffset								EXISTING_GLOBAL;NEEDED_GLOBAL
Global	Contract	Scheduled Offsets	Total Amount	TotalAmount	sTYPE_MONEY	No	No	ScheduledOffset								EXISTING_GLOBAL;NEEDED_GLOBAL
Global	Contract	Scheduled Offsets	Vendor	VendorID	sTYPE_VENDOR	No	No	ScheduledOffset								EXISTING_GLOBAL;NEEDED_GLOBAL
Global	Contract	Security Deposit	Account Number	AccountNumber	sTYPE_TEXT	No	No	SecurityDeposit								EXISTING_GLOBAL;NEEDED_GLOBAL
Global	Contract	Security Deposit	Amendment	AmendmentID	sTYPE_CONTRACT_AMENDMENT	No	No	SecurityDeposit								EXISTING_GLOBAL;NEEDED_GLOBAL
Global	Contract	Security Deposit	Begin Date	BeginDate	sTYPE_DATE	No	No	SecurityDeposit								EXISTING_GLOBAL;NEEDED_GLOBAL
Global	Contract	Security Deposit	Contract	ContractID	sTYPE_CONTRACT	Yes	No	SecurityDeposit								EXISTING_GLOBAL;NEEDED_GLOBAL
Global	Contract	Security Deposit	Covenant	CovenantID	sTYPE_COVENANT	No	No	SecurityDeposit								EXISTING_GLOBAL;NEEDED_GLOBAL
Global	Contract	Security Deposit	Deposit Amount	DepositAmount	sTYPE_MONEY	No	No	SecurityDeposit								EXISTING_GLOBAL;NEEDED_GLOBAL
Global	Contract	Security Deposit	Deposit Currency	CodeCurrencyTypeID	sCODE_CURRENCY_TYPE	No	No	SecurityDeposit								EXISTING_GLOBAL;NEEDED_GLOBAL
Global	Contract	Security Deposit	End Date	EndDate	sTYPE_DATE	No	No	SecurityDeposit								EXISTING_GLOBAL;NEEDED_GLOBAL
Global	Contract	Security Deposit	Guarantee Type	CodeGuaranteeTypeID	sCODE_GUARANTEE_TYPE	No	No	SecurityDeposit								EXISTING_GLOBAL;NEEDED_GLOBAL
Global	Contract	Security Deposit	Interest Bearing?	InterestBearingFlag	sTYPE_CHECKBOX	No	No	SecurityDeposit								EXISTING_GLOBAL;NEEDED_GLOBAL
Global	Contract	Security Deposit	Interest Rate	InterestRate	sTYPE_PERCENTAGE	No	No	SecurityDeposit								EXISTING_GLOBAL;NEEDED_GLOBAL
Global	Contract	Security Deposit	Modified By	ModifiedByID	sTYPE_MEMBER	No	No	SecurityDeposit								EXISTING_GLOBAL;NEEDED_GLOBAL
Global	Contract	Security Deposit	Modified Date	ModifiedDate	sTYPE_TIME	No	No	SecurityDeposit								EXISTING_GLOBAL;NEEDED_GLOBAL
Global	Contract	Security Deposit	Notes	Notes	sTYPE_TEXTAREA	No	No	SecurityDeposit								EXISTING_GLOBAL;NEEDED_GLOBAL
Global	Contract	Security Deposit	Party	PartyID	sTYPE_EMPLOYER	No	No	SecurityDeposit								EXISTING_GLOBAL;NEEDED_GLOBAL
Global	Contract	Security Deposit	Required?	RequiredFlag	sTYPE_CHECKBOX	No	No	SecurityDeposit								EXISTING_GLOBAL;NEEDED_GLOBAL
Global	Contract	Security Deposit	Return Deposit Currency	CodePayBackCurrencyTypeID	sCODE_CURRENCY_TYPE	No	No	SecurityDeposit								EXISTING_GLOBAL;NEEDED_GLOBAL
Global	Contract	Security Deposit	Section	Section	sTYPE_TEXT	No	No	SecurityDeposit								EXISTING_GLOBAL;NEEDED_GLOBAL
Global	Contract	Security Deposit	Security Deposit ClientID	BOMapClientRecordID	sTYPE_TEXT	Yes	No	SecurityDeposit								EXISTING_GLOBAL;NEEDED_GLOBAL
Global	Contract	Security Deposit	Security Deposit Group	CodeSecurityDepositGroupID	sCODE_SECURITY_DEPOSIT_GROUP	No	No	SecurityDeposit								EXISTING_GLOBAL;NEEDED_GLOBAL
Global	Contract	Security Deposit	Security Deposit RecID	SecurityDepositID	sTYPE_UNFORMATTED_NUMBER	No	No	SecurityDeposit								EXISTING_GLOBAL;NEEDED_GLOBAL
Global	Contract	Security Deposit	Security Deposit Status	CodeSecurityDepositStatusID	sCODE_SECURITY_DEPOSIT_STATUS	No	No	SecurityDeposit								EXISTING_GLOBAL;NEEDED_GLOBAL
Global	Contract	Security Deposit	Security Deposit Type	CodeSecurityDepositTypeID	sCODE_SECURITY_DEPOSIT_TYPE	No	No	SecurityDeposit								EXISTING_GLOBAL;NEEDED_GLOBAL
Global	Contract	Security Deposit	Separate Account?	SeparateAccountFlag	sTYPE_CHECKBOX	No	No	SecurityDeposit								EXISTING_GLOBAL;NEEDED_GLOBAL
Global	Contract	SL Schedule Type	Don't Amortize Asset Value	DontAmortizeAssetValue	sTYPE_BOOLEAN	No	No	CodeSLSchedule								EXISTING_GLOBAL;NEEDED_GLOBAL
Global	Contract	SL Schedule Type	Export Account #1	ExportAcct1Number	sTYPE_TEXT	No	No	CodeSLSchedule								EXISTING_GLOBAL;NEEDED_GLOBAL
Global	Contract	SL Schedule Type	Export Account #10	ExportAcct10Number	sTYPE_TEXT	No	No	CodeSLSchedule								EXISTING_GLOBAL;NEEDED_GLOBAL
Global	Contract	SL Schedule Type	Export Account #11	ExportAcct11Number	sTYPE_TEXT	No	No	CodeSLSchedule								EXISTING_GLOBAL;NEEDED_GLOBAL
Global	Contract	SL Schedule Type	Export Account #12	ExportAcct12Number	sTYPE_TEXT	No	No	CodeSLSchedule								EXISTING_GLOBAL;NEEDED_GLOBAL
Global	Contract	SL Schedule Type	Export Account #13	ExportAcct13Number	sTYPE_TEXT	No	No	CodeSLSchedule								EXISTING_GLOBAL;NEEDED_GLOBAL
Global	Contract	SL Schedule Type	Export Account #14	ExportAcct14Number	sTYPE_TEXT	No	No	CodeSLSchedule								EXISTING_GLOBAL;NEEDED_GLOBAL
Global	Contract	SL Schedule Type	Export Account #15	ExportAcct15Number	sTYPE_TEXT	No	No	CodeSLSchedule								EXISTING_GLOBAL;NEEDED_GLOBAL
Global	Contract	SL Schedule Type	Export Account #16	ExportAcct16Number	sTYPE_TEXT	No	No	CodeSLSchedule								EXISTING_GLOBAL;NEEDED_GLOBAL
Global	Contract	SL Schedule Type	Export Account #17	ExportAcct17Number	sTYPE_TEXT	No	No	CodeSLSchedule								EXISTING_GLOBAL;NEEDED_GLOBAL
Global	Contract	SL Schedule Type	Export Account #18	ExportAcct18Number	sTYPE_TEXT	No	No	CodeSLSchedule								EXISTING_GLOBAL;NEEDED_GLOBAL
Global	Contract	SL Schedule Type	Export Account #19	ExportAcct19Number	sTYPE_TEXT	No	No	CodeSLSchedule								EXISTING_GLOBAL;NEEDED_GLOBAL
Global	Contract	SL Schedule Type	Export Account #2	ExportAcct2Number	sTYPE_TEXT	No	No	CodeSLSchedule								EXISTING_GLOBAL;NEEDED_GLOBAL
Global	Contract	SL Schedule Type	Export Account #20	ExportAcct20Number	sTYPE_TEXT	No	No	CodeSLSchedule								EXISTING_GLOBAL;NEEDED_GLOBAL
Global	Contract	SL Schedule Type	Export Account #3	ExportAcct3Number	sTYPE_TEXT	No	No	CodeSLSchedule								EXISTING_GLOBAL;NEEDED_GLOBAL
Global	Contract	SL Schedule Type	Export Account #4	ExportAcct4Number	sTYPE_TEXT	No	No	CodeSLSchedule								EXISTING_GLOBAL;NEEDED_GLOBAL
Global	Contract	SL Schedule Type	Export Account #5	ExportAcct5Number	sTYPE_TEXT	No	No	CodeSLSchedule								EXISTING_GLOBAL;NEEDED_GLOBAL
Global	Contract	SL Schedule Type	Export Account #6	ExportAcct6Number	sTYPE_TEXT	No	No	CodeSLSchedule								EXISTING_GLOBAL;NEEDED_GLOBAL
Global	Contract	SL Schedule Type	Export Account #7	ExportAcct7Number	sTYPE_TEXT	No	No	CodeSLSchedule								EXISTING_GLOBAL;NEEDED_GLOBAL
Global	Contract	SL Schedule Type	Export Account #8	ExportAcct8Number	sTYPE_TEXT	No	No	CodeSLSchedule								EXISTING_GLOBAL;NEEDED_GLOBAL
Global	Contract	SL Schedule Type	Export Account #9	ExportAcct9Number	sTYPE_TEXT	No	No	CodeSLSchedule								EXISTING_GLOBAL;NEEDED_GLOBAL
Global	Contract	Statement Audit - Approved (Gross)	Approved Additions	ApprovedAdditionsGross	sTYPE_MONEY	No	No	ExpenseRecovery								EXISTING_GLOBAL;NEEDED_GLOBAL
Global	Contract	Statement Audit - Approved (Gross)	Approved Admin Fee Percentage Amount	ApprovedAdminFeePercentageAmountGross	sTYPE_MONEY_MATH_OPERATION	No	No	ExpenseRecovery								EXISTING_GLOBAL;NEEDED_GLOBAL
Global	Contract	Statement Audit - Approved (Gross)	Approved Administration Fees	ApprovedAdministrationFeesGross	sTYPE_MONEY	No	No	ExpenseRecovery								EXISTING_GLOBAL;NEEDED_GLOBAL
Global	Contract	Statement Audit - Approved (Gross)	Approved Controllable Expenses	ApprovedControllableExpensesGross	sTYPE_MONEY	No	No	ExpenseRecovery								EXISTING_GLOBAL;NEEDED_GLOBAL
Global	Contract	Statement Audit - Approved (Gross)	Approved Deductions	ApprovedDeductionsGross	sTYPE_MONEY	No	No	ExpenseRecovery								EXISTING_GLOBAL;NEEDED_GLOBAL
Global	Contract	Statement Audit - Approved (Gross)	Approved Net Amount Due (NPT-PP)	ApprovedNetAmountDueGross	sTYPE_MONEY_MATH_OPERATION	No	No	ExpenseRecovery								EXISTING_GLOBAL;NEEDED_GLOBAL
Global	Contract	Statement Audit - Approved (Gross)	Approved Net Pass-Through (ST2*PRS*Occ)	ApprovedNetPassThroughGross	sTYPE_MONEY_MATH_OPERATION	No	No	ExpenseRecovery								EXISTING_GLOBAL;NEEDED_GLOBAL
Global	Contract	Statement Audit - Approved (Gross)	Approved Net Pass-Through (ST2*PRS*Occ) Duplicate	ApprovedNetPassThroughCOREFirmOnlyGross	sTYPE_MONEY_MATH_OPERATION	No	No	ExpenseRecovery								EXISTING_GLOBAL;NEEDED_GLOBAL
Global	Contract	Statement Audit - Approved (Gross)	Approved Non-Controllable Expenses	ApprovedNonControllableExpensesGross	sTYPE_MONEY	No	No	ExpenseRecovery								EXISTING_GLOBAL;NEEDED_GLOBAL
Global	Contract	Statement Audit - Approved (Gross)	Approved Pass-Through (ST1+AF%+AF+A)	ApprovedPassThroughGross	sTYPE_MONEY_MATH_OPERATION	No	No	ExpenseRecovery								EXISTING_GLOBAL;NEEDED_GLOBAL
Global	Contract	Statement Audit - Approved (Gross)	Approved Recoveries	ApprovedRecoveriesGross	sTYPE_MONEY	No	No	ExpenseRecovery								EXISTING_GLOBAL;NEEDED_GLOBAL
Global	Contract	Statement Audit - Approved (Gross)	Approved Revised Amount Due (Net+Adj)	ApprovedRevisedNetAmountDueGross	sTYPE_MONEY_MATH_OPERATION	No	No	ExpenseRecovery								EXISTING_GLOBAL;NEEDED_GLOBAL
Global	Contract	Statement Audit - Approved (Gross)	Approved Sub Total #1 (C+NC-D)	ApprovedSubTotal1Gross	sTYPE_MONEY_MATH_OPERATION	No	No	ExpenseRecovery								EXISTING_GLOBAL;NEEDED_GLOBAL
Global	Contract	Statement Audit - Approved (Gross)	Approved Sub Total #2 (PT-R)	ApprovedSubTotal2Gross	sTYPE_MONEY_MATH_OPERATION	No	No	ExpenseRecovery								EXISTING_GLOBAL;NEEDED_GLOBAL
Global	Contract	Statement Audit - Approved (Gross/Net)	Approved Adjustment Amount	ApprovedAdjustmentAmount	sTYPE_MONEY	No	No	ExpenseRecovery								EXISTING_GLOBAL;NEEDED_GLOBAL
Global	Contract	Statement Audit - Approved (Gross/Net)	Approved Admin Fee Percentage	ApprovedAdminFeePercentage	sTYPE_PERCENTAGE	No	No	ExpenseRecovery								EXISTING_GLOBAL;NEEDED_GLOBAL
Global	Contract	Statement Audit - Approved (Gross/Net)	Approved Cap Amount	ApprovedCapAmountNoZeroDef	sTYPE_MONEY	No	No	ExpenseRecovery								EXISTING_GLOBAL;NEEDED_GLOBAL
Global	Contract	Statement Audit - Approved (Gross/Net)	Approved GLA	ApprovedGLA	sTYPE_AREA	No	No	ExpenseRecovery								EXISTING_GLOBAL;NEEDED_GLOBAL
Global	Contract	Statement Audit - Approved (Gross/Net)	Approved Pre Paid Amount	ApprovedPrePaidAmount	sTYPE_MONEY	No	No	ExpenseRecovery								EXISTING_GLOBAL;NEEDED_GLOBAL
Global	Contract	Statement Audit - Approved (Gross/Net)	Approved Pro Rata Share Rate	ApprovedProRataShareRate	sTYPE_PERCENTAGE	No	No	ExpenseRecovery								EXISTING_GLOBAL;NEEDED_GLOBAL
Global	Contract	Statement Audit - Approved (Gross/Net)	Approved Rentable Area	ApprovedRentableArea	sTYPE_AREA	No	No	ExpenseRecovery								EXISTING_GLOBAL;NEEDED_GLOBAL
Global	Contract	Statement Audit - Approved (Net)	Approved Additions	ApprovedAdditionsNet	sTYPE_MONEY	No	No	ExpenseRecovery								EXISTING_GLOBAL;NEEDED_GLOBAL
Global	Contract	Statement Audit - Approved (Net)	Approved Admin Fee Percentage Amount	ApprovedAdminFeePercentageAmountNet	sTYPE_MONEY_MATH_OPERATION	No	No	ExpenseRecovery								EXISTING_GLOBAL;NEEDED_GLOBAL
Global	Contract	Statement Audit - Approved (Net)	Approved Administration Fees	ApprovedAdministrationFeesNet	sTYPE_MONEY	No	No	ExpenseRecovery								EXISTING_GLOBAL;NEEDED_GLOBAL
Global	Contract	Statement Audit - Approved (Net)	Approved Controllable Expenses	ApprovedControllableExpensesNet	sTYPE_MONEY	No	No	ExpenseRecovery								EXISTING_GLOBAL;NEEDED_GLOBAL
Global	Contract	Statement Audit - Approved (Net)	Approved Deductions	ApprovedDeductionsNet	sTYPE_MONEY	No	No	ExpenseRecovery								EXISTING_GLOBAL;NEEDED_GLOBAL
Global	Contract	Statement Audit - Approved (Net)	Approved Net Amount Due (NPT-PP)	ApprovedNetAmountDueNet	sTYPE_MONEY_MATH_OPERATION	No	No	ExpenseRecovery								EXISTING_GLOBAL;NEEDED_GLOBAL
Global	Contract	Statement Audit - Approved (Net)	Approved Net Pass-Through (ST2*PRS*Occ)	ApprovedNetPassThroughNet	sTYPE_MONEY_MATH_OPERATION	No	No	ExpenseRecovery								EXISTING_GLOBAL;NEEDED_GLOBAL
Global	Contract	Statement Audit - Approved (Net)	Approved Net Pass-Through (ST2*PRS*Occ) Duplicate	ApprovedNetPassThroughCOREFirmOnlyNet	sTYPE_MONEY_MATH_OPERATION	No	No	ExpenseRecovery								EXISTING_GLOBAL;NEEDED_GLOBAL
Global	Contract	Statement Audit - Approved (Net)	Approved Non-Controllable Expenses	ApprovedNonControllableExpensesNet	sTYPE_MONEY	No	No	ExpenseRecovery								EXISTING_GLOBAL;NEEDED_GLOBAL
Global	Contract	Statement Audit - Approved (Net)	Approved Pass-Through (ST1+AF%+AF+A)	ApprovedPassThroughNet	sTYPE_MONEY_MATH_OPERATION	No	No	ExpenseRecovery								EXISTING_GLOBAL;NEEDED_GLOBAL
Global	Contract	Statement Audit - Approved (Net)	Approved Recoveries	ApprovedRecoveriesNet	sTYPE_MONEY	No	No	ExpenseRecovery								EXISTING_GLOBAL;NEEDED_GLOBAL
Global	Contract	Statement Audit - Approved (Net)	Approved Revised Amount Due (Net+Adj)	ApprovedRevisedNetAmountDueNet	sTYPE_MONEY_MATH_OPERATION	No	No	ExpenseRecovery								EXISTING_GLOBAL;NEEDED_GLOBAL
Global	Contract	Statement Audit - Approved (Net)	Approved Sub Total #1 (C+NC-D)	ApprovedSubTotal1Net	sTYPE_MONEY_MATH_OPERATION	No	No	ExpenseRecovery								EXISTING_GLOBAL;NEEDED_GLOBAL
Global	Contract	Statement Audit - Approved (Net)	Approved Sub Total #2 (PT-R)	ApprovedSubTotal2Net	sTYPE_MONEY_MATH_OPERATION	No	No	ExpenseRecovery								EXISTING_GLOBAL;NEEDED_GLOBAL
Global	Contract	Statement Audit - Approved-Budgeted Variance (Gross)	A-B Variance - Additions	ABVarianceAdditionsGross	sTYPE_MONEY_MATH_OPERATION	No	No	ExpenseRecovery								EXISTING_GLOBAL;NEEDED_GLOBAL
Global	Contract	Statement Audit - Approved-Budgeted Variance (Gross)	A-B Variance - Admin Fee Percentage	ABVarianceAdminFeePercentageGross	sTYPE_PERCENT_MATH_OPERATION	No	No	ExpenseRecovery								EXISTING_GLOBAL;NEEDED_GLOBAL
Global	Contract	Statement Audit - Approved-Budgeted Variance (Gross)	A-B Variance - Admin Fee Percentage Amount	ABVarianceAdminFeePercentageAmountGross	sTYPE_MONEY_MATH_OPERATION	No	No	ExpenseRecovery								EXISTING_GLOBAL;NEEDED_GLOBAL
Global	Contract	Statement Audit - Approved-Budgeted Variance (Gross)	A-B Variance - Administration Fees	ABVarianceAdministrationFeesGross	sTYPE_MONEY_MATH_OPERATION	No	No	ExpenseRecovery								EXISTING_GLOBAL;NEEDED_GLOBAL
Global	Contract	Statement Audit - Approved-Budgeted Variance (Gross)	A-B Variance - Cap Amount	ABVarianceCapAmountGross	sTYPE_MONEY_MATH_OPERATION	No	No	ExpenseRecovery								EXISTING_GLOBAL;NEEDED_GLOBAL
Global	Contract	Statement Audit - Approved-Budgeted Variance (Gross)	A-B Variance - Controllable Expenses	ABVarianceControllableExpensesGross	sTYPE_MONEY_MATH_OPERATION	No	No	ExpenseRecovery								EXISTING_GLOBAL;NEEDED_GLOBAL
Global	Contract	Statement Audit - Approved-Budgeted Variance (Gross)	A-B Variance - Deductions	ABVarianceDeductionsGross	sTYPE_MONEY_MATH_OPERATION	No	No	ExpenseRecovery								EXISTING_GLOBAL;NEEDED_GLOBAL
Global	Contract	Statement Audit - Approved-Budgeted Variance (Gross)	A-B Variance - GLA	ABVarianceGLAGross	sTYPE_MATH_OPERATION	No	No	ExpenseRecovery								EXISTING_GLOBAL;NEEDED_GLOBAL
Global	Contract	Statement Audit - Approved-Budgeted Variance (Gross)	A-B Variance - Net Amount Due (NPT-PP)	ABVarianceNetAmountDueGross	sTYPE_MONEY_MATH_OPERATION	No	No	ExpenseRecovery								EXISTING_GLOBAL;NEEDED_GLOBAL
Global	Contract	Statement Audit - Approved-Budgeted Variance (Gross)	A-B Variance - Net Pass-Through (ST2*PRR)	ABVarianceNetPassThroughGross	sTYPE_MONEY_MATH_OPERATION	No	No	ExpenseRecovery								EXISTING_GLOBAL;NEEDED_GLOBAL
Global	Contract	Statement Audit - Approved-Budgeted Variance (Gross)	A-B Variance - Non-Controllable Expenses	ABVarianceNonControllableExpensesGross	sTYPE_MONEY_MATH_OPERATION	No	No	ExpenseRecovery								EXISTING_GLOBAL;NEEDED_GLOBAL
Global	Contract	Statement Audit - Approved-Budgeted Variance (Gross)	A-B Variance - Pass-Through (ST1+AF%+AF+A)	ABVariancePassThroughGross	sTYPE_MONEY_MATH_OPERATION	No	No	ExpenseRecovery								EXISTING_GLOBAL;NEEDED_GLOBAL
Global	Contract	Statement Audit - Approved-Budgeted Variance (Gross)	A-B Variance - Pre Paid Amount	ABVariancePrePaidAmountGross	sTYPE_MONEY_MATH_OPERATION	No	No	ExpenseRecovery								EXISTING_GLOBAL;NEEDED_GLOBAL
Global	Contract	Statement Audit - Approved-Budgeted Variance (Gross)	A-B Variance - Pro Rata Share Rate	ABVarianceProRataShareRateGross	sTYPE_PERCENT_MATH_OPERATION	No	No	ExpenseRecovery								EXISTING_GLOBAL;NEEDED_GLOBAL
Global	Contract	Statement Audit - Approved-Budgeted Variance (Gross)	A-B Variance - Recoveries	ABVarianceRecoveriesGross	sTYPE_MONEY_MATH_OPERATION	No	No	ExpenseRecovery								EXISTING_GLOBAL;NEEDED_GLOBAL
Global	Contract	Statement Audit - Approved-Budgeted Variance (Gross)	A-B Variance - Rentable Area	ABVarianceRentableAreaGross	sTYPE_MATH_OPERATION	No	No	ExpenseRecovery								EXISTING_GLOBAL;NEEDED_GLOBAL
Global	Contract	Statement Audit - Approved-Budgeted Variance (Gross)	A-B Variance - Sub Total #1 (C+NC-D)	ABVarianceSubTotal1Gross	sTYPE_MONEY_MATH_OPERATION	No	No	ExpenseRecovery								EXISTING_GLOBAL;NEEDED_GLOBAL
Global	Contract	Statement Audit - Approved-Budgeted Variance (Gross)	A-B Variance - Sub Total #2 (PT-R)	ABVarianceSubTotal2Gross	sTYPE_MONEY_MATH_OPERATION	No	No	ExpenseRecovery								EXISTING_GLOBAL;NEEDED_GLOBAL
Global	Contract	Statement Audit - Approved-Budgeted Variance (Net)	A-B Variance - Additions	ABVarianceAdditionsNet	sTYPE_MONEY_MATH_OPERATION	No	No	ExpenseRecovery								EXISTING_GLOBAL;NEEDED_GLOBAL
Global	Contract	Statement Audit - Approved-Budgeted Variance (Net)	A-B Variance - Admin Fee Percentage	ABVarianceAdminFeePercentageNet	sTYPE_PERCENT_MATH_OPERATION	No	No	ExpenseRecovery								EXISTING_GLOBAL;NEEDED_GLOBAL
Global	Contract	Statement Audit - Approved-Budgeted Variance (Net)	A-B Variance - Admin Fee Percentage Amount	ABVarianceAdminFeePercentageAmountNet	sTYPE_MONEY_MATH_OPERATION	No	No	ExpenseRecovery								EXISTING_GLOBAL;NEEDED_GLOBAL
Global	Contract	Statement Audit - Approved-Budgeted Variance (Net)	A-B Variance - Administration Fees	ABVarianceAdministrationFeesNet	sTYPE_MONEY_MATH_OPERATION	No	No	ExpenseRecovery								EXISTING_GLOBAL;NEEDED_GLOBAL
Global	Contract	Statement Audit - Approved-Budgeted Variance (Net)	A-B Variance - Cap Amount	ABVarianceCapAmountNet	sTYPE_MONEY_MATH_OPERATION	No	No	ExpenseRecovery								EXISTING_GLOBAL;NEEDED_GLOBAL
Global	Contract	Statement Audit - Approved-Budgeted Variance (Net)	A-B Variance - Controllable Expenses	ABVarianceControllableExpensesNet	sTYPE_MONEY_MATH_OPERATION	No	No	ExpenseRecovery								EXISTING_GLOBAL;NEEDED_GLOBAL
Global	Contract	Statement Audit - Approved-Budgeted Variance (Net)	A-B Variance - Deductions	ABVarianceDeductionsNet	sTYPE_MONEY_MATH_OPERATION	No	No	ExpenseRecovery								EXISTING_GLOBAL;NEEDED_GLOBAL
Global	Contract	Statement Audit - Approved-Budgeted Variance (Net)	A-B Variance - GLA	ABVarianceGLANet	sTYPE_MATH_OPERATION	No	No	ExpenseRecovery								EXISTING_GLOBAL;NEEDED_GLOBAL
Global	Contract	Statement Audit - Approved-Budgeted Variance (Net)	A-B Variance - Net Amount Due (NPT-PP)	ABVarianceNetAmountDueNet	sTYPE_MONEY_MATH_OPERATION	No	No	ExpenseRecovery								EXISTING_GLOBAL;NEEDED_GLOBAL
Global	Contract	Statement Audit - Approved-Budgeted Variance (Net)	A-B Variance - Net Pass-Through (ST2*PRR)	ABVarianceNetPassThroughNet	sTYPE_MONEY_MATH_OPERATION	No	No	ExpenseRecovery								EXISTING_GLOBAL;NEEDED_GLOBAL
Global	Contract	Statement Audit - Approved-Budgeted Variance (Net)	A-B Variance - Non-Controllable Expenses	ABVarianceNonControllableExpensesNet	sTYPE_MONEY_MATH_OPERATION	No	No	ExpenseRecovery								EXISTING_GLOBAL;NEEDED_GLOBAL
Global	Contract	Statement Audit - Approved-Budgeted Variance (Net)	A-B Variance - Pass-Through (ST1+AF%+AF+A)	ABVariancePassThroughNet	sTYPE_MONEY_MATH_OPERATION	No	No	ExpenseRecovery								EXISTING_GLOBAL;NEEDED_GLOBAL
Global	Contract	Statement Audit - Approved-Budgeted Variance (Net)	A-B Variance - Pre Paid Amount	ABVariancePrePaidAmountNet	sTYPE_MONEY_MATH_OPERATION	No	No	ExpenseRecovery								EXISTING_GLOBAL;NEEDED_GLOBAL
Global	Contract	Statement Audit - Approved-Budgeted Variance (Net)	A-B Variance - Pro Rata Share Rate	ABVarianceProRataShareRateNet	sTYPE_PERCENT_MATH_OPERATION	No	No	ExpenseRecovery								EXISTING_GLOBAL;NEEDED_GLOBAL
Global	Contract	Statement Audit - Approved-Budgeted Variance (Net)	A-B Variance - Recoveries	ABVarianceRecoveriesNet	sTYPE_MONEY_MATH_OPERATION	No	No	ExpenseRecovery								EXISTING_GLOBAL;NEEDED_GLOBAL
Global	Contract	Statement Audit - Approved-Budgeted Variance (Net)	A-B Variance - Rentable Area	ABVarianceRentableAreaNet	sTYPE_MATH_OPERATION	No	No	ExpenseRecovery								EXISTING_GLOBAL;NEEDED_GLOBAL
Global	Contract	Statement Audit - Approved-Budgeted Variance (Net)	A-B Variance - Sub Total #1 (C+NC-D)	ABVarianceSubTotal1Net	sTYPE_MONEY_MATH_OPERATION	No	No	ExpenseRecovery								EXISTING_GLOBAL;NEEDED_GLOBAL
Global	Contract	Statement Audit - Approved-Budgeted Variance (Net)	A-B Variance - Sub Total #2 (PT-R)	ABVarianceSubTotal2Net	sTYPE_MONEY_MATH_OPERATION	No	No	ExpenseRecovery								EXISTING_GLOBAL;NEEDED_GLOBAL
Global	Contract	Statement Audit - Approved-Prior Variance % (Gross)	A-P Variance % - Additions	APVariancePctAdditionsGross	sTYPE_PERCENT_MATH_OPERATION	No	No	ExpenseRecovery								EXISTING_GLOBAL;NEEDED_GLOBAL
Global	Contract	Statement Audit - Approved-Prior Variance % (Gross)	A-P Variance % - Admin Fee Percentage	APVariancePctAdminFeePercentageGross	sTYPE_PERCENT_MATH_OPERATION	No	No	ExpenseRecovery								EXISTING_GLOBAL;NEEDED_GLOBAL
Global	Contract	Statement Audit - Approved-Prior Variance % (Gross)	A-P Variance % - Admin Fee Percentage Amount	APVariancePctAdminFeePercentageAmountGross	sTYPE_PERCENT_MATH_OPERATION	No	No	ExpenseRecovery								EXISTING_GLOBAL;NEEDED_GLOBAL
Global	Contract	Statement Audit - Approved-Prior Variance % (Gross)	A-P Variance % - Administration Fees	APVariancePctAdministrationFeesGross	sTYPE_PERCENT_MATH_OPERATION	No	No	ExpenseRecovery								EXISTING_GLOBAL;NEEDED_GLOBAL
Global	Contract	Statement Audit - Approved-Prior Variance % (Gross)	A-P Variance % - Cap Amount	APVariancePctCapAmountGross	sTYPE_PERCENT_MATH_OPERATION	No	No	ExpenseRecovery								EXISTING_GLOBAL;NEEDED_GLOBAL
Global	Contract	Statement Audit - Approved-Prior Variance % (Gross)	A-P Variance % - Controllable Expenses	APVariancePctControllableExpensesGross	sTYPE_PERCENT_MATH_OPERATION	No	No	ExpenseRecovery								EXISTING_GLOBAL;NEEDED_GLOBAL
Global	Contract	Statement Audit - Approved-Prior Variance % (Gross)	A-P Variance % - Deductions	APVariancePctDeductionsGross	sTYPE_PERCENT_MATH_OPERATION	No	No	ExpenseRecovery								EXISTING_GLOBAL;NEEDED_GLOBAL
Global	Contract	Statement Audit - Approved-Prior Variance % (Gross)	A-P Variance % - GLA	APVariancePctGLAGross	sTYPE_PERCENT_MATH_OPERATION	No	No	ExpenseRecovery								EXISTING_GLOBAL;NEEDED_GLOBAL
Global	Contract	Statement Audit - Approved-Prior Variance % (Gross)	A-P Variance % - Net Amount Due (NPT-PP)	APVariancePctNetAmountDueGross	sTYPE_PERCENT_MATH_OPERATION	No	No	ExpenseRecovery								EXISTING_GLOBAL;NEEDED_GLOBAL
Global	Contract	Statement Audit - Approved-Prior Variance % (Gross)	A-P Variance % - Net Pass-Through (ST2*PRR)	APVariancePctNetPassThroughGross	sTYPE_PERCENT_MATH_OPERATION	No	No	ExpenseRecovery								EXISTING_GLOBAL;NEEDED_GLOBAL
Global	Contract	Statement Audit - Approved-Prior Variance % (Gross)	A-P Variance % - Non-Controllable Expenses	APVariancePctNonControllableExpensesGross	sTYPE_PERCENT_MATH_OPERATION	No	No	ExpenseRecovery								EXISTING_GLOBAL;NEEDED_GLOBAL
Global	Contract	Statement Audit - Approved-Prior Variance % (Gross)	A-P Variance % - Pass-Through (ST1+AF%+AF+A)	APVariancePctPassThroughGross	sTYPE_PERCENT_MATH_OPERATION	No	No	ExpenseRecovery								EXISTING_GLOBAL;NEEDED_GLOBAL
Global	Contract	Statement Audit - Approved-Prior Variance % (Gross)	A-P Variance % - Pre Paid Amount	APVariancePctPrePaidAmountGross	sTYPE_PERCENT_MATH_OPERATION	No	No	ExpenseRecovery								EXISTING_GLOBAL;NEEDED_GLOBAL
Global	Contract	Statement Audit - Approved-Prior Variance % (Gross)	A-P Variance % - Pro Rata Share Rate	APVariancePctProRataShareRateGross	sTYPE_PERCENT_MATH_OPERATION	No	No	ExpenseRecovery								EXISTING_GLOBAL;NEEDED_GLOBAL
Global	Contract	Statement Audit - Approved-Prior Variance % (Gross)	A-P Variance % - Recoveries	APVariancePctRecoveriesGross	sTYPE_PERCENT_MATH_OPERATION	No	No	ExpenseRecovery								EXISTING_GLOBAL;NEEDED_GLOBAL
Global	Contract	Statement Audit - Approved-Prior Variance % (Gross)	A-P Variance % - Rentable Area	APVariancePctRentableAreaGross	sTYPE_PERCENT_MATH_OPERATION	No	No	ExpenseRecovery								EXISTING_GLOBAL;NEEDED_GLOBAL
Global	Contract	Statement Audit - Approved-Prior Variance % (Gross)	A-P Variance % - Sub Total #1 (C+NC-D)	APVariancePctSubTotal1Gross	sTYPE_PERCENT_MATH_OPERATION	No	No	ExpenseRecovery								EXISTING_GLOBAL;NEEDED_GLOBAL
Global	Contract	Statement Audit - Approved-Prior Variance % (Gross)	A-P Variance % - Sub Total #2 (PT-R)	APVariancePctSubTotal2Gross	sTYPE_MONEY_MATH_OPERATION	No	No	ExpenseRecovery								EXISTING_GLOBAL;NEEDED_GLOBAL
Global	Contract	Statement Audit - Approved-Prior Variance % (Net)	A-P Variance % - Additions	APVariancePctAdditionsNet	sTYPE_PERCENT_MATH_OPERATION	No	No	ExpenseRecovery								EXISTING_GLOBAL;NEEDED_GLOBAL
Global	Contract	Statement Audit - Approved-Prior Variance % (Net)	A-P Variance % - Admin Fee Percentage	APVariancePctAdminFeePercentageNet	sTYPE_PERCENT_MATH_OPERATION	No	No	ExpenseRecovery								EXISTING_GLOBAL;NEEDED_GLOBAL
Global	Contract	Statement Audit - Approved-Prior Variance % (Net)	A-P Variance % - Admin Fee Percentage Amount	APVariancePctAdminFeePercentageAmountNet	sTYPE_PERCENT_MATH_OPERATION	No	No	ExpenseRecovery								EXISTING_GLOBAL;NEEDED_GLOBAL
Global	Contract	Statement Audit - Approved-Prior Variance % (Net)	A-P Variance % - Administration Fees	APVariancePctAdministrationFeesNet	sTYPE_PERCENT_MATH_OPERATION	No	No	ExpenseRecovery								EXISTING_GLOBAL;NEEDED_GLOBAL
Global	Contract	Statement Audit - Approved-Prior Variance % (Net)	A-P Variance % - Cap Amount	APVariancePctCapAmountNet	sTYPE_PERCENT_MATH_OPERATION	No	No	ExpenseRecovery								EXISTING_GLOBAL;NEEDED_GLOBAL
Global	Contract	Statement Audit - Approved-Prior Variance % (Net)	A-P Variance % - Controllable Expenses	APVariancePctControllableExpensesNet	sTYPE_PERCENT_MATH_OPERATION	No	No	ExpenseRecovery								EXISTING_GLOBAL;NEEDED_GLOBAL
Global	Contract	Statement Audit - Approved-Prior Variance % (Net)	A-P Variance % - Deductions	APVariancePctDeductionsNet	sTYPE_PERCENT_MATH_OPERATION	No	No	ExpenseRecovery								EXISTING_GLOBAL;NEEDED_GLOBAL
Global	Contract	Statement Audit - Approved-Prior Variance % (Net)	A-P Variance % - GLA	APVariancePctGLANet	sTYPE_PERCENT_MATH_OPERATION	No	No	ExpenseRecovery								EXISTING_GLOBAL;NEEDED_GLOBAL
Global	Contract	Statement Audit - Approved-Prior Variance % (Net)	A-P Variance % - Net Amount Due (NPT-PP)	APVariancePctNetAmountDueNet	sTYPE_PERCENT_MATH_OPERATION	No	No	ExpenseRecovery								EXISTING_GLOBAL;NEEDED_GLOBAL
Global	Contract	Statement Audit - Approved-Prior Variance % (Net)	A-P Variance % - Net Pass-Through (ST2*PRR)	APVariancePctNetPassThroughNet	sTYPE_PERCENT_MATH_OPERATION	No	No	ExpenseRecovery								EXISTING_GLOBAL;NEEDED_GLOBAL
Global	Contract	Statement Audit - Approved-Prior Variance % (Net)	A-P Variance % - Non-Controllable Expenses	APVariancePctNonControllableExpensesNet	sTYPE_PERCENT_MATH_OPERATION	No	No	ExpenseRecovery								EXISTING_GLOBAL;NEEDED_GLOBAL
Global	Contract	Statement Audit - Approved-Prior Variance % (Net)	A-P Variance % - Pass-Through (ST1+AF%+AF+A)	APVariancePctPassThroughNet	sTYPE_PERCENT_MATH_OPERATION	No	No	ExpenseRecovery								EXISTING_GLOBAL;NEEDED_GLOBAL
Global	Contract	Statement Audit - Approved-Prior Variance % (Net)	A-P Variance % - Pre Paid Amount	APVariancePctPrePaidAmountNet	sTYPE_PERCENT_MATH_OPERATION	No	No	ExpenseRecovery								EXISTING_GLOBAL;NEEDED_GLOBAL
Global	Contract	Statement Audit - Approved-Prior Variance % (Net)	A-P Variance % - Pro Rata Share Rate	APVariancePctProRataShareRateNet	sTYPE_PERCENT_MATH_OPERATION	No	No	ExpenseRecovery								EXISTING_GLOBAL;NEEDED_GLOBAL
Global	Contract	Statement Audit - Approved-Prior Variance % (Net)	A-P Variance % - Recoveries	APVariancePctRecoveriesNet	sTYPE_PERCENT_MATH_OPERATION	No	No	ExpenseRecovery								EXISTING_GLOBAL;NEEDED_GLOBAL
Global	Contract	Statement Audit - Approved-Prior Variance % (Net)	A-P Variance % - Rentable Area	APVariancePctRentableAreaNet	sTYPE_PERCENT_MATH_OPERATION	No	No	ExpenseRecovery								EXISTING_GLOBAL;NEEDED_GLOBAL
Global	Contract	Statement Audit - Approved-Prior Variance % (Net)	A-P Variance % - Sub Total #1 (C+NC-D)	APVariancePctSubTotal1Net	sTYPE_PERCENT_MATH_OPERATION	No	No	ExpenseRecovery								EXISTING_GLOBAL;NEEDED_GLOBAL
Global	Contract	Statement Audit - Approved-Prior Variance % (Net)	A-P Variance % - Sub Total #2 (PT-R)	APVariancePctSubTotal2Net	sTYPE_MONEY_MATH_OPERATION	No	No	ExpenseRecovery								EXISTING_GLOBAL;NEEDED_GLOBAL
Global	Contract	Statement Audit - Approved-Prior Variance (Gross)	A-P Variance - Additions	APVarianceAdditionsGross	sTYPE_MONEY_MATH_OPERATION	No	No	ExpenseRecovery								EXISTING_GLOBAL;NEEDED_GLOBAL
Global	Contract	Statement Audit - Approved-Prior Variance (Gross)	A-P Variance - Admin Fee Percentage	APVarianceAdminFeePercentageGross	sTYPE_PERCENT_MATH_OPERATION	No	No	ExpenseRecovery								EXISTING_GLOBAL;NEEDED_GLOBAL
Global	Contract	Statement Audit - Approved-Prior Variance (Gross)	A-P Variance - Admin Fee Percentage Amount	APVarianceAdminFeePercentageAmountGross	sTYPE_MONEY_MATH_OPERATION	No	No	ExpenseRecovery								EXISTING_GLOBAL;NEEDED_GLOBAL
Global	Contract	Statement Audit - Approved-Prior Variance (Gross)	A-P Variance - Administration Fees	APVarianceAdministrationFeesGross	sTYPE_MONEY_MATH_OPERATION	No	No	ExpenseRecovery								EXISTING_GLOBAL;NEEDED_GLOBAL
Global	Contract	Statement Audit - Approved-Prior Variance (Gross)	A-P Variance - Cap Amount	APVarianceCapAmountGross	sTYPE_MONEY_MATH_OPERATION	No	No	ExpenseRecovery								EXISTING_GLOBAL;NEEDED_GLOBAL
Global	Contract	Statement Audit - Approved-Prior Variance (Gross)	A-P Variance - Controllable Expenses	APVarianceControllableExpensesGross	sTYPE_MONEY_MATH_OPERATION	No	No	ExpenseRecovery								EXISTING_GLOBAL;NEEDED_GLOBAL
Global	Contract	Statement Audit - Approved-Prior Variance (Gross)	A-P Variance - Deductions	APVarianceDeductionsGross	sTYPE_MONEY_MATH_OPERATION	No	No	ExpenseRecovery								EXISTING_GLOBAL;NEEDED_GLOBAL
Global	Contract	Statement Audit - Approved-Prior Variance (Gross)	A-P Variance - GLA	APVarianceGLAGross	sTYPE_MATH_OPERATION	No	No	ExpenseRecovery								EXISTING_GLOBAL;NEEDED_GLOBAL
Global	Contract	Statement Audit - Approved-Prior Variance (Gross)	A-P Variance - Net Amount Due (NPT-PP)	APVarianceNetAmountDueGross	sTYPE_MONEY_MATH_OPERATION	No	No	ExpenseRecovery								EXISTING_GLOBAL;NEEDED_GLOBAL
Global	Contract	Statement Audit - Approved-Prior Variance (Gross)	A-P Variance - Net Pass-Through (ST2*PRR)	APVarianceNetPassThroughGross	sTYPE_MONEY_MATH_OPERATION	No	No	ExpenseRecovery								EXISTING_GLOBAL;NEEDED_GLOBAL
Global	Contract	Statement Audit - Approved-Prior Variance (Gross)	A-P Variance - Non-Controllable Expenses	APVarianceNonControllableExpensesGross	sTYPE_MONEY_MATH_OPERATION	No	No	ExpenseRecovery								EXISTING_GLOBAL;NEEDED_GLOBAL
Global	Contract	Statement Audit - Approved-Prior Variance (Gross)	A-P Variance - Pass-Through (ST1+AF%+AF+A)	APVariancePassThroughGross	sTYPE_MONEY_MATH_OPERATION	No	No	ExpenseRecovery								EXISTING_GLOBAL;NEEDED_GLOBAL
Global	Contract	Statement Audit - Approved-Prior Variance (Gross)	A-P Variance - Pre Paid Amount	APVariancePrePaidAmountGross	sTYPE_MONEY_MATH_OPERATION	No	No	ExpenseRecovery								EXISTING_GLOBAL;NEEDED_GLOBAL
Global	Contract	Statement Audit - Approved-Prior Variance (Gross)	A-P Variance - Pro Rata Share Rate	APVarianceProRataShareRateGross	sTYPE_PERCENT_MATH_OPERATION	No	No	ExpenseRecovery								EXISTING_GLOBAL;NEEDED_GLOBAL
Global	Contract	Statement Audit - Approved-Prior Variance (Gross)	A-P Variance - Recoveries	APVarianceRecoveriesGross	sTYPE_MONEY_MATH_OPERATION	No	No	ExpenseRecovery								EXISTING_GLOBAL;NEEDED_GLOBAL
Global	Contract	Statement Audit - Approved-Prior Variance (Gross)	A-P Variance - Rentable Area	APVarianceRentableAreaGross	sTYPE_MATH_OPERATION	No	No	ExpenseRecovery								EXISTING_GLOBAL;NEEDED_GLOBAL
Global	Contract	Statement Audit - Approved-Prior Variance (Gross)	A-P Variance - Sub Total #1 (C+NC-D)	APVarianceSubTotal1Gross	sTYPE_MONEY_MATH_OPERATION	No	No	ExpenseRecovery								EXISTING_GLOBAL;NEEDED_GLOBAL
Global	Contract	Statement Audit - Approved-Prior Variance (Gross)	A-P Variance - Sub Total #2 (PT-R)	APVarianceSubTotal2Gross	sTYPE_MONEY_MATH_OPERATION	No	No	ExpenseRecovery								EXISTING_GLOBAL;NEEDED_GLOBAL
Global	Contract	Statement Audit - Approved-Prior Variance (Net)	A-P Variance - Additions	APVarianceAdditionsNet	sTYPE_MONEY_MATH_OPERATION	No	No	ExpenseRecovery								EXISTING_GLOBAL;NEEDED_GLOBAL
Global	Contract	Statement Audit - Approved-Prior Variance (Net)	A-P Variance - Admin Fee Percentage	APVarianceAdminFeePercentageNet	sTYPE_PERCENT_MATH_OPERATION	No	No	ExpenseRecovery								EXISTING_GLOBAL;NEEDED_GLOBAL
Global	Contract	Statement Audit - Approved-Prior Variance (Net)	A-P Variance - Admin Fee Percentage Amount	APVarianceAdminFeePercentageAmountNet	sTYPE_MONEY_MATH_OPERATION	No	No	ExpenseRecovery								EXISTING_GLOBAL;NEEDED_GLOBAL
Global	Contract	Statement Audit - Approved-Prior Variance (Net)	A-P Variance - Administration Fees	APVarianceAdministrationFeesNet	sTYPE_MONEY_MATH_OPERATION	No	No	ExpenseRecovery								EXISTING_GLOBAL;NEEDED_GLOBAL
Global	Contract	Statement Audit - Approved-Prior Variance (Net)	A-P Variance - Cap Amount	APVarianceCapAmountNet	sTYPE_MONEY_MATH_OPERATION	No	No	ExpenseRecovery								EXISTING_GLOBAL;NEEDED_GLOBAL
Global	Contract	Statement Audit - Approved-Prior Variance (Net)	A-P Variance - Controllable Expenses	APVarianceControllableExpensesNet	sTYPE_MONEY_MATH_OPERATION	No	No	ExpenseRecovery								EXISTING_GLOBAL;NEEDED_GLOBAL
Global	Contract	Statement Audit - Approved-Prior Variance (Net)	A-P Variance - Deductions	APVarianceDeductionsNet	sTYPE_MONEY_MATH_OPERATION	No	No	ExpenseRecovery								EXISTING_GLOBAL;NEEDED_GLOBAL
Global	Contract	Statement Audit - Approved-Prior Variance (Net)	A-P Variance - GLA	APVarianceGLANet	sTYPE_MATH_OPERATION	No	No	ExpenseRecovery								EXISTING_GLOBAL;NEEDED_GLOBAL
Global	Contract	Statement Audit - Approved-Prior Variance (Net)	A-P Variance - Net Amount Due (NPT-PP)	APVarianceNetAmountDueNet	sTYPE_MONEY_MATH_OPERATION	No	No	ExpenseRecovery								EXISTING_GLOBAL;NEEDED_GLOBAL
Global	Contract	Statement Audit - Approved-Prior Variance (Net)	A-P Variance - Net Pass-Through (ST2*PRR)	APVarianceNetPassThroughNet	sTYPE_MONEY_MATH_OPERATION	No	No	ExpenseRecovery								EXISTING_GLOBAL;NEEDED_GLOBAL
Global	Contract	Statement Audit - Approved-Prior Variance (Net)	A-P Variance - Non-Controllable Expenses	APVarianceNonControllableExpensesNet	sTYPE_MONEY_MATH_OPERATION	No	No	ExpenseRecovery								EXISTING_GLOBAL;NEEDED_GLOBAL
Global	Contract	Statement Audit - Approved-Prior Variance (Net)	A-P Variance - Pass-Through (ST1+AF%+AF+A)	APVariancePassThroughNet	sTYPE_MONEY_MATH_OPERATION	No	No	ExpenseRecovery								EXISTING_GLOBAL;NEEDED_GLOBAL
Global	Contract	Statement Audit - Approved-Prior Variance (Net)	A-P Variance - Pre Paid Amount	APVariancePrePaidAmountNet	sTYPE_MONEY_MATH_OPERATION	No	No	ExpenseRecovery								EXISTING_GLOBAL;NEEDED_GLOBAL
Global	Contract	Statement Audit - Approved-Prior Variance (Net)	A-P Variance - Pro Rata Share Rate	APVarianceProRataShareRateNet	sTYPE_PERCENT_MATH_OPERATION	No	No	ExpenseRecovery								EXISTING_GLOBAL;NEEDED_GLOBAL
Global	Contract	Statement Audit - Approved-Prior Variance (Net)	A-P Variance - Recoveries	APVarianceRecoveriesNet	sTYPE_MONEY_MATH_OPERATION	No	No	ExpenseRecovery								EXISTING_GLOBAL;NEEDED_GLOBAL
Global	Contract	Statement Audit - Approved-Prior Variance (Net)	A-P Variance - Rentable Area	APVarianceRentableAreaNet	sTYPE_MATH_OPERATION	No	No	ExpenseRecovery								EXISTING_GLOBAL;NEEDED_GLOBAL
Global	Contract	Statement Audit - Approved-Prior Variance (Net)	A-P Variance - Sub Total #1 (C+NC-D)	APVarianceSubTotal1Net	sTYPE_MONEY_MATH_OPERATION	No	No	ExpenseRecovery								EXISTING_GLOBAL;NEEDED_GLOBAL
Global	Contract	Statement Audit - Approved-Prior Variance (Net)	A-P Variance - Sub Total #2 (PT-R)	APVarianceSubTotal2Net	sTYPE_MONEY_MATH_OPERATION	No	No	ExpenseRecovery								EXISTING_GLOBAL;NEEDED_GLOBAL
Global	Contract	Statement Audit - Budgeted (Gross)	Budgeted Additions	BudgetedAdditionsGross	sTYPE_MONEY	No	No	ExpenseRecovery								EXISTING_GLOBAL;NEEDED_GLOBAL
Global	Contract	Statement Audit - Budgeted (Gross)	Budgeted Admin Fee Percentage Amount	BudgetedAdminFeePercentageAmountGross	sTYPE_MONEY_MATH_OPERATION	No	No	ExpenseRecovery								EXISTING_GLOBAL;NEEDED_GLOBAL
Global	Contract	Statement Audit - Budgeted (Gross)	Budgeted Administration Fees	BudgetedAdministrationFeesGross	sTYPE_MONEY	No	No	ExpenseRecovery								EXISTING_GLOBAL;NEEDED_GLOBAL
Global	Contract	Statement Audit - Budgeted (Gross)	Budgeted Controllable Expenses	BudgetedControllableExpensesGross	sTYPE_MONEY	No	No	ExpenseRecovery								EXISTING_GLOBAL;NEEDED_GLOBAL
Global	Contract	Statement Audit - Budgeted (Gross)	Budgeted Deductions	BudgetedDeductionsGross	sTYPE_MONEY	No	No	ExpenseRecovery								EXISTING_GLOBAL;NEEDED_GLOBAL
Global	Contract	Statement Audit - Budgeted (Gross)	Budgeted Net Amount Due (NPT-PP)	BudgetedNetAmountDueGross	sTYPE_MONEY_MATH_OPERATION	No	No	ExpenseRecovery								EXISTING_GLOBAL;NEEDED_GLOBAL
Global	Contract	Statement Audit - Budgeted (Gross)	Budgeted Net Pass-Through (ST2*PRR)	BudgetedNetPassThroughGross	sTYPE_MONEY_MATH_OPERATION	No	No	ExpenseRecovery								EXISTING_GLOBAL;NEEDED_GLOBAL
Global	Contract	Statement Audit - Budgeted (Gross)	Budgeted Non-Controllable Expenses	BudgetedNonControllableExpensesGross	sTYPE_MONEY	No	No	ExpenseRecovery								EXISTING_GLOBAL;NEEDED_GLOBAL
Global	Contract	Statement Audit - Budgeted (Gross)	Budgeted Pass-Through (ST1+AF%+AF+A)	BudgetedPassThroughGross	sTYPE_MONEY_MATH_OPERATION	No	No	ExpenseRecovery								EXISTING_GLOBAL;NEEDED_GLOBAL
Global	Contract	Statement Audit - Budgeted (Gross)	Budgeted Recoveries	BudgetedRecoveriesGross	sTYPE_MONEY	No	No	ExpenseRecovery								EXISTING_GLOBAL;NEEDED_GLOBAL
Global	Contract	Statement Audit - Budgeted (Gross)	Budgeted Sub Total #1 (C+NC-D)	BudgetedSubTotal1Gross	sTYPE_MONEY_MATH_OPERATION	No	No	ExpenseRecovery								EXISTING_GLOBAL;NEEDED_GLOBAL
Global	Contract	Statement Audit - Budgeted (Gross)	Budgeted Sub Total #2 (PT-R)	BudgetedSubTotal2Gross	sTYPE_MONEY_MATH_OPERATION	No	No	ExpenseRecovery								EXISTING_GLOBAL;NEEDED_GLOBAL
Global	Contract	Statement Audit - Budgeted (Gross/Net)	Budgeted Admin Fee Percentage	BudgetedAdminFeePercentage	sTYPE_PERCENTAGE	No	No	ExpenseRecovery								EXISTING_GLOBAL;NEEDED_GLOBAL
Global	Contract	Statement Audit - Budgeted (Gross/Net)	Budgeted Cap Amount	BudgetedCapAmountNoZeroDef	sTYPE_MONEY	No	No	ExpenseRecovery								EXISTING_GLOBAL;NEEDED_GLOBAL
Global	Contract	Statement Audit - Budgeted (Gross/Net)	Budgeted GLA	BudgetedGLA	sTYPE_AREA	No	No	ExpenseRecovery								EXISTING_GLOBAL;NEEDED_GLOBAL
Global	Contract	Statement Audit - Budgeted (Gross/Net)	Budgeted Pre Paid Amount	BudgetedPrePaidAmount	sTYPE_MONEY	No	No	ExpenseRecovery								EXISTING_GLOBAL;NEEDED_GLOBAL
Global	Contract	Statement Audit - Budgeted (Gross/Net)	Budgeted Pro Rata Share Rate	BudgetedProRataShareRate	sTYPE_PERCENTAGE	No	No	ExpenseRecovery								EXISTING_GLOBAL;NEEDED_GLOBAL
Global	Contract	Statement Audit - Budgeted (Gross/Net)	Budgeted Rentable Area	BudgetedRentableArea	sTYPE_AREA	No	No	ExpenseRecovery								EXISTING_GLOBAL;NEEDED_GLOBAL
Global	Contract	Statement Audit - Budgeted (Net)	Budgeted Additions	BudgetedAdditionsNet	sTYPE_MONEY	No	No	ExpenseRecovery								EXISTING_GLOBAL;NEEDED_GLOBAL
Global	Contract	Statement Audit - Budgeted (Net)	Budgeted Admin Fee Percentage Amount	BudgetedAdminFeePercentageAmountNet	sTYPE_MONEY_MATH_OPERATION	No	No	ExpenseRecovery								EXISTING_GLOBAL;NEEDED_GLOBAL
Global	Contract	Statement Audit - Budgeted (Net)	Budgeted Administration Fees	BudgetedAdministrationFeesNet	sTYPE_MONEY	No	No	ExpenseRecovery								EXISTING_GLOBAL;NEEDED_GLOBAL
Global	Contract	Statement Audit - Budgeted (Net)	Budgeted Controllable Expenses	BudgetedControllableExpensesNet	sTYPE_MONEY	No	No	ExpenseRecovery								EXISTING_GLOBAL;NEEDED_GLOBAL
Global	Contract	Statement Audit - Budgeted (Net)	Budgeted Deductions	BudgetedDeductionsNet	sTYPE_MONEY	No	No	ExpenseRecovery								EXISTING_GLOBAL;NEEDED_GLOBAL
Global	Contract	Statement Audit - Budgeted (Net)	Budgeted Net Amount Due (NPT-PP)	BudgetedNetAmountDueNet	sTYPE_MONEY_MATH_OPERATION	No	No	ExpenseRecovery								EXISTING_GLOBAL;NEEDED_GLOBAL
Global	Contract	Statement Audit - Budgeted (Net)	Budgeted Net Pass-Through (ST2*PRR)	BudgetedNetPassThroughNet	sTYPE_MONEY_MATH_OPERATION	No	No	ExpenseRecovery								EXISTING_GLOBAL;NEEDED_GLOBAL
Global	Contract	Statement Audit - Budgeted (Net)	Budgeted Non-Controllable Expenses	BudgetedNonControllableExpensesNet	sTYPE_MONEY	No	No	ExpenseRecovery								EXISTING_GLOBAL;NEEDED_GLOBAL
Global	Contract	Statement Audit - Budgeted (Net)	Budgeted Pass-Through (ST1+AF%+AF+A)	BudgetedPassThroughNet	sTYPE_MONEY_MATH_OPERATION	No	No	ExpenseRecovery								EXISTING_GLOBAL;NEEDED_GLOBAL
Global	Contract	Statement Audit - Budgeted (Net)	Budgeted Recoveries	BudgetedRecoveriesNet	sTYPE_MONEY	No	No	ExpenseRecovery								EXISTING_GLOBAL;NEEDED_GLOBAL
Global	Contract	Statement Audit - Budgeted (Net)	Budgeted Sub Total #1 (C+NC-D)	BudgetedSubTotal1Net	sTYPE_MONEY_MATH_OPERATION	No	No	ExpenseRecovery								EXISTING_GLOBAL;NEEDED_GLOBAL
Global	Contract	Statement Audit - Budgeted (Net)	Budgeted Sub Total #2 (PT-R)	BudgetedSubTotal2Net	sTYPE_MONEY_MATH_OPERATION	No	No	ExpenseRecovery								EXISTING_GLOBAL;NEEDED_GLOBAL
Global	Contract	Statement Audit - Budgeted-Prior Variance % (Gross)	B-P Variance % - Additions	BPVariancePctAdditionsGross	sTYPE_PERCENT_MATH_OPERATION	No	No	ExpenseRecovery								EXISTING_GLOBAL;NEEDED_GLOBAL
Global	Contract	Statement Audit - Budgeted-Prior Variance % (Gross)	B-P Variance % - Admin Fee Percentage Amount	BPVariancePctAdminFeePercentageAmountGross	sTYPE_PERCENT_MATH_OPERATION	No	No	ExpenseRecovery								EXISTING_GLOBAL;NEEDED_GLOBAL
Global	Contract	Statement Audit - Budgeted-Prior Variance % (Gross)	B-P Variance % - Administration Fees	BPVariancePctAdministrationFeesGross	sTYPE_PERCENT_MATH_OPERATION	No	No	ExpenseRecovery								EXISTING_GLOBAL;NEEDED_GLOBAL
Global	Contract	Statement Audit - Budgeted-Prior Variance % (Gross)	B-P Variance % - Cap Amount	BPVariancePctCapAmountGross	sTYPE_PERCENT_MATH_OPERATION	No	No	ExpenseRecovery								EXISTING_GLOBAL;NEEDED_GLOBAL
Global	Contract	Statement Audit - Budgeted-Prior Variance % (Gross)	B-P Variance % - Controllable Expenses	BPVariancePctControllableExpensesGross	sTYPE_PERCENT_MATH_OPERATION	No	No	ExpenseRecovery								EXISTING_GLOBAL;NEEDED_GLOBAL
Global	Contract	Statement Audit - Budgeted-Prior Variance % (Gross)	B-P Variance % - Deductions	BPVariancePctDeductionsGross	sTYPE_PERCENT_MATH_OPERATION	No	No	ExpenseRecovery								EXISTING_GLOBAL;NEEDED_GLOBAL
Global	Contract	Statement Audit - Budgeted-Prior Variance % (Gross)	B-P Variance % - GLA	BPVariancePctGLAGross	sTYPE_PERCENT_MATH_OPERATION	No	No	ExpenseRecovery								EXISTING_GLOBAL;NEEDED_GLOBAL
Global	Contract	Statement Audit - Budgeted-Prior Variance % (Gross)	B-P Variance % - Net Amount Due (NPT-PP)	BPVariancePctNetAmountDueGross	sTYPE_PERCENT_MATH_OPERATION	No	No	ExpenseRecovery								EXISTING_GLOBAL;NEEDED_GLOBAL
Global	Contract	Statement Audit - Budgeted-Prior Variance % (Gross)	B-P Variance % - Net Pass-Through (ST2*PRR)	BPVariancePctNetPassThroughGross	sTYPE_PERCENT_MATH_OPERATION	No	No	ExpenseRecovery								EXISTING_GLOBAL;NEEDED_GLOBAL
Global	Contract	Statement Audit - Budgeted-Prior Variance % (Gross)	B-P Variance % - Non-Controllable Expenses	BPVariancePctNonControllableExpensesGross	sTYPE_PERCENT_MATH_OPERATION	No	No	ExpenseRecovery								EXISTING_GLOBAL;NEEDED_GLOBAL
Global	Contract	Statement Audit - Budgeted-Prior Variance % (Gross)	B-P Variance % - Pass-Through (ST1+AF%+AF+A)	BPVariancePctPassThroughGross	sTYPE_PERCENT_MATH_OPERATION	No	No	ExpenseRecovery								EXISTING_GLOBAL;NEEDED_GLOBAL
Global	Contract	Statement Audit - Budgeted-Prior Variance % (Gross)	B-P Variance % - Pre Paid Amount	BPVariancePctPrePaidAmountGross	sTYPE_PERCENT_MATH_OPERATION	No	No	ExpenseRecovery								EXISTING_GLOBAL;NEEDED_GLOBAL
Global	Contract	Statement Audit - Budgeted-Prior Variance % (Gross)	B-P Variance % - Pro Rata Share Rate	BPVariancePctProRataShareRateGross	sTYPE_PERCENT_MATH_OPERATION	No	No	ExpenseRecovery								EXISTING_GLOBAL;NEEDED_GLOBAL
Global	Contract	Statement Audit - Budgeted-Prior Variance % (Gross)	B-P Variance % - Recoveries	BPVariancePctRecoveriesGross	sTYPE_PERCENT_MATH_OPERATION	No	No	ExpenseRecovery								EXISTING_GLOBAL;NEEDED_GLOBAL
Global	Contract	Statement Audit - Budgeted-Prior Variance % (Gross)	B-P Variance % - Rentable Area	BPVariancePctRentableAreaGross	sTYPE_PERCENT_MATH_OPERATION	No	No	ExpenseRecovery								EXISTING_GLOBAL;NEEDED_GLOBAL
Global	Contract	Statement Audit - Budgeted-Prior Variance % (Gross)	B-P Variance % - Sub Total #1 (C+NC-D)	BPVariancePctSubTotal1Gross	sTYPE_PERCENT_MATH_OPERATION	No	No	ExpenseRecovery								EXISTING_GLOBAL;NEEDED_GLOBAL
Global	Contract	Statement Audit - Budgeted-Prior Variance % (Gross)	B-P Variance % - Sub Total #2 (PT-R)	BPVariancePctSubTotal2Gross	sTYPE_PERCENT_MATH_OPERATION	No	No	ExpenseRecovery								EXISTING_GLOBAL;NEEDED_GLOBAL
Global	Contract	Statement Audit - Budgeted-Prior Variance % (Gross)	B-P Variance% - Admin Fee Percentage	BPVariancePctAdminFeePercentageGross	sTYPE_PERCENT_MATH_OPERATION	No	No	ExpenseRecovery								
Global	Contract	Statement Audit - Budgeted-Prior Variance % (Net)	B-P Variance % - Additions	BPVariancePctAdditionsNet	sTYPE_PERCENT_MATH_OPERATION	No	No	ExpenseRecovery								EXISTING_GLOBAL;NEEDED_GLOBAL
Global	Contract	Statement Audit - Budgeted-Prior Variance % (Net)	B-P Variance % - Admin Fee Percentage Amount	BPVariancePctAdminFeePercentageAmountNet	sTYPE_PERCENT_MATH_OPERATION	No	No	ExpenseRecovery								EXISTING_GLOBAL;NEEDED_GLOBAL
Global	Contract	Statement Audit - Budgeted-Prior Variance % (Net)	B-P Variance % - Administration Fees	BPVariancePctAdministrationFeesNet	sTYPE_PERCENT_MATH_OPERATION	No	No	ExpenseRecovery								EXISTING_GLOBAL;NEEDED_GLOBAL
Global	Contract	Statement Audit - Budgeted-Prior Variance % (Net)	B-P Variance % - Cap Amount	BPVariancePctCapAmountNet	sTYPE_PERCENT_MATH_OPERATION	No	No	ExpenseRecovery								EXISTING_GLOBAL;NEEDED_GLOBAL
Global	Contract	Statement Audit - Budgeted-Prior Variance % (Net)	B-P Variance % - Controllable Expenses	BPVariancePctControllableExpensesNet	sTYPE_PERCENT_MATH_OPERATION	No	No	ExpenseRecovery								EXISTING_GLOBAL;NEEDED_GLOBAL
Global	Contract	Statement Audit - Budgeted-Prior Variance % (Net)	B-P Variance % - Deductions	BPVariancePctDeductionsNet	sTYPE_PERCENT_MATH_OPERATION	No	No	ExpenseRecovery								EXISTING_GLOBAL;NEEDED_GLOBAL
Global	Contract	Statement Audit - Budgeted-Prior Variance % (Net)	B-P Variance % - GLA	BPVariancePctGLANet	sTYPE_PERCENT_MATH_OPERATION	No	No	ExpenseRecovery								EXISTING_GLOBAL;NEEDED_GLOBAL
Global	Contract	Statement Audit - Budgeted-Prior Variance % (Net)	B-P Variance % - Net Amount Due (NPT-PP)	BPVariancePctNetAmountDueNet	sTYPE_PERCENT_MATH_OPERATION	No	No	ExpenseRecovery								EXISTING_GLOBAL;NEEDED_GLOBAL
Global	Contract	Statement Audit - Budgeted-Prior Variance % (Net)	B-P Variance % - Net Pass-Through (ST2*PRR)	BPVariancePctNetPassThroughNet	sTYPE_PERCENT_MATH_OPERATION	No	No	ExpenseRecovery								EXISTING_GLOBAL;NEEDED_GLOBAL
Global	Contract	Statement Audit - Budgeted-Prior Variance % (Net)	B-P Variance % - Non-Controllable Expenses	BPVariancePctNonControllableExpensesNet	sTYPE_PERCENT_MATH_OPERATION	No	No	ExpenseRecovery								EXISTING_GLOBAL;NEEDED_GLOBAL
Global	Contract	Statement Audit - Budgeted-Prior Variance % (Net)	B-P Variance % - Pass-Through (ST1+AF%+AF+A)	BPVariancePctPassThroughNet	sTYPE_PERCENT_MATH_OPERATION	No	No	ExpenseRecovery								EXISTING_GLOBAL;NEEDED_GLOBAL
Global	Contract	Statement Audit - Budgeted-Prior Variance % (Net)	B-P Variance % - Pre Paid Amount	BPVariancePctPrePaidAmountNet	sTYPE_PERCENT_MATH_OPERATION	No	No	ExpenseRecovery								EXISTING_GLOBAL;NEEDED_GLOBAL
Global	Contract	Statement Audit - Budgeted-Prior Variance % (Net)	B-P Variance % - Pro Rata Share Rate	BPVariancePctProRataShareRateNet	sTYPE_PERCENT_MATH_OPERATION	No	No	ExpenseRecovery								EXISTING_GLOBAL;NEEDED_GLOBAL
Global	Contract	Statement Audit - Budgeted-Prior Variance % (Net)	B-P Variance % - Recoveries	BPVariancePctRecoveriesNet	sTYPE_PERCENT_MATH_OPERATION	No	No	ExpenseRecovery								EXISTING_GLOBAL;NEEDED_GLOBAL
Global	Contract	Statement Audit - Budgeted-Prior Variance % (Net)	B-P Variance % - Rentable Area	BPVariancePctRentableAreaNet	sTYPE_PERCENT_MATH_OPERATION	No	No	ExpenseRecovery								EXISTING_GLOBAL;NEEDED_GLOBAL
Global	Contract	Statement Audit - Budgeted-Prior Variance % (Net)	B-P Variance % - Sub Total #1 (C+NC-D)	BPVariancePctSubTotal1Net	sTYPE_PERCENT_MATH_OPERATION	No	No	ExpenseRecovery								EXISTING_GLOBAL;NEEDED_GLOBAL
Global	Contract	Statement Audit - Budgeted-Prior Variance % (Net)	B-P Variance % - Sub Total #2 (PT-R)	BPVariancePctSubTotal2Net	sTYPE_PERCENT_MATH_OPERATION	No	No	ExpenseRecovery								EXISTING_GLOBAL;NEEDED_GLOBAL
Global	Contract	Statement Audit - Budgeted-Prior Variance % (Net)	B-P Variance% - Admin Fee Percentage	BPVariancePctAdminFeePercentageNet	sTYPE_PERCENT_MATH_OPERATION	No	No	ExpenseRecovery								
Global	Contract	Statement Audit - Budgeted-Prior Variance (Gross)	B-P Variance - Additions	BPVarianceAdditionsGross	sTYPE_MONEY_MATH_OPERATION	No	No	ExpenseRecovery								EXISTING_GLOBAL;NEEDED_GLOBAL
Global	Contract	Statement Audit - Budgeted-Prior Variance (Gross)	B-P Variance - Admin Fee Percentage	BPVarianceAdminFeePercentageGross	sTYPE_PERCENT_MATH_OPERATION	No	No	ExpenseRecovery								EXISTING_GLOBAL;NEEDED_GLOBAL
Global	Contract	Statement Audit - Budgeted-Prior Variance (Gross)	B-P Variance - Admin Fee Percentage Amount	BPVarianceAdminFeePercentageAmountGross	sTYPE_MONEY_MATH_OPERATION	No	No	ExpenseRecovery								EXISTING_GLOBAL;NEEDED_GLOBAL
Global	Contract	Statement Audit - Budgeted-Prior Variance (Gross)	B-P Variance - Administration Fees	BPVarianceAdministrationFeesGross	sTYPE_MONEY_MATH_OPERATION	No	No	ExpenseRecovery								EXISTING_GLOBAL;NEEDED_GLOBAL
Global	Contract	Statement Audit - Budgeted-Prior Variance (Gross)	B-P Variance - Cap Amount	BPVarianceCapAmountGross	sTYPE_MONEY_MATH_OPERATION	No	No	ExpenseRecovery								EXISTING_GLOBAL;NEEDED_GLOBAL
Global	Contract	Statement Audit - Budgeted-Prior Variance (Gross)	B-P Variance - Controllable Expenses	BPVarianceControllableExpensesGross	sTYPE_MONEY_MATH_OPERATION	No	No	ExpenseRecovery								EXISTING_GLOBAL;NEEDED_GLOBAL
Global	Contract	Statement Audit - Budgeted-Prior Variance (Gross)	B-P Variance - Deductions	BPVarianceDeductionsGross	sTYPE_MONEY_MATH_OPERATION	No	No	ExpenseRecovery								EXISTING_GLOBAL;NEEDED_GLOBAL
Global	Contract	Statement Audit - Budgeted-Prior Variance (Gross)	B-P Variance - GLA	BPVarianceGLAGross	sTYPE_MATH_OPERATION	No	No	ExpenseRecovery								EXISTING_GLOBAL;NEEDED_GLOBAL
Global	Contract	Statement Audit - Budgeted-Prior Variance (Gross)	B-P Variance - Net Amount Due (NPT-PP)	BPVarianceNetAmountDueGross	sTYPE_MONEY_MATH_OPERATION	No	No	ExpenseRecovery								EXISTING_GLOBAL;NEEDED_GLOBAL
Global	Contract	Statement Audit - Budgeted-Prior Variance (Gross)	B-P Variance - Net Pass-Through (ST2*PRR)	BPVarianceNetPassThroughGross	sTYPE_MONEY_MATH_OPERATION	No	No	ExpenseRecovery								EXISTING_GLOBAL;NEEDED_GLOBAL
Global	Contract	Statement Audit - Budgeted-Prior Variance (Gross)	B-P Variance - Non-Controllable Expenses	BPVarianceNonControllableExpensesGross	sTYPE_MONEY_MATH_OPERATION	No	No	ExpenseRecovery								EXISTING_GLOBAL;NEEDED_GLOBAL
Global	Contract	Statement Audit - Budgeted-Prior Variance (Gross)	B-P Variance - Pass-Through (ST1+AF%+AF+A)	BPVariancePassThroughGross	sTYPE_MONEY_MATH_OPERATION	No	No	ExpenseRecovery								EXISTING_GLOBAL;NEEDED_GLOBAL
Global	Contract	Statement Audit - Budgeted-Prior Variance (Gross)	B-P Variance - Pre Paid Amount	BPVariancePrePaidAmountGross	sTYPE_MONEY_MATH_OPERATION	No	No	ExpenseRecovery								EXISTING_GLOBAL;NEEDED_GLOBAL
Global	Contract	Statement Audit - Budgeted-Prior Variance (Gross)	B-P Variance - Pro Rata Share Rate	BPVarianceProRataShareRateGross	sTYPE_PERCENT_MATH_OPERATION	No	No	ExpenseRecovery								EXISTING_GLOBAL;NEEDED_GLOBAL
Global	Contract	Statement Audit - Budgeted-Prior Variance (Gross)	B-P Variance - Recoveries	BPVarianceRecoveriesGross	sTYPE_MONEY_MATH_OPERATION	No	No	ExpenseRecovery								EXISTING_GLOBAL;NEEDED_GLOBAL
Global	Contract	Statement Audit - Budgeted-Prior Variance (Gross)	B-P Variance - Rentable Area	BPVarianceRentableAreaGross	sTYPE_MATH_OPERATION	No	No	ExpenseRecovery								EXISTING_GLOBAL;NEEDED_GLOBAL
Global	Contract	Statement Audit - Budgeted-Prior Variance (Gross)	B-P Variance - Sub Total #1 (C+NC-D)	BPVarianceSubTotal1Gross	sTYPE_MONEY_MATH_OPERATION	No	No	ExpenseRecovery								EXISTING_GLOBAL;NEEDED_GLOBAL
Global	Contract	Statement Audit - Budgeted-Prior Variance (Gross)	B-P Variance - Sub Total #2 (PT-R)	BPVarianceSubTotal2Gross	sTYPE_MONEY_MATH_OPERATION	No	No	ExpenseRecovery								EXISTING_GLOBAL;NEEDED_GLOBAL
Global	Contract	Statement Audit - Budgeted-Prior Variance (Net)	B-P Variance - Additions	BPVarianceAdditionsNet	sTYPE_MONEY_MATH_OPERATION	No	No	ExpenseRecovery								EXISTING_GLOBAL;NEEDED_GLOBAL
Global	Contract	Statement Audit - Budgeted-Prior Variance (Net)	B-P Variance - Admin Fee Percentage	BPVarianceAdminFeePercentageNet	sTYPE_PERCENT_MATH_OPERATION	No	No	ExpenseRecovery								EXISTING_GLOBAL;NEEDED_GLOBAL
Global	Contract	Statement Audit - Budgeted-Prior Variance (Net)	B-P Variance - Admin Fee Percentage Amount	BPVarianceAdminFeePercentageAmountNet	sTYPE_MONEY_MATH_OPERATION	No	No	ExpenseRecovery								EXISTING_GLOBAL;NEEDED_GLOBAL
Global	Contract	Statement Audit - Budgeted-Prior Variance (Net)	B-P Variance - Administration Fees	BPVarianceAdministrationFeesNet	sTYPE_MONEY_MATH_OPERATION	No	No	ExpenseRecovery								EXISTING_GLOBAL;NEEDED_GLOBAL
Global	Contract	Statement Audit - Budgeted-Prior Variance (Net)	B-P Variance - Cap Amount	BPVarianceCapAmountNet	sTYPE_MONEY_MATH_OPERATION	No	No	ExpenseRecovery								EXISTING_GLOBAL;NEEDED_GLOBAL
Global	Contract	Statement Audit - Budgeted-Prior Variance (Net)	B-P Variance - Controllable Expenses	BPVarianceControllableExpensesNet	sTYPE_MONEY_MATH_OPERATION	No	No	ExpenseRecovery								EXISTING_GLOBAL;NEEDED_GLOBAL
Global	Contract	Statement Audit - Budgeted-Prior Variance (Net)	B-P Variance - Deductions	BPVarianceDeductionsNet	sTYPE_MONEY_MATH_OPERATION	No	No	ExpenseRecovery								EXISTING_GLOBAL;NEEDED_GLOBAL
Global	Contract	Statement Audit - Budgeted-Prior Variance (Net)	B-P Variance - GLA	BPVarianceGLANet	sTYPE_MATH_OPERATION	No	No	ExpenseRecovery								EXISTING_GLOBAL;NEEDED_GLOBAL
Global	Contract	Statement Audit - Budgeted-Prior Variance (Net)	B-P Variance - Net Amount Due (NPT-PP)	BPVarianceNetAmountDueNet	sTYPE_MONEY_MATH_OPERATION	No	No	ExpenseRecovery								EXISTING_GLOBAL;NEEDED_GLOBAL
Global	Contract	Statement Audit - Budgeted-Prior Variance (Net)	B-P Variance - Net Pass-Through (ST2*PRR)	BPVarianceNetPassThroughNet	sTYPE_MONEY_MATH_OPERATION	No	No	ExpenseRecovery								EXISTING_GLOBAL;NEEDED_GLOBAL
Global	Contract	Statement Audit - Budgeted-Prior Variance (Net)	B-P Variance - Non-Controllable Expenses	BPVarianceNonControllableExpensesNet	sTYPE_MONEY_MATH_OPERATION	No	No	ExpenseRecovery								EXISTING_GLOBAL;NEEDED_GLOBAL
Global	Contract	Statement Audit - Budgeted-Prior Variance (Net)	B-P Variance - Pass-Through (ST1+AF%+AF+A)	BPVariancePassThroughNet	sTYPE_MONEY_MATH_OPERATION	No	No	ExpenseRecovery								EXISTING_GLOBAL;NEEDED_GLOBAL
Global	Contract	Statement Audit - Budgeted-Prior Variance (Net)	B-P Variance - Pre Paid Amount	BPVariancePrePaidAmountNet	sTYPE_MONEY_MATH_OPERATION	No	No	ExpenseRecovery								EXISTING_GLOBAL;NEEDED_GLOBAL
Global	Contract	Statement Audit - Budgeted-Prior Variance (Net)	B-P Variance - Pro Rata Share Rate	BPVarianceProRataShareRateNet	sTYPE_PERCENT_MATH_OPERATION	No	No	ExpenseRecovery								EXISTING_GLOBAL;NEEDED_GLOBAL
Global	Contract	Statement Audit - Budgeted-Prior Variance (Net)	B-P Variance - Recoveries	BPVarianceRecoveriesNet	sTYPE_MONEY_MATH_OPERATION	No	No	ExpenseRecovery								EXISTING_GLOBAL;NEEDED_GLOBAL
Global	Contract	Statement Audit - Budgeted-Prior Variance (Net)	B-P Variance - Rentable Area	BPVarianceRentableAreaNet	sTYPE_MATH_OPERATION	No	No	ExpenseRecovery								EXISTING_GLOBAL;NEEDED_GLOBAL
Global	Contract	Statement Audit - Budgeted-Prior Variance (Net)	B-P Variance - Sub Total #1 (C+NC-D)	BPVarianceSubTotal1Net	sTYPE_MONEY_MATH_OPERATION	No	No	ExpenseRecovery								EXISTING_GLOBAL;NEEDED_GLOBAL
Global	Contract	Statement Audit - Budgeted-Prior Variance (Net)	B-P Variance - Sub Total #2 (PT-R)	BPVarianceSubTotal2Net	sTYPE_MONEY_MATH_OPERATION	No	No	ExpenseRecovery								EXISTING_GLOBAL;NEEDED_GLOBAL
Global	Contract	Statement Audit - Prior Approved (Gross)	Prior Approved Additions	PriorApprovedAdditionsGross	sTYPE_MONEY	No	No	ExpenseRecovery								EXISTING_GLOBAL;NEEDED_GLOBAL
Global	Contract	Statement Audit - Prior Approved (Gross)	Prior Approved Admin Fee Percentage	PriorApprovedAdminFeePercentageGross	sTYPE_PERCENTAGE	No	No	ExpenseRecovery								EXISTING_GLOBAL;NEEDED_GLOBAL
Global	Contract	Statement Audit - Prior Approved (Gross)	Prior Approved Admin Fee Percentage Amount	PriorApprovedAdminFeePercentageAmountGrossNoZeroDef	sTYPE_MONEY_MATH_OPERATION	No	No	ExpenseRecovery								EXISTING_GLOBAL;NEEDED_GLOBAL
Global	Contract	Statement Audit - Prior Approved (Gross)	Prior Approved Administration Fees	PriorApprovedAdministrationFeesGross	sTYPE_MONEY	No	No	ExpenseRecovery								EXISTING_GLOBAL;NEEDED_GLOBAL
Global	Contract	Statement Audit - Prior Approved (Gross)	Prior Approved Cap Amount	PriorApprovedCapAmountGrossNoZeroDef	sTYPE_MONEY	No	No	ExpenseRecovery								EXISTING_GLOBAL;NEEDED_GLOBAL
Global	Contract	Statement Audit - Prior Approved (Gross)	Prior Approved Controllable Expenses	PriorApprovedControllableExpensesGross	sTYPE_MONEY	No	No	ExpenseRecovery								EXISTING_GLOBAL;NEEDED_GLOBAL
Global	Contract	Statement Audit - Prior Approved (Gross)	Prior Approved Deductions	PriorApprovedDeductionsGross	sTYPE_MONEY	No	No	ExpenseRecovery								EXISTING_GLOBAL;NEEDED_GLOBAL
Global	Contract	Statement Audit - Prior Approved (Gross)	Prior Approved GLA	PriorApprovedGLAGross	sTYPE_AREA	No	No	ExpenseRecovery								EXISTING_GLOBAL;NEEDED_GLOBAL
Global	Contract	Statement Audit - Prior Approved (Gross)	Prior Approved Net Amount Due (NPT-PP)	PriorApprovedNetAmountDueGrossNoZeroDef	sTYPE_MONEY_MATH_OPERATION	No	No	ExpenseRecovery								EXISTING_GLOBAL;NEEDED_GLOBAL
Global	Contract	Statement Audit - Prior Approved (Gross)	Prior Approved Net Pass-Through (ST2*PRR)	PriorApprovedNetPassThroughGrossNoZeroDef	sTYPE_MONEY_MATH_OPERATION	No	No	ExpenseRecovery								EXISTING_GLOBAL;NEEDED_GLOBAL
Global	Contract	Statement Audit - Prior Approved (Gross)	Prior Approved Net Pass-Through (ST2*PRR) Duplicate	PriorApprovedNetPassThroughCOREFirmOnlyGrossNoZeroDef	sTYPE_MONEY_MATH_OPERATION	No	No	ExpenseRecovery								EXISTING_GLOBAL;NEEDED_GLOBAL
Global	Contract	Statement Audit - Prior Approved (Gross)	Prior Approved Non-Controllable Expenses	PriorApprovedNonControllableExpensesGross	sTYPE_MONEY	No	No	ExpenseRecovery								EXISTING_GLOBAL;NEEDED_GLOBAL
Global	Contract	Statement Audit - Prior Approved (Gross)	Prior Approved Pass-Through (ST1+AF%+AF+A)	PriorApprovedPassThroughGrossNoZeroDef	sTYPE_MONEY_MATH_OPERATION	No	No	ExpenseRecovery								EXISTING_GLOBAL;NEEDED_GLOBAL
Global	Contract	Statement Audit - Prior Approved (Gross)	Prior Approved Pre Paid Amount	PriorApprovedPrePaidAmountGross	sTYPE_MONEY	No	No	ExpenseRecovery								EXISTING_GLOBAL;NEEDED_GLOBAL
Global	Contract	Statement Audit - Prior Approved (Gross)	Prior Approved Pro Rata Share Rate	PriorApprovedProRataShareRateGross	sTYPE_PERCENTAGE	No	No	ExpenseRecovery								EXISTING_GLOBAL;NEEDED_GLOBAL
Global	Contract	Statement Audit - Prior Approved (Gross)	Prior Approved Recoveries	PriorApprovedRecoveriesGross	sTYPE_MONEY	No	No	ExpenseRecovery								EXISTING_GLOBAL;NEEDED_GLOBAL
Global	Contract	Statement Audit - Prior Approved (Gross)	Prior Approved Rentable Area	PriorApprovedRentableAreaGross	sTYPE_AREA	No	No	ExpenseRecovery								EXISTING_GLOBAL;NEEDED_GLOBAL
Global	Contract	Statement Audit - Prior Approved (Gross)	Prior Approved Sub Total #1 (C+NC-D)	PriorApprovedSubTotal1GrossNoZeroDef	sTYPE_MONEY_MATH_OPERATION	No	No	ExpenseRecovery								EXISTING_GLOBAL;NEEDED_GLOBAL
Global	Contract	Statement Audit - Prior Approved (Gross)	Prior Approved Sub Total #2 (PT-R)	PriorApprovedSubTotal2GrossNoZeroDef	sTYPE_MONEY_MATH_OPERATION	No	No	ExpenseRecovery								EXISTING_GLOBAL;NEEDED_GLOBAL
Global	Contract	Statement Audit - Prior Approved (Net)	Prior Approved Additions	PriorApprovedAdditionsNet	sTYPE_MONEY	No	No	ExpenseRecovery								EXISTING_GLOBAL;NEEDED_GLOBAL
Global	Contract	Statement Audit - Prior Approved (Net)	Prior Approved Admin Fee Percentage	PriorApprovedAdminFeePercentageNet	sTYPE_PERCENTAGE	No	No	ExpenseRecovery								EXISTING_GLOBAL;NEEDED_GLOBAL
Global	Contract	Statement Audit - Prior Approved (Net)	Prior Approved Admin Fee Percentage Amount	PriorApprovedAdminFeePercentageAmountNetNoZeroDef	sTYPE_MONEY_MATH_OPERATION	No	No	ExpenseRecovery								EXISTING_GLOBAL;NEEDED_GLOBAL
Global	Contract	Statement Audit - Prior Approved (Net)	Prior Approved Administration Fees	PriorApprovedAdministrationFeesNet	sTYPE_MONEY	No	No	ExpenseRecovery								EXISTING_GLOBAL;NEEDED_GLOBAL
Global	Contract	Statement Audit - Prior Approved (Net)	Prior Approved Cap Amount	PriorApprovedCapAmountNetNoZeroDef	sTYPE_MONEY	No	No	ExpenseRecovery								EXISTING_GLOBAL;NEEDED_GLOBAL
Global	Contract	Statement Audit - Prior Approved (Net)	Prior Approved Controllable Expenses	PriorApprovedControllableExpensesNet	sTYPE_MONEY	No	No	ExpenseRecovery								EXISTING_GLOBAL;NEEDED_GLOBAL
Global	Contract	Statement Audit - Prior Approved (Net)	Prior Approved Deductions	PriorApprovedDeductionsNet	sTYPE_MONEY	No	No	ExpenseRecovery								EXISTING_GLOBAL;NEEDED_GLOBAL
Global	Contract	Statement Audit - Prior Approved (Net)	Prior Approved GLA	PriorApprovedGLANet	sTYPE_AREA	No	No	ExpenseRecovery								EXISTING_GLOBAL;NEEDED_GLOBAL
Global	Contract	Statement Audit - Prior Approved (Net)	Prior Approved Net Amount Due (NPT-PP)	PriorApprovedNetAmountDueNetNoZeroDef	sTYPE_MONEY_MATH_OPERATION	No	No	ExpenseRecovery								EXISTING_GLOBAL;NEEDED_GLOBAL
Global	Contract	Statement Audit - Prior Approved (Net)	Prior Approved Net Pass-Through (ST2*PRR)	PriorApprovedNetPassThroughNetNoZeroDef	sTYPE_MONEY_MATH_OPERATION	No	No	ExpenseRecovery								EXISTING_GLOBAL;NEEDED_GLOBAL
Global	Contract	Statement Audit - Prior Approved (Net)	Prior Approved Net Pass-Through (ST2*PRR) Duplicate	PriorApprovedNetPassThroughCOREFirmOnlyNetNoZeroDef	sTYPE_MONEY_MATH_OPERATION	No	No	ExpenseRecovery								EXISTING_GLOBAL;NEEDED_GLOBAL
Global	Contract	Statement Audit - Prior Approved (Net)	Prior Approved Non-Controllable Expenses	PriorApprovedNonControllableExpensesNet	sTYPE_MONEY	No	No	ExpenseRecovery								EXISTING_GLOBAL;NEEDED_GLOBAL
Global	Contract	Statement Audit - Prior Approved (Net)	Prior Approved Pass-Through (ST1+AF%+AF+A)	PriorApprovedPassThroughNetNoZeroDef	sTYPE_MONEY_MATH_OPERATION	No	No	ExpenseRecovery								EXISTING_GLOBAL;NEEDED_GLOBAL
Global	Contract	Statement Audit - Prior Approved (Net)	Prior Approved Pre Paid Amount	PriorApprovedPrePaidAmountNet	sTYPE_MONEY	No	No	ExpenseRecovery								EXISTING_GLOBAL;NEEDED_GLOBAL
Global	Contract	Statement Audit - Prior Approved (Net)	Prior Approved Pro Rata Share Rate	PriorApprovedProRataShareRateNet	sTYPE_PERCENTAGE	No	No	ExpenseRecovery								EXISTING_GLOBAL;NEEDED_GLOBAL
Global	Contract	Statement Audit - Prior Approved (Net)	Prior Approved Recoveries	PriorApprovedRecoveriesNet	sTYPE_MONEY	No	No	ExpenseRecovery								EXISTING_GLOBAL;NEEDED_GLOBAL
Global	Contract	Statement Audit - Prior Approved (Net)	Prior Approved Rentable Area	PriorApprovedRentableAreaNet	sTYPE_AREA	No	No	ExpenseRecovery								EXISTING_GLOBAL;NEEDED_GLOBAL
Global	Contract	Statement Audit - Prior Approved (Net)	Prior Approved Sub Total #1 (C+NC-D)	PriorApprovedSubTotal1NetNoZeroDef	sTYPE_MONEY_MATH_OPERATION	No	No	ExpenseRecovery								EXISTING_GLOBAL;NEEDED_GLOBAL
Global	Contract	Statement Audit - Prior Approved (Net)	Prior Approved Sub Total #2 (PT-R)	PriorApprovedSubTotal2NetNoZeroDef	sTYPE_MONEY_MATH_OPERATION	No	No	ExpenseRecovery								EXISTING_GLOBAL;NEEDED_GLOBAL
Global	Contract	Statement Audit - Prior Budgeted (Gross)	Prior Budgeted Additions	PriorBudgetedAdditionsGross	sTYPE_MONEY	No	No	ExpenseRecovery								EXISTING_GLOBAL;NEEDED_GLOBAL
Global	Contract	Statement Audit - Prior Budgeted (Gross)	Prior Budgeted Admin Fee Percentage	PriorBudgetedAdminFeePercentageGross	sTYPE_PERCENTAGE	No	No	ExpenseRecovery								EXISTING_GLOBAL;NEEDED_GLOBAL
Global	Contract	Statement Audit - Prior Budgeted (Gross)	Prior Budgeted Admin Fee Percentage Amount	PriorBudgetedAdminFeePercentageAmountGrossNoZeroDef	sTYPE_MONEY_MATH_OPERATION	No	No	ExpenseRecovery								EXISTING_GLOBAL;NEEDED_GLOBAL
Global	Contract	Statement Audit - Prior Budgeted (Gross)	Prior Budgeted Administration Fees	PriorBudgetedAdministrationFeesGross	sTYPE_MONEY	No	No	ExpenseRecovery								EXISTING_GLOBAL;NEEDED_GLOBAL
Global	Contract	Statement Audit - Prior Budgeted (Gross)	Prior Budgeted Cap Amount	PriorBudgetedCapAmountGrossNoZeroDef	sTYPE_MONEY	No	No	ExpenseRecovery								EXISTING_GLOBAL;NEEDED_GLOBAL
Global	Contract	Statement Audit - Prior Budgeted (Gross)	Prior Budgeted Controllable Expenses	PriorBudgetedControllableExpensesGross	sTYPE_MONEY	No	No	ExpenseRecovery								EXISTING_GLOBAL;NEEDED_GLOBAL
Global	Contract	Statement Audit - Prior Budgeted (Gross)	Prior Budgeted Deductions	PriorBudgetedDeductionsGross	sTYPE_MONEY	No	No	ExpenseRecovery								EXISTING_GLOBAL;NEEDED_GLOBAL
Global	Contract	Statement Audit - Prior Budgeted (Gross)	Prior Budgeted GLA	PriorBudgetedGLAGross	sTYPE_AREA	No	No	ExpenseRecovery								EXISTING_GLOBAL;NEEDED_GLOBAL
Global	Contract	Statement Audit - Prior Budgeted (Gross)	Prior Budgeted Net Amount Due (NPT-PP)	PriorBudgetedNetAmountDueGrossNoZeroDef	sTYPE_MONEY_MATH_OPERATION	No	No	ExpenseRecovery								EXISTING_GLOBAL;NEEDED_GLOBAL
Global	Contract	Statement Audit - Prior Budgeted (Gross)	Prior Budgeted Net Pass-Through (ST2*PRR)	PriorBudgetedNetPassThroughGrossNoZeroDef	sTYPE_MONEY_MATH_OPERATION	No	No	ExpenseRecovery								EXISTING_GLOBAL;NEEDED_GLOBAL
Global	Contract	Statement Audit - Prior Budgeted (Gross)	Prior Budgeted Net Pass-Through (ST2*PRR) Duplicate	PriorBudgetedNetPassThroughCOREFirmOnlyGrossNoZeroDef	sTYPE_MONEY_MATH_OPERATION	No	No	ExpenseRecovery								EXISTING_GLOBAL;NEEDED_GLOBAL
Global	Contract	Statement Audit - Prior Budgeted (Gross)	Prior Budgeted Non-Controllable Expenses	PriorBudgetedNonControllableExpensesGross	sTYPE_MONEY	No	No	ExpenseRecovery								EXISTING_GLOBAL;NEEDED_GLOBAL
Global	Contract	Statement Audit - Prior Budgeted (Gross)	Prior Budgeted Pass-Through (ST1+AF%+AF+A)	PriorBudgetedPassThroughGrossNoZeroDef	sTYPE_MONEY_MATH_OPERATION	No	No	ExpenseRecovery								EXISTING_GLOBAL;NEEDED_GLOBAL
Global	Contract	Statement Audit - Prior Budgeted (Gross)	Prior Budgeted Pre Paid Amount	PriorBudgetedPrePaidAmountGross	sTYPE_MONEY	No	No	ExpenseRecovery								EXISTING_GLOBAL;NEEDED_GLOBAL
Global	Contract	Statement Audit - Prior Budgeted (Gross)	Prior Budgeted Pro Rata Share Rate	PriorBudgetedProRataShareRateGross	sTYPE_PERCENTAGE	No	No	ExpenseRecovery								EXISTING_GLOBAL;NEEDED_GLOBAL
Global	Contract	Statement Audit - Prior Budgeted (Gross)	Prior Budgeted Recoveries	PriorBudgetedRecoveriesGross	sTYPE_MONEY	No	No	ExpenseRecovery								EXISTING_GLOBAL;NEEDED_GLOBAL
Global	Contract	Statement Audit - Prior Budgeted (Gross)	Prior Budgeted Rentable Area	PriorBudgetedRentableAreaGross	sTYPE_AREA	No	No	ExpenseRecovery								EXISTING_GLOBAL;NEEDED_GLOBAL
Global	Contract	Statement Audit - Prior Budgeted (Gross)	Prior Budgeted Sub Total #1 (C+NC-D)	PriorBudgetedSubTotal1GrossNoZeroDef	sTYPE_MONEY_MATH_OPERATION	No	No	ExpenseRecovery								EXISTING_GLOBAL;NEEDED_GLOBAL
Global	Contract	Statement Audit - Prior Budgeted (Gross)	Prior Budgeted Sub Total #2 (PT-R)	PriorBudgetedSubTotal2GrossNoZeroDef	sTYPE_MONEY_MATH_OPERATION	No	No	ExpenseRecovery								EXISTING_GLOBAL;NEEDED_GLOBAL
Global	Contract	Statement Audit - Prior Budgeted (Net)	Prior Budgeted Additions	PriorBudgetedAdditionsNet	sTYPE_MONEY	No	No	ExpenseRecovery								EXISTING_GLOBAL;NEEDED_GLOBAL
Global	Contract	Statement Audit - Prior Budgeted (Net)	Prior Budgeted Admin Fee Percentage	PriorBudgetedAdminFeePercentageNet	sTYPE_PERCENTAGE	No	No	ExpenseRecovery								EXISTING_GLOBAL;NEEDED_GLOBAL
Global	Contract	Statement Audit - Prior Budgeted (Net)	Prior Budgeted Admin Fee Percentage Amount	PriorBudgetedAdminFeePercentageAmountNetNoZeroDef	sTYPE_MONEY_MATH_OPERATION	No	No	ExpenseRecovery								EXISTING_GLOBAL;NEEDED_GLOBAL
Global	Contract	Statement Audit - Prior Budgeted (Net)	Prior Budgeted Administration Fees	PriorBudgetedAdministrationFeesNet	sTYPE_MONEY	No	No	ExpenseRecovery								EXISTING_GLOBAL;NEEDED_GLOBAL
Global	Contract	Statement Audit - Prior Budgeted (Net)	Prior Budgeted Cap Amount	PriorBudgetedCapAmountNetNoZeroDef	sTYPE_MONEY	No	No	ExpenseRecovery								EXISTING_GLOBAL;NEEDED_GLOBAL
Global	Contract	Statement Audit - Prior Budgeted (Net)	Prior Budgeted Controllable Expenses	PriorBudgetedControllableExpensesNet	sTYPE_MONEY	No	No	ExpenseRecovery								EXISTING_GLOBAL;NEEDED_GLOBAL
Global	Contract	Statement Audit - Prior Budgeted (Net)	Prior Budgeted Deductions	PriorBudgetedDeductionsNet	sTYPE_MONEY	No	No	ExpenseRecovery								EXISTING_GLOBAL;NEEDED_GLOBAL
Global	Contract	Statement Audit - Prior Budgeted (Net)	Prior Budgeted GLA	PriorBudgetedGLANet	sTYPE_AREA	No	No	ExpenseRecovery								EXISTING_GLOBAL;NEEDED_GLOBAL
Global	Contract	Statement Audit - Prior Budgeted (Net)	Prior Budgeted Net Amount Due (NPT-PP)	PriorBudgetedNetAmountDueNetNoZeroDef	sTYPE_MONEY_MATH_OPERATION	No	No	ExpenseRecovery								EXISTING_GLOBAL;NEEDED_GLOBAL
Global	Contract	Statement Audit - Prior Budgeted (Net)	Prior Budgeted Net Pass-Through (ST2*PRR)	PriorBudgetedNetPassThroughNetNoZeroDef	sTYPE_MONEY_MATH_OPERATION	No	No	ExpenseRecovery								EXISTING_GLOBAL;NEEDED_GLOBAL
Global	Contract	Statement Audit - Prior Budgeted (Net)	Prior Budgeted Net Pass-Through (ST2*PRR) Duplicate	PriorBudgetedNetPassThroughCOREFirmOnlyNetNoZeroDef	sTYPE_MONEY_MATH_OPERATION	No	No	ExpenseRecovery								EXISTING_GLOBAL;NEEDED_GLOBAL
Global	Contract	Statement Audit - Prior Budgeted (Net)	Prior Budgeted Non-Controllable Expenses	PriorBudgetedNonControllableExpensesNet	sTYPE_MONEY	No	No	ExpenseRecovery								EXISTING_GLOBAL;NEEDED_GLOBAL
Global	Contract	Statement Audit - Prior Budgeted (Net)	Prior Budgeted Pass-Through (ST1+AF%+AF+A)	PriorBudgetedPassThroughNetNoZeroDef	sTYPE_MONEY_MATH_OPERATION	No	No	ExpenseRecovery								EXISTING_GLOBAL;NEEDED_GLOBAL
Global	Contract	Statement Audit - Prior Budgeted (Net)	Prior Budgeted Pre Paid Amount	PriorBudgetedPrePaidAmountNet	sTYPE_MONEY	No	No	ExpenseRecovery								EXISTING_GLOBAL;NEEDED_GLOBAL
Global	Contract	Statement Audit - Prior Budgeted (Net)	Prior Budgeted Pro Rata Share Rate	PriorBudgetedProRataShareRateNet	sTYPE_PERCENTAGE	No	No	ExpenseRecovery								EXISTING_GLOBAL;NEEDED_GLOBAL
Global	Contract	Statement Audit - Prior Budgeted (Net)	Prior Budgeted Recoveries	PriorBudgetedRecoveriesNet	sTYPE_MONEY	No	No	ExpenseRecovery								EXISTING_GLOBAL;NEEDED_GLOBAL
Global	Contract	Statement Audit - Prior Budgeted (Net)	Prior Budgeted Rentable Area	PriorBudgetedRentableAreaNet	sTYPE_AREA	No	No	ExpenseRecovery								EXISTING_GLOBAL;NEEDED_GLOBAL
Global	Contract	Statement Audit - Prior Budgeted (Net)	Prior Budgeted Sub Total #1 (C+NC-D)	PriorBudgetedSubTotal1NetNoZeroDef	sTYPE_MONEY_MATH_OPERATION	No	No	ExpenseRecovery								EXISTING_GLOBAL;NEEDED_GLOBAL
Global	Contract	Statement Audit - Prior Budgeted (Net)	Prior Budgeted Sub Total #2 (PT-R)	PriorBudgetedSubTotal2NetNoZeroDef	sTYPE_MONEY_MATH_OPERATION	No	No	ExpenseRecovery								EXISTING_GLOBAL;NEEDED_GLOBAL
Global	Contract	Statement Audit - Prior Reported (Gross)	Prior Reported Additions	PriorReportedAdditionsGross	sTYPE_MONEY	No	No	ExpenseRecovery								EXISTING_GLOBAL;NEEDED_GLOBAL
Global	Contract	Statement Audit - Prior Reported (Gross)	Prior Reported Admin Fee Percentage	PriorReportedAdminFeePercentageGross	sTYPE_PERCENTAGE	No	No	ExpenseRecovery								EXISTING_GLOBAL;NEEDED_GLOBAL
Global	Contract	Statement Audit - Prior Reported (Gross)	Prior Reported Admin Fee Percentage Amount	PriorReportedAdminFeePercentageAmountGrossNoZeroDef	sTYPE_MONEY_MATH_OPERATION	No	No	ExpenseRecovery								EXISTING_GLOBAL;NEEDED_GLOBAL
Global	Contract	Statement Audit - Prior Reported (Gross)	Prior Reported Administration Fees	PriorReportedAdministrationFeesGross	sTYPE_MONEY	No	No	ExpenseRecovery								EXISTING_GLOBAL;NEEDED_GLOBAL
Global	Contract	Statement Audit - Prior Reported (Gross)	Prior Reported Cap Amount	PriorReportedCapAmountGrossNoZeroDef	sTYPE_MONEY	No	No	ExpenseRecovery								EXISTING_GLOBAL;NEEDED_GLOBAL
Global	Contract	Statement Audit - Prior Reported (Gross)	Prior Reported Controllable Expenses	PriorReportedControllableExpensesGross	sTYPE_MONEY	No	No	ExpenseRecovery								EXISTING_GLOBAL;NEEDED_GLOBAL
Global	Contract	Statement Audit - Prior Reported (Gross)	Prior Reported Deductions	PriorReportedDeductionsGross	sTYPE_MONEY	No	No	ExpenseRecovery								EXISTING_GLOBAL;NEEDED_GLOBAL
Global	Contract	Statement Audit - Prior Reported (Gross)	Prior Reported GLA	PriorReportedGLAGross	sTYPE_AREA	No	No	ExpenseRecovery								EXISTING_GLOBAL;NEEDED_GLOBAL
Global	Contract	Statement Audit - Prior Reported (Gross)	Prior Reported Net Amount Due (NPT-PP)	PriorReportedNetAmountDueGrossNoZeroDef	sTYPE_MONEY_MATH_OPERATION	No	No	ExpenseRecovery								EXISTING_GLOBAL;NEEDED_GLOBAL
Global	Contract	Statement Audit - Prior Reported (Gross)	Prior Reported Net Pass-Through (ST2*PRR)	PriorReportedNetPassThroughGrossNoZeroDef	sTYPE_MONEY_MATH_OPERATION	No	No	ExpenseRecovery								EXISTING_GLOBAL;NEEDED_GLOBAL
Global	Contract	Statement Audit - Prior Reported (Gross)	Prior Reported Net Pass-Through (ST2*PRR) Duplicate	PriorReportedNetPassThroughCOREFirmOnlyGrossNoZeroDef	sTYPE_MONEY_MATH_OPERATION	No	No	ExpenseRecovery								EXISTING_GLOBAL;NEEDED_GLOBAL
Global	Contract	Statement Audit - Prior Reported (Gross)	Prior Reported Non-Controllable Expenses	PriorReportedNonControllableExpensesGross	sTYPE_MONEY	No	No	ExpenseRecovery								EXISTING_GLOBAL;NEEDED_GLOBAL
Global	Contract	Statement Audit - Prior Reported (Gross)	Prior Reported Pass-Through (ST1+AF%+AF+A)	PriorReportedPassThroughGrossNoZeroDef	sTYPE_MONEY_MATH_OPERATION	No	No	ExpenseRecovery								EXISTING_GLOBAL;NEEDED_GLOBAL
Global	Contract	Statement Audit - Prior Reported (Gross)	Prior Reported Pre Paid Amount	PriorReportedPrePaidAmountGross	sTYPE_MONEY	No	No	ExpenseRecovery								EXISTING_GLOBAL;NEEDED_GLOBAL
Global	Contract	Statement Audit - Prior Reported (Gross)	Prior Reported Pro Rata Share Rate	PriorReportedProRataShareRateGross	sTYPE_PERCENTAGE	No	No	ExpenseRecovery								EXISTING_GLOBAL;NEEDED_GLOBAL
Global	Contract	Statement Audit - Prior Reported (Gross)	Prior Reported Recoveries	PriorReportedRecoveriesGross	sTYPE_MONEY	No	No	ExpenseRecovery								EXISTING_GLOBAL;NEEDED_GLOBAL
Global	Contract	Statement Audit - Prior Reported (Gross)	Prior Reported Rentable Area	PriorReportedRentableAreaGross	sTYPE_AREA	No	No	ExpenseRecovery								EXISTING_GLOBAL;NEEDED_GLOBAL
Global	Contract	Statement Audit - Prior Reported (Gross)	Prior Reported Sub Total #1 (C+NC-D)	PriorReportedSubTotal1GrossNoZeroDef	sTYPE_MONEY_MATH_OPERATION	No	No	ExpenseRecovery								EXISTING_GLOBAL;NEEDED_GLOBAL
Global	Contract	Statement Audit - Prior Reported (Gross)	Prior Reported Sub Total #2 (PT-R)	PriorReportedSubTotal2GrossNoZeroDef	sTYPE_MONEY_MATH_OPERATION	No	No	ExpenseRecovery								EXISTING_GLOBAL;NEEDED_GLOBAL
Global	Contract	Statement Audit - Prior Reported (Net)	Prior Reported Additions	PriorReportedAdditionsNet	sTYPE_MONEY	No	No	ExpenseRecovery								EXISTING_GLOBAL;NEEDED_GLOBAL
Global	Contract	Statement Audit - Prior Reported (Net)	Prior Reported Admin Fee Percentage	PriorReportedAdminFeePercentageNet	sTYPE_PERCENTAGE	No	No	ExpenseRecovery								EXISTING_GLOBAL;NEEDED_GLOBAL
Global	Contract	Statement Audit - Prior Reported (Net)	Prior Reported Admin Fee Percentage Amount	PriorReportedAdminFeePercentageAmountNetNoZeroDef	sTYPE_MONEY_MATH_OPERATION	No	No	ExpenseRecovery								EXISTING_GLOBAL;NEEDED_GLOBAL
Global	Contract	Statement Audit - Prior Reported (Net)	Prior Reported Administration Fees	PriorReportedAdministrationFeesNet	sTYPE_MONEY	No	No	ExpenseRecovery								EXISTING_GLOBAL;NEEDED_GLOBAL
Global	Contract	Statement Audit - Prior Reported (Net)	Prior Reported Cap Amount	PriorReportedCapAmountNetNoZeroDef	sTYPE_MONEY	No	No	ExpenseRecovery								EXISTING_GLOBAL;NEEDED_GLOBAL
Global	Contract	Statement Audit - Prior Reported (Net)	Prior Reported Controllable Expenses	PriorReportedControllableExpensesNet	sTYPE_MONEY	No	No	ExpenseRecovery								EXISTING_GLOBAL;NEEDED_GLOBAL
Global	Contract	Statement Audit - Prior Reported (Net)	Prior Reported Deductions	PriorReportedDeductionsNet	sTYPE_MONEY	No	No	ExpenseRecovery								EXISTING_GLOBAL;NEEDED_GLOBAL
Global	Contract	Statement Audit - Prior Reported (Net)	Prior Reported GLA	PriorReportedGLANet	sTYPE_AREA	No	No	ExpenseRecovery								EXISTING_GLOBAL;NEEDED_GLOBAL
Global	Contract	Statement Audit - Prior Reported (Net)	Prior Reported Net Amount Due (NPT-PP)	PriorReportedNetAmountDueNetNoZeroDef	sTYPE_MONEY_MATH_OPERATION	No	No	ExpenseRecovery								EXISTING_GLOBAL;NEEDED_GLOBAL
Global	Contract	Statement Audit - Prior Reported (Net)	Prior Reported Net Pass-Through (ST2*PRR)	PriorReportedNetPassThroughNetNoZeroDef	sTYPE_MONEY_MATH_OPERATION	No	No	ExpenseRecovery								EXISTING_GLOBAL;NEEDED_GLOBAL
Global	Contract	Statement Audit - Prior Reported (Net)	Prior Reported Net Pass-Through (ST2*PRR) Duplicate	PriorReportedNetPassThroughCOREFirmOnlyNetNoZeroDef	sTYPE_MONEY_MATH_OPERATION	No	No	ExpenseRecovery								EXISTING_GLOBAL;NEEDED_GLOBAL
Global	Contract	Statement Audit - Prior Reported (Net)	Prior Reported Non-Controllable Expenses	PriorReportedNonControllableExpensesNet	sTYPE_MONEY	No	No	ExpenseRecovery								EXISTING_GLOBAL;NEEDED_GLOBAL
Global	Contract	Statement Audit - Prior Reported (Net)	Prior Reported Pass-Through (ST1+AF%+AF+A)	PriorReportedPassThroughNetNoZeroDef	sTYPE_MONEY_MATH_OPERATION	No	No	ExpenseRecovery								EXISTING_GLOBAL;NEEDED_GLOBAL
Global	Contract	Statement Audit - Prior Reported (Net)	Prior Reported Pre Paid Amount	PriorReportedPrePaidAmountNet	sTYPE_MONEY	No	No	ExpenseRecovery								EXISTING_GLOBAL;NEEDED_GLOBAL
Global	Contract	Statement Audit - Prior Reported (Net)	Prior Reported Pro Rata Share Rate	PriorReportedProRataShareRateNet	sTYPE_PERCENTAGE	No	No	ExpenseRecovery								EXISTING_GLOBAL;NEEDED_GLOBAL
Global	Contract	Statement Audit - Prior Reported (Net)	Prior Reported Recoveries	PriorReportedRecoveriesNet	sTYPE_MONEY	No	No	ExpenseRecovery								EXISTING_GLOBAL;NEEDED_GLOBAL
Global	Contract	Statement Audit - Prior Reported (Net)	Prior Reported Rentable Area	PriorReportedRentableAreaNet	sTYPE_AREA	No	No	ExpenseRecovery								EXISTING_GLOBAL;NEEDED_GLOBAL
Global	Contract	Statement Audit - Prior Reported (Net)	Prior Reported Sub Total #1 (C+NC-D)	PriorReportedSubTotal1NetNoZeroDef	sTYPE_MONEY_MATH_OPERATION	No	No	ExpenseRecovery								EXISTING_GLOBAL;NEEDED_GLOBAL
Global	Contract	Statement Audit - Prior Reported (Net)	Prior Reported Sub Total #2 (PT-R)	PriorReportedSubTotal2NetNoZeroDef	sTYPE_MONEY_MATH_OPERATION	No	No	ExpenseRecovery								EXISTING_GLOBAL;NEEDED_GLOBAL
Global	Contract	Statement Audit - Reported (Gross)	Reported Additions	ReportedAdditionsGross	sTYPE_MONEY	No	No	ExpenseRecovery								EXISTING_GLOBAL;NEEDED_GLOBAL
Global	Contract	Statement Audit - Reported (Gross)	Reported Admin Fee Percentage Amount	ReportedAdminFeePercentageAmountGross	sTYPE_MONEY_MATH_OPERATION	No	No	ExpenseRecovery								EXISTING_GLOBAL;NEEDED_GLOBAL
Global	Contract	Statement Audit - Reported (Gross)	Reported Administration Fees	ReportedAdministrationFeesGross	sTYPE_MONEY	No	No	ExpenseRecovery								EXISTING_GLOBAL;NEEDED_GLOBAL
Global	Contract	Statement Audit - Reported (Gross)	Reported Controllable Expenses	ReportedControllableExpensesGross	sTYPE_MONEY	No	No	ExpenseRecovery								EXISTING_GLOBAL;NEEDED_GLOBAL
Global	Contract	Statement Audit - Reported (Gross)	Reported Deductions	ReportedDeductionsGross	sTYPE_MONEY	No	No	ExpenseRecovery								EXISTING_GLOBAL;NEEDED_GLOBAL
Global	Contract	Statement Audit - Reported (Gross)	Reported Net Amount Due (NPT-PP)	ReportedNetAmountDueGross	sTYPE_MONEY_MATH_OPERATION	No	No	ExpenseRecovery								EXISTING_GLOBAL;NEEDED_GLOBAL
Global	Contract	Statement Audit - Reported (Gross)	Reported Net Pass-Through (ST2*PRR)	ReportedNetPassThroughGross	sTYPE_MONEY_MATH_OPERATION	No	No	ExpenseRecovery								EXISTING_GLOBAL;NEEDED_GLOBAL
Global	Contract	Statement Audit - Reported (Gross)	Reported Net Pass-Through (ST2*PRR) Duplicate	ReportedNetPassThroughCOREFirmOnlyGross	sTYPE_MONEY_MATH_OPERATION	No	No	ExpenseRecovery								EXISTING_GLOBAL;NEEDED_GLOBAL
Global	Contract	Statement Audit - Reported (Gross)	Reported Non-Controllable Expenses	ReportedNonControllableExpensesGross	sTYPE_MONEY	No	No	ExpenseRecovery								EXISTING_GLOBAL;NEEDED_GLOBAL
Global	Contract	Statement Audit - Reported (Gross)	Reported Pass-Through (ST1+AF%+AF+A)	ReportedPassThroughGross	sTYPE_MONEY_MATH_OPERATION	No	No	ExpenseRecovery								EXISTING_GLOBAL;NEEDED_GLOBAL
Global	Contract	Statement Audit - Reported (Gross)	Reported Recoveries	ReportedRecoveriesGross	sTYPE_MONEY	No	No	ExpenseRecovery								EXISTING_GLOBAL;NEEDED_GLOBAL
Global	Contract	Statement Audit - Reported (Gross)	Reported Revised Amount Due (Net+Adj)	ReportedRevisedNetAmountDueGross	sTYPE_MONEY_MATH_OPERATION	No	No	ExpenseRecovery								EXISTING_GLOBAL;NEEDED_GLOBAL
Global	Contract	Statement Audit - Reported (Gross)	Reported Sub Total #1 (C+NC-D)	ReportedSubTotal1Gross	sTYPE_MONEY_MATH_OPERATION	No	No	ExpenseRecovery								EXISTING_GLOBAL;NEEDED_GLOBAL
Global	Contract	Statement Audit - Reported (Gross)	Reported Sub Total #2 (PT-R)	ReportedSubTotal2Gross	sTYPE_MONEY_MATH_OPERATION	No	No	ExpenseRecovery								EXISTING_GLOBAL;NEEDED_GLOBAL
Global	Contract	Statement Audit - Reported (Gross/Net)	Reported Adjustment Amount	ReportedAdjustmentAmount	sTYPE_MONEY	No	No	ExpenseRecovery								EXISTING_GLOBAL;NEEDED_GLOBAL
Global	Contract	Statement Audit - Reported (Gross/Net)	Reported Admin Fee Percentage	ReportedAdminFeePercentage	sTYPE_PERCENTAGE	No	No	ExpenseRecovery								EXISTING_GLOBAL;NEEDED_GLOBAL
Global	Contract	Statement Audit - Reported (Gross/Net)	Reported Cap Amount	ReportedCapAmountNoZeroDef	sTYPE_MONEY	No	No	ExpenseRecovery								EXISTING_GLOBAL;NEEDED_GLOBAL
Global	Contract	Statement Audit - Reported (Gross/Net)	Reported GLA	ReportedGLA	sTYPE_AREA	No	No	ExpenseRecovery								EXISTING_GLOBAL;NEEDED_GLOBAL
Global	Contract	Statement Audit - Reported (Gross/Net)	Reported Pre Paid Amount	ReportedPrePaidAmount	sTYPE_MONEY	No	No	ExpenseRecovery								EXISTING_GLOBAL;NEEDED_GLOBAL
Global	Contract	Statement Audit - Reported (Gross/Net)	Reported Pro Rata Share Rate	ReportedProRataShareRate	sTYPE_PERCENTAGE	No	No	ExpenseRecovery								EXISTING_GLOBAL;NEEDED_GLOBAL
Global	Contract	Statement Audit - Reported (Gross/Net)	Reported Rentable Area	ReportedRentableArea	sTYPE_AREA	No	No	ExpenseRecovery								EXISTING_GLOBAL;NEEDED_GLOBAL
Global	Contract	Statement Audit - Reported (Net)	Reported Additions	ReportedAdditionsNet	sTYPE_MONEY	No	No	ExpenseRecovery								EXISTING_GLOBAL;NEEDED_GLOBAL
Global	Contract	Statement Audit - Reported (Net)	Reported Admin Fee Percentage Amount	ReportedAdminFeePercentageAmountNet	sTYPE_MONEY_MATH_OPERATION	No	No	ExpenseRecovery								EXISTING_GLOBAL;NEEDED_GLOBAL
Global	Contract	Statement Audit - Reported (Net)	Reported Administration Fees	ReportedAdministrationFeesNet	sTYPE_MONEY	No	No	ExpenseRecovery								EXISTING_GLOBAL;NEEDED_GLOBAL
Global	Contract	Statement Audit - Reported (Net)	Reported Controllable Expenses	ReportedControllableExpensesNet	sTYPE_MONEY	No	No	ExpenseRecovery								EXISTING_GLOBAL;NEEDED_GLOBAL
Global	Contract	Statement Audit - Reported (Net)	Reported Deductions	ReportedDeductionsNet	sTYPE_MONEY	No	No	ExpenseRecovery								EXISTING_GLOBAL;NEEDED_GLOBAL
Global	Contract	Statement Audit - Reported (Net)	Reported Net Amount Due (NPT-PP)	ReportedNetAmountDueNet	sTYPE_MONEY_MATH_OPERATION	No	No	ExpenseRecovery								EXISTING_GLOBAL;NEEDED_GLOBAL
Global	Contract	Statement Audit - Reported (Net)	Reported Net Pass-Through (ST2*PRR)	ReportedNetPassThroughNet	sTYPE_MONEY_MATH_OPERATION	No	No	ExpenseRecovery								EXISTING_GLOBAL;NEEDED_GLOBAL
Global	Contract	Statement Audit - Reported (Net)	Reported Net Pass-Through (ST2*PRR) Duplicate	ReportedNetPassThroughCOREFirmOnlyNet	sTYPE_MONEY_MATH_OPERATION	No	No	ExpenseRecovery								EXISTING_GLOBAL;NEEDED_GLOBAL
Global	Contract	Statement Audit - Reported (Net)	Reported Non-Controllable Expenses	ReportedNonControllableExpensesNet	sTYPE_MONEY	No	No	ExpenseRecovery								EXISTING_GLOBAL;NEEDED_GLOBAL
Global	Contract	Statement Audit - Reported (Net)	Reported Pass-Through (ST1+AF%+AF+A)	ReportedPassThroughNet	sTYPE_MONEY_MATH_OPERATION	No	No	ExpenseRecovery								EXISTING_GLOBAL;NEEDED_GLOBAL
Global	Contract	Statement Audit - Reported (Net)	Reported Recoveries	ReportedRecoveriesNet	sTYPE_MONEY	No	No	ExpenseRecovery								EXISTING_GLOBAL;NEEDED_GLOBAL
Global	Contract	Statement Audit - Reported (Net)	Reported Revised Amount Due (Net+Adj)	ReportedRevisedNetAmountDueNet	sTYPE_MONEY_MATH_OPERATION	No	No	ExpenseRecovery								EXISTING_GLOBAL;NEEDED_GLOBAL
Global	Contract	Statement Audit - Reported (Net)	Reported Sub Total #1 (C+NC-D)	ReportedSubTotal1Net	sTYPE_MONEY_MATH_OPERATION	No	No	ExpenseRecovery								EXISTING_GLOBAL;NEEDED_GLOBAL
Global	Contract	Statement Audit - Reported (Net)	Reported Sub Total #2 (PT-R)	ReportedSubTotal2Net	sTYPE_MONEY_MATH_OPERATION	No	No	ExpenseRecovery								EXISTING_GLOBAL;NEEDED_GLOBAL
Global	Contract	Statement Audit - Reported-Approved Variance (Gross)	R-A Variance - Additions	RAVarianceAdditionsGross	sTYPE_MONEY_MATH_OPERATION	No	No	ExpenseRecovery								EXISTING_GLOBAL;NEEDED_GLOBAL
Global	Contract	Statement Audit - Reported-Approved Variance (Gross)	R-A Variance - Admin Fee Percentage	RAVarianceAdminFeePercentageGross	sTYPE_PERCENT_MATH_OPERATION	No	No	ExpenseRecovery								EXISTING_GLOBAL;NEEDED_GLOBAL
Global	Contract	Statement Audit - Reported-Approved Variance (Gross)	R-A Variance - Admin Fee Percentage Amount	RAVarianceAdminFeePercentageAmountGross	sTYPE_MONEY_MATH_OPERATION	No	No	ExpenseRecovery								EXISTING_GLOBAL;NEEDED_GLOBAL
Global	Contract	Statement Audit - Reported-Approved Variance (Gross)	R-A Variance - Administration Fees	RAVarianceAdministrationFeesGross	sTYPE_MONEY_MATH_OPERATION	No	No	ExpenseRecovery								EXISTING_GLOBAL;NEEDED_GLOBAL
Global	Contract	Statement Audit - Reported-Approved Variance (Gross)	R-A Variance - Cap Amount	RAVarianceCapAmountGross	sTYPE_MONEY_MATH_OPERATION	No	No	ExpenseRecovery								EXISTING_GLOBAL;NEEDED_GLOBAL
Global	Contract	Statement Audit - Reported-Approved Variance (Gross)	R-A Variance - Controllable Expenses	RAVarianceControllableExpensesGross	sTYPE_MONEY_MATH_OPERATION	No	No	ExpenseRecovery								EXISTING_GLOBAL;NEEDED_GLOBAL
Global	Contract	Statement Audit - Reported-Approved Variance (Gross)	R-A Variance - Deductions	RAVarianceDeductionsGross	sTYPE_MONEY_MATH_OPERATION	No	No	ExpenseRecovery								EXISTING_GLOBAL;NEEDED_GLOBAL
Global	Contract	Statement Audit - Reported-Approved Variance (Gross)	R-A Variance - GLA	RAVarianceGLAGross	sTYPE_MATH_OPERATION	No	No	ExpenseRecovery								EXISTING_GLOBAL;NEEDED_GLOBAL
Global	Contract	Statement Audit - Reported-Approved Variance (Gross)	R-A Variance - Net Amount Due (NPT-PP)	RAVarianceNetAmountDueGross	sTYPE_MONEY_MATH_OPERATION	No	No	ExpenseRecovery								EXISTING_GLOBAL;NEEDED_GLOBAL
Global	Contract	Statement Audit - Reported-Approved Variance (Gross)	R-A Variance - Net Pass-Through (ST2*PRR)	RAVarianceNetPassThroughGross	sTYPE_MONEY_MATH_OPERATION	No	No	ExpenseRecovery								EXISTING_GLOBAL;NEEDED_GLOBAL
Global	Contract	Statement Audit - Reported-Approved Variance (Gross)	R-A Variance - Non-Controllable Expenses	RAVarianceNonControllableExpensesGross	sTYPE_MONEY_MATH_OPERATION	No	No	ExpenseRecovery								EXISTING_GLOBAL;NEEDED_GLOBAL
Global	Contract	Statement Audit - Reported-Approved Variance (Gross)	R-A Variance - Pass-Through (ST1+AF%+AF+A)	RAVariancePassThroughGross	sTYPE_MONEY_MATH_OPERATION	No	No	ExpenseRecovery								EXISTING_GLOBAL;NEEDED_GLOBAL
Global	Contract	Statement Audit - Reported-Approved Variance (Gross)	R-A Variance - Pre Paid Amount	RAVariancePrePaidAmountGross	sTYPE_MONEY_MATH_OPERATION	No	No	ExpenseRecovery								EXISTING_GLOBAL;NEEDED_GLOBAL
Global	Contract	Statement Audit - Reported-Approved Variance (Gross)	R-A Variance - Pro Rata Share Rate	RAVarianceProRataShareRateGross	sTYPE_PERCENT_MATH_OPERATION	No	No	ExpenseRecovery								EXISTING_GLOBAL;NEEDED_GLOBAL
Global	Contract	Statement Audit - Reported-Approved Variance (Gross)	R-A Variance - Recoveries	RAVarianceRecoveriesGross	sTYPE_MONEY_MATH_OPERATION	No	No	ExpenseRecovery								EXISTING_GLOBAL;NEEDED_GLOBAL
Global	Contract	Statement Audit - Reported-Approved Variance (Gross)	R-A Variance - Rentable Area	RAVarianceRentableAreaGross	sTYPE_MATH_OPERATION	No	No	ExpenseRecovery								EXISTING_GLOBAL;NEEDED_GLOBAL
Global	Contract	Statement Audit - Reported-Approved Variance (Gross)	R-A Variance - Sub Total #1 (C+NC-D)	RAVarianceSubTotal1Gross	sTYPE_MONEY_MATH_OPERATION	No	No	ExpenseRecovery								EXISTING_GLOBAL;NEEDED_GLOBAL
Global	Contract	Statement Audit - Reported-Approved Variance (Gross)	R-A Variance - Sub Total #2 (PT-R)	RAVarianceSubTotal2Gross	sTYPE_MONEY_MATH_OPERATION	No	No	ExpenseRecovery								EXISTING_GLOBAL;NEEDED_GLOBAL
Global	Contract	Statement Audit - Reported-Approved Variance (Net)	R-A Variance - Additions	RAVarianceAdditionsNet	sTYPE_MONEY_MATH_OPERATION	No	No	ExpenseRecovery								EXISTING_GLOBAL;NEEDED_GLOBAL
Global	Contract	Statement Audit - Reported-Approved Variance (Net)	R-A Variance - Admin Fee Percentage	RAVarianceAdminFeePercentageNet	sTYPE_PERCENT_MATH_OPERATION	No	No	ExpenseRecovery								EXISTING_GLOBAL;NEEDED_GLOBAL
Global	Contract	Statement Audit - Reported-Approved Variance (Net)	R-A Variance - Admin Fee Percentage Amount	RAVarianceAdminFeePercentageAmountNet	sTYPE_MONEY_MATH_OPERATION	No	No	ExpenseRecovery								EXISTING_GLOBAL;NEEDED_GLOBAL
Global	Contract	Statement Audit - Reported-Approved Variance (Net)	R-A Variance - Administration Fees	RAVarianceAdministrationFeesNet	sTYPE_MONEY_MATH_OPERATION	No	No	ExpenseRecovery								EXISTING_GLOBAL;NEEDED_GLOBAL
Global	Contract	Statement Audit - Reported-Approved Variance (Net)	R-A Variance - Cap Amount	RAVarianceCapAmountNet	sTYPE_MONEY_MATH_OPERATION	No	No	ExpenseRecovery								EXISTING_GLOBAL;NEEDED_GLOBAL
Global	Contract	Statement Audit - Reported-Approved Variance (Net)	R-A Variance - Controllable Expenses	RAVarianceControllableExpensesNet	sTYPE_MONEY_MATH_OPERATION	No	No	ExpenseRecovery								EXISTING_GLOBAL;NEEDED_GLOBAL
Global	Contract	Statement Audit - Reported-Approved Variance (Net)	R-A Variance - Deductions	RAVarianceDeductionsNet	sTYPE_MONEY_MATH_OPERATION	No	No	ExpenseRecovery								EXISTING_GLOBAL;NEEDED_GLOBAL
Global	Contract	Statement Audit - Reported-Approved Variance (Net)	R-A Variance - GLA	RAVarianceGLANet	sTYPE_MATH_OPERATION	No	No	ExpenseRecovery								EXISTING_GLOBAL;NEEDED_GLOBAL
Global	Contract	Statement Audit - Reported-Approved Variance (Net)	R-A Variance - Net Amount Due (NPT-PP)	RAVarianceNetAmountDueNet	sTYPE_MONEY_MATH_OPERATION	No	No	ExpenseRecovery								EXISTING_GLOBAL;NEEDED_GLOBAL
Global	Contract	Statement Audit - Reported-Approved Variance (Net)	R-A Variance - Net Pass-Through (ST2*PRR)	RAVarianceNetPassThroughNet	sTYPE_MONEY_MATH_OPERATION	No	No	ExpenseRecovery								EXISTING_GLOBAL;NEEDED_GLOBAL
Global	Contract	Statement Audit - Reported-Approved Variance (Net)	R-A Variance - Non-Controllable Expenses	RAVarianceNonControllableExpensesNet	sTYPE_MONEY_MATH_OPERATION	No	No	ExpenseRecovery								EXISTING_GLOBAL;NEEDED_GLOBAL
Global	Contract	Statement Audit - Reported-Approved Variance (Net)	R-A Variance - Pass-Through (ST1+AF%+AF+A)	RAVariancePassThroughNet	sTYPE_MONEY_MATH_OPERATION	No	No	ExpenseRecovery								EXISTING_GLOBAL;NEEDED_GLOBAL
Global	Contract	Statement Audit - Reported-Approved Variance (Net)	R-A Variance - Pre Paid Amount	RAVariancePrePaidAmountNet	sTYPE_MONEY_MATH_OPERATION	No	No	ExpenseRecovery								EXISTING_GLOBAL;NEEDED_GLOBAL
Global	Contract	Statement Audit - Reported-Approved Variance (Net)	R-A Variance - Pro Rata Share Rate	RAVarianceProRataShareRateNet	sTYPE_PERCENT_MATH_OPERATION	No	No	ExpenseRecovery								EXISTING_GLOBAL;NEEDED_GLOBAL
Global	Contract	Statement Audit - Reported-Approved Variance (Net)	R-A Variance - Recoveries	RAVarianceRecoveriesNet	sTYPE_MONEY_MATH_OPERATION	No	No	ExpenseRecovery								EXISTING_GLOBAL;NEEDED_GLOBAL
Global	Contract	Statement Audit - Reported-Approved Variance (Net)	R-A Variance - Rentable Area	RAVarianceRentableAreaNet	sTYPE_MATH_OPERATION	No	No	ExpenseRecovery								EXISTING_GLOBAL;NEEDED_GLOBAL
Global	Contract	Statement Audit - Reported-Approved Variance (Net)	R-A Variance - Sub Total #1 (C+NC-D)	RAVarianceSubTotal1Net	sTYPE_MONEY_MATH_OPERATION	No	No	ExpenseRecovery								EXISTING_GLOBAL;NEEDED_GLOBAL
Global	Contract	Statement Audit - Reported-Approved Variance (Net)	R-A Variance - Sub Total #2 (PT-R)	RAVarianceSubTotal2Net	sTYPE_MONEY_MATH_OPERATION	No	No	ExpenseRecovery								EXISTING_GLOBAL;NEEDED_GLOBAL
Global	Contract	Statement Audit - Reported-Prior Variance % (Gross)	R-P Variance % - Additions	RPVariancePctAdditionsGross	sTYPE_PERCENT_MATH_OPERATION	No	No	ExpenseRecovery								EXISTING_GLOBAL;NEEDED_GLOBAL
Global	Contract	Statement Audit - Reported-Prior Variance % (Gross)	R-P Variance % - Admin Fee Percentage	RPVariancePctAdminFeePercentageGross	sTYPE_PERCENT_MATH_OPERATION	No	No	ExpenseRecovery								EXISTING_GLOBAL;NEEDED_GLOBAL
Global	Contract	Statement Audit - Reported-Prior Variance % (Gross)	R-P Variance % - Admin Fee Percentage Amount	RPVariancePctAdminFeePercentageAmountGross	sTYPE_PERCENT_MATH_OPERATION	No	No	ExpenseRecovery								EXISTING_GLOBAL;NEEDED_GLOBAL
Global	Contract	Statement Audit - Reported-Prior Variance % (Gross)	R-P Variance % - Administration Fees	RPVariancePctAdministrationFeesGross	sTYPE_PERCENT_MATH_OPERATION	No	No	ExpenseRecovery								EXISTING_GLOBAL;NEEDED_GLOBAL
Global	Contract	Statement Audit - Reported-Prior Variance % (Gross)	R-P Variance % - Cap Amount	RPVariancePctCapAmountGross	sTYPE_PERCENT_MATH_OPERATION	No	No	ExpenseRecovery								EXISTING_GLOBAL;NEEDED_GLOBAL
Global	Contract	Statement Audit - Reported-Prior Variance % (Gross)	R-P Variance % - Controllable Expenses	RPVariancePctControllableExpensesGross	sTYPE_PERCENT_MATH_OPERATION	No	No	ExpenseRecovery								EXISTING_GLOBAL;NEEDED_GLOBAL
Global	Contract	Statement Audit - Reported-Prior Variance % (Gross)	R-P Variance % - Deductions	RPVariancePctDeductionsGross	sTYPE_PERCENT_MATH_OPERATION	No	No	ExpenseRecovery								EXISTING_GLOBAL;NEEDED_GLOBAL
Global	Contract	Statement Audit - Reported-Prior Variance % (Gross)	R-P Variance % - GLA	RPVariancePctGLAGross	sTYPE_PERCENT_MATH_OPERATION	No	No	ExpenseRecovery								EXISTING_GLOBAL;NEEDED_GLOBAL
Global	Contract	Statement Audit - Reported-Prior Variance % (Gross)	R-P Variance % - Net Amount Due (NPT-PP)	RPVariancePctNetAmountDueGross	sTYPE_PERCENT_MATH_OPERATION	No	No	ExpenseRecovery								EXISTING_GLOBAL;NEEDED_GLOBAL
Global	Contract	Statement Audit - Reported-Prior Variance % (Gross)	R-P Variance % - Net Pass-Through (ST2*PRR)	RPVariancePctNetPassThroughGross	sTYPE_PERCENT_MATH_OPERATION	No	No	ExpenseRecovery								EXISTING_GLOBAL;NEEDED_GLOBAL
Global	Contract	Statement Audit - Reported-Prior Variance % (Gross)	R-P Variance % - Non-Controllable Expenses	RPVariancePctNonControllableExpensesGross	sTYPE_PERCENT_MATH_OPERATION	No	No	ExpenseRecovery								EXISTING_GLOBAL;NEEDED_GLOBAL
Global	Contract	Statement Audit - Reported-Prior Variance % (Gross)	R-P Variance % - Pass-Through (ST1+AF%+AF+A)	RPVariancePctPassThroughGross	sTYPE_PERCENT_MATH_OPERATION	No	No	ExpenseRecovery								EXISTING_GLOBAL;NEEDED_GLOBAL
Global	Contract	Statement Audit - Reported-Prior Variance % (Gross)	R-P Variance % - Pre Paid Amount	RPVariancePctPrePaidAmountGross	sTYPE_PERCENT_MATH_OPERATION	No	No	ExpenseRecovery								EXISTING_GLOBAL;NEEDED_GLOBAL
Global	Contract	Statement Audit - Reported-Prior Variance % (Gross)	R-P Variance % - Pro Rata Share Rate	RPVariancePctProRataShareRateGross	sTYPE_PERCENT_MATH_OPERATION	No	No	ExpenseRecovery								EXISTING_GLOBAL;NEEDED_GLOBAL
Global	Contract	Statement Audit - Reported-Prior Variance % (Gross)	R-P Variance % - Recoveries	RPVariancePctRecoveriesGross	sTYPE_PERCENT_MATH_OPERATION	No	No	ExpenseRecovery								EXISTING_GLOBAL;NEEDED_GLOBAL
Global	Contract	Statement Audit - Reported-Prior Variance % (Gross)	R-P Variance % - Rentable Area	RPVariancePctRentableAreaGross	sTYPE_PERCENT_MATH_OPERATION	No	No	ExpenseRecovery								EXISTING_GLOBAL;NEEDED_GLOBAL
Global	Contract	Statement Audit - Reported-Prior Variance % (Gross)	R-P Variance % - Sub Total #1 (C+NC-D)	RPVariancePctSubTotal1Gross	sTYPE_PERCENT_MATH_OPERATION	No	No	ExpenseRecovery								EXISTING_GLOBAL;NEEDED_GLOBAL
Global	Contract	Statement Audit - Reported-Prior Variance % (Gross)	R-P Variance % - Sub Total #2 (PT-R)	RPVariancePctSubTotal2Gross	sTYPE_PERCENT_MATH_OPERATION	No	No	ExpenseRecovery								EXISTING_GLOBAL;NEEDED_GLOBAL
Global	Contract	Statement Audit - Reported-Prior Variance % (Net)	R-P Variance % - Additions	RPVariancePctAdditionsNet	sTYPE_PERCENT_MATH_OPERATION	No	No	ExpenseRecovery								EXISTING_GLOBAL;NEEDED_GLOBAL
Global	Contract	Statement Audit - Reported-Prior Variance % (Net)	R-P Variance % - Admin Fee Percentage	RPVariancePctAdminFeePercentageNet	sTYPE_PERCENT_MATH_OPERATION	No	No	ExpenseRecovery								EXISTING_GLOBAL;NEEDED_GLOBAL
Global	Contract	Statement Audit - Reported-Prior Variance % (Net)	R-P Variance % - Admin Fee Percentage Amount	RPVariancePctAdminFeePercentageAmountNet	sTYPE_PERCENT_MATH_OPERATION	No	No	ExpenseRecovery								EXISTING_GLOBAL;NEEDED_GLOBAL
Global	Contract	Statement Audit - Reported-Prior Variance % (Net)	R-P Variance % - Administration Fees	RPVariancePctAdministrationFeesNet	sTYPE_PERCENT_MATH_OPERATION	No	No	ExpenseRecovery								EXISTING_GLOBAL;NEEDED_GLOBAL
Global	Contract	Statement Audit - Reported-Prior Variance % (Net)	R-P Variance % - Cap Amount	RPVariancePctCapAmountNet	sTYPE_PERCENT_MATH_OPERATION	No	No	ExpenseRecovery								EXISTING_GLOBAL;NEEDED_GLOBAL
Global	Contract	Statement Audit - Reported-Prior Variance % (Net)	R-P Variance % - Controllable Expenses	RPVariancePctControllableExpensesNet	sTYPE_PERCENT_MATH_OPERATION	No	No	ExpenseRecovery								EXISTING_GLOBAL;NEEDED_GLOBAL
Global	Contract	Statement Audit - Reported-Prior Variance % (Net)	R-P Variance % - Deductions	RPVariancePctDeductionsNet	sTYPE_PERCENT_MATH_OPERATION	No	No	ExpenseRecovery								EXISTING_GLOBAL;NEEDED_GLOBAL
Global	Contract	Statement Audit - Reported-Prior Variance % (Net)	R-P Variance % - GLA	RPVariancePctGLANet	sTYPE_PERCENT_MATH_OPERATION	No	No	ExpenseRecovery								EXISTING_GLOBAL;NEEDED_GLOBAL
Global	Contract	Statement Audit - Reported-Prior Variance % (Net)	R-P Variance % - Net Amount Due (NPT-PP)	RPVariancePctNetAmountDueNet	sTYPE_PERCENT_MATH_OPERATION	No	No	ExpenseRecovery								EXISTING_GLOBAL;NEEDED_GLOBAL
Global	Contract	Statement Audit - Reported-Prior Variance % (Net)	R-P Variance % - Net Pass-Through (ST2*PRR)	RPVariancePctNetPassThroughNet	sTYPE_PERCENT_MATH_OPERATION	No	No	ExpenseRecovery								EXISTING_GLOBAL;NEEDED_GLOBAL
Global	Contract	Statement Audit - Reported-Prior Variance % (Net)	R-P Variance % - Non-Controllable Expenses	RPVariancePctNonControllableExpensesNet	sTYPE_PERCENT_MATH_OPERATION	No	No	ExpenseRecovery								EXISTING_GLOBAL;NEEDED_GLOBAL
Global	Contract	Statement Audit - Reported-Prior Variance % (Net)	R-P Variance % - Pass-Through (ST1+AF%+AF+A)	RPVariancePctPassThroughNet	sTYPE_PERCENT_MATH_OPERATION	No	No	ExpenseRecovery								EXISTING_GLOBAL;NEEDED_GLOBAL
Global	Contract	Statement Audit - Reported-Prior Variance % (Net)	R-P Variance % - Pre Paid Amount	RPVariancePctPrePaidAmountNet	sTYPE_PERCENT_MATH_OPERATION	No	No	ExpenseRecovery								EXISTING_GLOBAL;NEEDED_GLOBAL
Global	Contract	Statement Audit - Reported-Prior Variance % (Net)	R-P Variance % - Pro Rata Share Rate	RPVariancePctProRataShareRateNet	sTYPE_PERCENT_MATH_OPERATION	No	No	ExpenseRecovery								EXISTING_GLOBAL;NEEDED_GLOBAL
Global	Contract	Statement Audit - Reported-Prior Variance % (Net)	R-P Variance % - Recoveries	RPVariancePctRecoveriesNet	sTYPE_PERCENT_MATH_OPERATION	No	No	ExpenseRecovery								EXISTING_GLOBAL;NEEDED_GLOBAL
Global	Contract	Statement Audit - Reported-Prior Variance % (Net)	R-P Variance % - Rentable Area	RPVariancePctRentableAreaNet	sTYPE_PERCENT_MATH_OPERATION	No	No	ExpenseRecovery								EXISTING_GLOBAL;NEEDED_GLOBAL
Global	Contract	Statement Audit - Reported-Prior Variance % (Net)	R-P Variance % - Sub Total #1 (C+NC-D)	RPVariancePctSubTotal1Net	sTYPE_PERCENT_MATH_OPERATION	No	No	ExpenseRecovery								EXISTING_GLOBAL;NEEDED_GLOBAL
Global	Contract	Statement Audit - Reported-Prior Variance % (Net)	R-P Variance % - Sub Total #2 (PT-R)	RPVariancePctSubTotal2Net	sTYPE_PERCENT_MATH_OPERATION	No	No	ExpenseRecovery								EXISTING_GLOBAL;NEEDED_GLOBAL
Global	Contract	Statement Audit - Reported-Prior Variance (Gross)	R-P Variance - Additions	RPVarianceAdditionsGross	sTYPE_MONEY_MATH_OPERATION	No	No	ExpenseRecovery								EXISTING_GLOBAL;NEEDED_GLOBAL
Global	Contract	Statement Audit - Reported-Prior Variance (Gross)	R-P Variance - Admin Fee Percentage	RPVarianceAdminFeePercentageGross	sTYPE_PERCENT_MATH_OPERATION	No	No	ExpenseRecovery								EXISTING_GLOBAL;NEEDED_GLOBAL
Global	Contract	Statement Audit - Reported-Prior Variance (Gross)	R-P Variance - Admin Fee Percentage Amount	RPVarianceAdminFeePercentageAmountGross	sTYPE_MONEY_MATH_OPERATION	No	No	ExpenseRecovery								EXISTING_GLOBAL;NEEDED_GLOBAL
Global	Contract	Statement Audit - Reported-Prior Variance (Gross)	R-P Variance - Administration Fees	RPVarianceAdministrationFeesGross	sTYPE_MONEY_MATH_OPERATION	No	No	ExpenseRecovery								EXISTING_GLOBAL;NEEDED_GLOBAL
Global	Contract	Statement Audit - Reported-Prior Variance (Gross)	R-P Variance - Cap Amount	RPVarianceCapAmountGross	sTYPE_MONEY_MATH_OPERATION	No	No	ExpenseRecovery								EXISTING_GLOBAL;NEEDED_GLOBAL
Global	Contract	Statement Audit - Reported-Prior Variance (Gross)	R-P Variance - Controllable Expenses	RPVarianceControllableExpensesGross	sTYPE_MONEY_MATH_OPERATION	No	No	ExpenseRecovery								EXISTING_GLOBAL;NEEDED_GLOBAL
Global	Contract	Statement Audit - Reported-Prior Variance (Gross)	R-P Variance - Deductions	RPVarianceDeductionsGross	sTYPE_MONEY_MATH_OPERATION	No	No	ExpenseRecovery								EXISTING_GLOBAL;NEEDED_GLOBAL
Global	Contract	Statement Audit - Reported-Prior Variance (Gross)	R-P Variance - GLA	RPVarianceGLAGross	sTYPE_MATH_OPERATION	No	No	ExpenseRecovery								EXISTING_GLOBAL;NEEDED_GLOBAL
Global	Contract	Statement Audit - Reported-Prior Variance (Gross)	R-P Variance - Net Amount Due (NPT-PP)	RPVarianceNetAmountDueGross	sTYPE_MONEY_MATH_OPERATION	No	No	ExpenseRecovery								EXISTING_GLOBAL;NEEDED_GLOBAL
Global	Contract	Statement Audit - Reported-Prior Variance (Gross)	R-P Variance - Net Pass-Through (ST2*PRR)	RPVarianceNetPassThroughGross	sTYPE_MONEY_MATH_OPERATION	No	No	ExpenseRecovery								EXISTING_GLOBAL;NEEDED_GLOBAL
Global	Contract	Statement Audit - Reported-Prior Variance (Gross)	R-P Variance - Non-Controllable Expenses	RPVarianceNonControllableExpensesGross	sTYPE_MONEY_MATH_OPERATION	No	No	ExpenseRecovery								EXISTING_GLOBAL;NEEDED_GLOBAL
Global	Contract	Statement Audit - Reported-Prior Variance (Gross)	R-P Variance - Pass-Through (ST1+AF%+AF+A)	RPVariancePassThroughGross	sTYPE_MONEY_MATH_OPERATION	No	No	ExpenseRecovery								EXISTING_GLOBAL;NEEDED_GLOBAL
Global	Contract	Statement Audit - Reported-Prior Variance (Gross)	R-P Variance - Pre Paid Amount	RPVariancePrePaidAmountGross	sTYPE_MONEY_MATH_OPERATION	No	No	ExpenseRecovery								EXISTING_GLOBAL;NEEDED_GLOBAL
Global	Contract	Statement Audit - Reported-Prior Variance (Gross)	R-P Variance - Pro Rata Share Rate	RPVarianceProRataShareRateGross	sTYPE_PERCENT_MATH_OPERATION	No	No	ExpenseRecovery								EXISTING_GLOBAL;NEEDED_GLOBAL
Global	Contract	Statement Audit - Reported-Prior Variance (Gross)	R-P Variance - Recoveries	RPVarianceRecoveriesGross	sTYPE_MONEY_MATH_OPERATION	No	No	ExpenseRecovery								EXISTING_GLOBAL;NEEDED_GLOBAL
Global	Contract	Statement Audit - Reported-Prior Variance (Gross)	R-P Variance - Rentable Area	RPVarianceRentableAreaGross	sTYPE_MATH_OPERATION	No	No	ExpenseRecovery								EXISTING_GLOBAL;NEEDED_GLOBAL
Global	Contract	Statement Audit - Reported-Prior Variance (Gross)	R-P Variance - Sub Total #1 (C+NC-D)	RPVarianceSubTotal1Gross	sTYPE_MONEY_MATH_OPERATION	No	No	ExpenseRecovery								EXISTING_GLOBAL;NEEDED_GLOBAL
Global	Contract	Statement Audit - Reported-Prior Variance (Gross)	R-P Variance - Sub Total #2 (PT-R)	RPVarianceSubTotal2Gross	sTYPE_MONEY_MATH_OPERATION	No	No	ExpenseRecovery								EXISTING_GLOBAL;NEEDED_GLOBAL
Global	Contract	Statement Audit - Reported-Prior Variance (Net)	R-P Variance - Additions	RPVarianceAdditionsNet	sTYPE_MONEY_MATH_OPERATION	No	No	ExpenseRecovery								EXISTING_GLOBAL;NEEDED_GLOBAL
Global	Contract	Statement Audit - Reported-Prior Variance (Net)	R-P Variance - Admin Fee Percentage	RPVarianceAdminFeePercentageNet	sTYPE_PERCENT_MATH_OPERATION	No	No	ExpenseRecovery								EXISTING_GLOBAL;NEEDED_GLOBAL
Global	Contract	Statement Audit - Reported-Prior Variance (Net)	R-P Variance - Admin Fee Percentage Amount	RPVarianceAdminFeePercentageAmountNet	sTYPE_MONEY_MATH_OPERATION	No	No	ExpenseRecovery								EXISTING_GLOBAL;NEEDED_GLOBAL
Global	Contract	Statement Audit - Reported-Prior Variance (Net)	R-P Variance - Administration Fees	RPVarianceAdministrationFeesNet	sTYPE_MONEY_MATH_OPERATION	No	No	ExpenseRecovery								EXISTING_GLOBAL;NEEDED_GLOBAL
Global	Contract	Statement Audit - Reported-Prior Variance (Net)	R-P Variance - Cap Amount	RPVarianceCapAmountNet	sTYPE_MONEY_MATH_OPERATION	No	No	ExpenseRecovery								EXISTING_GLOBAL;NEEDED_GLOBAL
Global	Contract	Statement Audit - Reported-Prior Variance (Net)	R-P Variance - Controllable Expenses	RPVarianceControllableExpensesNet	sTYPE_MONEY_MATH_OPERATION	No	No	ExpenseRecovery								EXISTING_GLOBAL;NEEDED_GLOBAL
Global	Contract	Statement Audit - Reported-Prior Variance (Net)	R-P Variance - Deductions	RPVarianceDeductionsNet	sTYPE_MONEY_MATH_OPERATION	No	No	ExpenseRecovery								EXISTING_GLOBAL;NEEDED_GLOBAL
Global	Contract	Statement Audit - Reported-Prior Variance (Net)	R-P Variance - GLA	RPVarianceGLANet	sTYPE_MATH_OPERATION	No	No	ExpenseRecovery								EXISTING_GLOBAL;NEEDED_GLOBAL
Global	Contract	Statement Audit - Reported-Prior Variance (Net)	R-P Variance - Net Amount Due (NPT-PP)	RPVarianceNetAmountDueNet	sTYPE_MONEY_MATH_OPERATION	No	No	ExpenseRecovery								EXISTING_GLOBAL;NEEDED_GLOBAL
Global	Contract	Statement Audit - Reported-Prior Variance (Net)	R-P Variance - Net Pass-Through (ST2*PRR)	RPVarianceNetPassThroughNet	sTYPE_MONEY_MATH_OPERATION	No	No	ExpenseRecovery								EXISTING_GLOBAL;NEEDED_GLOBAL
Global	Contract	Statement Audit - Reported-Prior Variance (Net)	R-P Variance - Non-Controllable Expenses	RPVarianceNonControllableExpensesNet	sTYPE_MONEY_MATH_OPERATION	No	No	ExpenseRecovery								EXISTING_GLOBAL;NEEDED_GLOBAL
Global	Contract	Statement Audit - Reported-Prior Variance (Net)	R-P Variance - Pass-Through (ST1+AF%+AF+A)	RPVariancePassThroughNet	sTYPE_MONEY_MATH_OPERATION	No	No	ExpenseRecovery								EXISTING_GLOBAL;NEEDED_GLOBAL
Global	Contract	Statement Audit - Reported-Prior Variance (Net)	R-P Variance - Pre Paid Amount	RPVariancePrePaidAmountNet	sTYPE_MONEY_MATH_OPERATION	No	No	ExpenseRecovery								EXISTING_GLOBAL;NEEDED_GLOBAL
Global	Contract	Statement Audit - Reported-Prior Variance (Net)	R-P Variance - Pro Rata Share Rate	RPVarianceProRataShareRateNet	sTYPE_PERCENT_MATH_OPERATION	No	No	ExpenseRecovery								EXISTING_GLOBAL;NEEDED_GLOBAL
Global	Contract	Statement Audit - Reported-Prior Variance (Net)	R-P Variance - Recoveries	RPVarianceRecoveriesNet	sTYPE_MONEY_MATH_OPERATION	No	No	ExpenseRecovery								EXISTING_GLOBAL;NEEDED_GLOBAL
Global	Contract	Statement Audit - Reported-Prior Variance (Net)	R-P Variance - Rentable Area	RPVarianceRentableAreaNet	sTYPE_MATH_OPERATION	No	No	ExpenseRecovery								EXISTING_GLOBAL;NEEDED_GLOBAL
Global	Contract	Statement Audit - Reported-Prior Variance (Net)	R-P Variance - Sub Total #1 (C+NC-D)	RPVarianceSubTotal1Net	sTYPE_MONEY_MATH_OPERATION	No	No	ExpenseRecovery								EXISTING_GLOBAL;NEEDED_GLOBAL
Global	Contract	Statement Audit - Reported-Prior Variance (Net)	R-P Variance - Sub Total #2 (PT-R)	RPVarianceSubTotal2Net	sTYPE_MONEY_MATH_OPERATION	No	No	ExpenseRecovery								EXISTING_GLOBAL;NEEDED_GLOBAL
Global	Contract	Straight Line Period	12-Month Forward Change in Asset Balance	Forward12MonthAssetChange	sTYPE_MONEY	No	No	SLPeriod								EXISTING_GLOBAL;NEEDED_GLOBAL
Global	Contract	Straight Line Period	12-Month Forward Change in Liability Balance	Forward12MonthLiabilityChange	sTYPE_MONEY	No	No	SLPeriod								EXISTING_GLOBAL;NEEDED_GLOBAL
Global	Contract	Straight Line Period	Accumulated Amortization Balance	CumulativeAssetAmortExpense	sTYPE_MONEY	No	No	SLPeriod								EXISTING_GLOBAL;NEEDED_GLOBAL
Global	Contract	Straight Line Period	Allocations	SLPeriodAllocations	sTYPE_TEXT	No	No	SLPeriod								EXISTING_GLOBAL;NEEDED_GLOBAL
Global	Contract	Straight Line Period	Asset Amortization Expense - Translated	AssetAmortizationExpenseTranslated	sTYPE_MONEY	No	No	SLPeriod								EXISTING_GLOBAL;NEEDED_GLOBAL
Global	Contract	Straight Line Period	Asset Balance	AssetAmount	sTYPE_MONEY	No	No	SLPeriod								EXISTING_GLOBAL;NEEDED_GLOBAL
Global	Contract	Straight Line Period	Asset Balance - Translated	AssetAmountTranslated	sTYPE_MONEY	No	No	SLPeriod								EXISTING_GLOBAL;NEEDED_GLOBAL
Global	Contract	Straight Line Period	Asset Translation Adjustment	AssetTranslationAdjustment	sTYPE_MONEY	No	No	SLPeriod								EXISTING_GLOBAL;NEEDED_GLOBAL
Global	Contract	Straight Line Period	Begin Date	BeginDate	sTYPE_DATE	No	No	SLPeriod								EXISTING_GLOBAL;NEEDED_GLOBAL
Global	Contract	Straight Line Period	Cash Payment - Translated	CashPaymentTranslated	sTYPE_MONEY	No	No	SLPeriod								EXISTING_GLOBAL;NEEDED_GLOBAL
Global	Contract	Straight Line Period	Cash Rate	ConversionRateMonthEnd	sTYPE_NUMBER_FRACTION6DIGITS	No	No	SLPeriod								EXISTING_GLOBAL;NEEDED_GLOBAL
Global	Contract	Straight Line Period	Contract	ContractID	sTYPE_CONTRACT	Yes	No	SLPeriod								EXISTING_GLOBAL;NEEDED_GLOBAL
Global	Contract	Straight Line Period	Created By	CreatedByID	sTYPE_MEMBER	No	No	SLPeriod								EXISTING_GLOBAL;NEEDED_GLOBAL
Global	Contract	Straight Line Period	Created Date	CreatedDate	sTYPE_TIME	No	No	SLPeriod								EXISTING_GLOBAL;NEEDED_GLOBAL
Global	Contract	Straight Line Period	Cumulative Deferred Balance	CumulativeDeferredBalance	sTYPE_MONEY	No	No	SLPeriod								EXISTING_GLOBAL;NEEDED_GLOBAL
Global	Contract	Straight Line Period	Cumulative Period Number	CumulativePeriodNumber	sTYPE_UNFORMATTED_NUMBER	No	No	SLPeriod								EXISTING_GLOBAL;NEEDED_GLOBAL
Global	Contract	Straight Line Period	Cumulative Translation Adjustment	CumulativeTranslationAdjustment	sTYPE_MONEY	No	No	SLPeriod								EXISTING_GLOBAL;NEEDED_GLOBAL
Global	Contract	Straight Line Period	End Date	EndDate	sTYPE_DATE	No	No	SLPeriod								EXISTING_GLOBAL;NEEDED_GLOBAL
Global	Contract	Straight Line Period	Equipment	AssetID	sTYPE_EQUIPMENT	No	No	SLPeriod								EXISTING_GLOBAL;NEEDED_GLOBAL
Global	Contract	Straight Line Period	Equipment Associated Entity	AssetAssociatedProjectEntityID	sTYPE_MIXEDENTITY	No	No	SLPeriod								EXISTING_GLOBAL;NEEDED_GLOBAL
Global	Contract	Straight Line Period	Fiscal Period	FiscalPeriod	sTYPE_NUMBER	No	No	SLPeriod								EXISTING_GLOBAL;NEEDED_GLOBAL
Global	Contract	Straight Line Period	Fiscal Period Year	FiscalPeriodYear	sTYPE_DROPDOWN_YEAR	No	No	SLPeriod								EXISTING_GLOBAL;NEEDED_GLOBAL
Global	Contract	Straight Line Period	FX Gain (Loss)	FXGainLoss	sTYPE_MONEY	No	No	SLPeriod								EXISTING_GLOBAL;NEEDED_GLOBAL
Global	Contract	Straight Line Period	Gross Asset Balance	GrossAssetBalance	sTYPE_MONEY	No	No	SLPeriod								EXISTING_GLOBAL;NEEDED_GLOBAL
Global	Contract	Straight Line Period	Initial Asset Balance	InitialAssetBalance	sTYPE_MONEY	No	No	SLPeriod								EXISTING_GLOBAL;NEEDED_GLOBAL
Global	Contract	Straight Line Period	Initial Liability Balance	InitialLiabilityBalance	sTYPE_MONEY	No	No	SLPeriod								EXISTING_GLOBAL;NEEDED_GLOBAL
Global	Contract	Straight Line Period	Interest - Translated	InterestTranslated	sTYPE_MONEY	No	No	SLPeriod								EXISTING_GLOBAL;NEEDED_GLOBAL
Global	Contract	Straight Line Period	Lease Liability - Translated	LeaseLiabilityTranslated	sTYPE_MONEY	No	No	SLPeriod								EXISTING_GLOBAL;NEEDED_GLOBAL
Global	Contract	Straight Line Period	Liability Balance	LiabilityAmount	sTYPE_MONEY	No	No	SLPeriod								EXISTING_GLOBAL;NEEDED_GLOBAL
Global	Contract	Straight Line Period	Liability FX Impact	LiabilityFXImpact	sTYPE_MONEY	No	No	SLPeriod								EXISTING_GLOBAL;NEEDED_GLOBAL
Global	Contract	Straight Line Period	Liability Translation Adjustment	LiabilityTranslationAdjustment	sTYPE_MONEY	No	No	SLPeriod								EXISTING_GLOBAL;NEEDED_GLOBAL
Global	Contract	Straight Line Period	Long Term Liability	LongTermLiability	sTYPE_MONEY	No	No	SLPeriod								EXISTING_GLOBAL;NEEDED_GLOBAL
Global	Contract	Straight Line Period	Long Term Rent Expense	LongTermRentExpense	sTYPE_MONEY	No	No	SLPeriod								EXISTING_GLOBAL;NEEDED_GLOBAL
Global	Contract	Straight Line Period	Modified By	ModifiedByID	sTYPE_MEMBER	No	No	SLPeriod								EXISTING_GLOBAL;NEEDED_GLOBAL
Global	Contract	Straight Line Period	Modified Date	ModifiedDate	sTYPE_TIME	No	No	SLPeriod								EXISTING_GLOBAL;NEEDED_GLOBAL
Global	Contract	Straight Line Period	Number Days	NumberDays	sTYPE_NUMBER	No	No	SLPeriod								EXISTING_GLOBAL;NEEDED_GLOBAL
Global	Contract	Straight Line Period	Period Asset Amortization Expense	PeriodAssetAmortizationExpense	sTYPE_MONEY	No	No	SLPeriod								EXISTING_GLOBAL;NEEDED_GLOBAL
Global	Contract	Straight Line Period	Period Average Rate	ConversionRateAverage	sTYPE_NUMBER_FRACTION6DIGITS	No	No	SLPeriod								EXISTING_GLOBAL;NEEDED_GLOBAL
Global	Contract	Straight Line Period	Period Cash Amount	PeriodCashAmount	sTYPE_MONEY	No	No	SLPeriod								EXISTING_GLOBAL;NEEDED_GLOBAL
Global	Contract	Straight Line Period	Period Deferred Amount	PeriodDeferredAmount	sTYPE_MONEY	No	No	SLPeriod								EXISTING_GLOBAL;NEEDED_GLOBAL
Global	Contract	Straight Line Period	Period Expense Amount	PeriodExpenseAmount	sTYPE_MONEY	No	No	SLPeriod								EXISTING_GLOBAL;NEEDED_GLOBAL
Global	Contract	Straight Line Period	Period Interest Amount	PeriodInterestAmount	sTYPE_MONEY	No	No	SLPeriod								EXISTING_GLOBAL;NEEDED_GLOBAL
Global	Contract	Straight Line Period	Period Liability Amortization Expense	PeriodLiabilityAmortizationExpense	sTYPE_MONEY	No	No	SLPeriod								EXISTING_GLOBAL;NEEDED_GLOBAL
Global	Contract	Straight Line Period	Posted Date	PostedDate	sTYPE_DATE	No	No	SLPeriod								EXISTING_GLOBAL;NEEDED_GLOBAL
Global	Contract	Straight Line Period	PV Of Period Cash Amount	PVOfPeriodCashAmount	sTYPE_MONEY	No	No	SLPeriod								EXISTING_GLOBAL;NEEDED_GLOBAL
Global	Contract	Straight Line Period	Record Status	RecordStatus	sTYPE_TEXT	Yes	No	SLPeriod								EXISTING_GLOBAL;NEEDED_GLOBAL
Global	Contract	Straight Line Period	Rev Number	RevNumber	sTYPE_UNFORMATTED_NUMBER	No	No	SLPeriod								EXISTING_GLOBAL;NEEDED_GLOBAL
Global	Contract	Straight Line Period	Schedule Asset Amortization	ScheduleCumulativeAmortExpense	sTYPE_MONEY	No	No	SLPeriod								EXISTING_GLOBAL;NEEDED_GLOBAL
Global	Contract	Straight Line Period	Schedule Export Account #1	ExportAcct1Number	sTYPE_TEXT	No	No	SLPeriod								EXISTING_GLOBAL;NEEDED_GLOBAL
Global	Contract	Straight Line Period	Schedule Export Account #10	ExportAcct10Number	sTYPE_TEXT	No	No	SLPeriod								EXISTING_GLOBAL;NEEDED_GLOBAL
Global	Contract	Straight Line Period	Schedule Export Account #11	ExportAcct11Number	sTYPE_TEXT	No	No	SLPeriod								EXISTING_GLOBAL;NEEDED_GLOBAL
Global	Contract	Straight Line Period	Schedule Export Account #12	ExportAcct12Number	sTYPE_TEXT	No	No	SLPeriod								EXISTING_GLOBAL;NEEDED_GLOBAL
Global	Contract	Straight Line Period	Schedule Export Account #13	ExportAcct13Number	sTYPE_TEXT	No	No	SLPeriod								EXISTING_GLOBAL;NEEDED_GLOBAL
Global	Contract	Straight Line Period	Schedule Export Account #14	ExportAcct14Number	sTYPE_TEXT	No	No	SLPeriod								EXISTING_GLOBAL;NEEDED_GLOBAL
Global	Contract	Straight Line Period	Schedule Export Account #15	ExportAcct15Number	sTYPE_TEXT	No	No	SLPeriod								EXISTING_GLOBAL;NEEDED_GLOBAL
Global	Contract	Straight Line Period	Schedule Export Account #16	ExportAcct16Number	sTYPE_TEXT	No	No	SLPeriod								EXISTING_GLOBAL;NEEDED_GLOBAL
Global	Contract	Straight Line Period	Schedule Export Account #17	ExportAcct17Number	sTYPE_TEXT	No	No	SLPeriod								EXISTING_GLOBAL;NEEDED_GLOBAL
Global	Contract	Straight Line Period	Schedule Export Account #18	ExportAcct18Number	sTYPE_TEXT	No	No	SLPeriod								EXISTING_GLOBAL;NEEDED_GLOBAL
Global	Contract	Straight Line Period	Schedule Export Account #19	ExportAcct19Number	sTYPE_TEXT	No	No	SLPeriod								EXISTING_GLOBAL;NEEDED_GLOBAL
Global	Contract	Straight Line Period	Schedule Export Account #2	ExportAcct2Number	sTYPE_TEXT	No	No	SLPeriod								EXISTING_GLOBAL;NEEDED_GLOBAL
Global	Contract	Straight Line Period	Schedule Export Account #20	ExportAcct20Number	sTYPE_TEXT	No	No	SLPeriod								EXISTING_GLOBAL;NEEDED_GLOBAL
Global	Contract	Straight Line Period	Schedule Export Account #3	ExportAcct3Number	sTYPE_TEXT	No	No	SLPeriod								EXISTING_GLOBAL;NEEDED_GLOBAL
Global	Contract	Straight Line Period	Schedule Export Account #4	ExportAcct4Number	sTYPE_TEXT	No	No	SLPeriod								EXISTING_GLOBAL;NEEDED_GLOBAL
Global	Contract	Straight Line Period	Schedule Export Account #5	ExportAcct5Number	sTYPE_TEXT	No	No	SLPeriod								EXISTING_GLOBAL;NEEDED_GLOBAL
Global	Contract	Straight Line Period	Schedule Export Account #6	ExportAcct6Number	sTYPE_TEXT	No	No	SLPeriod								EXISTING_GLOBAL;NEEDED_GLOBAL
Global	Contract	Straight Line Period	Schedule Export Account #7	ExportAcct7Number	sTYPE_TEXT	No	No	SLPeriod								EXISTING_GLOBAL;NEEDED_GLOBAL
Global	Contract	Straight Line Period	Schedule Export Account #8	ExportAcct8Number	sTYPE_TEXT	No	No	SLPeriod								EXISTING_GLOBAL;NEEDED_GLOBAL
Global	Contract	Straight Line Period	Schedule Export Account #9	ExportAcct9Number	sTYPE_TEXT	No	No	SLPeriod								EXISTING_GLOBAL;NEEDED_GLOBAL
Global	Contract	Straight Line Period	Short Term Liability (Amortization Based)	Forward12MonthLiabilityAmortBased	sTYPE_MONEY	No	No	SLPeriod								EXISTING_GLOBAL;NEEDED_GLOBAL
Global	Contract	Straight Line Period	Short Term Liability (PV Based)	Forward12MonthLiabilityPVBased	sTYPE_MONEY	No	No	SLPeriod								EXISTING_GLOBAL;NEEDED_GLOBAL
Global	Contract	Straight Line Period	Short Term Rent Expense	ShortTermRentExpense	sTYPE_MONEY	No	No	SLPeriod								EXISTING_GLOBAL;NEEDED_GLOBAL
Global	Contract	Straight Line Period	SL Schedule Export Account #1	SLExportAcct1Number	sTYPE_TEXT	No	No	SLPeriod								EXISTING_GLOBAL;NEEDED_GLOBAL
Global	Contract	Straight Line Period	SL Schedule Export Account #2	SLExportAcct2Number	sTYPE_TEXT	No	No	SLPeriod								EXISTING_GLOBAL;NEEDED_GLOBAL
Global	Contract	Straight Line Period	SL Schedule Export Account #3	SLExportAcct3Number	sTYPE_TEXT	No	No	SLPeriod								EXISTING_GLOBAL;NEEDED_GLOBAL
Global	Contract	Straight Line Period	Straight Line Period ClientID	BOMapClientRecordID	sTYPE_TEXT	Yes	No	SLPeriod								EXISTING_GLOBAL;NEEDED_GLOBAL
Global	Contract	Straight Line Period	Straight Line Period RecID	SLPeriodID	sTYPE_UNFORMATTED_NUMBER	No	No	SLPeriod								EXISTING_GLOBAL;NEEDED_GLOBAL
Global	Contract	Straight Line Period	Straight Line Schedule	CodeSLScheduleID	sCODE_SL_SCHEDULE	No	No	SLPeriod								EXISTING_GLOBAL;NEEDED_GLOBAL
Global	Contract	Straight Line Period	Straight Line Summary	SLSummaryID	sTYPE_SL_SUMMARY	Yes	No	SLPeriod								EXISTING_GLOBAL;NEEDED_GLOBAL
Global	Contract	Straight Line Summary	12-Month Forward Change in Asset Balance	Forward12MonthAssetChange	sTYPE_MONEY	No	No	SLSummary								EXISTING_GLOBAL;NEEDED_GLOBAL
Global	Contract	Straight Line Summary	12-Month Forward Change in Liability Balance	Forward12MonthLiabilityChange	sTYPE_MONEY	No	No	SLSummary								EXISTING_GLOBAL;NEEDED_GLOBAL
Global	Contract	Straight Line Summary	Accounting Method	CodeAccountingMethodID	sCODE_ACCOUNTING_METHOD	No	No	SLSummary								EXISTING_GLOBAL;NEEDED_GLOBAL
Global	Contract	Straight Line Summary	Aggregate Value Of Lease	CalcAggregateValueOfLease	sTYPE_MONEY	No	No	SLSummary								EXISTING_GLOBAL;NEEDED_GLOBAL
Global	Contract	Straight Line Summary	Aggregate Value Of Lease Before Adjustments	CalcAggValueOfLeaseNoAdjust	sTYPE_MONEY	No	No	SLSummary								EXISTING_GLOBAL;NEEDED_GLOBAL
Global	Contract	Straight Line Summary	ASC 842 Schedule	CodeASC842ScheduleID	sCODE_ASC842_SCHEDULE	No	No	SLSummary								EXISTING_GLOBAL;NEEDED_GLOBAL
Global	Contract	Straight Line Summary	Asset Amortization Expense Adjustment	AssetAmortExpenseAdjustment	sTYPE_MONEY	No	No	SLSummary								EXISTING_GLOBAL;NEEDED_GLOBAL
Global	Contract	Straight Line Summary	Associated Expense Setup IDs	AssociatedExpenseSetupIDs	sTYPE_TEXT	No	No	SLSummary								EXISTING_GLOBAL;NEEDED_GLOBAL
Global	Contract	Straight Line Summary	Balance Forward	BalanceForward	sTYPE_MONEY	No	No	SLSummary								EXISTING_GLOBAL;NEEDED_GLOBAL
Global	Contract	Straight Line Summary	Balance Sheet Impact	RemeasurementBalanceForward	sTYPE_MONEY	No	No	SLSummary								EXISTING_GLOBAL;NEEDED_GLOBAL
Global	Contract	Straight Line Summary	Begin Date	BeginDate	sTYPE_DATE	No	No	SLSummary								EXISTING_GLOBAL;NEEDED_GLOBAL
Global	Contract	Straight Line Summary	Cancellation Option Amount	CancellationOptionAmount	sTYPE_MONEY	No	No	SLSummary								EXISTING_GLOBAL;NEEDED_GLOBAL
Global	Contract	Straight Line Summary	Cash Expense Adjustment	CashExpenseAdjustment	sTYPE_MONEY	No	No	SLSummary								EXISTING_GLOBAL;NEEDED_GLOBAL
Global	Contract	Straight Line Summary	Contract	ContractID	sTYPE_CONTRACT	Yes	No	SLSummary								EXISTING_GLOBAL;NEEDED_GLOBAL
Global	Contract	Straight Line Summary	Created By	CreatedByID	sTYPE_MEMBER	No	No	SLSummary								EXISTING_GLOBAL;NEEDED_GLOBAL
Global	Contract	Straight Line Summary	Created Date	CreatedDate	sTYPE_TIME	No	No	SLSummary								EXISTING_GLOBAL;NEEDED_GLOBAL
Global	Contract	Straight Line Summary	Currency Type	CodeCurrencyTypeID	sCODE_CURRENCY_TYPE	No	No	SLSummary								EXISTING_GLOBAL;NEEDED_GLOBAL
Global	Contract	Straight Line Summary	Current Period Asset Balance	CurrentAssetBalance	sTYPE_MONEY	No	No	SLSummary								EXISTING_GLOBAL;NEEDED_GLOBAL
Global	Contract	Straight Line Summary	Current Period Liability Balance	CurrentLiabilityBalance	sTYPE_MONEY	No	No	SLSummary								EXISTING_GLOBAL;NEEDED_GLOBAL
Global	Contract	Straight Line Summary	Current Remaining Balance Lease Payments	CurrentRemainingCashBalance	sTYPE_MONEY	No	No	SLSummary								EXISTING_GLOBAL;NEEDED_GLOBAL
Global	Contract	Straight Line Summary	Current Remaining Cash Balance After Report End	CurrentRemainingCashBalanceAfterReportEnd	sTYPE_MONEY	No	No	SLSummary								EXISTING_GLOBAL;NEEDED_GLOBAL
Global	Contract	Straight Line Summary	Date Range	DateRange	sTYPE_DATE_RANGE	No	No	SLSummary								EXISTING_GLOBAL;NEEDED_GLOBAL
Global	Contract	Straight Line Summary	Discount Rate	DiscountRate	sTYPE_PERCENTAGE	No	No	SLSummary								EXISTING_GLOBAL;NEEDED_GLOBAL
Global	Contract	Straight Line Summary	Dismantling / Restoring Cost Amount	DismantlingStorageCostAmount	sTYPE_MONEY	No	No	SLSummary								EXISTING_GLOBAL;NEEDED_GLOBAL
Global	Contract	Straight Line Summary	End Date	EndDate	sTYPE_DATE	No	No	SLSummary								EXISTING_GLOBAL;NEEDED_GLOBAL
Global	Contract	Straight Line Summary	Equipment	AssetID	sTYPE_EQUIPMENT	No	No	SLSummary								EXISTING_GLOBAL;NEEDED_GLOBAL
Global	Contract	Straight Line Summary	Equipment Associated Entity	AssetAssociatedProjectEntityID	sTYPE_MIXEDENTITY	No	No	SLSummary								EXISTING_GLOBAL;NEEDED_GLOBAL
Global	Contract	Straight Line Summary	Final Asset Amount	FinalAssetAmount	sTYPE_MONEY	No	No	SLSummary								EXISTING_GLOBAL;NEEDED_GLOBAL
Global	Contract	Straight Line Summary	Final Asset Amount Allocation Percentage	FinalAssetAllocPercent	sTYPE_PERCENTAGE	No	No	SLSummary								EXISTING_GLOBAL;NEEDED_GLOBAL
Global	Contract	Straight Line Summary	Final Asset Amount Date	FinalAssetDate	sTYPE_DATE	No	No	SLSummary								EXISTING_GLOBAL;NEEDED_GLOBAL
Global	Contract	Straight Line Summary	IFRS 16 Schedule	CodeIFRS16ScheduleID	sCODE_IFRS16_SCHEDULE	No	No	SLSummary								EXISTING_GLOBAL;NEEDED_GLOBAL
Global	Contract	Straight Line Summary	Impairment Amount	ImpairmentAmount	sTYPE_MONEY	No	No	SLSummary								EXISTING_GLOBAL;NEEDED_GLOBAL
Global	Contract	Straight Line Summary	Inactive Date	InactiveDate	sTYPE_DATE	No	No	SLSummary								EXISTING_GLOBAL;NEEDED_GLOBAL
Global	Contract	Straight Line Summary	Initial Asset Balance	InitialAssetBalance	sTYPE_MONEY	No	No	SLSummary								EXISTING_GLOBAL;NEEDED_GLOBAL
Global	Contract	Straight Line Summary	Initial Asset Balance Adjustment	InitialAssetBalanceAdjust	sTYPE_MONEY	No	No	SLSummary								EXISTING_GLOBAL;NEEDED_GLOBAL
Global	Contract	Straight Line Summary	Initial Asset Balance Currency Rate	InitialAssetBalanceCurrencyRate	sTYPE_NUMBER_FRACTION6DIGITS	No	No	SLSummary								
Global	Contract	Straight Line Summary	Initial Direct Cost Amount	InitialDirectCostAmount	sTYPE_MONEY	No	No	SLSummary								EXISTING_GLOBAL;NEEDED_GLOBAL
Global	Contract	Straight Line Summary	Initial Liability Balance	InitialLiabilityBalance	sTYPE_MONEY	No	No	SLSummary								EXISTING_GLOBAL;NEEDED_GLOBAL
Global	Contract	Straight Line Summary	Initial Liability Balance Adjustment	InitialLiabilityBalanceAdjust	sTYPE_MONEY	No	No	SLSummary								EXISTING_GLOBAL;NEEDED_GLOBAL
Global	Contract	Straight Line Summary	Initial Liability Balance Currency Rate	InitialLiabilityBalanceCurrencyRate	sTYPE_NUMBER_FRACTION6DIGITS	No	No	SLSummary								
Global	Contract	Straight Line Summary	Interest Before Mid-period Remeasurement	InterestBeforeMidRemeasure	sTYPE_MONEY	No	No	SLSummary								EXISTING_GLOBAL;NEEDED_GLOBAL
Global	Contract	Straight Line Summary	Interest Expense Adjustment	InterestExpenseAdjustment	sTYPE_MONEY	No	No	SLSummary								EXISTING_GLOBAL;NEEDED_GLOBAL
Global	Contract	Straight Line Summary	Is Approved?	IsApproved	sTYPE_CHECKBOX	No	No	SLSummary								EXISTING_GLOBAL;NEEDED_GLOBAL
Global	Contract	Straight Line Summary	Is ASC 842 Schedule?	IsASC842Schedule	sTYPE_CHECKBOX	No	No	SLSummary								EXISTING_GLOBAL;NEEDED_GLOBAL
Global	Contract	Straight Line Summary	Is IFRS 16 Schedule?	IsIFRS16Schedule	sTYPE_CHECKBOX	No	No	SLSummary								EXISTING_GLOBAL;NEEDED_GLOBAL
Global	Contract	Straight Line Summary	Is Inactive?	Inactive	sTYPE_CHECKBOX	Yes	No	SLSummary								EXISTING_GLOBAL;NEEDED_GLOBAL
Global	Contract	Straight Line Summary	Is SL Schedule?	IsSLSchedule	sTYPE_CHECKBOX	No	No	SLSummary								EXISTING_GLOBAL;NEEDED_GLOBAL
Global	Contract	Straight Line Summary	Last Balance Posted	LastBalancePosted	sTYPE_MONEY	No	No	SLSummary								EXISTING_GLOBAL;NEEDED_GLOBAL
Global	Contract	Straight Line Summary	Last Posted Balance Sheet Impact	LastPostedBalanceSheetImpact	sTYPE_MONEY	No	No	SLSummary								EXISTING_GLOBAL;NEEDED_GLOBAL
Global	Contract	Straight Line Summary	Last Posted Date	LastPostedDate	sTYPE_DATE	No	No	SLSummary								EXISTING_GLOBAL;NEEDED_GLOBAL
Global	Contract	Straight Line Summary	Last Posted End Date	LastPostedEndDate	sTYPE_DATE	No	No	SLSummary								EXISTING_GLOBAL;NEEDED_GLOBAL
Global	Contract	Straight Line Summary	Lease Incentive Amount	LeaseIncentiveAmount	sTYPE_MONEY	No	No	SLSummary								EXISTING_GLOBAL;NEEDED_GLOBAL
Global	Contract	Straight Line Summary	Modified By	ModifiedByID	sTYPE_MEMBER	No	No	SLSummary								EXISTING_GLOBAL;NEEDED_GLOBAL
Global	Contract	Straight Line Summary	Modified Date	ModifiedDate	sTYPE_TIME	No	No	SLSummary								EXISTING_GLOBAL;NEEDED_GLOBAL
Global	Contract	Straight Line Summary	Needs Recalc Modified by Last Member	NeedsRecalcModifiedByLastMember	sTYPE_MEMBER	No	No	SLSummary								EXISTING_GLOBAL;NEEDED_GLOBAL
Global	Contract	Straight Line Summary	Needs Recalc Modified by Member List	NeedsRecalcModifiedByMemberIDList	sTYPE_MEMBER	No	No	SLSummary								EXISTING_GLOBAL;NEEDED_GLOBAL
Global	Contract	Straight Line Summary	Needs Recalculation	NeedsRecalculation	sTYPE_CHECKBOX	No	No	SLSummary								EXISTING_GLOBAL;NEEDED_GLOBAL
Global	Contract	Straight Line Summary	Notes	Notes	sTYPE_TEXTAREA	No	No	SLSummary								EXISTING_GLOBAL;NEEDED_GLOBAL
Global	Contract	Straight Line Summary	Period Amount	PeriodAmount	sTYPE_MONEY	No	No	SLSummary								EXISTING_GLOBAL;NEEDED_GLOBAL
Global	Contract	Straight Line Summary	Posted End Date	PostedEndDate	sTYPE_DATE	No	No	SLSummary								EXISTING_GLOBAL;NEEDED_GLOBAL
Global	Contract	Straight Line Summary	Posted Initial Asset Adjustment for Mod Effective Date	PostedInitAssetAdj	sTYPE_MONEY	No	No	SLSummary								EXISTING_GLOBAL;NEEDED_GLOBAL
Global	Contract	Straight Line Summary	Posted Initial Liability Adjustment for Mod Effective Date	PostedInitLiabilityAdj	sTYPE_MONEY	No	No	SLSummary								EXISTING_GLOBAL;NEEDED_GLOBAL
Global	Contract	Straight Line Summary	Posted Total Asset Adjustment at Mod Input Date	PostedAssetAdjustment	sTYPE_MONEY	No	No	SLSummary								EXISTING_GLOBAL;NEEDED_GLOBAL
Global	Contract	Straight Line Summary	Posted Total Liability Adjustment at Mod Input Date	PostedLiabilityAdjustment	sTYPE_MONEY	No	No	SLSummary								EXISTING_GLOBAL;NEEDED_GLOBAL
Global	Contract	Straight Line Summary	Pre Commence Pay Amount	PreCommencePayAmount	sTYPE_MONEY	No	No	SLSummary								EXISTING_GLOBAL;NEEDED_GLOBAL
Global	Contract	Straight Line Summary	Prior Accumulated Amortization Balance	PriorAccumulatedAmortizationBalance	sTYPE_MONEY	No	No	SLSummary								EXISTING_GLOBAL;NEEDED_GLOBAL
Global	Contract	Straight Line Summary	Prior Schedule Last Posted Period	PriorLastPostedPeriodID	sTYPE_UNFORMATTED_NUMBER	No	No	SLSummary								EXISTING_GLOBAL;NEEDED_GLOBAL
Global	Contract	Straight Line Summary	Profit And Loss Impact	ProfitAndLossImpact	sTYPE_MONEY	No	No	SLSummary								EXISTING_GLOBAL;NEEDED_GLOBAL
Global	Contract	Straight Line Summary	Purchase Option Amount	PurchaseOptionAmount	sTYPE_MONEY	No	No	SLSummary								EXISTING_GLOBAL;NEEDED_GLOBAL
Global	Contract	Straight Line Summary	PV Of Cancellation Option	PVOfCancellationOption	sTYPE_MONEY	No	No	SLSummary								EXISTING_GLOBAL;NEEDED_GLOBAL
Global	Contract	Straight Line Summary	PV Of Financial Terms	CalcPVOfFinancialTerms	sTYPE_MONEY	No	No	SLSummary								EXISTING_GLOBAL;NEEDED_GLOBAL
Global	Contract	Straight Line Summary	PV Of Financial Terms Before Adjustments	CalcPVOfFinancialTermsNoAdjust	sTYPE_MONEY	No	No	SLSummary								EXISTING_GLOBAL;NEEDED_GLOBAL
Global	Contract	Straight Line Summary	PV Of Other Adjustments	PVOfOtherAdjustments	sTYPE_MONEY	No	No	SLSummary								EXISTING_GLOBAL;NEEDED_GLOBAL
Global	Contract	Straight Line Summary	PV Of Purchase Option	PVOfPurchaseOption	sTYPE_MONEY	No	No	SLSummary								EXISTING_GLOBAL;NEEDED_GLOBAL
Global	Contract	Straight Line Summary	PV Of Residual Value Guarantees	PVOfResidualValueGuarantees	sTYPE_MONEY	No	No	SLSummary								EXISTING_GLOBAL;NEEDED_GLOBAL
Global	Contract	Straight Line Summary	PV Of Structuring Costs	PVOfStructuringCosts	sTYPE_MONEY	No	No	SLSummary								EXISTING_GLOBAL;NEEDED_GLOBAL
Global	Contract	Straight Line Summary	Recalc Override Notes	RecalcOverrideNotesIDList	sTYPE_RECALC_NOTES	No	No	SLSummary								EXISTING_GLOBAL;NEEDED_GLOBAL
Global	Contract	Straight Line Summary	Recalculation Trigger Date	RecalcTriggerDate	sTYPE_DATE	No	No	SLSummary								EXISTING_GLOBAL;NEEDED_GLOBAL
Global	Contract	Straight Line Summary	Remaining Asset Balance	SLRemainingAssetBalance	sTYPE_PERCENT_OR_AMOUNT	No	No	SLSummary								EXISTING_GLOBAL;NEEDED_GLOBAL
Global	Contract	Straight Line Summary	Residual Value Guarantees	ResidualValueGuarantees	sTYPE_MONEY	No	No	SLSummary								EXISTING_GLOBAL;NEEDED_GLOBAL
Global	Contract	Straight Line Summary	Rev Number	RevNumber	sTYPE_UNFORMATTED_NUMBER	No	No	SLSummary								EXISTING_GLOBAL;NEEDED_GLOBAL
Global	Contract	Straight Line Summary	Schedule Creation Reason	CodeScheduleCreationReasonID	sCODE_SCHEDULE_CREATION_REASON	No	No	SLSummary								EXISTING_GLOBAL;NEEDED_GLOBAL
Global	Contract	Straight Line Summary	Shortened Lease Liability Diff	ShortenedLeaseLiabilityDiff	sTYPE_MONEY	No	No	SLSummary								EXISTING_GLOBAL;NEEDED_GLOBAL
Global	Contract	Straight Line Summary	Shortened Schedule Initial Liability Balance	ShortenedSchedInitLiabilityBal	sTYPE_MONEY	No	No	SLSummary								EXISTING_GLOBAL;NEEDED_GLOBAL
Global	Contract	Straight Line Summary	Shortened Term Asset Diff	ShortenedTermAssetDiff	sTYPE_MONEY	No	No	SLSummary								EXISTING_GLOBAL;NEEDED_GLOBAL
Global	Contract	Straight Line Summary	Shortened Term Rent Diff	ShortenedTermRentDiff	sTYPE_MONEY	No	No	SLSummary								EXISTING_GLOBAL;NEEDED_GLOBAL
Global	Contract	Straight Line Summary	Single Lease Expense Adjustment	SingleLeaseExpenseAdjustment	sTYPE_MONEY	No	No	SLSummary								EXISTING_GLOBAL;NEEDED_GLOBAL
Global	Contract	Straight Line Summary	Straight Line Expense Before Mid-period Remeasurement	SleBeforeMidRemeasure	sTYPE_MONEY	No	No	SLSummary								EXISTING_GLOBAL;NEEDED_GLOBAL
Global	Contract	Straight Line Summary	Straight Line Schedule	CodeSLScheduleID	sCODE_SL_SCHEDULE	No	No	SLSummary								EXISTING_GLOBAL;NEEDED_GLOBAL
Global	Contract	Straight Line Summary	Straight Line Summary ClientID	BOMapClientRecordID	sTYPE_TEXT	Yes	No	SLSummary								EXISTING_GLOBAL;NEEDED_GLOBAL
Global	Contract	Straight Line Summary	Straight Line Summary RecID	SLSummaryID	sTYPE_UNFORMATTED_NUMBER	No	No	SLSummary								EXISTING_GLOBAL;NEEDED_GLOBAL
Global	Contract	Straight Line Summary	Straight Line Term Length	SLTermLength	sTYPE_NUMBER_FRACTION2DIGITS	No	No	SLSummary								EXISTING_GLOBAL;NEEDED_GLOBAL
Global	Contract	Straight Line Summary	Total Commitment	TotalCommitment	sTYPE_MONEY	No	No	SLSummary								EXISTING_GLOBAL;NEEDED_GLOBAL
Global	Contract	Straight Line Summary	Total Impairment Impact	TotalImpairmentImpact	sTYPE_MONEY	No	No	SLSummary								EXISTING_GLOBAL;NEEDED_GLOBAL
Global	Contract	Straight Line Summary	Translated Initial Asset Balance	TranslatedInitialAssetBalance	sTYPE_MONEY	No	No	SLSummary								EXISTING_GLOBAL;NEEDED_GLOBAL
Global	Contract	Straight Line Summary	Translated Initial Liability Balance	TranslatedInitialLiabilityBalance	sTYPE_MONEY	No	No	SLSummary								EXISTING_GLOBAL;NEEDED_GLOBAL
Global	Contract	Usage	Contract	ContractID	sTYPE_CONTRACT	Yes	No	Usage	Usage	ContractID	ContractID	usage	ContractID	TEXT	Foreign key (ID reference)	EXISTING_GLOBAL;NEEDED_GLOBAL
Global	Contract	Usage	Effective Date	EffectiveDate	sTYPE_DATE	No	No	Usage	Usage	EffectiveDate	Effective Date	usage	EffectiveDate	TEXT		EXISTING_GLOBAL;NEEDED_GLOBAL
Global	Contract	Usage	Modified By	ModifiedByID	sTYPE_MEMBER	No	No	Usage	Usage	ModifiedByID	Modified By	usage	ModifiedByID	TEXT	Foreign key (ID reference)	EXISTING_GLOBAL;NEEDED_GLOBAL
Global	Contract	Usage	Modified Date	ModifiedDate	sTYPE_TIME	No	No	Usage	Usage	ModifiedDate	Modified Date	usage	ModifiedDate	TEXT	Incremental watermark	EXISTING_GLOBAL;NEEDED_GLOBAL
Global	Contract	Usage	Posting Date	PostingDate	sTYPE_DATE	No	No	Usage	Usage	PostingDate	Posting Date	usage	PostingDate	TEXT		EXISTING_GLOBAL;NEEDED_GLOBAL
Global	Contract	Usage	Usage Category	CodeUsageCategoryID	sCODE_USAGE_CATEGORY	No	No	Usage	Usage	CodeUsageCategoryID	Usage Category	usage	CodeUsageCategoryID	TEXT	Foreign key (ID reference)	EXISTING_GLOBAL;NEEDED_GLOBAL
Global	Contract	Usage	Usage ClientID	BOMapClientRecordID	sTYPE_TEXT	Yes	No	Usage	Usage	BOMapClientRecordID	Usage ClientID	usage	BOMapClientRecordID	TEXT	Client identifier	EXISTING_GLOBAL;NEEDED_GLOBAL
Global	Contract	Usage	Usage Count	UsageCount	sTYPE_NUMBER	No	No	Usage	Usage	UsageCount	Usage Count	usage	UsageCount	TEXT		EXISTING_GLOBAL;NEEDED_GLOBAL
Global	Contract	Usage	Usage Group	CodeUsageGroupID	sCODE_USAGE_GROUP	No	No	Usage	Usage	CodeUsageGroupID	Usage Group	usage	CodeUsageGroupID	TEXT	Foreign key (ID reference)	EXISTING_GLOBAL;NEEDED_GLOBAL
Global	Contract	Usage	Usage RecID	UsageID	sTYPE_UNFORMATTED_NUMBER	No	No	Usage	Usage	UsageID	Usage RecID	usage	UsageID	VARCHAR(64) NOT NULL	Primary key	EXISTING_GLOBAL;NEEDED_GLOBAL
Global	Contract	Usage	Usage Share	UsageShare	sTYPE_PERCENTAGE	No	No	Usage	Usage	UsageShare	Usage Share	usage	UsageShare	TEXT		EXISTING_GLOBAL;NEEDED_GLOBAL
Global	Contract	Usage	Usage Type	CodeUsageTypeID	sCODE_USAGE_TYPE	No	No	Usage	Usage	CodeUsageTypeID	Usage Type	usage	CodeUsageTypeID	TEXT	Foreign key (ID reference)	EXISTING_GLOBAL;NEEDED_GLOBAL
Global	Contract	Usage	Usage Unit Type	CodeUsageUnitTypeID	sCODE_USAGE_UNIT_TYPE	No	No	Usage	Usage	CodeUsageUnitTypeID	Usage Unit Type	usage	CodeUsageUnitTypeID	TEXT	Foreign key (ID reference)	EXISTING_GLOBAL;NEEDED_GLOBAL
Global	Contract	Usage Period	Breakpoint Amount #1	UBRPBreakpointAmount1	sTYPE_NUMBER_FRACTION6DIGITS	No	No	VirtualUsagePeriod								EXISTING_GLOBAL;NEEDED_GLOBAL
Global	Contract	Usage Period	Breakpoint Amount #2	UBRPBreakpointAmount2	sTYPE_NUMBER_FRACTION6DIGITS	No	No	VirtualUsagePeriod								EXISTING_GLOBAL;NEEDED_GLOBAL
Global	Contract	Usage Period	Breakpoint Amount #3	UBRPBreakpointAmount3	sTYPE_NUMBER_FRACTION6DIGITS	No	No	VirtualUsagePeriod								EXISTING_GLOBAL;NEEDED_GLOBAL
Global	Contract	Usage Period	Breakpoint Amount #4	UBRPBreakpointAmount4	sTYPE_NUMBER_FRACTION6DIGITS	No	No	VirtualUsagePeriod								EXISTING_GLOBAL;NEEDED_GLOBAL
Global	Contract	Usage Period	Breakpoint Amount #5	UBRPBreakpointAmount5	sTYPE_NUMBER_FRACTION6DIGITS	No	No	VirtualUsagePeriod								EXISTING_GLOBAL;NEEDED_GLOBAL
Global	Contract	Usage Period	Breakpoint Amount #6	UBRPBreakpointAmount6	sTYPE_NUMBER_FRACTION6DIGITS	No	No	VirtualUsagePeriod								EXISTING_GLOBAL;NEEDED_GLOBAL
Global	Contract	Usage Period	Breakpoint Amount #7	UBRPBreakpointAmount7	sTYPE_NUMBER_FRACTION6DIGITS	No	No	VirtualUsagePeriod								EXISTING_GLOBAL;NEEDED_GLOBAL
Global	Contract	Usage Period	Breakpoint Amount #8	UBRPBreakpointAmount8	sTYPE_NUMBER_FRACTION6DIGITS	No	No	VirtualUsagePeriod								EXISTING_GLOBAL;NEEDED_GLOBAL
Global	Contract	Usage Period	Breakpoint Cost #1	UBRPBreakpointCost1	sTYPE_MONEY	No	No	VirtualUsagePeriod								EXISTING_GLOBAL;NEEDED_GLOBAL
Global	Contract	Usage Period	Breakpoint Cost #2	UBRPBreakpointCost2	sTYPE_MONEY	No	No	VirtualUsagePeriod								EXISTING_GLOBAL;NEEDED_GLOBAL
Global	Contract	Usage Period	Breakpoint Cost #3	UBRPBreakpointCost3	sTYPE_MONEY	No	No	VirtualUsagePeriod								EXISTING_GLOBAL;NEEDED_GLOBAL
Global	Contract	Usage Period	Breakpoint Cost #4	UBRPBreakpointCost4	sTYPE_MONEY	No	No	VirtualUsagePeriod								EXISTING_GLOBAL;NEEDED_GLOBAL
Global	Contract	Usage Period	Breakpoint Cost #5	UBRPBreakpointCost5	sTYPE_MONEY	No	No	VirtualUsagePeriod								EXISTING_GLOBAL;NEEDED_GLOBAL
Global	Contract	Usage Period	Breakpoint Cost #6	UBRPBreakpointCost6	sTYPE_MONEY	No	No	VirtualUsagePeriod								EXISTING_GLOBAL;NEEDED_GLOBAL
Global	Contract	Usage Period	Breakpoint Cost #7	UBRPBreakpointCost7	sTYPE_MONEY	No	No	VirtualUsagePeriod								EXISTING_GLOBAL;NEEDED_GLOBAL
Global	Contract	Usage Period	Breakpoint Cost #8	UBRPBreakpointCost8	sTYPE_MONEY	No	No	VirtualUsagePeriod								EXISTING_GLOBAL;NEEDED_GLOBAL
Global	Contract	Usage Period	Breakpoint Rent	UBRPBreakpointRent	sTYPE_MONEY	No	No	VirtualUsagePeriod								EXISTING_GLOBAL;NEEDED_GLOBAL
Global	Contract	Usage Period	Calendar Month	UsageMonth	sTYPE_TEXT	No	No	VirtualUsagePeriod								EXISTING_GLOBAL;NEEDED_GLOBAL
Global	Contract	Usage Period	Calendar Month/Year	UsageMonthYearText	sTYPE_TEXT	No	No	VirtualUsagePeriod								EXISTING_GLOBAL;NEEDED_GLOBAL
Global	Contract	Usage Period	Calendar Month/Year Date	UsageMonthYearSort	sTYPE_MONTHS_YEAR	No	No	VirtualUsagePeriod								EXISTING_GLOBAL;NEEDED_GLOBAL
Global	Contract	Usage Period	Calendar Year	UsageYear	sTYPE_DROPDOWN_YEAR	No	No	VirtualUsagePeriod								EXISTING_GLOBAL;NEEDED_GLOBAL
Global	Contract	Usage Period	Cap / Floor Adjusted Rent	UBRPCapFloorAdjustedRent	sTYPE_MONEY	No	No	VirtualUsagePeriod								EXISTING_GLOBAL;NEEDED_GLOBAL
Global	Contract	Usage Period	Contract	ContractID	sTYPE_CONTRACT	No	No	VirtualUsagePeriod								EXISTING_GLOBAL;NEEDED_GLOBAL
Global	Contract	Usage Period	Is Actual?	IsActual	sTYPE_BOOLEAN	No	No	VirtualUsagePeriod								EXISTING_GLOBAL;NEEDED_GLOBAL
Global	Contract	Usage Period	Matching Fiscal Period/Year	UsagePeriodText	sTYPE_TEXT	No	No	VirtualUsagePeriod								EXISTING_GLOBAL;NEEDED_GLOBAL
Global	Contract	Usage Period	Net Usage Amount	NetUsagePeriodAmount	sTYPE_MONEY	No	No	VirtualUsagePeriod								EXISTING_GLOBAL;NEEDED_GLOBAL
Global	Contract	Usage Period	Net Usage Count	NetUsagePeriodCount	sTYPE_NUMBER_FRACTION6DIGITS	No	No	VirtualUsagePeriod								EXISTING_GLOBAL;NEEDED_GLOBAL
Global	Contract	Usage Period	Net Usage Share	NetUsagePeriodShare	sTYPE_NUMBER_FRACTION6DIGITS	No	No	VirtualUsagePeriod								EXISTING_GLOBAL;NEEDED_GLOBAL
Global	Contract	Usage Period	Period Rent Paid	UsagePeriodRentPaid	sTYPE_MONEY	No	No	VirtualUsagePeriod								EXISTING_GLOBAL;NEEDED_GLOBAL
Global	Contract	Usage Period	Rent Due #1	UBRPBreakpointRentDue1	sTYPE_MONEY	No	No	VirtualUsagePeriod								EXISTING_GLOBAL;NEEDED_GLOBAL
Global	Contract	Usage Period	Rent Due #2	UBRPBreakpointRentDue2	sTYPE_MONEY	No	No	VirtualUsagePeriod								EXISTING_GLOBAL;NEEDED_GLOBAL
Global	Contract	Usage Period	Rent Due #3	UBRPBreakpointRentDue3	sTYPE_MONEY	No	No	VirtualUsagePeriod								EXISTING_GLOBAL;NEEDED_GLOBAL
Global	Contract	Usage Period	Rent Due #4	UBRPBreakpointRentDue4	sTYPE_MONEY	No	No	VirtualUsagePeriod								EXISTING_GLOBAL;NEEDED_GLOBAL
Global	Contract	Usage Period	Rent Due #5	UBRPBreakpointRentDue5	sTYPE_MONEY	No	No	VirtualUsagePeriod								EXISTING_GLOBAL;NEEDED_GLOBAL
Global	Contract	Usage Period	Rent Due #6	UBRPBreakpointRentDue6	sTYPE_MONEY	No	No	VirtualUsagePeriod								EXISTING_GLOBAL;NEEDED_GLOBAL
Global	Contract	Usage Period	Rent Due #7	UBRPBreakpointRentDue7	sTYPE_MONEY	No	No	VirtualUsagePeriod								EXISTING_GLOBAL;NEEDED_GLOBAL
Global	Contract	Usage Period	Rent Due #8	UBRPBreakpointRentDue8	sTYPE_MONEY	No	No	VirtualUsagePeriod								EXISTING_GLOBAL;NEEDED_GLOBAL
Global	Contract	Usage Period	Rent Period Begin Date	BillingBucketBeginDate	sTYPE_DATE	No	No	VirtualUsagePeriod								EXISTING_GLOBAL;NEEDED_GLOBAL
Global	Contract	Usage Period	Rent Period Cap Amount	BillingBucketCapAmount	sTYPE_MONEY	No	No	VirtualUsagePeriod								EXISTING_GLOBAL;NEEDED_GLOBAL
Global	Contract	Usage Period	Rent Period End Date	BillingBucketEndDate	sTYPE_DATE	No	No	VirtualUsagePeriod								EXISTING_GLOBAL;NEEDED_GLOBAL
Global	Contract	Usage Period	Rent Period Payment Due Date	BillingBucketDueDate	sTYPE_DATE	No	No	VirtualUsagePeriod								EXISTING_GLOBAL;NEEDED_GLOBAL
Global	Contract	Usage Period	Rent Period Usage Amount	UBRPUsageAmount	sTYPE_MONEY	No	No	VirtualUsagePeriod								EXISTING_GLOBAL;NEEDED_GLOBAL
Global	Contract	Usage Period	Rent Period Usage Count	UBRPUsageCount	sTYPE_NUMBER_FRACTION0DIGITS	No	No	VirtualUsagePeriod								EXISTING_GLOBAL;NEEDED_GLOBAL
Global	Contract	Usage Period	Rent Period Usage Share	UBRPUsageShare	sTYPE_NUMBER_FRACTION0DIGITS	No	No	VirtualUsagePeriod								EXISTING_GLOBAL;NEEDED_GLOBAL
Global	Contract	Usage Period	Reporting Period Begin Date	ReportingBucketBeginDate	sTYPE_DATE	No	No	VirtualUsagePeriod								EXISTING_GLOBAL;NEEDED_GLOBAL
Global	Contract	Usage Period	Reporting Period Due Date	ReportingBucketDueDate	sTYPE_DATE	No	No	VirtualUsagePeriod								EXISTING_GLOBAL;NEEDED_GLOBAL
Global	Contract	Usage Period	Reporting Period End Date	ReportingBucketEndDate	sTYPE_DATE	No	No	VirtualUsagePeriod								EXISTING_GLOBAL;NEEDED_GLOBAL
Global	Contract	Usage Period	Reporting Period Net Usage Amount	ReportingBucketNetUsageAmount	sTYPE_MONEY	No	No	VirtualUsagePeriod								EXISTING_GLOBAL;NEEDED_GLOBAL
Global	Contract	Usage Period	Reporting Period Usage Amount	ReportingBucketGrossUsageAmount	sTYPE_MONEY	No	No	VirtualUsagePeriod								EXISTING_GLOBAL;NEEDED_GLOBAL
Global	Contract	Usage Period	Total Rent	UBRPTotalRent	sTYPE_MONEY	No	No	VirtualUsagePeriod								EXISTING_GLOBAL;NEEDED_GLOBAL
Global	Contract	Usage Period	Total Rent Due	UBRPRentDue	sTYPE_MONEY	No	No	VirtualUsagePeriod								EXISTING_GLOBAL;NEEDED_GLOBAL
Global	Contract	Usage Period	Usage Amount	GrossUsagePeriodAmount	sTYPE_MONEY	No	No	VirtualUsagePeriod								EXISTING_GLOBAL;NEEDED_GLOBAL
Global	Contract	Usage Period	Usage Count	GrossUsagePeriodCount	sTYPE_NUMBER_FRACTION6DIGITS	No	No	VirtualUsagePeriod								EXISTING_GLOBAL;NEEDED_GLOBAL
Global	Contract	Usage Period	Usage Group	CodeUsageGroupID	sCODE_USAGE_GROUP	No	No	VirtualUsagePeriod								EXISTING_GLOBAL;NEEDED_GLOBAL
Global	Contract	Usage Period	Usage Past Breakpoint #1	UBRPUsagePastBreakpoint1	sTYPE_NUMBER_FRACTION6DIGITS	No	No	VirtualUsagePeriod								EXISTING_GLOBAL;NEEDED_GLOBAL
Global	Contract	Usage Period	Usage Past Breakpoint #2	UBRPUsagePastBreakpoint2	sTYPE_NUMBER_FRACTION6DIGITS	No	No	VirtualUsagePeriod								EXISTING_GLOBAL;NEEDED_GLOBAL
Global	Contract	Usage Period	Usage Past Breakpoint #3	UBRPUsagePastBreakpoint3	sTYPE_NUMBER_FRACTION6DIGITS	No	No	VirtualUsagePeriod								EXISTING_GLOBAL;NEEDED_GLOBAL
Global	Contract	Usage Period	Usage Past Breakpoint #4	UBRPUsagePastBreakpoint4	sTYPE_NUMBER_FRACTION6DIGITS	No	No	VirtualUsagePeriod								EXISTING_GLOBAL;NEEDED_GLOBAL
Global	Contract	Usage Period	Usage Past Breakpoint #5	UBRPUsagePastBreakpoint5	sTYPE_NUMBER_FRACTION6DIGITS	No	No	VirtualUsagePeriod								EXISTING_GLOBAL;NEEDED_GLOBAL
Global	Contract	Usage Period	Usage Past Breakpoint #6	UBRPUsagePastBreakpoint6	sTYPE_NUMBER_FRACTION6DIGITS	No	No	VirtualUsagePeriod								EXISTING_GLOBAL;NEEDED_GLOBAL
Global	Contract	Usage Period	Usage Past Breakpoint #7	UBRPUsagePastBreakpoint7	sTYPE_NUMBER_FRACTION6DIGITS	No	No	VirtualUsagePeriod								EXISTING_GLOBAL;NEEDED_GLOBAL
Global	Contract	Usage Period	Usage Past Breakpoint #8	UBRPUsagePastBreakpoint8	sTYPE_NUMBER_FRACTION6DIGITS	No	No	VirtualUsagePeriod								EXISTING_GLOBAL;NEEDED_GLOBAL
Global	Contract	Usage Period	Usage Period Begin Date	PeriodBeginDate	sTYPE_DATE	No	No	VirtualUsagePeriod								EXISTING_GLOBAL;NEEDED_GLOBAL
Global	Contract	Usage Period	Usage Period End Date	PeriodEndDate	sTYPE_DATE	No	No	VirtualUsagePeriod								EXISTING_GLOBAL;NEEDED_GLOBAL
Global	Contract	Usage Period	Usage Share	GrossUsagePeriodShare	sTYPE_NUMBER_FRACTION6DIGITS	No	No	VirtualUsagePeriod								EXISTING_GLOBAL;NEEDED_GLOBAL
Global	Contract	Usage Period	Usage Unit Type	CodeUsageUnitTypeID	sCODE_USAGE_UNIT_TYPE	No	No	VirtualUsagePeriod								EXISTING_GLOBAL;NEEDED_GLOBAL
Global	Contract	Use Based Rent	Amendment	AmendmentID	sTYPE_CONTRACT_AMENDMENT	No	No	UseBasedRent								EXISTING_GLOBAL;NEEDED_GLOBAL
Global	Contract	Use Based Rent	Begin Date	BeginDate	sTYPE_DATE	No	No	UseBasedRent								EXISTING_GLOBAL;NEEDED_GLOBAL
Global	Contract	Use Based Rent	Billing Frequency	CodeBillingFrequencyID	sCODE_FREQUENCY	No	No	UseBasedRent								EXISTING_GLOBAL;NEEDED_GLOBAL
Global	Contract	Use Based Rent	Contract	ContractID	sTYPE_CONTRACT	Yes	No	UseBasedRent								EXISTING_GLOBAL;NEEDED_GLOBAL
Global	Contract	Use Based Rent	Covenant	CovenantID	sTYPE_COVENANT	No	No	UseBasedRent								EXISTING_GLOBAL;NEEDED_GLOBAL
Global	Contract	Use Based Rent	Currency Type	CodeCurrencyTypeID	sCODE_CURRENCY_TYPE	No	No	UseBasedRent								EXISTING_GLOBAL;NEEDED_GLOBAL
Global	Contract	Use Based Rent	Description	Description	sTYPE_TEXT	No	No	UseBasedRent								EXISTING_GLOBAL;NEEDED_GLOBAL
Global	Contract	Use Based Rent	End Date	EndDate	sTYPE_DATE	No	No	UseBasedRent								EXISTING_GLOBAL;NEEDED_GLOBAL
Global	Contract	Use Based Rent	Expense Group	CodeExpenseGroupID	sCODE_EXPENSE_GROUP	No	No	UseBasedRent								EXISTING_GLOBAL;NEEDED_GLOBAL
Global	Contract	Use Based Rent	Expense Type	CodeExpenseTypeID	sCODE_EXPENSE_TYPE	No	No	UseBasedRent								EXISTING_GLOBAL;NEEDED_GLOBAL
Global	Contract	Use Based Rent	Model Type	CodeUseRentModelTypeID	sCODE_USE_RENT_MODEL_TYPE	Yes	No	UseBasedRent								EXISTING_GLOBAL;NEEDED_GLOBAL
Global	Contract	Use Based Rent	Modified By	ModifiedByID	sTYPE_MEMBER	No	No	UseBasedRent								EXISTING_GLOBAL;NEEDED_GLOBAL
Global	Contract	Use Based Rent	Modified Date	ModifiedDate	sTYPE_TIME	No	No	UseBasedRent								EXISTING_GLOBAL;NEEDED_GLOBAL
Global	Contract	Use Based Rent	Notes	Notes	sTYPE_TEXTAREA	No	No	UseBasedRent								EXISTING_GLOBAL;NEEDED_GLOBAL
Global	Contract	Use Based Rent	Period Payment Due Days	PeriodPaymentDueDays	sTYPE_NUMBER	No	No	UseBasedRent								EXISTING_GLOBAL;NEEDED_GLOBAL
Global	Contract	Use Based Rent	Period Report Due Days	PeriodReportDueDays	sTYPE_NUMBER	No	No	UseBasedRent								EXISTING_GLOBAL;NEEDED_GLOBAL
Global	Contract	Use Based Rent	Rent Year Start Month	RentYearStartMonth	sTYPE_MONTH	No	No	UseBasedRent								EXISTING_GLOBAL;NEEDED_GLOBAL
Global	Contract	Use Based Rent	Reporting Frequency	CodeReportingFrequencyID	sCODE_FREQUENCY	No	No	UseBasedRent								EXISTING_GLOBAL;NEEDED_GLOBAL
Global	Contract	Use Based Rent	Usage Group	CodeUsageGroupID	sCODE_USAGE_GROUP	No	No	UseBasedRent								EXISTING_GLOBAL;NEEDED_GLOBAL
Global	Contract	Use Based Rent	Usage Unit Type	CodeUsageUnitTypeID	sCODE_USAGE_UNIT_TYPE	No	No	UseBasedRent								EXISTING_GLOBAL;NEEDED_GLOBAL
Global	Contract	Use Based Rent	Use Based Rent ClientID	BOMapClientRecordID	sTYPE_TEXT	Yes	No	UseBasedRent								EXISTING_GLOBAL;NEEDED_GLOBAL
Global	Contract	Use Based Rent	Use Based Rent RecID	UseBasedRentID	sTYPE_UNFORMATTED_NUMBER	No	No	UseBasedRent								EXISTING_GLOBAL;NEEDED_GLOBAL
Global	Contract	Use Based Rent Breakpoints	Begin Date	BeginDate	sTYPE_DATE	No	No	UseBasedRentBreakpoint								EXISTING_GLOBAL;NEEDED_GLOBAL
Global	Contract	Use Based Rent Breakpoints	Breakpoint Cost #1	BreakpointCost1	sTYPE_MONEY	No	No	UseBasedRentBreakpoint								EXISTING_GLOBAL;NEEDED_GLOBAL
Global	Contract	Use Based Rent Breakpoints	Breakpoint Cost #2	BreakpointCost2	sTYPE_MONEY	No	No	UseBasedRentBreakpoint								EXISTING_GLOBAL;NEEDED_GLOBAL
Global	Contract	Use Based Rent Breakpoints	Breakpoint Cost #3	BreakpointCost3	sTYPE_MONEY	No	No	UseBasedRentBreakpoint								EXISTING_GLOBAL;NEEDED_GLOBAL
Global	Contract	Use Based Rent Breakpoints	Breakpoint Cost #4	BreakpointCost4	sTYPE_MONEY	No	No	UseBasedRentBreakpoint								EXISTING_GLOBAL;NEEDED_GLOBAL
Global	Contract	Use Based Rent Breakpoints	Breakpoint Cost #5	BreakpointCost5	sTYPE_MONEY	No	No	UseBasedRentBreakpoint								EXISTING_GLOBAL;NEEDED_GLOBAL
Global	Contract	Use Based Rent Breakpoints	Breakpoint Cost #6	BreakpointCost6	sTYPE_MONEY	No	No	UseBasedRentBreakpoint								EXISTING_GLOBAL;NEEDED_GLOBAL
Global	Contract	Use Based Rent Breakpoints	Breakpoint Cost #7	BreakpointCost7	sTYPE_MONEY	No	No	UseBasedRentBreakpoint								EXISTING_GLOBAL;NEEDED_GLOBAL
Global	Contract	Use Based Rent Breakpoints	Breakpoint Cost #8	BreakpointCost8	sTYPE_MONEY	No	No	UseBasedRentBreakpoint								EXISTING_GLOBAL;NEEDED_GLOBAL
Global	Contract	Use Based Rent Breakpoints	Breakpoint Count #1	BreakpointCount1	sTYPE_NUMBER	No	No	UseBasedRentBreakpoint								EXISTING_GLOBAL;NEEDED_GLOBAL
Global	Contract	Use Based Rent Breakpoints	Breakpoint Count #2	BreakpointCount2	sTYPE_NUMBER	No	No	UseBasedRentBreakpoint								EXISTING_GLOBAL;NEEDED_GLOBAL
Global	Contract	Use Based Rent Breakpoints	Breakpoint Count #3	BreakpointCount3	sTYPE_NUMBER	No	No	UseBasedRentBreakpoint								EXISTING_GLOBAL;NEEDED_GLOBAL
Global	Contract	Use Based Rent Breakpoints	Breakpoint Count #4	BreakpointCount4	sTYPE_NUMBER	No	No	UseBasedRentBreakpoint								EXISTING_GLOBAL;NEEDED_GLOBAL
Global	Contract	Use Based Rent Breakpoints	Breakpoint Count #5	BreakpointCount5	sTYPE_NUMBER	No	No	UseBasedRentBreakpoint								EXISTING_GLOBAL;NEEDED_GLOBAL
Global	Contract	Use Based Rent Breakpoints	Breakpoint Count #6	BreakpointCount6	sTYPE_NUMBER	No	No	UseBasedRentBreakpoint								EXISTING_GLOBAL;NEEDED_GLOBAL
Global	Contract	Use Based Rent Breakpoints	Breakpoint Count #7	BreakpointCount7	sTYPE_NUMBER	No	No	UseBasedRentBreakpoint								EXISTING_GLOBAL;NEEDED_GLOBAL
Global	Contract	Use Based Rent Breakpoints	Breakpoint Count #8	BreakpointCount8	sTYPE_NUMBER	No	No	UseBasedRentBreakpoint								EXISTING_GLOBAL;NEEDED_GLOBAL
Global	Contract	Use Based Rent Breakpoints	Contract	ContractID	sTYPE_CONTRACT	Yes	No	UseBasedRentBreakpoint								EXISTING_GLOBAL;NEEDED_GLOBAL
Global	Contract	Use Based Rent Breakpoints	Created By	CreatedByID	sTYPE_MEMBER	No	No	UseBasedRentBreakpoint								EXISTING_GLOBAL;NEEDED_GLOBAL
Global	Contract	Use Based Rent Breakpoints	Created Date	CreatedDate	sTYPE_TIME	No	No	UseBasedRentBreakpoint								EXISTING_GLOBAL;NEEDED_GLOBAL
Global	Contract	Use Based Rent Breakpoints	Description	Description	sTYPE_TEXT	No	No	UseBasedRentBreakpoint								EXISTING_GLOBAL;NEEDED_GLOBAL
Global	Contract	Use Based Rent Breakpoints	End Date	EndDate	sTYPE_DATE	No	No	UseBasedRentBreakpoint								EXISTING_GLOBAL;NEEDED_GLOBAL
Global	Contract	Use Based Rent Breakpoints	Modified By	ModifiedByID	sTYPE_MEMBER	No	No	UseBasedRentBreakpoint								EXISTING_GLOBAL;NEEDED_GLOBAL
Global	Contract	Use Based Rent Breakpoints	Modified Date	ModifiedDate	sTYPE_TIME	No	No	UseBasedRentBreakpoint								EXISTING_GLOBAL;NEEDED_GLOBAL
Global	Contract	Use Based Rent Breakpoints	Notes	Notes	sTYPE_TEXTAREA	No	No	UseBasedRentBreakpoint								EXISTING_GLOBAL;NEEDED_GLOBAL
Global	Contract	Use Based Rent Breakpoints	Rev Number	RevNumber	sTYPE_UNFORMATTED_NUMBER	No	No	UseBasedRentBreakpoint								EXISTING_GLOBAL;NEEDED_GLOBAL
Global	Contract	Use Based Rent Breakpoints	Usage Group	CodeUsageGroupID	sCODE_USAGE_GROUP	No	No	UseBasedRentBreakpoint								EXISTING_GLOBAL;NEEDED_GLOBAL
Global	Contract	Use Based Rent Breakpoints	Usage Unit Type	CodeUsageUnitTypeID	sCODE_USAGE_UNIT_TYPE	No	No	UseBasedRentBreakpoint								EXISTING_GLOBAL;NEEDED_GLOBAL
Global	Contract	Use Based Rent Breakpoints	Use Based Rent Breakpoint ClientID	BOMapClientRecordID	sTYPE_TEXT	Yes	No	UseBasedRentBreakpoint								EXISTING_GLOBAL;NEEDED_GLOBAL
Global	Contract	Use Based Rent Breakpoints	Use Based Rent Breakpoint RecID	UseBasedRentBreakpointID	sTYPE_UNFORMATTED_NUMBER	No	No	UseBasedRentBreakpoint								EXISTING_GLOBAL;NEEDED_GLOBAL
Global	Contract	Use Based Rent Schedule	Breakpoint Cost #1	BreakpointCost1	sTYPE_MONEY	No	No	VirtualUseBasedRentPeriod								EXISTING_GLOBAL;NEEDED_GLOBAL
Global	Contract	Use Based Rent Schedule	Breakpoint Cost #2	BreakpointCost2	sTYPE_MONEY	No	No	VirtualUseBasedRentPeriod								EXISTING_GLOBAL;NEEDED_GLOBAL
Global	Contract	Use Based Rent Schedule	Breakpoint Cost #3	BreakpointCost3	sTYPE_MONEY	No	No	VirtualUseBasedRentPeriod								EXISTING_GLOBAL;NEEDED_GLOBAL
Global	Contract	Use Based Rent Schedule	Breakpoint Cost #4	BreakpointCost4	sTYPE_MONEY	No	No	VirtualUseBasedRentPeriod								EXISTING_GLOBAL;NEEDED_GLOBAL
Global	Contract	Use Based Rent Schedule	Breakpoint Cost #5	BreakpointCost5	sTYPE_MONEY	No	No	VirtualUseBasedRentPeriod								EXISTING_GLOBAL;NEEDED_GLOBAL
Global	Contract	Use Based Rent Schedule	Breakpoint Cost #6	BreakpointCost6	sTYPE_MONEY	No	No	VirtualUseBasedRentPeriod								EXISTING_GLOBAL;NEEDED_GLOBAL
Global	Contract	Use Based Rent Schedule	Breakpoint Cost #7	BreakpointCost7	sTYPE_MONEY	No	No	VirtualUseBasedRentPeriod								EXISTING_GLOBAL;NEEDED_GLOBAL
Global	Contract	Use Based Rent Schedule	Breakpoint Cost #8	BreakpointCost8	sTYPE_MONEY	No	No	VirtualUseBasedRentPeriod								EXISTING_GLOBAL;NEEDED_GLOBAL
Global	Contract	Use Based Rent Schedule	Breakpoint Count #1	BreakpointCount1	sTYPE_NUMBER	No	No	VirtualUseBasedRentPeriod								EXISTING_GLOBAL;NEEDED_GLOBAL
Global	Contract	Use Based Rent Schedule	Breakpoint Count #2	BreakpointCount2	sTYPE_NUMBER	No	No	VirtualUseBasedRentPeriod								EXISTING_GLOBAL;NEEDED_GLOBAL
Global	Contract	Use Based Rent Schedule	Breakpoint Count #3	BreakpointCount3	sTYPE_NUMBER	No	No	VirtualUseBasedRentPeriod								EXISTING_GLOBAL;NEEDED_GLOBAL
Global	Contract	Use Based Rent Schedule	Breakpoint Count #4	BreakpointCount4	sTYPE_NUMBER	No	No	VirtualUseBasedRentPeriod								EXISTING_GLOBAL;NEEDED_GLOBAL
Global	Contract	Use Based Rent Schedule	Breakpoint Count #5	BreakpointCount5	sTYPE_NUMBER	No	No	VirtualUseBasedRentPeriod								EXISTING_GLOBAL;NEEDED_GLOBAL
Global	Contract	Use Based Rent Schedule	Breakpoint Count #6	BreakpointCount6	sTYPE_NUMBER	No	No	VirtualUseBasedRentPeriod								EXISTING_GLOBAL;NEEDED_GLOBAL
Global	Contract	Use Based Rent Schedule	Breakpoint Count #7	BreakpointCount7	sTYPE_NUMBER	No	No	VirtualUseBasedRentPeriod								EXISTING_GLOBAL;NEEDED_GLOBAL
Global	Contract	Use Based Rent Schedule	Breakpoint Count #8	BreakpointCount8	sTYPE_NUMBER	No	No	VirtualUseBasedRentPeriod								EXISTING_GLOBAL;NEEDED_GLOBAL
Global	Contract	Use Based Rent Schedule	Contract	ContractID	sTYPE_CONTRACT	No	No	VirtualUseBasedRentPeriod								EXISTING_GLOBAL;NEEDED_GLOBAL
Global	Contract	Use Based Rent Schedule	Period Begin Date	PeriodBeginDate	sTYPE_DATE	No	No	VirtualUseBasedRentPeriod								EXISTING_GLOBAL;NEEDED_GLOBAL
Global	Contract	Use Based Rent Schedule	Period Date Range	PeriodDateRange	sTYPE_DATE_RANGE	No	No	VirtualUseBasedRentPeriod								EXISTING_GLOBAL;NEEDED_GLOBAL
Global	Contract	Use Based Rent Schedule	Period End Date	PeriodEndDate	sTYPE_DATE	No	No	VirtualUseBasedRentPeriod								EXISTING_GLOBAL;NEEDED_GLOBAL
Global	Contract	Use Based Rent Schedule	Usage Group	CodeUsageGroupID	sCODE_USAGE_GROUP	No	No	VirtualUseBasedRentPeriod								EXISTING_GLOBAL;NEEDED_GLOBAL
Global	Contract	Use Based Rent Schedule	Usage Unit Type	CodeUsageUnitTypeID	sCODE_USAGE_UNIT_TYPE	No	No	VirtualUseBasedRentPeriod								EXISTING_GLOBAL;NEEDED_GLOBAL
Global	Contract	Use Based Rent Summary Schedule	Billing Frequency	CodeBillingFrequencyID	sCODE_FREQUENCY	No	No	VirtualUBRPAggregate								EXISTING_GLOBAL;NEEDED_GLOBAL
Global	Contract	Use Based Rent Summary Schedule	Contract	ContractID	sTYPE_CONTRACT	No	No	VirtualUBRPAggregate								EXISTING_GLOBAL;NEEDED_GLOBAL
Global	Contract	Use Based Rent Summary Schedule	Current Use Based Rent	CurrentRentDue	sTYPE_MONEY	No	No	VirtualUBRPAggregate								EXISTING_GLOBAL;NEEDED_GLOBAL
Global	Contract	Use Based Rent Summary Schedule	Current Use Based Rent Paid	CurrentRentPaid	sTYPE_MONEY	No	No	VirtualUBRPAggregate								EXISTING_GLOBAL;NEEDED_GLOBAL
Global	Contract	Use Based Rent Summary Schedule	Expense Group	CodeExpenseGroupID	sCODE_EXPENSE_GROUP	No	No	VirtualUBRPAggregate								EXISTING_GLOBAL;NEEDED_GLOBAL
Global	Contract	Use Based Rent Summary Schedule	Expense Type	CodeExpenseTypeID	sCODE_EXPENSE_TYPE	No	No	VirtualUBRPAggregate								EXISTING_GLOBAL;NEEDED_GLOBAL
Global	Contract	Use Based Rent Summary Schedule	Model Type	CodeUseRentModelTypeID	sCODE_USE_RENT_MODEL_TYPE	No	No	VirtualUBRPAggregate								EXISTING_GLOBAL;NEEDED_GLOBAL
Global	Contract	Use Based Rent Summary Schedule	Net Use Based Rent Due	NetUseBasedRentDue	sTYPE_MONEY	No	No	VirtualUBRPAggregate								EXISTING_GLOBAL;NEEDED_GLOBAL
Global	Contract	Use Based Rent Summary Schedule	Period Begin Date	PeriodBeginDate	sTYPE_DATE	No	No	VirtualUBRPAggregate								EXISTING_GLOBAL;NEEDED_GLOBAL
Global	Contract	Use Based Rent Summary Schedule	Period End Date	PeriodEndDate	sTYPE_DATE	No	No	VirtualUBRPAggregate								EXISTING_GLOBAL;NEEDED_GLOBAL
Global	Contract	Use Based Rent Summary Schedule	Rent Year Begin Date	RentYearBeginDate	sTYPE_DATE	No	No	VirtualUBRPAggregate								EXISTING_GLOBAL;NEEDED_GLOBAL
Global	Contract	Use Based Rent Summary Schedule	Rent Year End Date	RentYearEndDate	sTYPE_DATE	No	No	VirtualUBRPAggregate								EXISTING_GLOBAL;NEEDED_GLOBAL
Global	Contract	Use Based Rent Summary Schedule	Total Use Based Rent	CurrentRentObligation	sTYPE_MONEY	No	No	VirtualUBRPAggregate								EXISTING_GLOBAL;NEEDED_GLOBAL
Global	Demographics Criteria	Audit Info	Modified By	ModifiedByID	sTYPE_MEMBER	No	No	DemographicReport								EXISTING_GLOBAL;NEEDED_GLOBAL
Global	Demographics Criteria	Audit Info	Modified Date	ModifiedDate	sTYPE_TIME	No	No	DemographicReport								EXISTING_GLOBAL;NEEDED_GLOBAL
Global	Demographics Criteria	Demographic Fact	Computed Sequence Number	ComputedSequenceNumber	sTYPE_NUMBER	No	No	DemographicFact								EXISTING_GLOBAL
Global	Demographics Criteria	Demographic Fact	Demographic Fact ClientID	BOMapClientRecordID	sTYPE_TEXT	Yes	No	DemographicFact								EXISTING_GLOBAL
Global	Demographics Criteria	Demographic Fact	Demographic Fact RecID	DemographicFactID	sTYPE_UNFORMATTED_NUMBER	No	No	DemographicFact								EXISTING_GLOBAL
Global	Demographics Criteria	Demographic Fact	Is Ordered?	IsOrdered	sTYPE_BOOLEAN	No	No	DemographicFact								EXISTING_GLOBAL
Global	Demographics Criteria	Demographic Fact	Market Demographics	CodeMarketDemographicsID	sCODE_MARKET_DEMOGRAPHICS	Yes	No	DemographicFact								EXISTING_GLOBAL
Global	Demographics Criteria	Demographic Fact	Order Record Name	OrderRecordName	sTYPE_TEXT	No	No	DemographicFact								EXISTING_GLOBAL
Global	Demographics Criteria	Demographic Fact	Order Record Type	OrderRecordType	sTYPE_TEXT	No	No	DemographicFact								EXISTING_GLOBAL
Global	Demographics Criteria	Demographic Fact	Parent ID	ParentID	sTYPE_UNFORMATTED_NUMBER	No	No	DemographicFact								EXISTING_GLOBAL
Global	Demographics Criteria	Demographic Fact	Previous ID	PreviousID	sTYPE_UNFORMATTED_NUMBER	No	No	DemographicFact								EXISTING_GLOBAL
Global	Demographics Criteria	Demographic Fact	Weighting	Weighting	sTYPE_UNFORMATTED_NUMBER	No	No	DemographicFact								EXISTING_GLOBAL
Global	Demographics Criteria	Demographic Results	Demographic Results ClientID	BOMapClientRecordID	sTYPE_TEXT	Yes	No	DemographicResults								EXISTING_GLOBAL
Global	Demographics Criteria	Demographic Results	Demographic Results Description	Description	sTYPE_TEXTAREA	No	No	DemographicResults								EXISTING_GLOBAL;NEEDED_GLOBAL
Global	Demographics Criteria	Demographic Results	Demographic Results Document	DocumentID	sTYPE_DOCUMENT	No	No	DemographicResults								EXISTING_GLOBAL
Global	Demographics Criteria	Demographic Results	Demographic Results Name	DemographicResultsName	sTYPE_TEXT	No	No	DemographicResults								EXISTING_GLOBAL
Global	Demographics Criteria	Demographic Results	Demographic Results RecID	DemographicResultsID	sTYPE_UNFORMATTED_NUMBER	No	No	DemographicResults								EXISTING_GLOBAL
Global	Demographics Criteria	Demographic Results	Demographic Results Type	CodeDemographicResultsTypeID	sCODE_DEMOGRAPHIC_RESULTS_TYPE	Yes	No	DemographicResults								EXISTING_GLOBAL
Global	Demographics Criteria	Demographic Results	Results Status	CodeResultsStatusID	sCODE_RESULTS_STATUS	Yes	No	DemographicResults								EXISTING_GLOBAL
Global	Demographics Criteria	Demographic Results	Temp Location	TempLocation	sTYPE_TEXT	No	No	DemographicResults								EXISTING_GLOBAL
Global	Demographics Criteria	Demographic Results	Third Party Vendor	CodeThirdPartyVendorID	sCODE_THIRD_PARTY_VENDOR	No	No	DemographicResults								EXISTING_GLOBAL
Global	Demographics Criteria	Demographic Results	Time Finished	TimeFinished	sTYPE_TIME	No	No	DemographicResults								EXISTING_GLOBAL
Global	Demographics Criteria	Demographic Results	Time Initiated	TimeInitiated	sTYPE_TIME	No	No	DemographicResults								EXISTING_GLOBAL
Global	Demographics Criteria	Demographic Study Area	Area Drive Time In Minutes	AreaDriveTimeInMinutes	sTYPE_NUMBER	No	No	DemographicStudyArea								EXISTING_GLOBAL
Global	Demographics Criteria	Demographic Study Area	Area Radius	AreaRadius	sTYPE_NUMBER	No	No	DemographicStudyArea								EXISTING_GLOBAL
Global	Demographics Criteria	Demographic Study Area	Demographic Study Area ClientID	BOMapClientRecordID	sTYPE_TEXT	Yes	No	DemographicStudyArea								EXISTING_GLOBAL
Global	Demographics Criteria	Demographic Study Area	Demographic Study Area Name	DemographicStudyAreaName	sTYPE_TEXT	Yes	No	DemographicStudyArea								EXISTING_GLOBAL
Global	Demographics Criteria	Demographic Study Area	Demographic Study Area RecID	DemographicStudyAreaID	sTYPE_UNFORMATTED_NUMBER	No	No	DemographicStudyArea								EXISTING_GLOBAL
Global	Demographics Criteria	Demographic Study Area	Radius Unit	CodeRadiusUnitID	sCODE_DISTANCE_UNIT	No	No	DemographicStudyArea								EXISTING_GLOBAL
Global	Demographics Criteria	Demographics Report	Demographic Report ClientID	BOMapClientRecordID	sTYPE_TEXT	Yes	No	DemographicReport								EXISTING_GLOBAL
Global	Demographics Criteria	Demographics Report	Demographic Report RecID	DemographicReportID	sTYPE_UNFORMATTED_NUMBER	No	No	DemographicReport								EXISTING_GLOBAL
Global	Demographics Criteria	Demographics Report	Market Area	CodeMarketAreaID	sCODE_MARKET_AREA	No	No	DemographicReport								EXISTING_GLOBAL;NEEDED_GLOBAL
Global	Demographics Criteria	Demographics Report	Market Type	CodeMarketTypeID	sCODE_MARKET_TYPE	No	No	DemographicReport								EXISTING_GLOBAL
Global	Demographics Criteria	Demographics Report	Name	DemographicReportName	sTYPE_TEXT	Yes	No	DemographicReport								EXISTING_GLOBAL;NEEDED_GLOBAL
Global	Demographics Criteria	Demographics Report	Prototype	PrototypeID	sTYPE_PROTOTYPE	No	No	DemographicReport								EXISTING_GLOBAL
Global	Demographics Criteria	Demographics Report	Region	RegionID	sTYPE_REGION	No	No	DemographicReport								EXISTING_GLOBAL;NEEDED_GLOBAL
Global	Demographics Criteria	Demographics Report	Trade Area	TradeArea	sTYPE_TEXT	No	No	DemographicReport								EXISTING_GLOBAL
Global	Documents	Audit History	Action	CodeDocumentActionID	sCODE_DOCUMENT_ACTION	Yes	No	DocumentAudit								EXISTING_GLOBAL;NEEDED_GLOBAL
Global	Documents	Audit History	Action By Member	ActionByMemberID	sTYPE_MEMBER	Yes	No	DocumentAudit								EXISTING_GLOBAL;NEEDED_GLOBAL
Global	Documents	Audit History	Audit Date	AuditDate	sTYPE_DATE	Yes	No	DocumentAudit								EXISTING_GLOBAL;NEEDED_GLOBAL
Global	Documents	Audit History	Document	DocumentID	sTYPE_DOCUMENT	Yes	No	DocumentAudit								EXISTING_GLOBAL;NEEDED_GLOBAL
Global	Documents	Audit History	Entity	ProjectEntityID	sTYPE_PROJECT_ENTITY	Yes	No	DocumentAudit								EXISTING_GLOBAL;NEEDED_GLOBAL
Global	Documents	Audit History	Folder	ParentFolderID	sTYPE_FOLDER	No	No	DocumentAudit								EXISTING_GLOBAL;NEEDED_GLOBAL
Global	Documents	Audit Info	Modified By	ModifiedByID	sTYPE_MEMBER	No	No	Document	Document	ModifiedByID	Modified By	document	ModifiedByID	TEXT	Foreign key (ID reference)	EXISTING_GLOBAL;NEEDED_GLOBAL
Global	Documents	Audit Info	Modified Date	ModifiedDate	sTYPE_TIME	No	No	Document	Document	ModifiedDate	Modified Date	document	ModifiedDate	TEXT	Incremental watermark	EXISTING_GLOBAL;NEEDED_GLOBAL
Global	Documents	Folder Security	Folder	FolderID	sTYPE_FOLDER	No	No	LinkSecurity								EXISTING_GLOBAL;NEEDED_GLOBAL
Global	Documents	Folder Security	Security Setting	CodeFolderSecurityTypeID	sCODE_SECURITY_TYPE	No	No	LinkSecurity								EXISTING_GLOBAL;NEEDED_GLOBAL
Global	Documents	Folder Security	User Class	CodeUserClassID	sCODE_USER_CLASS	Yes	No	LinkSecurity								EXISTING_GLOBAL;NEEDED_GLOBAL
Global	Documents	Folders	Description	Description	sTYPE_TEXTAREA	No	No	Folder	Folder	Description	Description	folder	Description	TEXT		EXISTING_GLOBAL;NEEDED_GLOBAL
Global	Documents	Folders	Downloadable	IsFolderDownloadableByMember	sTYPE_BOOLEAN	No	No	Folder	Folder	IsFolderDownloadableByMember	Downloadable	folder	IsFolderDownloadableByMember	TEXT		EXISTING_GLOBAL;NEEDED_GLOBAL
Global	Documents	Folders	Folder ClientID	BOMapClientRecordID	sTYPE_TEXT	Yes	No	Folder	Folder	BOMapClientRecordID	Folder ClientID	folder	BOMapClientRecordID	TEXT	Client identifier	EXISTING_GLOBAL;NEEDED_GLOBAL
Global	Documents	Folders	Folder RecID	FolderID	sTYPE_UNFORMATTED_NUMBER	No	No	Folder	Folder	FolderID	Folder RecID	folder	FolderID	VARCHAR(64) NOT NULL	Primary key	EXISTING_GLOBAL;NEEDED_GLOBAL
Global	Documents	Folders	Folder Template Name	FolderTemplateName	sTYPE_TEXT	No	No	Folder	Folder	FolderTemplateName	Folder Template Name	folder	FolderTemplateName	TEXT		EXISTING_GLOBAL;NEEDED_GLOBAL
Global	Documents	Folders	Full Folder List	SubFolderPath	sTYPE_FULL_FOLDER_LIST	No	No	Folder	Folder	SubFolderPath	Full Folder List	folder	SubFolderPath	TEXT		EXISTING_GLOBAL;NEEDED_GLOBAL
Global	Documents	Folders	Modified By	ModifiedByID	sTYPE_MEMBER	No	No	Folder	Folder	ModifiedByID	Modified By	folder	ModifiedByID	TEXT	Foreign key (ID reference)	EXISTING_GLOBAL;NEEDED_GLOBAL
Global	Documents	Folders	Modified Date	ModifiedDate	sTYPE_TIME	No	No	Folder	Folder	ModifiedDate	Modified Date	folder	ModifiedDate	TEXT	Incremental watermark	EXISTING_GLOBAL;NEEDED_GLOBAL
Global	Documents	Folders	Name	FolderName	sTYPE_TEXT	Yes	No	Folder	Folder	FolderName	Name	folder	FolderName	TEXT		EXISTING_GLOBAL;NEEDED_GLOBAL
Global	Documents	Folders	Parent Folder	ParentFolderID	sTYPE_FOLDER	No	No	Folder	Folder	ParentFolderID	Parent Folder	folder	ParentFolderID	TEXT	Foreign key (ID reference)	EXISTING_GLOBAL;NEEDED_GLOBAL
Global	Documents	Folders	Path Name	SubFolderPath	sTYPE_TEXT	No	No	Folder	Folder	SubFolderPath	Full Folder List	folder	SubFolderPath	TEXT		EXISTING_GLOBAL;NEEDED_GLOBAL
Global	Documents	Folders	Previous Folder	PreviousFolderID	sTYPE_FOLDER	No	No	Folder	Folder	PreviousFolderID	Previous Folder	folder	PreviousFolderID	TEXT	Foreign key (ID reference)	EXISTING_GLOBAL;NEEDED_GLOBAL
Global	Documents	Folders	Readable	IsFolderReadableByMember	sTYPE_BOOLEAN	No	No	Folder	Folder	IsFolderReadableByMember	Readable	folder	IsFolderReadableByMember	TEXT		EXISTING_GLOBAL;NEEDED_GLOBAL
Global	Documents	Folders	Subscriber Job Titles	SubscriptionCodeJobTitleIDList	sCODE_JOB_TITLE	No	No	Folder	Folder	SubscriptionCodeJobTitleIDList	Subscriber Job Titles	folder	SubscriptionCodeJobTitleIDList	TEXT		EXISTING_GLOBAL;NEEDED_GLOBAL
Global	Documents	Folders	Uploadable	IsFolderUploadableByMember	sTYPE_BOOLEAN	No	No	Folder	Folder	IsFolderUploadableByMember	Uploadable	folder	IsFolderUploadableByMember	TEXT		EXISTING_GLOBAL;NEEDED_GLOBAL
Global	Documents	Folders	Uploadable Only	IsFolderUploadOnlyByMember	sTYPE_BOOLEAN	No	No	Folder	Folder	IsFolderUploadOnlyByMember	Uploadable Only	folder	IsFolderUploadOnlyByMember	TEXT		EXISTING_GLOBAL;NEEDED_GLOBAL
Global	Documents	General Information	Author	AuthoredByPersonID	sTYPE_PERSON	No	No	Document	Document	AuthoredByPersonID	Author	document	AuthoredByPersonID	TEXT	Foreign key (ID reference)	EXISTING_GLOBAL;NEEDED_GLOBAL
Global	Documents	General Information	Author Name	AuthorName	sTYPE_TEXT	No	No	Document	Document	AuthorName	Author Name	document	AuthorName	TEXT		EXISTING_GLOBAL;NEEDED_GLOBAL
Global	Documents	General Information	Checked Out By Member	CheckedOutByMemberID	sTYPE_MEMBER	No	No	Document	Document	CheckedOutByMemberID	Checked Out By Member	document	CheckedOutByMemberID	TEXT	Foreign key (ID reference)	EXISTING_GLOBAL;NEEDED_GLOBAL
Global	Documents	General Information	Checked Out Date	CheckedOutDate	sTYPE_DATE	No	No	Document	Document	CheckedOutDate	Checked Out Date	document	CheckedOutDate	TEXT		EXISTING_GLOBAL;NEEDED_GLOBAL
Global	Documents	General Information	Conversion Status	CodeDocumentConvertStatusID	sCODE_DOCUMENT_CONVERT_STATUS	Yes	No	Document	Document	CodeDocumentConvertStatusID	Conversion Status	document	CodeDocumentConvertStatusID	TEXT	Foreign key (ID reference)	EXISTING_GLOBAL;NEEDED_GLOBAL
Global	Documents	General Information	Description	Description	sTYPE_TEXT	No	No	Document	Document	Description	Description	document	Description	TEXT		EXISTING_GLOBAL;NEEDED_GLOBAL
Global	Documents	General Information	Document RecID	DocumentID	sTYPE_UNFORMATTED_NUMBER	No	No	Document	Document	DocumentID	Document RecID	document	DocumentID	VARCHAR(64) NOT NULL	Primary key	EXISTING_GLOBAL;NEEDED_GLOBAL
Global	Documents	General Information	Document Type	CodeDocumentTypeID	sCODE_DOCUMENT_TYPE	Yes	No	Document	Document	CodeDocumentTypeID	Document Type	document	CodeDocumentTypeID	TEXT	Foreign key (ID reference)	EXISTING_GLOBAL;NEEDED_GLOBAL
Global	Documents	General Information	Download Link	DownloadLink	sTYPE_DOCUMENT_VIEWLINK	No	No	Document	Document	DownloadLink	Download Link	document	DownloadLink	TEXT		EXISTING_GLOBAL;NEEDED_GLOBAL
Global	Documents	General Information	File Created Date	FileCreatedDate	sTYPE_TIME	Yes	No	Document	Document	FileCreatedDate	File Created Date	document	FileCreatedDate	TEXT		EXISTING_GLOBAL;NEEDED_GLOBAL
Global	Documents	General Information	File Name	BaseName	sTYPE_TEXT	Yes	No	Document	Document	BaseName	File Name	document	BaseName	TEXT		EXISTING_GLOBAL;NEEDED_GLOBAL
Global	Documents	General Information	File Size	FileSize	sTYPE_NUMBER	No	No	Document	Document	FileSize	File Size	document	FileSize	TEXT		EXISTING_GLOBAL;NEEDED_GLOBAL
Global	Documents	General Information	Folder	SubFolderPath	sTYPE_TEXT	No	No	Document	Document	SubFolderPath	Folder	document	SubFolderPath	TEXT		EXISTING_GLOBAL;NEEDED_GLOBAL
Global	Documents	General Information	Has Markups?	HasMarkups	sTYPE_BOOLEAN	No	No	Document	Document	HasMarkups	Has Markups?	document	HasMarkups	TEXT		EXISTING_GLOBAL;NEEDED_GLOBAL
Global	Documents	General Information	Is Checked Out?	IsCheckedOut	sTYPE_BOOLEAN	No	No	Document	Document	IsCheckedOut	Is Checked Out?	document	IsCheckedOut	TEXT		EXISTING_GLOBAL;NEEDED_GLOBAL
Global	Documents	General Information	Is Latest Version?	IsLatestVersion	sTYPE_BOOLEAN	No	No	Document	Document	IsLatestVersion	Is Latest Version?	document	IsLatestVersion	TEXT		EXISTING_GLOBAL;NEEDED_GLOBAL
Global	Documents	General Information	Parent Folder	ParentFolderID	sTYPE_FOLDER	Yes	No	Document	Document	ParentFolderID	Parent Folder	document	ParentFolderID	TEXT	Foreign key (ID reference)	EXISTING_GLOBAL;NEEDED_GLOBAL
Global	Documents	General Information	Parent Folder Name	ParentFolderName	sTYPE_TEXT	No	No	Document	Document	ParentFolderName	Parent Folder Name	document	ParentFolderName	TEXT		EXISTING_GLOBAL;NEEDED_GLOBAL
Global	Documents	General Information	Released?	ReadyForRelease	sTYPE_CHECKBOX	Yes	No	Document	Document	ReadyForRelease	Released?	document	ReadyForRelease	TEXT		EXISTING_GLOBAL;NEEDED_GLOBAL
Global	Documents	General Information	Version	Version	sTYPE_NUMBER	Yes	No	Document	Document	Version	Version	document	Version	TEXT		EXISTING_GLOBAL;NEEDED_GLOBAL
Global	Equipment/Assets	Financial Information	Accounting Begin Date	AccountingBeginDate	sTYPE_DATE	No	No	Asset	Asset	AccountingBeginDate	Accounting Begin Date	asset	AccountingBeginDate	TEXT		EXISTING_GLOBAL;NEEDED_GLOBAL
Global	Equipment/Assets	Financial Information	Accounting End Date	AccountingEndDate	sTYPE_DATE	No	No	Asset	Asset	AccountingEndDate	Accounting End Date	asset	AccountingEndDate	TEXT		EXISTING_GLOBAL;NEEDED_GLOBAL
Global	Equipment/Assets	Financial Information	Accounting Method Override	CodeAccountingMethodOverrideID	sCODE_ACCOUNTING_METHOD	No	No	Asset	Asset	CodeAccountingMethodOverrideID	Accounting Method Override	asset	CodeAccountingMethodOverrideID	TEXT	Foreign key (ID reference)	EXISTING_GLOBAL;NEEDED_GLOBAL
Global	Equipment/Assets	Financial Information	Asset Sale Price	AssetSalePrice	sTYPE_MONEY	No	No	Asset	Asset	AssetSalePrice	Asset Sale Price	asset	AssetSalePrice	TEXT		EXISTING_GLOBAL;NEEDED_GLOBAL
Global	Equipment/Assets	Financial Information	Compounding Frequency	CodeCompoundingFrequencyID	sCODE_MONTH_FREQUENCY	No	No	Asset	Asset	CodeCompoundingFrequencyID	Compounding Frequency	asset	CodeCompoundingFrequencyID	TEXT	Foreign key (ID reference)	EXISTING_GLOBAL;NEEDED_GLOBAL
Global	Equipment/Assets	Financial Information	Current Annual Payment	CurrentAnnualPayment	sTYPE_MONEY	No	No	Asset	Asset	CurrentAnnualPayment	Current Annual Payment	asset	CurrentAnnualPayment	TEXT		EXISTING_GLOBAL;NEEDED_GLOBAL
Global	Equipment/Assets	Financial Information	Current Monthly Payment	CurrentMonthlyPayment	sTYPE_MONEY	No	No	Asset	Asset	CurrentMonthlyPayment	Current Monthly Payment	asset	CurrentMonthlyPayment	TEXT		EXISTING_GLOBAL;NEEDED_GLOBAL
Global	Equipment/Assets	Financial Information	Depreciation End Date	DepreciationEndDate	sTYPE_DATE	No	No	Asset	Asset	DepreciationEndDate	Depreciation End Date	asset	DepreciationEndDate	TEXT		EXISTING_GLOBAL;NEEDED_GLOBAL
Global	Equipment/Assets	Financial Information	Discount Rate Override	DiscountRateOverride	sTYPE_PERCENTAGE	No	No	Asset	Asset	DiscountRateOverride	Discount Rate Override	asset	DiscountRateOverride	TEXT		EXISTING_GLOBAL;NEEDED_GLOBAL
Global	Equipment/Assets	Financial Information	Disposition Date	DispositionDate	sTYPE_DATE	No	No	Asset	Asset	DispositionDate	Disposition Date	asset	DispositionDate	TEXT		EXISTING_GLOBAL;NEEDED_GLOBAL
Global	Equipment/Assets	Financial Information	Does Ownership Revert To Tenant?	DoesTitleRevertToTenant	sTYPE_CHECKBOX	No	No	Asset	Asset	DoesTitleRevertToTenant	Does Ownership Revert To Tenant?	asset	DoesTitleRevertToTenant	TEXT		EXISTING_GLOBAL;NEEDED_GLOBAL
Global	Equipment/Assets	Financial Information	Fair Value Of Asset	FairValueOfAsset	sTYPE_MONEY	No	No	Asset	Asset	FairValueOfAsset	Fair Value Of Asset	asset	FairValueOfAsset	TEXT		EXISTING_GLOBAL;NEEDED_GLOBAL
Global	Equipment/Assets	Financial Information	Fair Value Source	FairValueSource	sTYPE_TEXT	No	No	Asset	Asset	FairValueSource	Fair Value Source	asset	FairValueSource	TEXT		EXISTING_GLOBAL;NEEDED_GLOBAL
Global	Equipment/Assets	Financial Information	Final Asset Amount	FinalAssetAmount	sTYPE_MONEY	No	No	Asset	Asset	FinalAssetAmount	Final Asset Amount	asset	FinalAssetAmount	TEXT		EXISTING_GLOBAL;NEEDED_GLOBAL
Global	Equipment/Assets	Financial Information	Final Asset Amount Allocation Percentage	FinalAssetAllocPercent	sTYPE_PERCENTAGE	No	No	Asset	Asset	FinalAssetAllocPercent	Final Asset Amount Allocation Percentage	asset	FinalAssetAllocPercent	TEXT		EXISTING_GLOBAL;NEEDED_GLOBAL
Global	Equipment/Assets	Financial Information	Final Asset Amount Date	FinalAssetDate	sTYPE_DATE	No	No	Asset	Asset	FinalAssetDate	Final Asset Amount Date	asset	FinalAssetDate	TEXT		EXISTING_GLOBAL;NEEDED_GLOBAL
Global	Equipment/Assets	Financial Information	Financial Contract	FinancialContractID	sTYPE_EQUIPMENT_CONTRACT	No	No	Asset	Asset	FinancialContractID	Financial Contract	asset	FinancialContractID	TEXT	Foreign key (ID reference)	EXISTING_GLOBAL;NEEDED_GLOBAL
Global	Equipment/Assets	Financial Information	Has Buyout Option?	HasBuyoutOption	sTYPE_CHECKBOX	No	No	Asset	Asset	HasBuyoutOption	Has Buyout Option?	asset	HasBuyoutOption	TEXT		EXISTING_GLOBAL;NEEDED_GLOBAL
Global	Equipment/Assets	Financial Information	Impairment Override Amount	ImpairmentOverride	sTYPE_MONEY	No	No	Asset	Asset	ImpairmentOverride	Impairment Override Amount	asset	ImpairmentOverride	TEXT		EXISTING_GLOBAL;NEEDED_GLOBAL
Global	Equipment/Assets	Financial Information	Initial Asset Balance Adjustment	InitialAssetBalanceAdjust	sTYPE_MONEY	No	No	Asset	Asset	InitialAssetBalanceAdjust	Initial Asset Balance Adjustment	asset	InitialAssetBalanceAdjust	TEXT		EXISTING_GLOBAL;NEEDED_GLOBAL
Global	Equipment/Assets	Financial Information	Initial Liability Balance Adjustment	InitialLiabilityBalanceAdjust	sTYPE_MONEY	No	No	Asset	Asset	InitialLiabilityBalanceAdjust	Initial Liability Balance Adjustment	asset	InitialLiabilityBalanceAdjust	TEXT		EXISTING_GLOBAL;NEEDED_GLOBAL
Global	Equipment/Assets	Financial Information	Is Asset Too Specialized For Lessor?	IsAssetTooSpecializedForLessor	sTYPE_CHECKBOX	No	No	Asset	Asset	IsAssetTooSpecializedForLessor	Is Asset Too Specialized For Lessor?	asset	IsAssetTooSpecializedForLessor	TEXT		EXISTING_GLOBAL;NEEDED_GLOBAL
Global	Equipment/Assets	Financial Information	Month To Month?	MonthToMonth	sTYPE_CHECKBOX	No	No	Asset	Asset	MonthToMonth	Month To Month?	asset	MonthToMonth	TEXT		EXISTING_GLOBAL;NEEDED_GLOBAL
Global	Equipment/Assets	Financial Information	Payments Begin Date	PaymentsBeginDate	sTYPE_DATE	No	No	Asset	Asset	PaymentsBeginDate	Payments Begin Date	asset	PaymentsBeginDate	TEXT		EXISTING_GLOBAL;NEEDED_GLOBAL
Global	Equipment/Assets	Financial Information	Payments End Date	PaymentsEndDate	sTYPE_DATE	No	No	Asset	Asset	PaymentsEndDate	Payments End Date	asset	PaymentsEndDate	TEXT		EXISTING_GLOBAL;NEEDED_GLOBAL
Global	Equipment/Assets	Financial Information	Plan To Buy At End Of Term?	PlanToBuyAtEndOfTerm	sTYPE_CHECKBOX	No	No	Asset	Asset	PlanToBuyAtEndOfTerm	Plan To Buy At End Of Term?	asset	PlanToBuyAtEndOfTerm	TEXT		EXISTING_GLOBAL;NEEDED_GLOBAL
Global	Equipment/Assets	Financial Information	Portion Of Asset Controlled	PortionOfAssetControlled	sTYPE_PERCENTAGE	No	No	Asset	Asset	PortionOfAssetControlled	Portion Of Asset Controlled	asset	PortionOfAssetControlled	TEXT		EXISTING_GLOBAL;NEEDED_GLOBAL
Global	Equipment/Assets	Financial Information	Purchase Date	PurchaseDate	sTYPE_DATE	No	No	Asset	Asset	PurchaseDate	Purchase Date	asset	PurchaseDate	TEXT		EXISTING_GLOBAL;NEEDED_GLOBAL
Global	Equipment/Assets	Financial Information	Purchase Order Descrption	PurchaseOrderDescrption	sTYPE_TEXTAREA	No	No	Asset	Asset	PurchaseOrderDescrption	Purchase Order Descrption	asset	PurchaseOrderDescrption	TEXT		EXISTING_GLOBAL;NEEDED_GLOBAL
Global	Equipment/Assets	Financial Information	Purchase Order Number	PurchaseOrderNumber	sTYPE_TEXT	No	No	Asset	Asset	PurchaseOrderNumber	Purchase Order Number	asset	PurchaseOrderNumber	TEXT		EXISTING_GLOBAL;NEEDED_GLOBAL
Global	Equipment/Assets	Financial Information	Purchase Order Reference	PurchaseOrderReference	sTYPE_TEXT	No	No	Asset	Asset	PurchaseOrderReference	Purchase Order Reference	asset	PurchaseOrderReference	TEXT		EXISTING_GLOBAL;NEEDED_GLOBAL
Global	Equipment/Assets	Financial Information	Purchase Price	PurchasePrice	sTYPE_MONEY	No	No	Asset	Asset	PurchasePrice	Purchase Price	asset	PurchasePrice	TEXT		EXISTING_GLOBAL;NEEDED_GLOBAL
Global	Equipment/Assets	Financial Information	Remaining Asset Balance	RemainingAssetBalance	sTYPE_PERCENT_OR_AMOUNT	No	No	Asset	Asset	RemainingAssetBalance	Remaining Asset Balance	asset	RemainingAssetBalance	TEXT		EXISTING_GLOBAL;NEEDED_GLOBAL
Global	Equipment/Assets	Financial Information	Remaining Life	RemainingLife	sTYPE_NUMBER	No	No	Asset	Asset	RemainingLife	Remaining Life	asset	RemainingLife	TEXT		EXISTING_GLOBAL;NEEDED_GLOBAL
Global	Equipment/Assets	Financial Information	Remaining Life Freq Unit	CodeRemainingLifeFreqUnitID	sCODE_FREQUENCY_UNIT	No	No	Asset	Asset	CodeRemainingLifeFreqUnitID	Remaining Life Freq Unit	asset	CodeRemainingLifeFreqUnitID	TEXT	Foreign key (ID reference)	EXISTING_GLOBAL;NEEDED_GLOBAL
Global	Equipment/Assets	Financial Information	Residual	Residual	sTYPE_MONEY	No	No	Asset	Asset	Residual	Residual	asset	Residual	TEXT		EXISTING_GLOBAL;NEEDED_GLOBAL
Global	Equipment/Assets	Financial Information	Starting Depreciation Cost	StartingDepreciationCost	sTYPE_MONEY	No	No	Asset	Asset	StartingDepreciationCost	Starting Depreciation Cost	asset	StartingDepreciationCost	TEXT		EXISTING_GLOBAL;NEEDED_GLOBAL
Global	Equipment/Assets	Financial Information	Years Of Depreciable Life	YearsOfDepreciableLife	sTYPE_NUMBER	No	No	Asset	Asset	YearsOfDepreciableLife	Years Of Depreciable Life	asset	YearsOfDepreciableLife	TEXT		EXISTING_GLOBAL;NEEDED_GLOBAL
Global	Equipment/Assets	General Information	Account #	CodeDesc_CodeAssetCategoryID	sCODE_ASSET_CATEGORY	No	No	Asset	Asset	CodeDesc_CodeAssetCategoryID	Account #	asset	CodeDesc_CodeAssetCategoryID	TEXT	Foreign key (ID reference)	EXISTING_GLOBAL;NEEDED_GLOBAL
Global	Equipment/Assets	General Information	Alternate Vendor	AlternateVendorID	sTYPE_VENDOR	No	No	Asset	Asset	AlternateVendorID	Alternate Vendor	asset	AlternateVendorID	TEXT	Foreign key (ID reference)	EXISTING_GLOBAL;NEEDED_GLOBAL
Global	Equipment/Assets	General Information	Asset Barcode Number	AssetBarcodeNumber	sTYPE_TEXT	No	No	Asset	Asset	AssetBarcodeNumber	Asset Barcode Number	asset	AssetBarcodeNumber	TEXT		EXISTING_GLOBAL;NEEDED_GLOBAL
Global	Equipment/Assets	General Information	Asset ClientID	BOMapClientRecordID	sTYPE_TEXT	Yes	No	Asset	Asset	BOMapClientRecordID	Asset ClientID	asset	BOMapClientRecordID	TEXT	Client identifier	EXISTING_GLOBAL;NEEDED_GLOBAL
Global	Equipment/Assets	General Information	Asset Department	CodeAssetDepartmentID	sCODE_ASSET_DEPARTMENT	No	No	Asset	Asset	CodeAssetDepartmentID	Asset Department	asset	CodeAssetDepartmentID	TEXT	Foreign key (ID reference)	EXISTING_GLOBAL;NEEDED_GLOBAL
Global	Equipment/Assets	General Information	Asset Group	CodeAssetGroupID	sCODE_ASSET_GROUP	No	No	Asset	Asset	CodeAssetGroupID	Asset Group	asset	CodeAssetGroupID	TEXT	Foreign key (ID reference)	EXISTING_GLOBAL;NEEDED_GLOBAL
Global	Equipment/Assets	General Information	Asset Number	ClientNumber	sTYPE_TEXT	No	No	Asset	Asset	ClientNumber	Asset Number	asset	ClientNumber	TEXT		EXISTING_GLOBAL;NEEDED_GLOBAL
Global	Equipment/Assets	General Information	Asset Operation Status	CodeAssetOperationStatusID	sCODE_ASSET_OPERATION_STATUS	No	No	Asset	Asset	CodeAssetOperationStatusID	Asset Operation Status	asset	CodeAssetOperationStatusID	TEXT	Foreign key (ID reference)	EXISTING_GLOBAL;NEEDED_GLOBAL
Global	Equipment/Assets	General Information	Asset Product Type	CodeAssetProductTypeID	sCODE_ASSET_PRODUCT_TYPE	No	No	Asset	Asset	CodeAssetProductTypeID	Asset Product Type	asset	CodeAssetProductTypeID	TEXT	Foreign key (ID reference)	EXISTING_GLOBAL;NEEDED_GLOBAL
Global	Equipment/Assets	General Information	Asset RecID	AssetID	sTYPE_UNFORMATTED_NUMBER	No	No	Asset	Asset	AssetID	Asset RecID	asset	AssetID	VARCHAR(64) NOT NULL	Primary key	EXISTING_GLOBAL;NEEDED_GLOBAL
Global	Equipment/Assets	General Information	Asset Serial #	AssetSerialNumber	sTYPE_TEXT	No	No	Asset	Asset	AssetSerialNumber	Asset Serial #	asset	AssetSerialNumber	TEXT		EXISTING_GLOBAL;NEEDED_GLOBAL
Global	Equipment/Assets	General Information	Asset Suspension Status	CodeAssetSuspensionStatusID	sCODE_ASSET_SUSPENSION_STATUS	No	No	Asset	Asset	CodeAssetSuspensionStatusID	Asset Suspension Status	asset	CodeAssetSuspensionStatusID	TEXT	Foreign key (ID reference)	EXISTING_GLOBAL;NEEDED_GLOBAL
Global	Equipment/Assets	General Information	Asset Type	CodeAssetTypeID	sCODE_ASSET_TYPE	No	No	Asset	Asset	CodeAssetTypeID	Asset Type	asset	CodeAssetTypeID	TEXT	Foreign key (ID reference)	EXISTING_GLOBAL;NEEDED_GLOBAL
Global	Equipment/Assets	General Information	Asset UUID	UUID	sTYPE_TEXT	No	No	Asset	Asset	UUID	Asset UUID	asset	UUID	TEXT	Foreign key (ID reference)	EXISTING_GLOBAL;NEEDED_GLOBAL
Global	Equipment/Assets	General Information	Associated Entity	AssociatedProjectEntityID	sTYPE_MIXEDENTITY	No	No	Asset	Asset	AssociatedProjectEntityID	Associated Entity	asset	AssociatedProjectEntityID	TEXT	Foreign key (ID reference)	EXISTING_GLOBAL;NEEDED_GLOBAL
Global	Equipment/Assets	General Information	Color	Color	sTYPE_TEXT	No	No	Asset	Asset	Color	Color	asset	Color	TEXT		EXISTING_GLOBAL;NEEDED_GLOBAL
Global	Equipment/Assets	General Information	Contract Responsibility	ResponsibilityID	sTYPE_RESPONSIBILITY	No	No	Asset	Asset	ResponsibilityID	Contract Responsibility	asset	ResponsibilityID	TEXT	Foreign key (ID reference)	EXISTING_GLOBAL;NEEDED_GLOBAL
Global	Equipment/Assets	General Information	Created By	CreatedByID	sTYPE_MEMBER	No	No	Asset	Asset	CreatedByID	Created By	asset	CreatedByID	TEXT	Foreign key (ID reference)	EXISTING_GLOBAL;NEEDED_GLOBAL
Global	Equipment/Assets	General Information	Created Date	CreatedDate	sTYPE_TIME	No	No	Asset	Asset	CreatedDate	Created Date	asset	CreatedDate	TEXT	Audit	EXISTING_GLOBAL;NEEDED_GLOBAL
Global	Equipment/Assets	General Information	Depth	Depth	sTYPE_NUMBER	No	No	Asset	Asset	Depth	Depth	asset	Depth	TEXT		EXISTING_GLOBAL;NEEDED_GLOBAL
Global	Equipment/Assets	General Information	Dimension Unit	CodeDimensionUnitID	sCODE_MEASUREMENT_UNIT	No	No	Asset	Asset	CodeDimensionUnitID	Dimension Unit	asset	CodeDimensionUnitID	TEXT	Foreign key (ID reference)	EXISTING_GLOBAL;NEEDED_GLOBAL
Global	Equipment/Assets	General Information	Equipment Name	AssetName	sTYPE_TEXT	Yes	No	Asset	Asset	AssetName	Equipment Name	asset	AssetName	TEXT		EXISTING_GLOBAL;NEEDED_GLOBAL
Global	Equipment/Assets	General Information	Expected Life	ExpectedLife	sTYPE_TEXTAREA	No	No	Asset	Asset	ExpectedLife	Expected Life	asset	ExpectedLife	TEXT		EXISTING_GLOBAL;NEEDED_GLOBAL
Global	Equipment/Assets	General Information	First Year Bonus Depreciation	FirstYearBonusDepreciation	sTYPE_PERCENTAGE	No	No	Asset	Asset	FirstYearBonusDepreciation	First Year Bonus Depreciation	asset	FirstYearBonusDepreciation	TEXT		EXISTING_GLOBAL;NEEDED_GLOBAL
Global	Equipment/Assets	General Information	Floor	Floor	sTYPE_TEXT	No	No	Asset	Asset	Floor	Floor	asset	Floor	TEXT		EXISTING_GLOBAL;NEEDED_GLOBAL
Global	Equipment/Assets	General Information	Generate Service Request	GenerateServiceRequest	sTYPE_SUBMITBUTTON	No	No	Asset								EXISTING_GLOBAL;NEEDED_GLOBAL
Global	Equipment/Assets	General Information	Height	Height	sTYPE_NUMBER	No	No	Asset	Asset	Height	Height	asset	Height	TEXT		EXISTING_GLOBAL;NEEDED_GLOBAL
Global	Equipment/Assets	General Information	In-Service Date	InServiceDate	sTYPE_DATE	No	No	Asset	Asset	InServiceDate	In-Service Date	asset	InServiceDate	TEXT		EXISTING_GLOBAL;NEEDED_GLOBAL
Global	Equipment/Assets	General Information	Installation Date	InstallationDate	sTYPE_DATE	No	No	Asset	Asset	InstallationDate	Installation Date	asset	InstallationDate	TEXT		EXISTING_GLOBAL;NEEDED_GLOBAL
Global	Equipment/Assets	General Information	Installer	InstallerVendorID	sTYPE_VENDOR	No	No	Asset	Asset	InstallerVendorID	Installer	asset	InstallerVendorID	TEXT	Foreign key (ID reference)	EXISTING_GLOBAL;NEEDED_GLOBAL
Global	Equipment/Assets	General Information	Insurance Agent	InsuranceAgent	sTYPE_TEXT	No	No	Asset	Asset	InsuranceAgent	Insurance Agent	asset	InsuranceAgent	TEXT		EXISTING_GLOBAL;NEEDED_GLOBAL
Global	Equipment/Assets	General Information	Insurance Alert Date	InsuranceAlertDate	sTYPE_DATE	No	No	Asset	Asset	InsuranceAlertDate	Insurance Alert Date	asset	InsuranceAlertDate	TEXT		EXISTING_GLOBAL;NEEDED_GLOBAL
Global	Equipment/Assets	General Information	Insurance Begin Date	InsuranceBeginDate	sTYPE_DATE	No	No	Asset	Asset	InsuranceBeginDate	Insurance Begin Date	asset	InsuranceBeginDate	TEXT		EXISTING_GLOBAL;NEEDED_GLOBAL
Global	Equipment/Assets	General Information	Insurance End Date	InsuranceEndDate	sTYPE_DATE	No	No	Asset	Asset	InsuranceEndDate	Insurance End Date	asset	InsuranceEndDate	TEXT		EXISTING_GLOBAL;NEEDED_GLOBAL
Global	Equipment/Assets	General Information	Insurance Policy Number	InsurancePolicyNumber	sTYPE_TEXT	No	No	Asset	Asset	InsurancePolicyNumber	Insurance Policy Number	asset	InsurancePolicyNumber	TEXT		EXISTING_GLOBAL;NEEDED_GLOBAL
Global	Equipment/Assets	General Information	Insurance Term	InsuranceTerm	sTYPE_NUMBER	No	No	Asset	Asset	InsuranceTerm	Insurance Term	asset	InsuranceTerm	TEXT		EXISTING_GLOBAL;NEEDED_GLOBAL
Global	Equipment/Assets	General Information	Insurance Term Unit	CodeInsuranceTermUnitID	sCODE_TIME_UNIT	No	No	Asset	Asset	CodeInsuranceTermUnitID	Insurance Term Unit	asset	CodeInsuranceTermUnitID	TEXT	Foreign key (ID reference)	EXISTING_GLOBAL;NEEDED_GLOBAL
Global	Equipment/Assets	General Information	Insurance Tickler Date	InsuranceTicklerDate	sTYPE_DATE	No	No	Asset	Asset	InsuranceTicklerDate	Insurance Tickler Date	asset	InsuranceTicklerDate	TEXT		EXISTING_GLOBAL;NEEDED_GLOBAL
Global	Equipment/Assets	General Information	Integration Asset Status	IntegrationAssetStatus	sTYPE_TEXT	No	No	Asset	Asset	IntegrationAssetStatus	Integration Asset Status	asset	IntegrationAssetStatus	TEXT		EXISTING_GLOBAL;NEEDED_GLOBAL
Global	Equipment/Assets	General Information	Is Low Asset Value	IsLowAssetValue	sTYPE_NULL_CHECKBOX	No	No	Asset	Asset	IsLowAssetValue	Is Low Asset Value	asset	IsLowAssetValue	TEXT		EXISTING_GLOBAL;NEEDED_GLOBAL
Global	Equipment/Assets	General Information	Is Short Term	IsShortTerm	sTYPE_NULL_CHECKBOX	No	No	Asset	Asset	IsShortTerm	Is Short Term	asset	IsShortTerm	TEXT		EXISTING_GLOBAL;NEEDED_GLOBAL
Global	Equipment/Assets	General Information	Lease Section	LeaseSection	sTYPE_TEXT	No	No	Asset	Asset	LeaseSection	Lease Section	asset	LeaseSection	TEXT		EXISTING_GLOBAL;NEEDED_GLOBAL
Global	Equipment/Assets	General Information	LOA Months	LOAMonths	sTYPE_NUMBER	No	No	Asset	Asset	LOAMonths	LOA Months	asset	LOAMonths	TEXT		EXISTING_GLOBAL;NEEDED_GLOBAL
Global	Equipment/Assets	General Information	Location Details	LocationDetails	sTYPE_TEXTAREA	No	No	Asset	Asset	LocationDetails	Location Details	asset	LocationDetails	TEXT		EXISTING_GLOBAL;NEEDED_GLOBAL
Global	Equipment/Assets	General Information	Maintenance Category	CodeAssetCategoryID	sCODE_ASSET_CATEGORY	No	No	Asset	Asset	CodeAssetCategoryID	Maintenance Category	asset	CodeAssetCategoryID	TEXT	Foreign key (ID reference)	EXISTING_GLOBAL;NEEDED_GLOBAL
Global	Equipment/Assets	General Information	Maintenance Remedy Allowed	CodeMaintenanceRemedyID	sCODE_MAINTENANCE_REMEDY	No	No	Asset	Asset	CodeMaintenanceRemedyID	Maintenance Remedy Allowed	asset	CodeMaintenanceRemedyID	TEXT	Foreign key (ID reference)	EXISTING_GLOBAL;NEEDED_GLOBAL
Global	Equipment/Assets	General Information	Maintenance Remedy Time	MaintenanceMaximumRemedyDays	sTYPE_NUMBER	No	No	Asset	Asset	MaintenanceMaximumRemedyDays	Maintenance Remedy Time	asset	MaintenanceMaximumRemedyDays	TEXT		EXISTING_GLOBAL;NEEDED_GLOBAL
Global	Equipment/Assets	General Information	Maintenance Responsible Contact	MaintenanceResponsiblePersonID	sTYPE_PERSON	No	No	Asset	Asset	MaintenanceResponsiblePersonID	Maintenance Responsible Contact	asset	MaintenanceResponsiblePersonID	TEXT	Foreign key (ID reference)	EXISTING_GLOBAL;NEEDED_GLOBAL
Global	Equipment/Assets	General Information	Maintenance Responsible Party	CodeMaintenancePartyID	sCODE_RESPONSIBLE_PARTY	No	No	Asset	Asset	CodeMaintenancePartyID	Maintenance Responsible Party	asset	CodeMaintenancePartyID	TEXT	Foreign key (ID reference)	EXISTING_GLOBAL;NEEDED_GLOBAL
Global	Equipment/Assets	General Information	Make	Make	sTYPE_TEXT	No	No	Asset	Asset	Make	Make	asset	Make	TEXT		EXISTING_GLOBAL;NEEDED_GLOBAL
Global	Equipment/Assets	General Information	Manufacturer	ManufacturerVendorID	sTYPE_VENDOR	No	No	Asset	Asset	ManufacturerVendorID	Manufacturer	asset	ManufacturerVendorID	TEXT	Foreign key (ID reference)	EXISTING_GLOBAL;NEEDED_GLOBAL
Global	Equipment/Assets	General Information	Model #	ModelNumber	sTYPE_TEXT	No	No	Asset	Asset	ModelNumber	Model #	asset	ModelNumber	TEXT		EXISTING_GLOBAL;NEEDED_GLOBAL
Global	Equipment/Assets	General Information	Modified By	ModifiedByID	sTYPE_MEMBER	No	No	Asset	Asset	ModifiedByID	Modified By	asset	ModifiedByID	TEXT	Foreign key (ID reference)	EXISTING_GLOBAL;NEEDED_GLOBAL
Global	Equipment/Assets	General Information	Modified Date	ModifiedDate	sTYPE_TIME	No	No	Asset	Asset	ModifiedDate	Modified Date	asset	ModifiedDate	TEXT	Incremental watermark	EXISTING_GLOBAL;NEEDED_GLOBAL
Global	Equipment/Assets	General Information	Move In Date	MoveInDate	sTYPE_DATE	No	No	Asset	Asset	MoveInDate	Move In Date	asset	MoveInDate	TEXT		EXISTING_GLOBAL;NEEDED_GLOBAL
Global	Equipment/Assets	General Information	Notes	Description	sTYPE_TEXTAREA	No	No	Asset	Asset	Description	Notes	asset	Description	TEXT		EXISTING_GLOBAL;NEEDED_GLOBAL
Global	Equipment/Assets	General Information	PM Frequency	CodePMFrequencyUnitID	sCODE_FREQUENCY_UNIT	No	No	Asset	Asset	CodePMFrequencyUnitID	PM Frequency	asset	CodePMFrequencyUnitID	TEXT	Foreign key (ID reference)	EXISTING_GLOBAL;NEEDED_GLOBAL
Global	Equipment/Assets	General Information	PM Period	PMPeriod	sTYPE_NUMBER	No	No	Asset	Asset	PMPeriod	PM Period	asset	PMPeriod	TEXT		EXISTING_GLOBAL;NEEDED_GLOBAL
Global	Equipment/Assets	General Information	Primary Vendor	PrimaryVendorID	sTYPE_VENDOR	No	No	Asset	Asset	PrimaryVendorID	Primary Vendor	asset	PrimaryVendorID	TEXT	Foreign key (ID reference)	EXISTING_GLOBAL;NEEDED_GLOBAL
Global	Equipment/Assets	General Information	Repair Remedy Allowed	CodeRepairRemedyID	sCODE_MAINTENANCE_REMEDY	No	No	Asset	Asset	CodeRepairRemedyID	Repair Remedy Allowed	asset	CodeRepairRemedyID	TEXT	Foreign key (ID reference)	EXISTING_GLOBAL;NEEDED_GLOBAL
Global	Equipment/Assets	General Information	Repair Remedy Time	RepairMaximumRemedyDays	sTYPE_NUMBER	No	No	Asset	Asset	RepairMaximumRemedyDays	Repair Remedy Time	asset	RepairMaximumRemedyDays	TEXT		EXISTING_GLOBAL;NEEDED_GLOBAL
Global	Equipment/Assets	General Information	Repair Responsible Contact	RepairResponsiblePersonID	sTYPE_PERSON	No	No	Asset	Asset	RepairResponsiblePersonID	Repair Responsible Contact	asset	RepairResponsiblePersonID	TEXT	Foreign key (ID reference)	EXISTING_GLOBAL;NEEDED_GLOBAL
Global	Equipment/Assets	General Information	Repair Responsible Party	CodeRepairPartyID	sCODE_RESPONSIBLE_PARTY	No	No	Asset	Asset	CodeRepairPartyID	Repair Responsible Party	asset	CodeRepairPartyID	TEXT	Foreign key (ID reference)	EXISTING_GLOBAL;NEEDED_GLOBAL
Global	Equipment/Assets	General Information	Replacement Cost	ReplacementCost	sTYPE_MONEY	No	No	Asset	Asset	ReplacementCost	Replacement Cost	asset	ReplacementCost	TEXT		EXISTING_GLOBAL;NEEDED_GLOBAL
Global	Equipment/Assets	General Information	Replacement Remedy Allowed	CodeReplacementRemedyID	sCODE_MAINTENANCE_REMEDY	No	No	Asset	Asset	CodeReplacementRemedyID	Replacement Remedy Allowed	asset	CodeReplacementRemedyID	TEXT	Foreign key (ID reference)	EXISTING_GLOBAL;NEEDED_GLOBAL
Global	Equipment/Assets	General Information	Replacement Remedy Time	ReplacementMaximumRemedyDays	sTYPE_NUMBER	No	No	Asset	Asset	ReplacementMaximumRemedyDays	Replacement Remedy Time	asset	ReplacementMaximumRemedyDays	TEXT		EXISTING_GLOBAL;NEEDED_GLOBAL
Global	Equipment/Assets	General Information	Replacement Responsible Contact	ReplacementResponsiblePersonID	sTYPE_PERSON	No	No	Asset	Asset	ReplacementResponsiblePersonID	Replacement Responsible Contact	asset	ReplacementResponsiblePersonID	TEXT	Foreign key (ID reference)	EXISTING_GLOBAL;NEEDED_GLOBAL
Global	Equipment/Assets	General Information	Replacement Responsible Party	CodeReplacementPartyID	sCODE_RESPONSIBLE_PARTY	No	No	Asset	Asset	CodeReplacementPartyID	Replacement Responsible Party	asset	CodeReplacementPartyID	TEXT	Foreign key (ID reference)	EXISTING_GLOBAL;NEEDED_GLOBAL
Global	Equipment/Assets	General Information	Rev Number	RevNumber	sTYPE_UNFORMATTED_NUMBER	No	No	Asset	Asset	RevNumber	Rev Number	asset	RevNumber	TEXT	Audit	EXISTING_GLOBAL;NEEDED_GLOBAL
Global	Equipment/Assets	General Information	Sales Person Name	SalesPersonName	sTYPE_TEXT	No	No	Asset	Asset	SalesPersonName	Sales Person Name	asset	SalesPersonName	TEXT		EXISTING_GLOBAL;NEEDED_GLOBAL
Global	Equipment/Assets	General Information	Secondary Vendor	SecondaryVendorID	sTYPE_VENDOR	No	No	Asset	Asset	SecondaryVendorID	Secondary Vendor	asset	SecondaryVendorID	TEXT	Foreign key (ID reference)	EXISTING_GLOBAL;NEEDED_GLOBAL
Global	Equipment/Assets	General Information	Supplier	SupplierVendorID	sTYPE_VENDOR	No	No	Asset	Asset	SupplierVendorID	Supplier	asset	SupplierVendorID	TEXT	Foreign key (ID reference)	EXISTING_GLOBAL;NEEDED_GLOBAL
Global	Equipment/Assets	General Information	System of Record	BaseProvider	sTYPE_VALUES_PROVIDER	No	No	Asset	Asset	BaseProvider	System of Record	asset	BaseProvider	TEXT		EXISTING_GLOBAL;NEEDED_GLOBAL
Global	Equipment/Assets	General Information	UCC Expiration Date	UCCExpirationDate	sTYPE_DATE	No	No	Asset	Asset	UCCExpirationDate	UCC Expiration Date	asset	UCCExpirationDate	TEXT		EXISTING_GLOBAL;NEEDED_GLOBAL
Global	Equipment/Assets	General Information	UCC File Date	UCCFileDate	sTYPE_DATE	No	No	Asset	Asset	UCCFileDate	UCC File Date	asset	UCCFileDate	TEXT		EXISTING_GLOBAL;NEEDED_GLOBAL
Global	Equipment/Assets	General Information	Vendor PO Number	VendorPONumber	sTYPE_TEXT	No	No	Asset	Asset	VendorPONumber	Vendor PO Number	asset	VendorPONumber	TEXT		EXISTING_GLOBAL;NEEDED_GLOBAL
Global	Equipment/Assets	General Information	Warranty Begin Date	WarrantyBeginDate	sTYPE_DATE	No	No	Asset	Asset	WarrantyBeginDate	Warranty Begin Date	asset	WarrantyBeginDate	TEXT		EXISTING_GLOBAL;NEEDED_GLOBAL
Global	Equipment/Assets	General Information	Warranty Comments	WarrantyComments	sTYPE_TEXTAREA	No	No	Asset	Asset	WarrantyComments	Warranty Comments	asset	WarrantyComments	TEXT		EXISTING_GLOBAL;NEEDED_GLOBAL
Global	Equipment/Assets	General Information	Warranty End Date	WarrantyEndDate	sTYPE_DATE	No	No	Asset	Asset	WarrantyEndDate	Warranty End Date	asset	WarrantyEndDate	TEXT		EXISTING_GLOBAL;NEEDED_GLOBAL
Global	Equipment/Assets	General Information	Warranty Number	WarrantyNumber	sTYPE_TEXT	No	No	Asset	Asset	WarrantyNumber	Warranty Number	asset	WarrantyNumber	TEXT		EXISTING_GLOBAL;NEEDED_GLOBAL
Global	Equipment/Assets	General Information	Warranty Vendor	WarrantyVendorID	sTYPE_VENDOR	No	No	Asset	Asset	WarrantyVendorID	Warranty Vendor	asset	WarrantyVendorID	TEXT	Foreign key (ID reference)	EXISTING_GLOBAL;NEEDED_GLOBAL
Global	Equipment/Assets	General Information	Weight	Weight	sTYPE_NUMBER	No	No	Asset	Asset	Weight	Weight	asset	Weight	TEXT		EXISTING_GLOBAL;NEEDED_GLOBAL
Global	Equipment/Assets	General Information	Weight Unit	CodeWeightUnitID	sCODE_WEIGHT_UNIT	No	No	Asset	Asset	CodeWeightUnitID	Weight Unit	asset	CodeWeightUnitID	TEXT	Foreign key (ID reference)	EXISTING_GLOBAL;NEEDED_GLOBAL
Global	Equipment/Assets	General Information	Width	Width	sTYPE_NUMBER	No	No	Asset	Asset	Width	Width	asset	Width	TEXT		EXISTING_GLOBAL;NEEDED_GLOBAL
Global	Equipment/Assets	History	Asset	AssetID	sTYPE_EQUIPMENT	Yes	No	AssetHistory								EXISTING_GLOBAL;NEEDED_GLOBAL
Global	Equipment/Assets	History	Asset History ClientID	BOMapClientRecordID	sTYPE_TEXT	Yes	No	AssetHistory								EXISTING_GLOBAL;NEEDED_GLOBAL
Global	Equipment/Assets	History	Asset History RecID	AssetHistoryID	sTYPE_UNFORMATTED_NUMBER	No	No	AssetHistory								EXISTING_GLOBAL;NEEDED_GLOBAL
Global	Equipment/Assets	History	Created By	CreatedByID	sTYPE_MEMBER	No	No	AssetHistory								EXISTING_GLOBAL;NEEDED_GLOBAL
Global	Equipment/Assets	History	Created Date	CreatedDate	sTYPE_TIME	No	No	AssetHistory								EXISTING_GLOBAL;NEEDED_GLOBAL
Global	Equipment/Assets	History	From Entity	FromProjectEntityID	sTYPE_MIXEDENTITY	No	No	AssetHistory								EXISTING_GLOBAL;NEEDED_GLOBAL
Global	Equipment/Assets	History	Modified By	ModifiedByID	sTYPE_MEMBER	No	No	AssetHistory								EXISTING_GLOBAL;NEEDED_GLOBAL
Global	Equipment/Assets	History	Modified Date	ModifiedDate	sTYPE_TIME	No	No	AssetHistory								EXISTING_GLOBAL;NEEDED_GLOBAL
Global	Equipment/Assets	History	Move In Date	MoveInDate	sTYPE_DATE	No	No	AssetHistory								EXISTING_GLOBAL;NEEDED_GLOBAL
Global	Equipment/Assets	History	Move Out Date	MoveOutDate	sTYPE_DATE	No	No	AssetHistory								EXISTING_GLOBAL;NEEDED_GLOBAL
Global	Equipment/Assets	History	Notes	Notes	sTYPE_TEXTAREA	No	No	AssetHistory								EXISTING_GLOBAL;NEEDED_GLOBAL
Global	Equipment/Assets	History	Rev Number	RevNumber	sTYPE_UNFORMATTED_NUMBER	No	No	AssetHistory								EXISTING_GLOBAL;NEEDED_GLOBAL
Global	Equipment/Assets	History	To Entity	ProjectEntityID	sTYPE_MIXEDENTITY	Yes	No	AssetHistory								EXISTING_GLOBAL;NEEDED_GLOBAL
Global	Equipment/Assets	Maintenance Category	DNE Amount	DNEAmount	sTYPE_MONEY	No	No	CodeAssetCategory								EXISTING_GLOBAL;NEEDED_GLOBAL
Global	Equipment/Assets	Maintenance Category	GL Number	GLNumber	sTYPE_TEXT	No	No	CodeAssetCategory								EXISTING_GLOBAL;NEEDED_GLOBAL
Global	Equipment/Assets	Maintenance Category	Sub Account	SubAccount	sTYPE_TEXT	No	No	CodeAssetCategory								EXISTING_GLOBAL;NEEDED_GLOBAL
Global	Facility	Address Info	City	City	sTYPE_TEXT	No	No	Facility	Facility	City	City	facility	City	TEXT		EXISTING_GLOBAL;NEEDED_GLOBAL
Global	Facility	Address Info	Country	CountryID	sTYPE_COUNTRY	No	No	Facility	Facility	CountryID	Country	facility	CountryID	TEXT	Foreign key (ID reference)	EXISTING_GLOBAL;NEEDED_GLOBAL
Global	Facility	Address Info	Full Address	HTMLAddress	sTYPE_TEXT	No	No	Facility	Facility	HTMLAddress	Full Address	facility	HTMLAddress	TEXT		EXISTING_GLOBAL;NEEDED_GLOBAL
Global	Facility	Address Info	Jurisdiction	JurisdictionID	sTYPE_JURISDICTION	No	No	Facility	Facility	JurisdictionID	Jurisdiction	facility	JurisdictionID	TEXT	Foreign key (ID reference)	EXISTING_GLOBAL;NEEDED_GLOBAL
Global	Facility	Address Info	Postal Code	PostalCode	sTYPE_POSTALCODE	No	No	Facility	Facility	PostalCode	Postal Code	facility	PostalCode	TEXT		EXISTING_GLOBAL;NEEDED_GLOBAL
Global	Facility	Address Info	State	IStateProvinceCountryID	sTYPE_STATE_PROVINCE	No	No	Facility	Facility	IStateProvinceCountryID	State	facility	IStateProvinceCountryID	TEXT	Foreign key (ID reference)	EXISTING_GLOBAL;NEEDED_GLOBAL
Global	Facility	Address Info	Street Address	StreetAddress	sTYPE_TEXT	No	No	Facility	Facility	StreetAddress	Street Address	facility	StreetAddress	TEXT		EXISTING_GLOBAL;NEEDED_GLOBAL
Global	Facility	Address Info	Street Address #1	StreetAddress1	sTYPE_TEXT	No	No	Facility	Facility	StreetAddress1	Street Address #1	facility	StreetAddress1	TEXT		EXISTING_GLOBAL;NEEDED_GLOBAL
Global	Facility	Address Info	Street Address #2	StreetAddress2	sTYPE_TEXT	No	No	Facility	Facility	StreetAddress2	Street Address #2	facility	StreetAddress2	TEXT		EXISTING_GLOBAL;NEEDED_GLOBAL
Global	Facility	Address Info	Street Address #3	StreetAddress3	sTYPE_TEXT	No	No	Facility	Facility	StreetAddress3	Street Address #3	facility	StreetAddress3	TEXT		EXISTING_GLOBAL;NEEDED_GLOBAL
Global	Facility	Address Info	Street Address #4	StreetAddress4	sTYPE_TEXT	No	No	Facility	Facility	StreetAddress4	Street Address #4	facility	StreetAddress4	TEXT		EXISTING_GLOBAL;NEEDED_GLOBAL
Global	Facility	Address Info	Use Location Address	UseLocationAddress	sTYPE_CHECKBOX	Yes	No	Facility	Facility	UseLocationAddress	Use Location Address	facility	UseLocationAddress	TEXT		EXISTING_GLOBAL
Global	Facility	Audit Info	Modified By	ModifiedByID	sTYPE_MEMBER	No	No	Facility	Facility	ModifiedByID	Modified By	facility	ModifiedByID	TEXT	Foreign key (ID reference)	EXISTING_GLOBAL;NEEDED_GLOBAL
Global	Facility	Audit Info	Modified Date	ModifiedDate	sTYPE_TIME	No	No	Facility	Facility	ModifiedDate	Modified Date	facility	ModifiedDate	TEXT	Incremental watermark	EXISTING_GLOBAL;NEEDED_GLOBAL
Global	Facility	Expense	Actual Amount	ActualAmount	sTYPE_MONEY	No	No	FacilityExpense								EXISTING_GLOBAL
Global	Facility	Expense	Associated Document	AssociatedDocumentID	sTYPE_DOCUMENT	No	No	FacilityExpense								EXISTING_GLOBAL;NEEDED_GLOBAL
Global	Facility	Expense	Budgeted Amount	BudgetedAmount	sTYPE_MONEY	No	No	FacilityExpense								EXISTING_GLOBAL;NEEDED_GLOBAL
Global	Facility	Expense	Created By	CreatedByID	sTYPE_MEMBER	No	No	FacilityExpense								EXISTING_GLOBAL;NEEDED_GLOBAL
Global	Facility	Expense	Created Date	CreatedDate	sTYPE_TIME	No	No	FacilityExpense								EXISTING_GLOBAL;NEEDED_GLOBAL
Global	Facility	Expense	Description	Description	sTYPE_TEXT	No	No	FacilityExpense								EXISTING_GLOBAL;NEEDED_GLOBAL
Global	Facility	Expense	Effective Date	EffectiveDate	sTYPE_DATE	No	No	FacilityExpense								EXISTING_GLOBAL;NEEDED_GLOBAL
Global	Facility	Expense	Expense Group	CodeExpenseGroupID	sCODE_EXPENSE_GROUP	No	No	FacilityExpense								EXISTING_GLOBAL;NEEDED_GLOBAL
Global	Facility	Expense	Expense Type	CodeExpenseTypeID	sCODE_EXPENSE_TYPE	No	No	FacilityExpense								EXISTING_GLOBAL;NEEDED_GLOBAL
Global	Facility	Expense	Facility	FacilityID	sTYPE_FACILITY	Yes	No	FacilityExpense								EXISTING_GLOBAL;NEEDED_GLOBAL
Global	Facility	Expense	Facility Expense ClientID	BOMapClientRecordID	sTYPE_TEXT	Yes	No	FacilityExpense								EXISTING_GLOBAL
Global	Facility	Expense	Facility Expense RecID	FacilityExpenseID	sTYPE_UNFORMATTED_NUMBER	No	No	FacilityExpense								EXISTING_GLOBAL
Global	Facility	Expense	File Name	BaseName	sTYPE_TEXT	No	No	FacilityExpense								EXISTING_GLOBAL;NEEDED_GLOBAL
Global	Facility	Expense	Folder	FolderID	sTYPE_DOCUMENT	No	No	FacilityExpense								EXISTING_GLOBAL;NEEDED_GLOBAL
Global	Facility	Expense	Modified By	ModifiedByID	sTYPE_MEMBER	No	No	FacilityExpense								EXISTING_GLOBAL;NEEDED_GLOBAL
Global	Facility	Expense	Modified Date	ModifiedDate	sTYPE_TIME	No	No	FacilityExpense								EXISTING_GLOBAL;NEEDED_GLOBAL
Global	Facility	Expense	Notes	Notes	sTYPE_TEXTAREA	No	No	FacilityExpense								EXISTING_GLOBAL;NEEDED_GLOBAL
Global	Facility	Expense	Planned Amount	PlannedAmount	sTYPE_MONEY	No	No	FacilityExpense								EXISTING_GLOBAL
Global	Facility	Expense	Reference ID	ReferenceID	sTYPE_TEXTAREA	No	No	FacilityExpense								EXISTING_GLOBAL
Global	Facility	Expense	Rev Number	RevNumber	sTYPE_UNFORMATTED_NUMBER	No	No	FacilityExpense								EXISTING_GLOBAL;NEEDED_GLOBAL
Global	Facility	Expense	Revised Amount	RevisedAmount	sTYPE_MONEY	No	No	FacilityExpense								EXISTING_GLOBAL
Global	Facility	Facility Info	Actual/Forecast Delivery Date	ActualEndDate	sTYPE_DATE	No	No	Facility	Facility	ActualEndDate	Actual/Forecast Delivery Date	facility	ActualEndDate	TEXT		EXISTING_GLOBAL
Global	Facility	Facility Info	Baseline End date	BaselineEndDate	sTYPE_DATE	No	No	Facility	Facility	BaselineEndDate	Baseline End date	facility	BaselineEndDate	TEXT		EXISTING_GLOBAL
Global	Facility	Facility Info	Baseline Start Date	BaselineStartDate	sTYPE_DATE	No	No	Facility	Facility	BaselineStartDate	Baseline Start Date	facility	BaselineStartDate	TEXT		EXISTING_GLOBAL;NEEDED_GLOBAL
Global	Facility	Facility Info	Behind Schedule Days	BehindScheduleDays	sTYPE_NUMBER	No	No	Facility	Facility	BehindScheduleDays	Behind Schedule Days	facility	BehindScheduleDays	TEXT		EXISTING_GLOBAL
Global	Facility	Facility Info	Building Area Unit	CodeBuildingAreaUnitID	sCODE_BUILDING_AREA_UNIT	No	No	Facility	Facility	CodeBuildingAreaUnitID	Building Area Unit	facility	CodeBuildingAreaUnitID	TEXT	Foreign key (ID reference)	EXISTING_GLOBAL;NEEDED_GLOBAL
Global	Facility	Facility Info	Close Date	CloseDate	sTYPE_DATE	No	No	Facility	Facility	CloseDate	Close Date	facility	CloseDate	TEXT		EXISTING_GLOBAL;NEEDED_GLOBAL
Global	Facility	Facility Info	Construction Date	ConstructionDate	sTYPE_DATE	No	No	Facility	Facility	ConstructionDate	Construction Date	facility	ConstructionDate	TEXT		EXISTING_GLOBAL
Global	Facility	Facility Info	Construction Phase Status	ConstructionPhaseStatus	sTYPE_TEXT	No	No	Facility	Facility	ConstructionPhaseStatus	Construction Phase Status	facility	ConstructionPhaseStatus	TEXT		EXISTING_GLOBAL
Global	Facility	Facility Info	Construction Type	CodeConstructionTypeID	sCODE_CONSTRUCTION_TYPE	No	No	Facility	Facility	CodeConstructionTypeID	Construction Type	facility	CodeConstructionTypeID	TEXT	Foreign key (ID reference)	EXISTING_GLOBAL;NEEDED_GLOBAL
Global	Facility	Facility Info	Days Until Open	DaysUntilOpen	sTYPE_NUMBER	No	No	Facility	Facility	DaysUntilOpen	Days Until Open	facility	DaysUntilOpen	TEXT		EXISTING_GLOBAL
Global	Facility	Facility Info	Deal Type	CodeDealTypeID	sCODE_DEAL_TYPE	No	No	Facility	Facility	CodeDealTypeID	Deal Type	facility	CodeDealTypeID	TEXT	Foreign key (ID reference)	EXISTING_GLOBAL
Global	Facility	Facility Info	Defined Field #1	DefinedField1	sTYPE_TEXT	No	No	Facility	Facility	DefinedField1	Defined Field #1	facility	DefinedField1	TEXT		EXISTING_GLOBAL;NEEDED_GLOBAL
Global	Facility	Facility Info	Defined Field #2	DefinedField2	sTYPE_TEXT	No	No	Facility	Facility	DefinedField2	Defined Field #2	facility	DefinedField2	TEXT		EXISTING_GLOBAL;NEEDED_GLOBAL
Global	Facility	Facility Info	Depth	Depth	sTYPE_AREA	No	No	Facility	Facility	Depth	Depth	facility	Depth	TEXT		EXISTING_GLOBAL;NEEDED_GLOBAL
Global	Facility	Facility Info	Description	ProjectDescription	sTYPE_TEXTAREA	No	No	Facility	Facility	ProjectDescription	Description	facility	ProjectDescription	TEXT		EXISTING_GLOBAL;NEEDED_GLOBAL
Global	Facility	Facility Info	Design Phase Status	DesignPhaseStatus	sTYPE_TEXT	No	No	Facility	Facility	DesignPhaseStatus	Design Phase Status	facility	DesignPhaseStatus	TEXT		EXISTING_GLOBAL
Global	Facility	Facility Info	Distribution Center	CodeDistributionCenterID	sCODE_DISTRIBUTION_CENTER	No	No	Facility	Facility	CodeDistributionCenterID	Distribution Center	facility	CodeDistributionCenterID	TEXT	Foreign key (ID reference)	EXISTING_GLOBAL
Global	Facility	Facility Info	Distribution Center Area	DistributionCenterArea	sTYPE_AREA	No	No	Facility	Facility	DistributionCenterArea	Distribution Center Area	facility	DistributionCenterArea	TEXT		EXISTING_GLOBAL
Global	Facility	Facility Info	Entity Photo	EntityPhoto	sTYPE_TEXT	No	No	Facility	Facility	EntityPhoto	Entity Photo	facility	EntityPhoto	TEXT		EXISTING_GLOBAL
Global	Facility	Facility Info	Entity RecID	ProjectEntityID	sTYPE_UNFORMATTED_NUMBER	Yes	No	Facility	Facility	ProjectEntityID	Entity RecID	facility	ProjectEntityID	TEXT	Foreign key (ID reference)	EXISTING_GLOBAL;NEEDED_GLOBAL
Global	Facility	Facility Info	Facility Category	CodeFacilityCategoryID	sCODE_FACILITY_CATEGORY	No	No	Facility	Facility	CodeFacilityCategoryID	Facility Category	facility	CodeFacilityCategoryID	TEXT	Foreign key (ID reference)	EXISTING_GLOBAL
Global	Facility	Facility Info	Facility ClientID	BOMapClientRecordID	sTYPE_TEXT	Yes	No	Facility	Facility	BOMapClientRecordID	Facility ClientID	facility	BOMapClientRecordID	TEXT	Client identifier	EXISTING_GLOBAL
Global	Facility	Facility Info	Facility Group	CodeFacilityGroupID	sCODE_FACILITY_GROUP	No	No	Facility	Facility	CodeFacilityGroupID	Facility Group	facility	CodeFacilityGroupID	TEXT	Foreign key (ID reference)	EXISTING_GLOBAL
Global	Facility	Facility Info	Facility ID	ClientEntityID	sTYPE_TEXT	No	No	Facility	Facility	ClientEntityID	Facility ID	facility	ClientEntityID	TEXT	Foreign key (ID reference)	EXISTING_GLOBAL
Global	Facility	Facility Info	Facility Name	FacilityName	sTYPE_ENTITY_NAME	Yes	No	Facility	Facility	FacilityName	Facility Name	facility	FacilityName	TEXT		EXISTING_GLOBAL;NEEDED_GLOBAL
Global	Facility	Facility Info	Facility RecID	FacilityID	sTYPE_UNFORMATTED_NUMBER	No	No	Facility	Facility	FacilityID	Facility RecID	facility	FacilityID	VARCHAR(64) NOT NULL	Primary key	EXISTING_GLOBAL
Global	Facility	Facility Info	Facility Status	CodeFacilityStatusID	sCODE_FACILITY_STATUS	No	No	Facility	Facility	CodeFacilityStatusID	Facility Status	facility	CodeFacilityStatusID	TEXT	Foreign key (ID reference)	EXISTING_GLOBAL
Global	Facility	Facility Info	Facility Type	CodeFacilityTypeID	sCODE_FACILITY_TYPE	No	No	Facility	Facility	CodeFacilityTypeID	Facility Type	facility	CodeFacilityTypeID	TEXT	Foreign key (ID reference)	EXISTING_GLOBAL
Global	Facility	Facility Info	Facility Use	CodeFacilityUseID	sCODE_FACILITY_USE	No	No	Facility	Facility	CodeFacilityUseID	Facility Use	facility	CodeFacilityUseID	TEXT	Foreign key (ID reference)	EXISTING_GLOBAL
Global	Facility	Facility Info	Facility UUID	UUID	sTYPE_TEXT	No	No	Facility	Facility	UUID	Facility UUID	facility	UUID	TEXT	Foreign key (ID reference)	EXISTING_GLOBAL
Global	Facility	Facility Info	Frontage	Frontage	sTYPE_AREA	No	No	Facility	Facility	Frontage	Frontage	facility	Frontage	TEXT		EXISTING_GLOBAL;NEEDED_GLOBAL
Global	Facility	Facility Info	Gross Area	GrossArea	sTYPE_AREA	No	No	Facility	Facility	GrossArea	Gross Area	facility	GrossArea	TEXT		EXISTING_GLOBAL;NEEDED_GLOBAL
Global	Facility	Facility Info	Hours Of Operation	HoursOfOperation	sTYPE_TEXTAREA	No	No	Facility	Facility	HoursOfOperation	Hours Of Operation	facility	HoursOfOperation	TEXT		EXISTING_GLOBAL
Global	Facility	Facility Info	Is Dead?	IsDead	sTYPE_CHECKBOX	Yes	No	Facility	Facility	IsDead	Is Dead?	facility	IsDead	TEXT		EXISTING_GLOBAL;NEEDED_GLOBAL
Global	Facility	Facility Info	Is Inactive?	Inactive	sTYPE_CHECKBOX	Yes	No	Facility	Facility	Inactive	Is Inactive?	facility	Inactive	TEXT		EXISTING_GLOBAL;NEEDED_GLOBAL
Global	Facility	Facility Info	Issues And Alerts	IssuesAndAlerts	sTYPE_TEXT	No	No	Facility	Facility	IssuesAndAlerts	Issues And Alerts	facility	IssuesAndAlerts	TEXT		EXISTING_GLOBAL;NEEDED_GLOBAL
Global	Facility	Facility Info	Last Years Annual Sales	LastYearsAnnualSales	sTYPE_MONEY	No	No	Facility	Facility	LastYearsAnnualSales	Last Years Annual Sales	facility	LastYearsAnnualSales	TEXT		EXISTING_GLOBAL
Global	Facility	Facility Info	Location	LocationID	sTYPE_LOCATION	Yes	No	Facility	Facility	LocationID	Location	facility	LocationID	TEXT	Foreign key (ID reference)	EXISTING_GLOBAL;NEEDED_GLOBAL
Global	Facility	Facility Info	Market Area	CodeMarketAreaID	sCODE_MARKET_AREA	Yes	No	Facility	Facility	CodeMarketAreaID	Market Area	facility	CodeMarketAreaID	TEXT	Foreign key (ID reference)	EXISTING_GLOBAL;NEEDED_GLOBAL
Global	Facility	Facility Info	Market Potential	CodeDesc_CodeMarketAreaID	sCODE_MARKET_AREA	No	No	Facility	Facility	CodeDesc_CodeMarketAreaID	Market Potential	facility	CodeDesc_CodeMarketAreaID	TEXT	Foreign key (ID reference)	EXISTING_GLOBAL;NEEDED_GLOBAL
Global	Facility	Facility Info	Market Type	CodeMarketTypeID	sCODE_MARKET_TYPE	No	No	Facility	Facility	CodeMarketTypeID	Market Type	facility	CodeMarketTypeID	TEXT	Foreign key (ID reference)	EXISTING_GLOBAL
Global	Facility	Facility Info	Notes	Notes	sTYPE_TEXTAREA	No	No	Facility	Facility	Notes	Notes	facility	Notes	TEXT		EXISTING_GLOBAL;NEEDED_GLOBAL
Global	Facility	Facility Info	Open Date	OpenDate	sTYPE_DATE	No	No	Facility	Facility	OpenDate	Open Date	facility	OpenDate	TEXT		EXISTING_GLOBAL;NEEDED_GLOBAL
Global	Facility	Facility Info	Open year	OpenYear	sTYPE_DROPDOWN_YEAR	No	No	Facility	Facility	OpenYear	Open year	facility	OpenYear	TEXT		EXISTING_GLOBAL
Global	Facility	Facility Info	Opening Project	OpeningProjectPEID	sTYPE_ACTIVEINACTIVE_PROJECT	No	No	Facility	Facility	OpeningProjectPEID	Opening Project	facility	OpeningProjectPEID	TEXT	Foreign key (ID reference)	EXISTING_GLOBAL
Global	Facility	Facility Info	Operating Status	OperatingStatus	sTYPE_TEXT	Yes	No	Facility	Facility	OperatingStatus	Operating Status	facility	OperatingStatus	TEXT		EXISTING_GLOBAL;NEEDED_GLOBAL
Global	Facility	Facility Info	Operations Phase Status	OperationsPhaseStatus	sTYPE_TEXT	No	No	Facility	Facility	OperationsPhaseStatus	Operations Phase Status	facility	OperationsPhaseStatus	TEXT		EXISTING_GLOBAL
Global	Facility	Facility Info	Original Delivery Date	ExpectedEndDate	sTYPE_DATE	No	No	Facility	Facility	ExpectedEndDate	Original Delivery Date	facility	ExpectedEndDate	TEXT		EXISTING_GLOBAL
Global	Facility	Facility Info	Original Delivery Month/Year	ExpectedEndDate	sTYPE_MONTHS_YEAR	No	No	Facility	Facility	ExpectedEndDate	Original Delivery Date	facility	ExpectedEndDate	TEXT		EXISTING_GLOBAL
Global	Facility	Facility Info	Original Delivery Period/Year	ExpectedEndDate	sTYPE_PERIOD_YEAR	No	No	Facility	Facility	ExpectedEndDate	Original Delivery Date	facility	ExpectedEndDate	TEXT		EXISTING_GLOBAL
Global	Facility	Facility Info	Original Delivery Qtr/Yr	ExpectedEndDate	sTYPE_QUARTERS_YEAR	No	No	Facility	Facility	ExpectedEndDate	Original Delivery Date	facility	ExpectedEndDate	TEXT		EXISTING_GLOBAL
Global	Facility	Facility Info	Out Of Date Days	OutOfDateDays	sTYPE_NUMBER	No	No	Facility	Facility	OutOfDateDays	Out Of Date Days	facility	OutOfDateDays	TEXT		EXISTING_GLOBAL;NEEDED_GLOBAL
Global	Facility	Facility Info	Parent Region	RootRegionID	sTYPE_ROOT_REGION	No	No	Facility	Facility	RootRegionID	Parent Region	facility	RootRegionID	TEXT	Foreign key (ID reference)	EXISTING_GLOBAL;NEEDED_GLOBAL
Global	Facility	Facility Info	Phone	Phone	sTYPE_PHONE	No	No	Facility	Facility	Phone	Phone	facility	Phone	TEXT		EXISTING_GLOBAL;NEEDED_GLOBAL
Global	Facility	Facility Info	Portfolio	ProgramID	sTYPE_PROGRAM	Yes	No	Facility	Facility	ProgramID	Portfolio	facility	ProgramID	TEXT	Foreign key (ID reference)	EXISTING_GLOBAL;NEEDED_GLOBAL
Global	Facility	Facility Info	Possession Phase Status	PossessionPhaseStatus	sTYPE_TEXT	No	No	Facility	Facility	PossessionPhaseStatus	Possession Phase Status	facility	PossessionPhaseStatus	TEXT		EXISTING_GLOBAL
Global	Facility	Facility Info	Project Managers	ManagerIDList	sTYPE_PROJECT_MANAGER	No	No	Facility	Facility	ManagerIDList	Project Managers	facility	ManagerIDList	TEXT		EXISTING_GLOBAL
Global	Facility	Facility Info	Project Status	CurrentPhaseStatus	sTYPE_TEXT	No	No	Facility	Facility	CurrentPhaseStatus	Project Status	facility	CurrentPhaseStatus	TEXT		EXISTING_GLOBAL;NEEDED_GLOBAL
Global	Facility	Facility Info	Project Type	CodeProjectTypeID	sCODE_PROJECT_TYPE	No	No	Facility	Facility	CodeProjectTypeID	Project Type	facility	CodeProjectTypeID	TEXT	Foreign key (ID reference)	EXISTING_GLOBAL
Global	Facility	Facility Info	Prototype	PrototypeID	sTYPE_PROTOTYPE	No	No	Facility	Facility	PrototypeID	Prototype	facility	PrototypeID	TEXT	Foreign key (ID reference)	EXISTING_GLOBAL
Global	Facility	Facility Info	RE Planner Open Date	SlotEndDate	sTYPE_DATE	No	No	Facility	Facility	SlotEndDate	RE Planner Open Date	facility	SlotEndDate	TEXT		EXISTING_GLOBAL
Global	Facility	Facility Info	Real Estate Phase Status	RealEstatePhaseStatus	sTYPE_TEXT	No	No	Facility	Facility	RealEstatePhaseStatus	Real Estate Phase Status	facility	RealEstatePhaseStatus	TEXT		EXISTING_GLOBAL
Global	Facility	Facility Info	Real Estate Type	CodeDesc_CodeProjectTypeID	sCODE_PROJECT_TYPE	No	No	Facility	Facility	CodeDesc_CodeProjectTypeID	Real Estate Type	facility	CodeDesc_CodeProjectTypeID	TEXT	Foreign key (ID reference)	EXISTING_GLOBAL
Global	Facility	Facility Info	Region	RegionID	sTYPE_REGION	Yes	No	Facility	Facility	RegionID	Region	facility	RegionID	TEXT	Foreign key (ID reference)	EXISTING_GLOBAL;NEEDED_GLOBAL
Global	Facility	Facility Info	Related Facility Entities	RelatedEntities	sTYPE_TEXT	No	No	Facility	Facility	RelatedEntities	Related Facility Entities	facility	RelatedEntities	TEXT		EXISTING_GLOBAL
Global	Facility	Facility Info	Remodel Date	RemodelDate	sTYPE_DATE	No	No	Facility	Facility	RemodelDate	Remodel Date	facility	RemodelDate	TEXT		EXISTING_GLOBAL;NEEDED_GLOBAL
Global	Facility	Facility Info	Rentable Area	RentableArea	sTYPE_AREA	No	No	Facility	Facility	RentableArea	Rentable Area	facility	RentableArea	TEXT		EXISTING_GLOBAL;NEEDED_GLOBAL
Global	Facility	Facility Info	Schedule Creation Method	TaskCreationMethod	sTYPE_TASK_CREATION_METHOD	Yes	No	Facility								EXISTING_GLOBAL;NEEDED_GLOBAL
Global	Facility	Facility Info	Sequence Number	SequenceNumber	sTYPE_NUMBER	No	No	Facility	Facility	SequenceNumber	Sequence Number	facility	SequenceNumber	TEXT		EXISTING_GLOBAL;NEEDED_GLOBAL
Global	Facility	Facility Info	Sub Region	SubRegionID	sTYPE_SUBREGION	No	No	Facility	Facility	SubRegionID	Sub Region	facility	SubRegionID	TEXT	Foreign key (ID reference)	EXISTING_GLOBAL;NEEDED_GLOBAL
Global	Facility	Facility Info	Third Party Warehouse	ThirdPartyWarehouse	sTYPE_TEXT	No	No	Facility	Facility	ThirdPartyWarehouse	Third Party Warehouse	facility	ThirdPartyWarehouse	TEXT		EXISTING_GLOBAL;NEEDED_GLOBAL
Global	Facility	Facility Info	Time Zone	TimeZone	sTYPE_TIMEZONE	No	No	Facility	Facility	TimeZone	Time Zone	facility	TimeZone	TEXT		EXISTING_GLOBAL;NEEDED_GLOBAL
Global	Facility	Facility Info	Trade Area	TradeArea	sTYPE_TEXT	No	No	Facility	Facility	TradeArea	Trade Area	facility	TradeArea	TEXT		EXISTING_GLOBAL
Global	Facility	Facility Info	Usable Area	UsableArea	sTYPE_AREA	No	No	Facility	Facility	UsableArea	Usable Area	facility	UsableArea	TEXT		EXISTING_GLOBAL;NEEDED_GLOBAL
Global	Facility	Parking	Created By	CreatedByID	sTYPE_MEMBER	No	No	Parking	Parking	CreatedByID	Created By	parking	CreatedByID	TEXT	Foreign key (ID reference)	EXISTING_GLOBAL;NEEDED_GLOBAL
Global	Facility	Parking	Created Date	CreatedDate	sTYPE_TIME	No	No	Parking	Parking	CreatedDate	Created Date	parking	CreatedDate	TEXT	Audit	EXISTING_GLOBAL;NEEDED_GLOBAL
Global	Facility	Parking	Currency Type	CodeCurrencyTypeID	sCODE_CURRENCY_TYPE	No	No	Parking	Parking	CodeCurrencyTypeID	Currency Type	parking	CodeCurrencyTypeID	TEXT	Foreign key (ID reference)	EXISTING_GLOBAL;NEEDED_GLOBAL
Global	Facility	Parking	Description	Description	sTYPE_TEXT	No	No	Parking	Parking	Description	Description	parking	Description	TEXT		EXISTING_GLOBAL;NEEDED_GLOBAL
Global	Facility	Parking	Facility	FacilityID	sTYPE_FACILITY	Yes	No	Parking	Parking	FacilityID	Facility	parking	FacilityID	TEXT	Foreign key (ID reference)	EXISTING_GLOBAL;NEEDED_GLOBAL
Global	Facility	Parking	Modified By	ModifiedByID	sTYPE_MEMBER	No	No	Parking	Parking	ModifiedByID	Modified By	parking	ModifiedByID	TEXT	Foreign key (ID reference)	EXISTING_GLOBAL;NEEDED_GLOBAL
Global	Facility	Parking	Modified Date	ModifiedDate	sTYPE_TIME	No	No	Parking	Parking	ModifiedDate	Modified Date	parking	ModifiedDate	TEXT	Incremental watermark	EXISTING_GLOBAL;NEEDED_GLOBAL
Global	Facility	Parking	Notes	Notes	sTYPE_TEXTAREA	No	No	Parking	Parking	Notes	Notes	parking	Notes	TEXT		EXISTING_GLOBAL;NEEDED_GLOBAL
Global	Facility	Parking	Parking ClientID	BOMapClientRecordID	sTYPE_TEXT	Yes	No	Parking	Parking	BOMapClientRecordID	Parking ClientID	parking	BOMapClientRecordID	TEXT	Client identifier	EXISTING_GLOBAL
Global	Facility	Parking	Parking Denominator	CodeParkingDenominatorID	sCODE_DENOMINATOR	No	No	Parking	Parking	CodeParkingDenominatorID	Parking Denominator	parking	CodeParkingDenominatorID	TEXT	Foreign key (ID reference)	EXISTING_GLOBAL
Global	Facility	Parking	Parking Group	CodeParkingGroupID	sCODE_PARKING_GROUP	No	No	Parking	Parking	CodeParkingGroupID	Parking Group	parking	CodeParkingGroupID	TEXT	Foreign key (ID reference)	EXISTING_GLOBAL
Global	Facility	Parking	Parking Location	ParkingLocation	sTYPE_TEXT	No	No	Parking	Parking	ParkingLocation	Parking Location	parking	ParkingLocation	TEXT		EXISTING_GLOBAL
Global	Facility	Parking	Parking Number Spaces	ParkingNumberSpaces	sTYPE_NUMBER	No	No	Parking	Parking	ParkingNumberSpaces	Parking Number Spaces	parking	ParkingNumberSpaces	TEXT		EXISTING_GLOBAL
Global	Facility	Parking	Parking Rate Per	ParkingRatePer	sTYPE_MONEY	No	No	Parking	Parking	ParkingRatePer	Parking Rate Per	parking	ParkingRatePer	TEXT		EXISTING_GLOBAL
Global	Facility	Parking	Parking RecID	ParkingID	sTYPE_UNFORMATTED_NUMBER	No	No	Parking	Parking	ParkingID	Parking RecID	parking	ParkingID	VARCHAR(64) NOT NULL	Primary key	EXISTING_GLOBAL
Global	Facility	Parking	Parking Spaces Description	ParkingSpaceDescr	sTYPE_TEXT	No	No	Parking	Parking	ParkingSpaceDescr	Parking Spaces Description	parking	ParkingSpaceDescr	TEXT		EXISTING_GLOBAL
Global	Facility	Parking	Parking Type	CodeParkingTypeID	sCODE_PARKING_TYPE	No	No	Parking	Parking	CodeParkingTypeID	Parking Type	parking	CodeParkingTypeID	TEXT	Foreign key (ID reference)	EXISTING_GLOBAL
Global	Facility	Parking	Rev Number	RevNumber	sTYPE_NUMBER	No	No	Parking	Parking	RevNumber	Rev Number	parking	RevNumber	TEXT	Audit	EXISTING_GLOBAL;NEEDED_GLOBAL
Global	Facility	Space	Building Area Unit	CodeBuildingAreaUnitID	sCODE_BUILDING_AREA_UNIT	No	No	Space	Space	CodeBuildingAreaUnitID	Building Area Unit	space	CodeBuildingAreaUnitID	TEXT	Foreign key (ID reference)	EXISTING_GLOBAL;NEEDED_GLOBAL
Global	Facility	Space	Client Number	ClientNumber	sTYPE_TEXT	No	No	Space	Space	ClientNumber	Client Number	space	ClientNumber	TEXT		EXISTING_GLOBAL;NEEDED_GLOBAL
Global	Facility	Space	Contract	ContractID	sTYPE_CONTRACT	No	No	Space	Space	ContractID	ContractID	space	ContractID	TEXT	Foreign key (ID reference)	EXISTING_GLOBAL;NEEDED_GLOBAL
Global	Facility	Space	Created By	CreatedByID	sTYPE_MEMBER	No	No	Space	Space	CreatedByID	Created By	space	CreatedByID	TEXT	Foreign key (ID reference)	EXISTING_GLOBAL;NEEDED_GLOBAL
Global	Facility	Space	Created Date	CreatedDate	sTYPE_TIME	No	No	Space	Space	CreatedDate	Created Date	space	CreatedDate	TEXT	Audit	EXISTING_GLOBAL;NEEDED_GLOBAL
Global	Facility	Space	Description	Description	sTYPE_TEXT	No	No	Space	Space	Description	Description	space	Description	TEXT		EXISTING_GLOBAL;NEEDED_GLOBAL
Global	Facility	Space	Effective Date	EffectiveDate	sTYPE_DATE	No	No	Space	Space	EffectiveDate	Effective Date	space	EffectiveDate	TEXT		EXISTING_GLOBAL;NEEDED_GLOBAL
Global	Facility	Space	Facility	FacilityID	sTYPE_FACILITY	Yes	No	Space	Space	FacilityID	Facility	space	FacilityID	TEXT	Foreign key (ID reference)	EXISTING_GLOBAL;NEEDED_GLOBAL
Global	Facility	Space	Floor Number	FloorNumber	sTYPE_TEXT	No	No	Space	Space	FloorNumber	Floor Number	space	FloorNumber	TEXT		EXISTING_GLOBAL
Global	Facility	Space	Gross Area	GrossArea	sTYPE_AREA	No	No	Space	Space	GrossArea	Gross Area	space	GrossArea	TEXT		EXISTING_GLOBAL;NEEDED_GLOBAL
Global	Facility	Space	Modified By	ModifiedByID	sTYPE_MEMBER	No	No	Space	Space	ModifiedByID	Modified By	space	ModifiedByID	TEXT	Foreign key (ID reference)	EXISTING_GLOBAL;NEEDED_GLOBAL
Global	Facility	Space	Modified Date	ModifiedDate	sTYPE_TIME	No	No	Space	Space	ModifiedDate	Modified Date	space	ModifiedDate	TEXT	Incremental watermark	EXISTING_GLOBAL;NEEDED_GLOBAL
Global	Facility	Space	Notes	Notes	sTYPE_TEXTAREA	No	No	Space	Space	Notes	Notes	space	Notes	TEXT		EXISTING_GLOBAL;NEEDED_GLOBAL
Global	Facility	Space	Rentable Area	RentableArea	sTYPE_AREA	No	No	Space	Space	RentableArea	Rentable Area	space	RentableArea	TEXT		EXISTING_GLOBAL;NEEDED_GLOBAL
Global	Facility	Space	Rev Number	RevNumber	sTYPE_NUMBER	No	No	Space	Space	RevNumber	Rev Number	space	RevNumber	TEXT	Audit	EXISTING_GLOBAL;NEEDED_GLOBAL
Global	Facility	Space	Room Number	RoomNumber	sTYPE_TEXT	No	No	Space	Space	RoomNumber	Room Number	space	RoomNumber	TEXT		EXISTING_GLOBAL
Global	Facility	Space	Space ClientID	BOMapClientRecordID	sTYPE_TEXT	Yes	No	Space	Space	BOMapClientRecordID	Space ClientID	space	BOMapClientRecordID	TEXT	Client identifier	EXISTING_GLOBAL
Global	Facility	Space	Space Group	CodeSpaceGroupID	sCODE_SPACE_GROUP	No	No	Space	Space	CodeSpaceGroupID	Space Group	space	CodeSpaceGroupID	TEXT	Foreign key (ID reference)	EXISTING_GLOBAL
Global	Facility	Space	Space Name	SpaceName	sTYPE_TEXT	Yes	No	Space	Space	SpaceName	Space Name	space	SpaceName	TEXT		EXISTING_GLOBAL
Global	Facility	Space	Space RecID	SpaceID	sTYPE_UNFORMATTED_NUMBER	No	No	Space	Space	SpaceID	Space RecID	space	SpaceID	VARCHAR(64) NOT NULL	Primary key	EXISTING_GLOBAL
Global	Facility	Space	Space Status	CodeSpaceStatusID	sCODE_SPACE_STATUS	No	No	Space	Space	CodeSpaceStatusID	Space Status	space	CodeSpaceStatusID	TEXT	Foreign key (ID reference)	EXISTING_GLOBAL
Global	Facility	Space	Space Type	CodeSpaceTypeID	sCODE_SPACE_TYPE	No	No	Space	Space	CodeSpaceTypeID	Space Type	space	CodeSpaceTypeID	TEXT	Foreign key (ID reference)	EXISTING_GLOBAL
Global	Facility	Space	Space Use	CodeSpaceUseID	sCODE_SPACE_USE	No	No	Space	Space	CodeSpaceUseID	Space Use	space	CodeSpaceUseID	TEXT	Foreign key (ID reference)	EXISTING_GLOBAL
Global	Facility	Space	Suite Number	SuiteNumber	sTYPE_TEXT	No	No	Space	Space	SuiteNumber	Suite Number	space	SuiteNumber	TEXT		EXISTING_GLOBAL
Global	Facility	Space	Total Head Count	TotalHeadCount	sTYPE_NUMBER	No	No	Space	Space	TotalHeadCount	Total Head Count	space	TotalHeadCount	TEXT		EXISTING_GLOBAL
Global	Facility	Space	Usable Area	UsableArea	sTYPE_AREA	No	No	Space	Space	UsableArea	Usable Area	space	UsableArea	TEXT		EXISTING_GLOBAL;NEEDED_GLOBAL
Global	Facility	Tenant	calcTotalHeadcount	math_calcTotalCapacity_1	sTYPE_MATH_OPERATION	No	No	Tenant	Tenant	math_calcTotalCapacity_1	calcTotalHeadcount	tenant	math_calcTotalCapacity_1	TEXT		EXISTING_GLOBAL
Global	Facility	Tenant	Capacity #1	Capacity1	sTYPE_NUMBER	No	No	Tenant	Tenant	Capacity1	Capacity #1	tenant	Capacity1	TEXT		EXISTING_GLOBAL
Global	Facility	Tenant	Capacity #2	Capacity2	sTYPE_NUMBER	No	No	Tenant	Tenant	Capacity2	Capacity #2	tenant	Capacity2	TEXT		EXISTING_GLOBAL
Global	Facility	Tenant	Capacity #3	Capacity3	sTYPE_NUMBER	No	No	Tenant	Tenant	Capacity3	Capacity #3	tenant	Capacity3	TEXT		EXISTING_GLOBAL
Global	Facility	Tenant	Capacity #4	Capacity4	sTYPE_NUMBER	No	No	Tenant	Tenant	Capacity4	Capacity #4	tenant	Capacity4	TEXT		EXISTING_GLOBAL
Global	Facility	Tenant	City	City	sTYPE_TEXT	No	No	Tenant	Tenant	City	City	tenant	City	TEXT		EXISTING_GLOBAL;NEEDED_GLOBAL
Global	Facility	Tenant	Company	CompanyID	sTYPE_EMPLOYER	No	No	Tenant	Tenant	CompanyID	Company	tenant	CompanyID	TEXT	Foreign key (ID reference)	EXISTING_GLOBAL;NEEDED_GLOBAL
Global	Facility	Tenant	Contract	ContractID	sTYPE_CONTRACT	No	No	Tenant	Tenant	ContractID	ContractID	tenant	ContractID	TEXT	Foreign key (ID reference)	EXISTING_GLOBAL;NEEDED_GLOBAL
Global	Facility	Tenant	Country	CountryID	sTYPE_COUNTRY	No	No	Tenant	Tenant	CountryID	Country	tenant	CountryID	TEXT	Foreign key (ID reference)	EXISTING_GLOBAL;NEEDED_GLOBAL
Global	Facility	Tenant	Created By	CreatedByID	sTYPE_MEMBER	No	No	Tenant	Tenant	CreatedByID	Created By	tenant	CreatedByID	TEXT	Foreign key (ID reference)	EXISTING_GLOBAL;NEEDED_GLOBAL
Global	Facility	Tenant	Created Date	CreatedDate	sTYPE_TIME	No	No	Tenant	Tenant	CreatedDate	Created Date	tenant	CreatedDate	TEXT	Audit	EXISTING_GLOBAL;NEEDED_GLOBAL
Global	Facility	Tenant	Description	Description	sTYPE_TEXT	No	No	Tenant	Tenant	Description	Description	tenant	Description	TEXT		EXISTING_GLOBAL;NEEDED_GLOBAL
Global	Facility	Tenant	Effective Date	EffectiveDate	sTYPE_DATE	No	No	Tenant	Tenant	EffectiveDate	Effective Date	tenant	EffectiveDate	TEXT		EXISTING_GLOBAL;NEEDED_GLOBAL
Global	Facility	Tenant	Head Count #1	HeadCount1	sTYPE_NUMBER	No	No	Tenant	Tenant	HeadCount1	Head Count #1	tenant	HeadCount1	TEXT		EXISTING_GLOBAL
Global	Facility	Tenant	Head Count #2	HeadCount2	sTYPE_NUMBER	No	No	Tenant	Tenant	HeadCount2	Head Count #2	tenant	HeadCount2	TEXT		EXISTING_GLOBAL
Global	Facility	Tenant	Head Count #3	HeadCount3	sTYPE_NUMBER	No	No	Tenant	Tenant	HeadCount3	Head Count #3	tenant	HeadCount3	TEXT		EXISTING_GLOBAL
Global	Facility	Tenant	Head Count #4	HeadCount4	sTYPE_NUMBER	No	No	Tenant	Tenant	HeadCount4	Head Count #4	tenant	HeadCount4	TEXT		EXISTING_GLOBAL
Global	Facility	Tenant	Modified By	ModifiedByID	sTYPE_MEMBER	No	No	Tenant	Tenant	ModifiedByID	Modified By	tenant	ModifiedByID	TEXT	Foreign key (ID reference)	EXISTING_GLOBAL;NEEDED_GLOBAL
Global	Facility	Tenant	Modified Date	ModifiedDate	sTYPE_TIME	No	No	Tenant	Tenant	ModifiedDate	Modified Date	tenant	ModifiedDate	TEXT	Incremental watermark	EXISTING_GLOBAL;NEEDED_GLOBAL
Global	Facility	Tenant	Move In Date	MoveInDate	sTYPE_DATE	No	No	Tenant	Tenant	MoveInDate	Move In Date	tenant	MoveInDate	TEXT		EXISTING_GLOBAL;NEEDED_GLOBAL
Global	Facility	Tenant	Move Out Date	MoveOutDate	sTYPE_DATE	No	No	Tenant	Tenant	MoveOutDate	Move Out Date	tenant	MoveOutDate	TEXT		EXISTING_GLOBAL;NEEDED_GLOBAL
Global	Facility	Tenant	Notes	Notes	sTYPE_TEXTAREA	No	No	Tenant	Tenant	Notes	Notes	tenant	Notes	TEXT		EXISTING_GLOBAL;NEEDED_GLOBAL
Global	Facility	Tenant	Organization	OrganizationID	sTYPE_ORGANIZATION	No	No	Tenant	Tenant	OrganizationID	Organization	tenant	OrganizationID	TEXT	Foreign key (ID reference)	EXISTING_GLOBAL;NEEDED_GLOBAL
Global	Facility	Tenant	Postal Code	PostalCode	sTYPE_POSTALCODE	No	No	Tenant	Tenant	PostalCode	Postal Code	tenant	PostalCode	TEXT		EXISTING_GLOBAL;NEEDED_GLOBAL
Global	Facility	Tenant	Rev Number	RevNumber	sTYPE_NUMBER	No	No	Tenant	Tenant	RevNumber	Rev Number	tenant	RevNumber	TEXT	Audit	EXISTING_GLOBAL;NEEDED_GLOBAL
Global	Facility	Tenant	Space	SpaceID	sTYPE_SPACE	Yes	No	Tenant	Tenant	SpaceID	Space	tenant	SpaceID	TEXT	Foreign key (ID reference)	EXISTING_GLOBAL
Global	Facility	Tenant	State	IStateProvinceCountryID	sTYPE_STATE_PROVINCE	No	No	Tenant	Tenant	IStateProvinceCountryID	State	tenant	IStateProvinceCountryID	TEXT	Foreign key (ID reference)	EXISTING_GLOBAL;NEEDED_GLOBAL
Global	Facility	Tenant	State Province	StateProvince	sTYPE_TEXT	No	No	Tenant	Tenant	StateProvince	State Province	tenant	StateProvince	TEXT		EXISTING_GLOBAL;NEEDED_GLOBAL
Global	Facility	Tenant	Street Address #1	StreetAddress1	sTYPE_TEXT	No	No	Tenant	Tenant	StreetAddress1	Street Address #1	tenant	StreetAddress1	TEXT		EXISTING_GLOBAL;NEEDED_GLOBAL
Global	Facility	Tenant	Street Address #2	StreetAddress2	sTYPE_TEXT	No	No	Tenant	Tenant	StreetAddress2	Street Address #2	tenant	StreetAddress2	TEXT		EXISTING_GLOBAL;NEEDED_GLOBAL
Global	Facility	Tenant	Street Address #3	StreetAddress3	sTYPE_TEXT	No	No	Tenant	Tenant	StreetAddress3	Street Address #3	tenant	StreetAddress3	TEXT		EXISTING_GLOBAL;NEEDED_GLOBAL
Global	Facility	Tenant	Street Address #4	StreetAddress4	sTYPE_TEXT	No	No	Tenant	Tenant	StreetAddress4	Street Address #4	tenant	StreetAddress4	TEXT		EXISTING_GLOBAL;NEEDED_GLOBAL
Global	Facility	Tenant	Tenant Category	CodeTenantCategoryID	sCODE_TENANT_CATEGORY	No	No	Tenant	Tenant	CodeTenantCategoryID	Tenant Category	tenant	CodeTenantCategoryID	TEXT	Foreign key (ID reference)	EXISTING_GLOBAL
Global	Facility	Tenant	Tenant ClientID	BOMapClientRecordID	sTYPE_TEXT	Yes	No	Tenant	Tenant	BOMapClientRecordID	Tenant ClientID	tenant	BOMapClientRecordID	TEXT	Client identifier	EXISTING_GLOBAL
Global	Facility	Tenant	Tenant Group	CodeTenantGroupID	sCODE_TENANT_GROUP	No	No	Tenant	Tenant	CodeTenantGroupID	Tenant Group	tenant	CodeTenantGroupID	TEXT	Foreign key (ID reference)	EXISTING_GLOBAL
Global	Facility	Tenant	Tenant Name	TenantName	sTYPE_TEXT	Yes	No	Tenant	Tenant	TenantName	Tenant Name	tenant	TenantName	TEXT		EXISTING_GLOBAL
Global	Facility	Tenant	Tenant RecID	TenantID	sTYPE_UNFORMATTED_NUMBER	No	No	Tenant	Tenant	TenantID	Tenant RecID	tenant	TenantID	VARCHAR(64) NOT NULL	Primary key	EXISTING_GLOBAL
Global	Facility	Tenant	Tenant Status	CodeTenantStatusID	sCODE_TENANT_STATUS	No	No	Tenant	Tenant	CodeTenantStatusID	Tenant Status	tenant	CodeTenantStatusID	TEXT	Foreign key (ID reference)	EXISTING_GLOBAL
Global	Facility	Tenant	Tenant Type	CodeTenantTypeID	sCODE_TENANT_TYPE	No	No	Tenant	Tenant	CodeTenantTypeID	Tenant Type	tenant	CodeTenantTypeID	TEXT	Foreign key (ID reference)	EXISTING_GLOBAL
Global	Facility	Tenant	Tenant Use	CodeTenantUseID	sCODE_TENANT_USE	No	No	Tenant	Tenant	CodeTenantUseID	Tenant Use	tenant	CodeTenantUseID	TEXT	Foreign key (ID reference)	EXISTING_GLOBAL
Global	Facility	Tenant	Total Capacity	TotalCapacity	sTYPE_NUMBER	No	No	Tenant	Tenant	TotalCapacity	Total Capacity	tenant	TotalCapacity	TEXT		EXISTING_GLOBAL
Global	Location	Address Info	City	City	sTYPE_TEXT	No	No	Location	Location	City	City	location	City	TEXT		EXISTING_GLOBAL;NEEDED_GLOBAL
Global	Location	Address Info	Country	CountryID	sTYPE_COUNTRY	No	No	Location	Location	CountryID	Country	location	CountryID	TEXT	Foreign key (ID reference)	EXISTING_GLOBAL;NEEDED_GLOBAL
Global	Location	Address Info	Cross Street #1	CrossStreet1	sTYPE_TEXT	No	No	Location	Location	CrossStreet1	Cross Street #1	location	CrossStreet1	TEXT		EXISTING_GLOBAL;NEEDED_GLOBAL
Global	Location	Address Info	Cross Street #2	CrossStreet2	sTYPE_TEXT	No	No	Location	Location	CrossStreet2	Cross Street #2	location	CrossStreet2	TEXT		EXISTING_GLOBAL;NEEDED_GLOBAL
Global	Location	Address Info	Full Address	HTMLAddress	sTYPE_TEXT	No	No	Location	Location	HTMLAddress	Full Address	location	HTMLAddress	TEXT		EXISTING_GLOBAL;NEEDED_GLOBAL
Global	Location	Address Info	Jurisdiction	JurisdictionID	sTYPE_JURISDICTION	No	No	Location	Location	JurisdictionID	Jurisdiction	location	JurisdictionID	TEXT	Foreign key (ID reference)	EXISTING_GLOBAL;NEEDED_GLOBAL
Global	Location	Address Info	Latitude	LatitudeDegrees	sTYPE_NUMBER_FRACTION6DIGITS	No	No	Location	Location	LatitudeDegrees	Latitude	location	LatitudeDegrees	TEXT		EXISTING_GLOBAL;NEEDED_GLOBAL
Global	Location	Address Info	Longitude	LongitudeDegrees	sTYPE_NUMBER_FRACTION6DIGITS	No	No	Location	Location	LongitudeDegrees	Longitude	location	LongitudeDegrees	TEXT		EXISTING_GLOBAL;NEEDED_GLOBAL
Global	Location	Address Info	Postal Code	PostalCode	sTYPE_POSTALCODE	No	No	Location	Location	PostalCode	Postal Code	location	PostalCode	TEXT		EXISTING_GLOBAL;NEEDED_GLOBAL
Global	Location	Address Info	State	IStateProvinceCountryID	sTYPE_STATE_PROVINCE	No	No	Location	Location	IStateProvinceCountryID	State	location	IStateProvinceCountryID	TEXT	Foreign key (ID reference)	EXISTING_GLOBAL;NEEDED_GLOBAL
Global	Location	Address Info	Street Address #1	StreetAddress1	sTYPE_TEXT	No	No	Location	Location	StreetAddress1	Street Address #1	location	StreetAddress1	TEXT		EXISTING_GLOBAL;NEEDED_GLOBAL
Global	Location	Address Info	Street Address #2	StreetAddress2	sTYPE_TEXT	No	No	Location	Location	StreetAddress2	Street Address #2	location	StreetAddress2	TEXT		EXISTING_GLOBAL;NEEDED_GLOBAL
Global	Location	Address Info	Street Address #3	StreetAddress3	sTYPE_TEXT	No	No	Location	Location	StreetAddress3	Street Address #3	location	StreetAddress3	TEXT		EXISTING_GLOBAL;NEEDED_GLOBAL
Global	Location	Address Info	Street Address #4	StreetAddress4	sTYPE_TEXT	No	No	Location	Location	StreetAddress4	Street Address #4	location	StreetAddress4	TEXT		EXISTING_GLOBAL;NEEDED_GLOBAL
Global	Location	Audit Info	Modified By	ModifiedByID	sTYPE_MEMBER	No	No	Location	Location	ModifiedByID	Modified By	location	ModifiedByID	TEXT	Foreign key (ID reference)	EXISTING_GLOBAL;NEEDED_GLOBAL
Global	Location	Audit Info	Modified Date	ModifiedDate	sTYPE_TIME	No	No	Location	Location	ModifiedDate	Modified Date	location	ModifiedDate	TEXT	Incremental watermark	EXISTING_GLOBAL;NEEDED_GLOBAL
Global	Location	Audit Info	Process Timeline RecID	ProcessTimelineID	sTYPE_UNFORMATTED_NUMBER	No	No	ProcessTimeline								EXISTING_GLOBAL;NEEDED_GLOBAL
Global	Location	Location Info	Accounting Number	AccountingNumber	sTYPE_TEXT	No	No	Location	Location	AccountingNumber	Accounting Number	location	AccountingNumber	TEXT		EXISTING_GLOBAL
Global	Location	Location Info	Budget Template	BudgetTemplateID	sTYPE_BUDGET_TEMPLATE	No	No	Location	Location	BudgetTemplateID	Budget Template	location	BudgetTemplateID	TEXT	Foreign key (ID reference)	EXISTING_GLOBAL
Global	Location	Location Info	Building Area Unit	CodeBuildingAreaUnitID	sCODE_BUILDING_AREA_UNIT	No	No	Location	Location	CodeBuildingAreaUnitID	Building Area Unit	location	CodeBuildingAreaUnitID	TEXT	Foreign key (ID reference)	EXISTING_GLOBAL;NEEDED_GLOBAL
Global	Location	Location Info	Complex Name	ComplexID	sTYPE_COMPLEX	No	No	Location	Location	ComplexID	Complex Name	location	ComplexID	TEXT	Foreign key (ID reference)	EXISTING_GLOBAL;NEEDED_GLOBAL
Global	Location	Location Info	Currency Type	CodeCurrencyTypeID	sCODE_CURRENCY_TYPE	No	No	Location	Location	CodeCurrencyTypeID	Currency Type	location	CodeCurrencyTypeID	TEXT	Foreign key (ID reference)	EXISTING_GLOBAL;NEEDED_GLOBAL
Global	Location	Location Info	Description	ProjectDescription	sTYPE_TEXT	No	No	Location	Location	ProjectDescription	Description	location	ProjectDescription	TEXT		EXISTING_GLOBAL;NEEDED_GLOBAL
Global	Location	Location Info	EC Tax Rate #1	EquipContractTaxRate1	sTYPE_PERCENTAGE	No	No	Location	Location	EquipContractTaxRate1	EC Tax Rate #1	location	EquipContractTaxRate1	TEXT		EXISTING_GLOBAL;NEEDED_GLOBAL
Global	Location	Location Info	EC Tax Rate #2	EquipContractTaxRate2	sTYPE_PERCENTAGE	No	No	Location	Location	EquipContractTaxRate2	EC Tax Rate #2	location	EquipContractTaxRate2	TEXT		EXISTING_GLOBAL;NEEDED_GLOBAL
Global	Location	Location Info	EC Tax Rate #3	EquipContractTaxRate3	sTYPE_PERCENTAGE	No	No	Location	Location	EquipContractTaxRate3	EC Tax Rate #3	location	EquipContractTaxRate3	TEXT		EXISTING_GLOBAL;NEEDED_GLOBAL
Global	Location	Location Info	EC Tax Rate #4	EquipContractTaxRate4	sTYPE_PERCENTAGE	No	No	Location	Location	EquipContractTaxRate4	EC Tax Rate #4	location	EquipContractTaxRate4	TEXT		EXISTING_GLOBAL;NEEDED_GLOBAL
Global	Location	Location Info	Gross Lease Area	GrossLeaseArea	sTYPE_AREA	No	No	Location	Location	GrossLeaseArea	Gross Lease Area	location	GrossLeaseArea	TEXT		EXISTING_GLOBAL;NEEDED_GLOBAL
Global	Location	Location Info	Is Inactive?	Inactive	sTYPE_CHECKBOX	Yes	No	Location	Location	Inactive	Is Inactive?	location	Inactive	TEXT		EXISTING_GLOBAL;NEEDED_GLOBAL
Global	Location	Location Info	Land Area Unit	CodeLandAreaUnitID	sCODE_LAND_AREA_UNIT	No	No	Location	Location	CodeLandAreaUnitID	Land Area Unit	location	CodeLandAreaUnitID	TEXT	Foreign key (ID reference)	EXISTING_GLOBAL;NEEDED_GLOBAL
Global	Location	Location Info	Location Category	CodeLocationCategoryID	sCODE_LOCATION_CATEGORY	No	No	Location	Location	CodeLocationCategoryID	Location Category	location	CodeLocationCategoryID	TEXT	Foreign key (ID reference)	EXISTING_GLOBAL;NEEDED_GLOBAL
Global	Location	Location Info	Location ClientID	BOMapClientRecordID	sTYPE_TEXT	Yes	No	Location	Location	BOMapClientRecordID	Location ClientID	location	BOMapClientRecordID	TEXT	Client identifier	EXISTING_GLOBAL;NEEDED_GLOBAL
Global	Location	Location Info	Location Group	CodeLocationGroupID	sCODE_LOCATION_GROUP	No	No	Location	Location	CodeLocationGroupID	Location Group	location	CodeLocationGroupID	TEXT	Foreign key (ID reference)	EXISTING_GLOBAL;NEEDED_GLOBAL
Global	Location	Location Info	Location ID	ClientEntityID	sTYPE_TEXT	No	No	Location	Location	ClientEntityID	Location ID	location	ClientEntityID	TEXT	Foreign key (ID reference)	EXISTING_GLOBAL;NEEDED_GLOBAL
Global	Location	Location Info	Location Name	LocationName	sTYPE_ENTITY_NAME	Yes	No	Location	Location	LocationName	Location Name	location	LocationName	TEXT		EXISTING_GLOBAL;NEEDED_GLOBAL
Global	Location	Location Info	Location Parcel Area	LocationParcelArea	sTYPE_AREA	No	No	Location	Location	LocationParcelArea	Location Parcel Area	location	LocationParcelArea	TEXT		EXISTING_GLOBAL;NEEDED_GLOBAL
Global	Location	Location Info	Location RecID	LocationID	sTYPE_UNFORMATTED_NUMBER	No	No	Location	Location	LocationID	Location RecID	location	LocationID	VARCHAR(64) NOT NULL	Primary key	EXISTING_GLOBAL;NEEDED_GLOBAL
Global	Location	Location Info	Location Status	CodeLocationStatusID	sCODE_LOCATION_STATUS	No	No	Location	Location	CodeLocationStatusID	Location Status	location	CodeLocationStatusID	TEXT	Foreign key (ID reference)	EXISTING_GLOBAL;NEEDED_GLOBAL
Global	Location	Location Info	Location Type	CodeLocationTypeID	sCODE_LOCATION_TYPE	No	No	Location	Location	CodeLocationTypeID	Location Type	location	CodeLocationTypeID	TEXT	Foreign key (ID reference)	EXISTING_GLOBAL;NEEDED_GLOBAL
Global	Location	Location Info	Location Use	CodeLocationUseID	sCODE_LOCATION_USE	No	No	Location	Location	CodeLocationUseID	Location Use	location	CodeLocationUseID	TEXT	Foreign key (ID reference)	EXISTING_GLOBAL;NEEDED_GLOBAL
Global	Location	Location Info	Location UUID	UUID	sTYPE_TEXT	No	No	Location	Location	UUID	Location UUID	location	UUID	TEXT	Foreign key (ID reference)	EXISTING_GLOBAL;NEEDED_GLOBAL
Global	Location	Location Info	Market Area	CodeMarketAreaID	sCODE_MARKET_AREA	No	No	Location	Location	CodeMarketAreaID	Market Area	location	CodeMarketAreaID	TEXT	Foreign key (ID reference)	EXISTING_GLOBAL;NEEDED_GLOBAL
Global	Location	Location Info	Notes	Notes	sTYPE_TEXTAREA	No	No	Location	Location	Notes	Notes	location	Notes	TEXT		EXISTING_GLOBAL;NEEDED_GLOBAL
Global	Location	Location Info	Open Year	OpenYear	sTYPE_DROPDOWN_YEAR	No	No	Location	Location	OpenYear	Open Year	location	OpenYear	TEXT		EXISTING_GLOBAL;NEEDED_GLOBAL
Global	Location	Location Info	Organization	OrganizationID	sTYPE_ORGANIZATION	No	No	Location	Location	OrganizationID	Organization	location	OrganizationID	TEXT	Foreign key (ID reference)	EXISTING_GLOBAL;NEEDED_GLOBAL
Global	Location	Location Info	Out Of Date Days	OutOfDateDays	sTYPE_NUMBER	No	No	Location	Location	OutOfDateDays	Out Of Date Days	location	OutOfDateDays	TEXT		EXISTING_GLOBAL;NEEDED_GLOBAL
Global	Location	Location Info	Portfolio	ProgramID	sTYPE_PROGRAM	Yes	No	Location	Location	ProgramID	Portfolio	location	ProgramID	TEXT	Foreign key (ID reference)	EXISTING_GLOBAL;NEEDED_GLOBAL
Global	Location	Location Info	RE Tax Rate #1	TaxRate1	sTYPE_PERCENTAGE	No	No	Location	Location	TaxRate1	RE Tax Rate #1	location	TaxRate1	TEXT		EXISTING_GLOBAL;NEEDED_GLOBAL
Global	Location	Location Info	RE Tax Rate #2	TaxRate2	sTYPE_PERCENTAGE	No	No	Location	Location	TaxRate2	RE Tax Rate #2	location	TaxRate2	TEXT		EXISTING_GLOBAL;NEEDED_GLOBAL
Global	Location	Location Info	RE Tax Rate #3	TaxRate3	sTYPE_PERCENTAGE	No	No	Location	Location	TaxRate3	RE Tax Rate #3	location	TaxRate3	TEXT		EXISTING_GLOBAL;NEEDED_GLOBAL
Global	Location	Location Info	RE Tax Rate #4	TaxRate4	sTYPE_PERCENTAGE	No	No	Location	Location	TaxRate4	RE Tax Rate #4	location	TaxRate4	TEXT		EXISTING_GLOBAL;NEEDED_GLOBAL
Global	Location	Location Info	Region	RegionID	sTYPE_REGION	No	No	Location	Location	RegionID	Region	location	RegionID	TEXT	Foreign key (ID reference)	EXISTING_GLOBAL;NEEDED_GLOBAL
Global	Location	Location Info	Schedule Creation Method	TaskCreationMethod	sTYPE_TASK_CREATION_METHOD	Yes	No	Location								EXISTING_GLOBAL;NEEDED_GLOBAL
Global	Location	Location Info	Sub Area #1	CodeSubArea1ID	sCODE_AREA	No	No	Location	Location	CodeSubArea1ID	Sub Area #1	location	CodeSubArea1ID	TEXT	Foreign key (ID reference)	EXISTING_GLOBAL;NEEDED_GLOBAL
Global	Location	Location Info	Sub Area #2	CodeSubArea2ID	sCODE_AREA	No	No	Location	Location	CodeSubArea2ID	Sub Area #2	location	CodeSubArea2ID	TEXT	Foreign key (ID reference)	EXISTING_GLOBAL;NEEDED_GLOBAL
Global	Location	Location Info	Sub Area #3	CodeSubArea3ID	sCODE_AREA	No	No	Location	Location	CodeSubArea3ID	Sub Area #3	location	CodeSubArea3ID	TEXT	Foreign key (ID reference)	EXISTING_GLOBAL;NEEDED_GLOBAL
Global	Location	Location Info	Sub Region #1	CodeSubRegion1ID	sCODE_REGION	No	No	Location	Location	CodeSubRegion1ID	Sub Region #1	location	CodeSubRegion1ID	TEXT	Foreign key (ID reference)	EXISTING_GLOBAL;NEEDED_GLOBAL
Global	Location	Location Info	Sub Region #2	CodeSubRegion2ID	sCODE_REGION	No	No	Location	Location	CodeSubRegion2ID	Sub Region #2	location	CodeSubRegion2ID	TEXT	Foreign key (ID reference)	EXISTING_GLOBAL;NEEDED_GLOBAL
Global	Location	Location Info	Sub Region #3	CodeSubRegion3ID	sCODE_REGION	No	No	Location	Location	CodeSubRegion3ID	Sub Region #3	location	CodeSubRegion3ID	TEXT	Foreign key (ID reference)	EXISTING_GLOBAL;NEEDED_GLOBAL
Global	Location	Location Info	Third Party Warehouse	ThirdPartyWarehouse	sTYPE_TEXT	No	No	Location	Location	ThirdPartyWarehouse	Third Party Warehouse	location	ThirdPartyWarehouse	TEXT		EXISTING_GLOBAL;NEEDED_GLOBAL
Global	Location	Location Info	Third Party Warehouse Area	ThirdPartyWarehouseArea	sTYPE_AREA	No	No	Location	Location	ThirdPartyWarehouseArea	Third Party Warehouse Area	location	ThirdPartyWarehouseArea	TEXT		EXISTING_GLOBAL
Global	Location	Location Info	Time Zone	TimeZone	sTYPE_TIMEZONE	No	No	Location	Location	TimeZone	Time Zone	location	TimeZone	TEXT		EXISTING_GLOBAL;NEEDED_GLOBAL
Global	Milestones	Actual End Date	Actual End Date	TskDone_ActualEndDate	sTYPE_DATE	No	No	ProcessTimeline								EXISTING_GLOBAL;NEEDED_GLOBAL
Global	Milestones	Audit Info	Modified By	ModifiedByID	sTYPE_MEMBER	No	No	ProcessTimeline								EXISTING_GLOBAL;NEEDED_GLOBAL
Global	Milestones	Audit Info	Modified Date	ModifiedDate	sTYPE_TIME	No	No	ProcessTimeline								EXISTING_GLOBAL;NEEDED_GLOBAL
Global	Milestones	Baseline Duration	Baseline Duration	OriginalDuration	sTYPE_NUMBER	No	No	ProcessTimeline								EXISTING_GLOBAL
Global	Milestones	Baseline End Date	Original End Date	OriginalEndDate	sTYPE_DATE	No	No	ProcessTimeline								EXISTING_GLOBAL
Global	Milestones	Baseline Lead/Lag Days	Baseline Lead/Lag Days	TskPredVal_OriginalLeadLagDays	sTYPE_NUMBER	No	No	ProcessTimeline								EXISTING_GLOBAL
Global	Milestones	Baseline Start Date	Baseline Start Date	OriginalStartDate	sTYPE_DATE	No	No	ProcessTimeline								EXISTING_GLOBAL;NEEDED_GLOBAL
Global	Milestones	Baseline with Forecast/Actual End Date	Baseline with Forecast/Actual End Date	TskBAndA_NoAccessorConversion	sTYPE_TEXT	No	No	ProcessTimeline								EXISTING_GLOBAL
Global	Milestones	Comments	Description	Description	sTYPE_TEXTAREA	No	No	ProcessTimeline								EXISTING_GLOBAL;NEEDED_GLOBAL
Global	Milestones	Days Ahead of Schedule	Days Ahead of Schedule	DaysAheadOfSchedule	sTYPE_NUMBER	No	No	ProcessTimeline								EXISTING_GLOBAL
Global	Milestones	Forecast End Date	Forecast End Date	TskNotDone_ActualEndDate	sTYPE_DATE	No	No	ProcessTimeline								EXISTING_GLOBAL
Global	Milestones	Forecast End Date/Complete	Forecast End Date/Complete	TskNotDoneCompleted_NoAccessorConversion	sTYPE_TEXT	No	No	ProcessTimeline								EXISTING_GLOBAL
Global	Milestones	Forecast/Actual Duration	Forecast/Actual Duration	ActualDuration	sTYPE_NUMBER	No	No	ProcessTimeline								EXISTING_GLOBAL
Global	Milestones	Forecast/Actual End Date	Forecast/Actual End Date	ActualEndDate	sTYPE_DATE	No	No	ProcessTimeline								EXISTING_GLOBAL
Global	Milestones	Forecast/Actual Lead/Lag Days	Forecast/Actual Lead/Lag Days	TskPredVal_ActualLeadLagDays	sTYPE_NUMBER	No	No	ProcessTimeline								EXISTING_GLOBAL
Global	Milestones	Forecast/Actual Start Date	Forecast/Actual Start Date	ActualStartDate	sTYPE_DATE	No	No	ProcessTimeline								EXISTING_GLOBAL
Global	Milestones	Milestone Name	Milestone Name	ProcessTimelineTemplateName	sTYPE_TEXT	No	No	ProcessTimeline								EXISTING_GLOBAL
Global	Milestones	Milestone Status	Task Status	CodeTaskStatusID	sCODE_TASK_STATUS	No	No	ProcessTimeline								EXISTING_GLOBAL
Global	Milestones	Percent Complete	Percent Complete	PercentComplete	sTYPE_NUMBER	No	No	ProcessTimeline								EXISTING_GLOBAL
Global	Milestones	Projected Duration	Projected Duration	ProjectedDuration	sTYPE_NUMBER	No	No	ProcessTimeline								EXISTING_GLOBAL
Global	Milestones	Projected End Date	Projected End Date	ProjectedEndDate	sTYPE_DATE	No	No	ProcessTimeline								EXISTING_GLOBAL
Global	Milestones	Projected Lead/Lag Days	Projected Lead/Lag Days	TskPredVal_ProjectedLeadLagDays	sTYPE_NUMBER	No	No	ProcessTimeline								EXISTING_GLOBAL
Global	Milestones	Projected Start Date	Projected Start Date	ProjectedStartDate	sTYPE_DATE	No	No	ProcessTimeline								EXISTING_GLOBAL
Global	Milestones	Remaining Days	Remaining Days	RemainingDays	sTYPE_NUMBER	No	No	ProcessTimeline								EXISTING_GLOBAL
Global	Milestones	Resources	Members	Assignee_MemberID	sTYPE_MEMBER	No	No	ProcessTimeline								EXISTING_GLOBAL
Global	Milestones	Security Fields	Alert when task Completes	EnableForDashboard	sTYPE_CHECKBOX	No	No	ProcessTimeline								EXISTING_GLOBAL
Global	Milestones	Security Fields	Email Message	EMailMessage	sTYPE_TEXTAREA	No	No	ProcessTimeline								EXISTING_GLOBAL;NEEDED_GLOBAL
Global	Milestones	Security Fields	Email when task Completes	EnableForEMail	sTYPE_CHECKBOX	No	No	ProcessTimeline								EXISTING_GLOBAL
Global	Milestones	Summary	Completed Phase Status	CompletedPhaseStatus	sTYPE_TEXT	No	No	ProjectEntity								EXISTING_GLOBAL
Global	Milestones	Summary	Construction Phase Status	ConstructionPhaseStatus	sTYPE_TEXT	No	No	ProjectEntity								EXISTING_GLOBAL
Global	Milestones	Summary	Current Milestone	CurrentMilestone	sTYPE_PROCESS_TIMELINE	No	No	ProjectEntity								EXISTING_GLOBAL
Global	Milestones	Summary	Design Phase Status	DesignPhaseStatus	sTYPE_TEXT	No	No	ProjectEntity								EXISTING_GLOBAL
Global	Milestones	Summary	Milestone Timeline	MilestoneTimeline	sTYPE_TEXT	No	No	ProjectEntity								EXISTING_GLOBAL
Global	Milestones	Summary	Next Milestone	NextMilestone	sTYPE_PROCESS_TIMELINE	No	No	ProjectEntity								EXISTING_GLOBAL
Global	Milestones	Summary	Operations Phase Status	OperationsPhaseStatus	sTYPE_TEXT	No	No	ProjectEntity								EXISTING_GLOBAL
Global	Milestones	Summary	Possession Phase Status	PossessionPhaseStatus	sTYPE_TEXT	No	No	ProjectEntity								EXISTING_GLOBAL
Global	Milestones	Summary	Previous Milestone	PreviousMilestone	sTYPE_PROCESS_TIMELINE	No	No	ProjectEntity								EXISTING_GLOBAL
Global	Milestones	Summary	Real Estate Phase Status	RealEstatePhaseStatus	sTYPE_TEXT	No	No	ProjectEntity								EXISTING_GLOBAL
Global	Milestones	Task Name	Task Name	TaskName	sTYPE_TEXT	No	No	ProcessTimeline								EXISTING_GLOBAL
Global	Parcel	Address Info	City	City	sTYPE_TEXT	No	No	Parcel	Parcel	City	City	parcel	City	TEXT		EXISTING_GLOBAL;NEEDED_GLOBAL
Global	Parcel	Address Info	Country	CountryID	sTYPE_COUNTRY	No	No	Parcel	Parcel	CountryID	Country	parcel	CountryID	TEXT	Foreign key (ID reference)	EXISTING_GLOBAL;NEEDED_GLOBAL
Global	Parcel	Address Info	Cross Street #1	CrossStreet1	sTYPE_TEXT	No	No	Parcel	Parcel	CrossStreet1	Cross Street #1	parcel	CrossStreet1	TEXT		EXISTING_GLOBAL;NEEDED_GLOBAL
Global	Parcel	Address Info	Cross Street #2	CrossStreet2	sTYPE_TEXT	No	No	Parcel	Parcel	CrossStreet2	Cross Street #2	parcel	CrossStreet2	TEXT		EXISTING_GLOBAL;NEEDED_GLOBAL
Global	Parcel	Address Info	Demographic DMA	DemographicDMAID	sTYPE_DMA	No	No	Parcel	Parcel	DemographicDMAID	Demographic DMA	parcel	DemographicDMAID	TEXT	Foreign key (ID reference)	EXISTING_GLOBAL;NEEDED_GLOBAL
Global	Parcel	Address Info	Full Address	HTMLAddress	sTYPE_TEXT	No	No	Parcel	Parcel	HTMLAddress	Full Address	parcel	HTMLAddress	TEXT		EXISTING_GLOBAL;NEEDED_GLOBAL
Global	Parcel	Address Info	Jurisdiction	JurisdictionID	sTYPE_JURISDICTION	No	No	Parcel	Parcel	JurisdictionID	Jurisdiction	parcel	JurisdictionID	TEXT	Foreign key (ID reference)	EXISTING_GLOBAL;NEEDED_GLOBAL
Global	Parcel	Address Info	Postal Code	PostalCode	sTYPE_POSTALCODE	No	No	Parcel	Parcel	PostalCode	Postal Code	parcel	PostalCode	TEXT		EXISTING_GLOBAL;NEEDED_GLOBAL
Global	Parcel	Address Info	State	IStateProvinceCountryID	sTYPE_STATE_PROVINCE	No	No	Parcel	Parcel	IStateProvinceCountryID	State	parcel	IStateProvinceCountryID	TEXT	Foreign key (ID reference)	EXISTING_GLOBAL;NEEDED_GLOBAL
Global	Parcel	Address Info	Street Address #1	StreetAddress1	sTYPE_TEXT	No	No	Parcel	Parcel	StreetAddress1	Street Address #1	parcel	StreetAddress1	TEXT		EXISTING_GLOBAL;NEEDED_GLOBAL
Global	Parcel	Address Info	Street Address #2	StreetAddress2	sTYPE_TEXT	No	No	Parcel	Parcel	StreetAddress2	Street Address #2	parcel	StreetAddress2	TEXT		EXISTING_GLOBAL;NEEDED_GLOBAL
Global	Parcel	Address Info	Street Address #3	StreetAddress3	sTYPE_TEXT	No	No	Parcel	Parcel	StreetAddress3	Street Address #3	parcel	StreetAddress3	TEXT		EXISTING_GLOBAL;NEEDED_GLOBAL
Global	Parcel	Address Info	Street Address #4	StreetAddress4	sTYPE_TEXT	No	No	Parcel	Parcel	StreetAddress4	Street Address #4	parcel	StreetAddress4	TEXT		EXISTING_GLOBAL;NEEDED_GLOBAL
Global	Parcel	Address Info	Use Location Address?	UseLocationAddress	sTYPE_CHECKBOX	Yes	No	Parcel	Parcel	UseLocationAddress	Use Location Address?	parcel	UseLocationAddress	TEXT		EXISTING_GLOBAL;NEEDED_GLOBAL
Global	Parcel	Audit Info	Modified By	ModifiedByID	sTYPE_MEMBER	No	No	Parcel	Parcel	ModifiedByID	Modified By	parcel	ModifiedByID	TEXT	Foreign key (ID reference)	EXISTING_GLOBAL;NEEDED_GLOBAL
Global	Parcel	Audit Info	Modified Date	ModifiedDate	sTYPE_TIME	No	No	Parcel	Parcel	ModifiedDate	Modified Date	parcel	ModifiedDate	TEXT	Incremental watermark	EXISTING_GLOBAL;NEEDED_GLOBAL
Global	Parcel	Parcel Access	Associated Document	AssociatedDocumentID	sTYPE_DOCUMENT	No	No	ParcelAccess								EXISTING_GLOBAL;NEEDED_GLOBAL
Global	Parcel	Parcel Access	Effective Date	EffectiveDate	sTYPE_DATE	No	No	ParcelAccess								EXISTING_GLOBAL;NEEDED_GLOBAL
Global	Parcel	Parcel Access	Exists?	ExistsFlag	sTYPE_CHECKBOX	No	No	ParcelAccess								EXISTING_GLOBAL;NEEDED_GLOBAL
Global	Parcel	Parcel Access	Expire Date	ExpireDate	sTYPE_DATE	No	No	ParcelAccess								EXISTING_GLOBAL;NEEDED_GLOBAL
Global	Parcel	Parcel Access	File Name	BaseName	sTYPE_TEXT	No	No	ParcelAccess								EXISTING_GLOBAL;NEEDED_GLOBAL
Global	Parcel	Parcel Access	Folder	FolderID	sTYPE_DOCUMENT	No	No	ParcelAccess								EXISTING_GLOBAL;NEEDED_GLOBAL
Global	Parcel	Parcel Access	Line Number	LineNumber	sTYPE_TEXT	No	No	ParcelAccess								EXISTING_GLOBAL;NEEDED_GLOBAL
Global	Parcel	Parcel Access	Modified By	ModifiedByID	sTYPE_MEMBER	No	No	ParcelAccess								EXISTING_GLOBAL;NEEDED_GLOBAL
Global	Parcel	Parcel Access	Modified Date	ModifiedDate	sTYPE_TIME	No	No	ParcelAccess								EXISTING_GLOBAL;NEEDED_GLOBAL
Global	Parcel	Parcel Access	Notes	Notes	sTYPE_TEXTAREA	No	No	ParcelAccess								EXISTING_GLOBAL;NEEDED_GLOBAL
Global	Parcel	Parcel Access	Page Number	PageNumber	sTYPE_TEXT	No	No	ParcelAccess								EXISTING_GLOBAL;NEEDED_GLOBAL
Global	Parcel	Parcel Access	Paragraph Number	ParagraphNumber	sTYPE_TEXT	No	No	ParcelAccess								EXISTING_GLOBAL;NEEDED_GLOBAL
Global	Parcel	Parcel Access	Parcel	ParcelID	sTYPE_PARCEL	Yes	No	ParcelAccess								EXISTING_GLOBAL;NEEDED_GLOBAL
Global	Parcel	Parcel Access	Parcel Access Category	CodeParcelAccessCategoryID	sCODE_PARCEL_ACCESS_CATEGORY	No	No	ParcelAccess								EXISTING_GLOBAL;NEEDED_GLOBAL
Global	Parcel	Parcel Access	Parcel Access ClientID	BOMapClientRecordID	sTYPE_TEXT	Yes	No	ParcelAccess								EXISTING_GLOBAL;NEEDED_GLOBAL
Global	Parcel	Parcel Access	Parcel Access Group	CodeParcelAccessGroupID	sCODE_PARCEL_ACCESS_GROUP	No	No	ParcelAccess								EXISTING_GLOBAL;NEEDED_GLOBAL
Global	Parcel	Parcel Access	Parcel Access RecID	ParcelAccessID	sTYPE_UNFORMATTED_NUMBER	No	No	ParcelAccess								EXISTING_GLOBAL;NEEDED_GLOBAL
Global	Parcel	Parcel Access	Parcel Access Type	CodeParcelAccessTypeID	sCODE_PARCEL_ACCESS_TYPE	No	No	ParcelAccess								EXISTING_GLOBAL;NEEDED_GLOBAL
Global	Parcel	Parcel Access	Tickler Date	TicklerDate	sTYPE_DATE	No	No	ParcelAccess								EXISTING_GLOBAL;NEEDED_GLOBAL
Global	Parcel	Parcel Info	Acquired Date	AcquiredDate	sTYPE_DATE	No	No	Parcel	Parcel	AcquiredDate	Acquired Date	parcel	AcquiredDate	TEXT		EXISTING_GLOBAL;NEEDED_GLOBAL
Global	Parcel	Parcel Info	Block	Block	sTYPE_TEXT	No	No	Parcel	Parcel	Block	Block	parcel	Block	TEXT		EXISTING_GLOBAL;NEEDED_GLOBAL
Global	Parcel	Parcel Info	Complex Name	ComplexID	sTYPE_COMPLEX	No	No	Parcel	Parcel	ComplexID	Complex Name	parcel	ComplexID	TEXT	Foreign key (ID reference)	EXISTING_GLOBAL;NEEDED_GLOBAL
Global	Parcel	Parcel Info	Contract	ContractID	sTYPE_CONTRACT	No	No	Parcel	Parcel	ContractID	ContractID	parcel	ContractID	TEXT	Foreign key (ID reference)	EXISTING_GLOBAL;NEEDED_GLOBAL
Global	Parcel	Parcel Info	Currency Type	CodeCurrencyTypeID	sCODE_CURRENCY_TYPE	No	No	Parcel	Parcel	CodeCurrencyTypeID	Currency Type	parcel	CodeCurrencyTypeID	TEXT	Foreign key (ID reference)	EXISTING_GLOBAL;NEEDED_GLOBAL
Global	Parcel	Parcel Info	Description	ProjectDescription	sTYPE_TEXT	No	No	Parcel	Parcel	ProjectDescription	Description	parcel	ProjectDescription	TEXT		EXISTING_GLOBAL;NEEDED_GLOBAL
Global	Parcel	Parcel Info	Expected End Date	ExpectedEndDate	sTYPE_DATE	No	No	Parcel	Parcel	ExpectedEndDate	Expected End Date	parcel	ExpectedEndDate	TEXT		EXISTING_GLOBAL;NEEDED_GLOBAL
Global	Parcel	Parcel Info	Facility	FacilityID	sTYPE_FACILITY	No	No	Parcel	Parcel	FacilityID	Facility	parcel	FacilityID	TEXT	Foreign key (ID reference)	EXISTING_GLOBAL;NEEDED_GLOBAL
Global	Parcel	Parcel Info	Grid	Grid	sTYPE_TEXT	No	No	Parcel	Parcel	Grid	Grid	parcel	Grid	TEXT		EXISTING_GLOBAL;NEEDED_GLOBAL
Global	Parcel	Parcel Info	Has Improvements?	HasImprovements	sTYPE_CHECKBOX	No	No	Parcel	Parcel	HasImprovements	Has Improvements?	parcel	HasImprovements	TEXT		EXISTING_GLOBAL;NEEDED_GLOBAL
Global	Parcel	Parcel Info	Improvements Assessed Amount	ImprovementsAsessedAmount	sTYPE_MONEY	No	No	Parcel	Parcel	ImprovementsAsessedAmount	Improvements Assessed Amount	parcel	ImprovementsAsessedAmount	TEXT		EXISTING_GLOBAL;NEEDED_GLOBAL
Global	Parcel	Parcel Info	Improvements Value Amount	ImprovementsValueAmount	sTYPE_MONEY	No	No	Parcel	Parcel	ImprovementsValueAmount	Improvements Value Amount	parcel	ImprovementsValueAmount	TEXT		EXISTING_GLOBAL;NEEDED_GLOBAL
Global	Parcel	Parcel Info	Index Number	IndexNumber	sTYPE_TEXT	No	No	Parcel	Parcel	IndexNumber	Index Number	parcel	IndexNumber	TEXT		EXISTING_GLOBAL;NEEDED_GLOBAL
Global	Parcel	Parcel Info	Is Tax Exempt?	IsTaxExempt	sTYPE_CHECKBOX	No	No	Parcel	Parcel	IsTaxExempt	Is Tax Exempt?	parcel	IsTaxExempt	TEXT		EXISTING_GLOBAL;NEEDED_GLOBAL
Global	Parcel	Parcel Info	Land Area Unit	CodeLandAreaUnitID	sCODE_LAND_AREA_UNIT	No	No	Parcel	Parcel	CodeLandAreaUnitID	Land Area Unit	parcel	CodeLandAreaUnitID	TEXT	Foreign key (ID reference)	EXISTING_GLOBAL;NEEDED_GLOBAL
Global	Parcel	Parcel Info	Land Assessed Amount	LandAssessedAmount	sTYPE_MONEY	No	No	Parcel	Parcel	LandAssessedAmount	Land Assessed Amount	parcel	LandAssessedAmount	TEXT		EXISTING_GLOBAL;NEEDED_GLOBAL
Global	Parcel	Parcel Info	Land Value Amount	LandValueAmount	sTYPE_MONEY	No	No	Parcel	Parcel	LandValueAmount	Land Value Amount	parcel	LandValueAmount	TEXT		EXISTING_GLOBAL;NEEDED_GLOBAL
Global	Parcel	Parcel Info	Location	LocationID	sTYPE_LOCATION	Yes	No	Parcel	Parcel	LocationID	Location	parcel	LocationID	TEXT	Foreign key (ID reference)	EXISTING_GLOBAL;NEEDED_GLOBAL
Global	Parcel	Parcel Info	Lot	Lot	sTYPE_TEXT	No	No	Parcel	Parcel	Lot	Lot	parcel	Lot	TEXT		EXISTING_GLOBAL;NEEDED_GLOBAL
Global	Parcel	Parcel Info	Master Parcel	MasterParcelID	sTYPE_PARCEL	No	No	Parcel	Parcel	MasterParcelID	Master Parcel	parcel	MasterParcelID	TEXT	Foreign key (ID reference)	EXISTING_GLOBAL;NEEDED_GLOBAL
Global	Parcel	Parcel Info	Notes	Notes	sTYPE_TEXTAREA	No	No	Parcel	Parcel	Notes	Notes	parcel	Notes	TEXT		EXISTING_GLOBAL;NEEDED_GLOBAL
Global	Parcel	Parcel Info	Open Year	OpenYear	sTYPE_DROPDOWN_YEAR	No	No	Parcel	Parcel	OpenYear	Open Year	parcel	OpenYear	TEXT		EXISTING_GLOBAL;NEEDED_GLOBAL
Global	Parcel	Parcel Info	Organization	OrganizationID	sTYPE_ORGANIZATION	No	No	Parcel	Parcel	OrganizationID	Organization	parcel	OrganizationID	TEXT	Foreign key (ID reference)	EXISTING_GLOBAL;NEEDED_GLOBAL
Global	Parcel	Parcel Info	Other Assessed Amount	OtherAssessedAmount	sTYPE_MONEY	No	No	Parcel	Parcel	OtherAssessedAmount	Other Assessed Amount	parcel	OtherAssessedAmount	TEXT		EXISTING_GLOBAL;NEEDED_GLOBAL
Global	Parcel	Parcel Info	Other Value Amount	OtherValueAmount	sTYPE_MONEY	No	No	Parcel	Parcel	OtherValueAmount	Other Value Amount	parcel	OtherValueAmount	TEXT		EXISTING_GLOBAL;NEEDED_GLOBAL
Global	Parcel	Parcel Info	Out Of Date Days	OutOfDateDays	sTYPE_NUMBER	No	No	Parcel	Parcel	OutOfDateDays	Out Of Date Days	parcel	OutOfDateDays	TEXT		EXISTING_GLOBAL;NEEDED_GLOBAL
Global	Parcel	Parcel Info	Owner Name	OwnerName	sTYPE_TEXT	No	No	Parcel	Parcel	OwnerName	Owner Name	parcel	OwnerName	TEXT		EXISTING_GLOBAL;NEEDED_GLOBAL
Global	Parcel	Parcel Info	Parcel Area	ParcelArea	sTYPE_AREA	No	No	Parcel	Parcel	ParcelArea	Parcel Area	parcel	ParcelArea	TEXT		EXISTING_GLOBAL;NEEDED_GLOBAL
Global	Parcel	Parcel Info	Parcel Category	CodeParcelCategoryID	sCODE_PARCEL_CATEGORY	No	No	Parcel	Parcel	CodeParcelCategoryID	Parcel Category	parcel	CodeParcelCategoryID	TEXT	Foreign key (ID reference)	EXISTING_GLOBAL;NEEDED_GLOBAL
Global	Parcel	Parcel Info	Parcel ClientID	BOMapClientRecordID	sTYPE_TEXT	Yes	No	Parcel	Parcel	BOMapClientRecordID	Parcel ClientID	parcel	BOMapClientRecordID	TEXT	Client identifier	EXISTING_GLOBAL;NEEDED_GLOBAL
Global	Parcel	Parcel Info	Parcel Group	CodeParcelGroupID	sCODE_PARCEL_GROUP	No	No	Parcel	Parcel	CodeParcelGroupID	Parcel Group	parcel	CodeParcelGroupID	TEXT	Foreign key (ID reference)	EXISTING_GLOBAL;NEEDED_GLOBAL
Global	Parcel	Parcel Info	Parcel ID	ClientEntityID	sTYPE_TEXT	No	No	Parcel	Parcel	ClientEntityID	Parcel ID	parcel	ClientEntityID	TEXT	Foreign key (ID reference)	EXISTING_GLOBAL;NEEDED_GLOBAL
Global	Parcel	Parcel Info	Parcel Name	ParcelName	sTYPE_ENTITY_NAME	Yes	No	Parcel	Parcel	ParcelName	Parcel Name	parcel	ParcelName	TEXT		EXISTING_GLOBAL;NEEDED_GLOBAL
Global	Parcel	Parcel Info	Parcel Number	ParcelNumber	sTYPE_TEXT	No	No	Parcel	Parcel	ParcelNumber	Parcel Number	parcel	ParcelNumber	TEXT		EXISTING_GLOBAL;NEEDED_GLOBAL
Global	Parcel	Parcel Info	Parcel Public Name	ParcelPublicName	sTYPE_TEXT	No	No	Parcel	Parcel	ParcelPublicName	Parcel Public Name	parcel	ParcelPublicName	TEXT		EXISTING_GLOBAL;NEEDED_GLOBAL
Global	Parcel	Parcel Info	Parcel RecID	ParcelID	sTYPE_UNFORMATTED_NUMBER	No	No	Parcel	Parcel	ParcelID	Parcel RecID	parcel	ParcelID	VARCHAR(64) NOT NULL	Primary key	EXISTING_GLOBAL;NEEDED_GLOBAL
Global	Parcel	Parcel Info	Parcel Status	CodeParcelStatusID	sCODE_PARCEL_STATUS	No	No	Parcel	Parcel	CodeParcelStatusID	Parcel Status	parcel	CodeParcelStatusID	TEXT	Foreign key (ID reference)	EXISTING_GLOBAL;NEEDED_GLOBAL
Global	Parcel	Parcel Info	Parcel Type	CodeParcelTypeID	sCODE_PARCEL_TYPE	No	No	Parcel	Parcel	CodeParcelTypeID	Parcel Type	parcel	CodeParcelTypeID	TEXT	Foreign key (ID reference)	EXISTING_GLOBAL;NEEDED_GLOBAL
Global	Parcel	Parcel Info	Parcel Use	CodeParcelUseID	sCODE_PARCEL_USE	No	No	Parcel	Parcel	CodeParcelUseID	Parcel Use	parcel	CodeParcelUseID	TEXT	Foreign key (ID reference)	EXISTING_GLOBAL;NEEDED_GLOBAL
Global	Parcel	Parcel Info	Parcel UUID	UUID	sTYPE_TEXT	No	No	Parcel	Parcel	UUID	Parcel UUID	parcel	UUID	TEXT	Foreign key (ID reference)	EXISTING_GLOBAL;NEEDED_GLOBAL
Global	Parcel	Parcel Info	Portfolio	ProgramID	sTYPE_PROGRAM	Yes	No	Parcel	Parcel	ProgramID	Portfolio	parcel	ProgramID	TEXT	Foreign key (ID reference)	EXISTING_GLOBAL;NEEDED_GLOBAL
Global	Parcel	Parcel Info	Primary Assessed Amount	PrimaryAssessedAmount	sTYPE_MONEY	No	No	Parcel	Parcel	PrimaryAssessedAmount	Primary Assessed Amount	parcel	PrimaryAssessedAmount	TEXT		EXISTING_GLOBAL;NEEDED_GLOBAL
Global	Parcel	Parcel Info	Primary Value Amount	PrimaryValueAmount	sTYPE_MONEY	No	No	Parcel	Parcel	PrimaryValueAmount	Primary Value Amount	parcel	PrimaryValueAmount	TEXT		EXISTING_GLOBAL;NEEDED_GLOBAL
Global	Parcel	Parcel Info	Purchase Date	PurchaseDate	sTYPE_DATE	No	No	Parcel	Parcel	PurchaseDate	Purchase Date	parcel	PurchaseDate	TEXT		EXISTING_GLOBAL;NEEDED_GLOBAL
Global	Parcel	Parcel Info	Schedule Creation Method	TaskCreationMethod	sTYPE_TASK_CREATION_METHOD	Yes	No	Parcel								EXISTING_GLOBAL;NEEDED_GLOBAL
Global	Parcel	Parcel Info	Secondary Assessed Amount	SecondaryAssessedAmount	sTYPE_MONEY	No	No	Parcel	Parcel	SecondaryAssessedAmount	Secondary Assessed Amount	parcel	SecondaryAssessedAmount	TEXT		EXISTING_GLOBAL;NEEDED_GLOBAL
Global	Parcel	Parcel Info	Secondary Value Amount	SecondaryValueAmount	sTYPE_MONEY	No	No	Parcel	Parcel	SecondaryValueAmount	Secondary Value Amount	parcel	SecondaryValueAmount	TEXT		EXISTING_GLOBAL;NEEDED_GLOBAL
Global	Parcel	Parcel Info	Source Reference	SourceReference	sTYPE_TEXTAREA	No	No	Parcel	Parcel	SourceReference	Source Reference	parcel	SourceReference	TEXT		EXISTING_GLOBAL;NEEDED_GLOBAL
Global	Parcel	Parcel Info	Source Reference Date	SourceReferenceDate	sTYPE_DATE	No	No	Parcel	Parcel	SourceReferenceDate	Source Reference Date	parcel	SourceReferenceDate	TEXT		EXISTING_GLOBAL;NEEDED_GLOBAL
Global	Parcel	Parcel Info	Survey Date	SurveyDate	sTYPE_DATE	No	No	Parcel	Parcel	SurveyDate	Survey Date	parcel	SurveyDate	TEXT		EXISTING_GLOBAL;NEEDED_GLOBAL
Global	Parcel	Parcel Info	Tax Authority	TaxAuthority	sTYPE_TEXT	No	No	Parcel	Parcel	TaxAuthority	Tax Authority	parcel	TaxAuthority	TEXT		EXISTING_GLOBAL;NEEDED_GLOBAL
Global	Parcel	Parcel Info	Tax Begin Period	TaxBeginPeriod	sTYPE_DATE	No	No	Parcel	Parcel	TaxBeginPeriod	Tax Begin Period	parcel	TaxBeginPeriod	TEXT		EXISTING_GLOBAL;NEEDED_GLOBAL
Global	Parcel	Parcel Info	Tax End Period	TaxEndPeriod	sTYPE_DATE	No	No	Parcel	Parcel	TaxEndPeriod	Tax End Period	parcel	TaxEndPeriod	TEXT		EXISTING_GLOBAL;NEEDED_GLOBAL
Global	Parcel	Parcel Info	Tax ID Number	TaxIDNumber	sTYPE_TEXT	No	No	Parcel	Parcel	TaxIDNumber	Tax ID Number	parcel	TaxIDNumber	TEXT		EXISTING_GLOBAL;NEEDED_GLOBAL
Global	Parcel	Parcel Info	Tax Jurisdiction	TaxJurisdictionID	sTYPE_JURISDICTION	No	No	Parcel	Parcel	TaxJurisdictionID	Tax Jurisdiction	parcel	TaxJurisdictionID	TEXT	Foreign key (ID reference)	EXISTING_GLOBAL;NEEDED_GLOBAL
Global	Parcel	Parcel Info	Tax Responsibility	CodeTaxResponsibilityID	sCODE_RESPONSIBLE_PARTY	No	No	Parcel	Parcel	CodeTaxResponsibilityID	Tax Responsibility	parcel	CodeTaxResponsibilityID	TEXT	Foreign key (ID reference)	EXISTING_GLOBAL;NEEDED_GLOBAL
Global	Parcel	Parcel Info	Third Party Warehouse	ThirdPartyWarehouse	sTYPE_TEXT	No	No	Parcel	Parcel	ThirdPartyWarehouse	Third Party Warehouse	parcel	ThirdPartyWarehouse	TEXT		EXISTING_GLOBAL;NEEDED_GLOBAL
Global	Parcel	Parcel Info	Time Zone	TimeZone	sTYPE_TIMEZONE	No	No	Parcel	Parcel	TimeZone	Time Zone	parcel	TimeZone	TEXT		EXISTING_GLOBAL;NEEDED_GLOBAL
Global	Parcel	Property Tax Appeal	Appeal Filed Date	AppealFiledDate	sTYPE_DATE	No	No	PropertyTaxAppeal								EXISTING_GLOBAL;NEEDED_GLOBAL
Global	Parcel	Property Tax Appeal	Appeal Year	AppealYear	sTYPE_DROPDOWN_YEAR	No	No	PropertyTaxAppeal								EXISTING_GLOBAL;NEEDED_GLOBAL
Global	Parcel	Property Tax Appeal	Appraisal Fee	AppraisalFee	sTYPE_MONEY	No	No	PropertyTaxAppeal								EXISTING_GLOBAL;NEEDED_GLOBAL
Global	Parcel	Property Tax Appeal	Assessment Reduction	AssessmentReduction	sTYPE_MONEY	No	No	PropertyTaxAppeal								EXISTING_GLOBAL;NEEDED_GLOBAL
Global	Parcel	Property Tax Appeal	Attorney Fee	AttorneyFee	sTYPE_MONEY	No	No	PropertyTaxAppeal								EXISTING_GLOBAL;NEEDED_GLOBAL
Global	Parcel	Property Tax Appeal	Certified Assessment	CertifiedAssessment	sTYPE_MONEY	No	No	PropertyTaxAppeal								EXISTING_GLOBAL;NEEDED_GLOBAL
Global	Parcel	Property Tax Appeal	Created By	CreatedByID	sTYPE_MEMBER	No	No	PropertyTaxAppeal								EXISTING_GLOBAL;NEEDED_GLOBAL
Global	Parcel	Property Tax Appeal	Created Date	CreatedDate	sTYPE_TIME	No	No	PropertyTaxAppeal								EXISTING_GLOBAL;NEEDED_GLOBAL
Global	Parcel	Property Tax Appeal	Effective Date	EffectiveDate	sTYPE_DATE	No	No	PropertyTaxAppeal								EXISTING_GLOBAL;NEEDED_GLOBAL
Global	Parcel	Property Tax Appeal	End Date	EndDate	sTYPE_DATE	No	No	PropertyTaxAppeal								EXISTING_GLOBAL;NEEDED_GLOBAL
Global	Parcel	Property Tax Appeal	Expense Group	CodeExpenseGroupID	sCODE_EXPENSE_GROUP	No	No	PropertyTaxAppeal								EXISTING_GLOBAL;NEEDED_GLOBAL
Global	Parcel	Property Tax Appeal	Expense Type	CodeExpenseTypeID	sCODE_EXPENSE_TYPE	No	No	PropertyTaxAppeal								EXISTING_GLOBAL;NEEDED_GLOBAL
Global	Parcel	Property Tax Appeal	Modified By	ModifiedByID	sTYPE_MEMBER	No	No	PropertyTaxAppeal								EXISTING_GLOBAL;NEEDED_GLOBAL
Global	Parcel	Property Tax Appeal	Modified Date	ModifiedDate	sTYPE_TIME	No	No	PropertyTaxAppeal								EXISTING_GLOBAL;NEEDED_GLOBAL
Global	Parcel	Property Tax Appeal	Net Tax Reduction	NetTaxReduction	sTYPE_MONEY	No	No	PropertyTaxAppeal								EXISTING_GLOBAL;NEEDED_GLOBAL
Global	Parcel	Property Tax Appeal	New Assessment Date	NewAssessmentDate	sTYPE_DATE	No	No	PropertyTaxAppeal								EXISTING_GLOBAL;NEEDED_GLOBAL
Global	Parcel	Property Tax Appeal	Notes	Notes	sTYPE_TEXTAREA	No	No	PropertyTaxAppeal								EXISTING_GLOBAL;NEEDED_GLOBAL
Global	Parcel	Property Tax Appeal	Parcel	ParcelID	sTYPE_PARCEL	Yes	No	PropertyTaxAppeal								EXISTING_GLOBAL;NEEDED_GLOBAL
Global	Parcel	Property Tax Appeal	Prior Assessment	PriorAssessment	sTYPE_MONEY	No	No	PropertyTaxAppeal								EXISTING_GLOBAL;NEEDED_GLOBAL
Global	Parcel	Property Tax Appeal	Prior Year Assessment	PriorYearAssessment	sTYPE_MONEY	No	No	PropertyTaxAppeal								EXISTING_GLOBAL;NEEDED_GLOBAL
Global	Parcel	Property Tax Appeal	Property Tax Appeal ClientID	BOMapClientRecordID	sTYPE_TEXT	Yes	No	PropertyTaxAppeal								EXISTING_GLOBAL;NEEDED_GLOBAL
Global	Parcel	Property Tax Appeal	Property Tax Appeal RecID	PropertyTaxAppealID	sTYPE_UNFORMATTED_NUMBER	No	No	PropertyTaxAppeal								EXISTING_GLOBAL;NEEDED_GLOBAL
Global	Parcel	Property Tax Appeal	Property Tax Assessment	PropertyTaxAssessmentID	sTYPE_PROPERTY_TAX_ASSESSMENT	Yes	No	PropertyTaxAppeal								EXISTING_GLOBAL;NEEDED_GLOBAL
Global	Parcel	Property Tax Appeal	Proposed Assessment	ProposedAssessment	sTYPE_MONEY	No	No	PropertyTaxAppeal								EXISTING_GLOBAL;NEEDED_GLOBAL
Global	Parcel	Property Tax Appeal	Reduced Assessment	ReducedAssessment	sTYPE_MONEY	No	No	PropertyTaxAppeal								EXISTING_GLOBAL;NEEDED_GLOBAL
Global	Parcel	Property Tax Appeal	Refund Fee Amount	RefundFeeAmount	sTYPE_MONEY	No	No	PropertyTaxAppeal								EXISTING_GLOBAL;NEEDED_GLOBAL
Global	Parcel	Property Tax Appeal	Rendered Assessment	RenderedAssessment	sTYPE_MONEY	No	No	PropertyTaxAppeal								EXISTING_GLOBAL;NEEDED_GLOBAL
Global	Parcel	Property Tax Appeal	Rev Number	RevNumber	sTYPE_UNFORMATTED_NUMBER	No	No	PropertyTaxAppeal								EXISTING_GLOBAL;NEEDED_GLOBAL
Global	Parcel	Property Tax Appeal	Revised Adjustment Amount	RevisedAdjustmentAmount	sTYPE_MONEY	No	No	PropertyTaxAppeal								EXISTING_GLOBAL;NEEDED_GLOBAL
Global	Parcel	Property Tax Appeal	Revised Assessment - Adjustments	RevisedAssessAmtAdjustments	sTYPE_MONEY	No	No	PropertyTaxAppeal								EXISTING_GLOBAL;NEEDED_GLOBAL
Global	Parcel	Property Tax Appeal	Revised Assessment - Improvements	RevisedAssessAmtImprovements	sTYPE_MONEY	No	No	PropertyTaxAppeal								EXISTING_GLOBAL;NEEDED_GLOBAL
Global	Parcel	Property Tax Appeal	Revised Assessment - Land	RevisedAssessmentAmountLand	sTYPE_MONEY	No	No	PropertyTaxAppeal								EXISTING_GLOBAL;NEEDED_GLOBAL
Global	Parcel	Property Tax Appeal	Revised Assessment - Other	RevisedAssessmentAmountOther	sTYPE_MONEY	No	No	PropertyTaxAppeal								EXISTING_GLOBAL;NEEDED_GLOBAL
Global	Parcel	Property Tax Appeal	Revised Assessment Amount	RevisedAssessmentAmount	sTYPE_MONEY	No	No	PropertyTaxAppeal								EXISTING_GLOBAL;NEEDED_GLOBAL
Global	Parcel	Property Tax Appeal	Revised Tax Amount	RevisedTaxAmount	sTYPE_MONEY	No	No	PropertyTaxAppeal								EXISTING_GLOBAL;NEEDED_GLOBAL
Global	Parcel	Property Tax Appeal	Tax Appeal Result	CodeTaxAppealResultID	sCODE_TAX_APPEAL_RESULT	No	No	PropertyTaxAppeal								EXISTING_GLOBAL;NEEDED_GLOBAL
Global	Parcel	Property Tax Appeal	Tax Appeal Status	CodeTaxAppealStatusID	sCODE_TAX_APPEAL_STATUS	No	No	PropertyTaxAppeal								EXISTING_GLOBAL;NEEDED_GLOBAL
Global	Parcel	Property Tax Appeal	Tax Attorney	TaxAttorneyID	sTYPE_PERSON	No	No	PropertyTaxAppeal								EXISTING_GLOBAL;NEEDED_GLOBAL
Global	Parcel	Property Tax Appeal	Tax Attorney Fee	TaxAttorneyFee	sTYPE_MONEY	No	No	PropertyTaxAppeal								EXISTING_GLOBAL;NEEDED_GLOBAL
Global	Parcel	Property Tax Appeal	Tax Reduction	TaxReduction	sTYPE_MONEY	No	No	PropertyTaxAppeal								EXISTING_GLOBAL;NEEDED_GLOBAL
Global	Parcel	Property Tax Appeal Award	Actual Award Date	ActualAwardDate	sTYPE_DATE	No	No	PropertyTaxAppealAward								EXISTING_GLOBAL;NEEDED_GLOBAL
Global	Parcel	Property Tax Appeal Award	Award Amount	AwardAmount	sTYPE_MONEY	No	No	PropertyTaxAppealAward								EXISTING_GLOBAL;NEEDED_GLOBAL
Global	Parcel	Property Tax Appeal Award	Award Fee Amount	AwardFeeAmount	sTYPE_MONEY	No	No	PropertyTaxAppealAward								EXISTING_GLOBAL;NEEDED_GLOBAL
Global	Parcel	Property Tax Appeal Award	Created By	CreatedByID	sTYPE_MEMBER	No	No	PropertyTaxAppealAward								EXISTING_GLOBAL;NEEDED_GLOBAL
Global	Parcel	Property Tax Appeal Award	Created Date	CreatedDate	sTYPE_TIME	No	No	PropertyTaxAppealAward								EXISTING_GLOBAL;NEEDED_GLOBAL
Global	Parcel	Property Tax Appeal Award	Estimated Award Date	EstimatedAwardDate	sTYPE_DATE	No	No	PropertyTaxAppealAward								EXISTING_GLOBAL;NEEDED_GLOBAL
Global	Parcel	Property Tax Appeal Award	Modified By	ModifiedByID	sTYPE_MEMBER	No	No	PropertyTaxAppealAward								EXISTING_GLOBAL;NEEDED_GLOBAL
Global	Parcel	Property Tax Appeal Award	Modified Date	ModifiedDate	sTYPE_TIME	No	No	PropertyTaxAppealAward								EXISTING_GLOBAL;NEEDED_GLOBAL
Global	Parcel	Property Tax Appeal Award	Notes	Notes	sTYPE_TEXTAREA	No	No	PropertyTaxAppealAward								EXISTING_GLOBAL;NEEDED_GLOBAL
Global	Parcel	Property Tax Appeal Award	Parcel	ParcelID	sTYPE_PARCEL	Yes	No	PropertyTaxAppealAward								EXISTING_GLOBAL;NEEDED_GLOBAL
Global	Parcel	Property Tax Appeal Award	Property Tax Appeal	PropertyTaxAppealID	sTYPE_PROPERTY_TAX_APPEAL	Yes	No	PropertyTaxAppealAward								EXISTING_GLOBAL;NEEDED_GLOBAL
Global	Parcel	Property Tax Appeal Award	Property Tax Appeal Award ClientID	BOMapClientRecordID	sTYPE_TEXT	Yes	No	PropertyTaxAppealAward								EXISTING_GLOBAL;NEEDED_GLOBAL
Global	Parcel	Property Tax Appeal Award	Property Tax Appeal Award RecID	PropertyTaxAppealAwardID	sTYPE_UNFORMATTED_NUMBER	No	No	PropertyTaxAppealAward								EXISTING_GLOBAL;NEEDED_GLOBAL
Global	Parcel	Property Tax Appeal Award	Rev Number	RevNumber	sTYPE_UNFORMATTED_NUMBER	No	No	PropertyTaxAppealAward								EXISTING_GLOBAL;NEEDED_GLOBAL
Global	Parcel	Property Tax Appeal Award	Tax Paid To	CodeTaxPaidToID	sCODE_TAX_PAID_TO	No	No	PropertyTaxAppealAward								EXISTING_GLOBAL;NEEDED_GLOBAL
Global	Parcel	Property Tax Appeal Award	Tax Refund Type	CodeTaxRefundTypeID	sCODE_TAX_REFUND_TYPE	No	No	PropertyTaxAppealAward								EXISTING_GLOBAL;NEEDED_GLOBAL
Global	Parcel	Property Tax Appeal Award	Vendor	VendorID	sTYPE_EMPLOYER	No	No	PropertyTaxAppealAward								EXISTING_GLOBAL;NEEDED_GLOBAL
Global	Parcel	Property Tax Assessment	Appraisal Date	AppraisalDate	sTYPE_DATE	No	No	PropertyTaxAssessment								EXISTING_GLOBAL;NEEDED_GLOBAL
Global	Parcel	Property Tax Assessment	Appraisal Value	AppraisalValue	sTYPE_MONEY	No	No	PropertyTaxAssessment								EXISTING_GLOBAL;NEEDED_GLOBAL
Global	Parcel	Property Tax Assessment	Appraiser	AppraiserID	sTYPE_EMPLOYER	No	No	PropertyTaxAssessment								EXISTING_GLOBAL;NEEDED_GLOBAL
Global	Parcel	Property Tax Assessment	Assessment - Adjustments	AssessmentAmountAdjustments	sTYPE_MONEY	No	No	PropertyTaxAssessment								EXISTING_GLOBAL;NEEDED_GLOBAL
Global	Parcel	Property Tax Assessment	Assessment - Improvements	AssessmentAmountImprovements	sTYPE_MONEY	No	No	PropertyTaxAssessment								EXISTING_GLOBAL;NEEDED_GLOBAL
Global	Parcel	Property Tax Assessment	Assessment - Land	AssessmentAmountLand	sTYPE_MONEY	No	No	PropertyTaxAssessment								EXISTING_GLOBAL;NEEDED_GLOBAL
Global	Parcel	Property Tax Assessment	Assessment - Other	AssessmentAmountOther	sTYPE_MONEY	No	No	PropertyTaxAssessment								EXISTING_GLOBAL;NEEDED_GLOBAL
Global	Parcel	Property Tax Assessment	Assessment Amount Total	AssessmentAmountTotal	sTYPE_MONEY	No	No	PropertyTaxAssessment								EXISTING_GLOBAL;NEEDED_GLOBAL
Global	Parcel	Property Tax Assessment	Assessment Percentage	AssessmentPercentage	sTYPE_PERCENTAGE	No	No	PropertyTaxAssessment								EXISTING_GLOBAL;NEEDED_GLOBAL
Global	Parcel	Property Tax Assessment	Auto Calc?	AutoCalcFlag	sTYPE_CHECKBOX	No	No	PropertyTaxAssessment								EXISTING_GLOBAL;NEEDED_GLOBAL
Global	Parcel	Property Tax Assessment	Created By	CreatedByID	sTYPE_MEMBER	No	No	PropertyTaxAssessment								EXISTING_GLOBAL;NEEDED_GLOBAL
Global	Parcel	Property Tax Assessment	Created Date	CreatedDate	sTYPE_TIME	No	No	PropertyTaxAssessment								EXISTING_GLOBAL;NEEDED_GLOBAL
Global	Parcel	Property Tax Assessment	Description	Description	sTYPE_TEXT	No	No	PropertyTaxAssessment								EXISTING_GLOBAL;NEEDED_GLOBAL
Global	Parcel	Property Tax Assessment	Effective Date	EffectiveDate	sTYPE_DATE	No	No	PropertyTaxAssessment								EXISTING_GLOBAL;NEEDED_GLOBAL
Global	Parcel	Property Tax Assessment	End Date	EndDate	sTYPE_DATE	No	No	PropertyTaxAssessment								EXISTING_GLOBAL;NEEDED_GLOBAL
Global	Parcel	Property Tax Assessment	Market Value	MarketValue	sTYPE_MONEY	No	No	PropertyTaxAssessment								EXISTING_GLOBAL;NEEDED_GLOBAL
Global	Parcel	Property Tax Assessment	Modified By	ModifiedByID	sTYPE_MEMBER	No	No	PropertyTaxAssessment								EXISTING_GLOBAL;NEEDED_GLOBAL
Global	Parcel	Property Tax Assessment	Modified Date	ModifiedDate	sTYPE_TIME	No	No	PropertyTaxAssessment								EXISTING_GLOBAL;NEEDED_GLOBAL
Global	Parcel	Property Tax Assessment	Notes	Notes	sTYPE_TEXTAREA	No	No	PropertyTaxAssessment								EXISTING_GLOBAL;NEEDED_GLOBAL
Global	Parcel	Property Tax Assessment	Parcel	ParcelID	sTYPE_PARCEL	Yes	No	PropertyTaxAssessment								EXISTING_GLOBAL;NEEDED_GLOBAL
Global	Parcel	Property Tax Assessment	Property Tax Assessment ClientID	BOMapClientRecordID	sTYPE_TEXT	Yes	No	PropertyTaxAssessment								EXISTING_GLOBAL;NEEDED_GLOBAL
Global	Parcel	Property Tax Assessment	Property Tax Assessment RecID	PropertyTaxAssessmentID	sTYPE_UNFORMATTED_NUMBER	No	No	PropertyTaxAssessment								EXISTING_GLOBAL;NEEDED_GLOBAL
Global	Parcel	Property Tax Assessment	Property Tax Summary	PropertyTaxSummaryID	sTYPE_PROPERTY_TAX_SUMMARY	Yes	No	PropertyTaxAssessment								EXISTING_GLOBAL;NEEDED_GLOBAL
Global	Parcel	Property Tax Assessment	Rev Number	RevNumber	sTYPE_UNFORMATTED_NUMBER	No	No	PropertyTaxAssessment								EXISTING_GLOBAL;NEEDED_GLOBAL
Global	Parcel	Property Tax Bill	Auto Calc?	AutoCalcFlag	sTYPE_CHECKBOX	No	No	PropertyTaxBill								EXISTING_GLOBAL;NEEDED_GLOBAL
Global	Parcel	Property Tax Bill	Created By	CreatedByID	sTYPE_MEMBER	No	No	PropertyTaxBill								EXISTING_GLOBAL;NEEDED_GLOBAL
Global	Parcel	Property Tax Bill	Created Date	CreatedDate	sTYPE_TIME	No	No	PropertyTaxBill								EXISTING_GLOBAL;NEEDED_GLOBAL
Global	Parcel	Property Tax Bill	Discount Amount	DiscountAmount	sTYPE_MONEY	No	No	PropertyTaxBill								EXISTING_GLOBAL;NEEDED_GLOBAL
Global	Parcel	Property Tax Bill	Discount Date	DiscountDate	sTYPE_DATE	No	No	PropertyTaxBill								EXISTING_GLOBAL;NEEDED_GLOBAL
Global	Parcel	Property Tax Bill	Discount Rate	DiscountRate	sTYPE_PERCENTAGE	No	No	PropertyTaxBill								EXISTING_GLOBAL;NEEDED_GLOBAL
Global	Parcel	Property Tax Bill	Effective Date	EffectiveDate	sTYPE_DATE	No	No	PropertyTaxBill								EXISTING_GLOBAL;NEEDED_GLOBAL
Global	Parcel	Property Tax Bill	End Date	EndDate	sTYPE_DATE	No	No	PropertyTaxBill								EXISTING_GLOBAL;NEEDED_GLOBAL
Global	Parcel	Property Tax Bill	Equalization Factor	EqualizationFactor	sTYPE_PERCENTAGE	No	No	PropertyTaxBill								EXISTING_GLOBAL;NEEDED_GLOBAL
Global	Parcel	Property Tax Bill	Equalization Value	EqualizationValue	sTYPE_MONEY	No	No	PropertyTaxBill								EXISTING_GLOBAL;NEEDED_GLOBAL
Global	Parcel	Property Tax Bill	Hold?	HoldFlag	sTYPE_CHECKBOX	No	No	PropertyTaxBill								EXISTING_GLOBAL;NEEDED_GLOBAL
Global	Parcel	Property Tax Bill	Invoice Date	InvoiceDate	sTYPE_DATE	No	No	PropertyTaxBill								EXISTING_GLOBAL;NEEDED_GLOBAL
Global	Parcel	Property Tax Bill	Invoice Number	InvoiceNumber	sTYPE_TEXT	No	No	PropertyTaxBill								EXISTING_GLOBAL;NEEDED_GLOBAL
Global	Parcel	Property Tax Bill	Modified By	ModifiedByID	sTYPE_MEMBER	No	No	PropertyTaxBill								EXISTING_GLOBAL;NEEDED_GLOBAL
Global	Parcel	Property Tax Bill	Modified Date	ModifiedDate	sTYPE_TIME	No	No	PropertyTaxBill								EXISTING_GLOBAL;NEEDED_GLOBAL
Global	Parcel	Property Tax Bill	Notes	Notes	sTYPE_TEXTAREA	No	No	PropertyTaxBill								EXISTING_GLOBAL;NEEDED_GLOBAL
Global	Parcel	Property Tax Bill	Parcel	ParcelID	sTYPE_PARCEL	Yes	No	PropertyTaxBill								EXISTING_GLOBAL;NEEDED_GLOBAL
Global	Parcel	Property Tax Bill	Payment Due Date	PaymentDueDate	sTYPE_DATE	No	No	PropertyTaxBill								EXISTING_GLOBAL;NEEDED_GLOBAL
Global	Parcel	Property Tax Bill	Processed?	ProcessedFlag	sTYPE_CHECKBOX	No	No	PropertyTaxBill								EXISTING_GLOBAL;NEEDED_GLOBAL
Global	Parcel	Property Tax Bill	Property Tax Assessment	PropertyTaxAssessmentID	sTYPE_PROPERTY_TAX_ASSESSMENT	Yes	No	PropertyTaxBill								EXISTING_GLOBAL;NEEDED_GLOBAL
Global	Parcel	Property Tax Bill	Property Tax Bill ClientID	BOMapClientRecordID	sTYPE_TEXT	Yes	No	PropertyTaxBill								EXISTING_GLOBAL;NEEDED_GLOBAL
Global	Parcel	Property Tax Bill	Property Tax Bill RecID	PropertyTaxBillID	sTYPE_UNFORMATTED_NUMBER	No	No	PropertyTaxBill								EXISTING_GLOBAL;NEEDED_GLOBAL
Global	Parcel	Property Tax Bill	Property Tax Status	CodePropertyTaxStatusID	sCODE_PROPERTY_TAX_STATUS	No	No	PropertyTaxBill								EXISTING_GLOBAL;NEEDED_GLOBAL
Global	Parcel	Property Tax Bill	Rev Number	RevNumber	sTYPE_UNFORMATTED_NUMBER	No	No	PropertyTaxBill								EXISTING_GLOBAL;NEEDED_GLOBAL
Global	Parcel	Property Tax Bill	Tax Adjustment Amount	TaxAdjustmentAmount	sTYPE_MONEY	No	No	PropertyTaxBill								EXISTING_GLOBAL;NEEDED_GLOBAL
Global	Parcel	Property Tax Bill	Tax Balance Due	TaxBalanceDue	sTYPE_MONEY	No	No	PropertyTaxBill								EXISTING_GLOBAL;NEEDED_GLOBAL
Global	Parcel	Property Tax Bill	Tax Mill Rate	TaxMillRate	sTYPE_PERCENTAGE	No	No	PropertyTaxBill								EXISTING_GLOBAL;NEEDED_GLOBAL
Global	Parcel	Property Tax Bill	Tax Net Amount	TaxNetAmount	sTYPE_MONEY	No	No	PropertyTaxBill								EXISTING_GLOBAL;NEEDED_GLOBAL
Global	Parcel	Property Tax Bill	Tax Prior Paid Amount	TaxPriorPaidAmount	sTYPE_MONEY	No	No	PropertyTaxBill								EXISTING_GLOBAL;NEEDED_GLOBAL
Global	Parcel	Property Tax Bill	Tax Rate	TaxRate	sTYPE_PERCENTAGE	No	No	PropertyTaxBill								EXISTING_GLOBAL;NEEDED_GLOBAL
Global	Parcel	Property Tax Bill	Tax Total Amount	TaxTotalAmount	sTYPE_MONEY	No	No	PropertyTaxBill								EXISTING_GLOBAL;NEEDED_GLOBAL
Global	Parcel	Property Tax Detail	Created By	CreatedByID	sTYPE_MEMBER	No	No	PropertyTaxDetail								EXISTING_GLOBAL;NEEDED_GLOBAL
Global	Parcel	Property Tax Detail	Created Date	CreatedDate	sTYPE_TIME	No	No	PropertyTaxDetail								EXISTING_GLOBAL;NEEDED_GLOBAL
Global	Parcel	Property Tax Detail	Modified By	ModifiedByID	sTYPE_MEMBER	No	No	PropertyTaxDetail								EXISTING_GLOBAL;NEEDED_GLOBAL
Global	Parcel	Property Tax Detail	Modified Date	ModifiedDate	sTYPE_TIME	No	No	PropertyTaxDetail								EXISTING_GLOBAL;NEEDED_GLOBAL
Global	Parcel	Property Tax Detail	Notes	Notes	sTYPE_TEXTAREA	No	No	PropertyTaxDetail								EXISTING_GLOBAL;NEEDED_GLOBAL
Global	Parcel	Property Tax Detail	Parcel	ParcelID	sTYPE_PARCEL	Yes	No	PropertyTaxDetail								EXISTING_GLOBAL;NEEDED_GLOBAL
Global	Parcel	Property Tax Detail	Property Tax Bill	PropertyTaxBillID	sTYPE_PROPERTY_TAX_BILL	Yes	No	PropertyTaxDetail								EXISTING_GLOBAL;NEEDED_GLOBAL
Global	Parcel	Property Tax Detail	Property Tax Detail ClientID	BOMapClientRecordID	sTYPE_TEXT	Yes	No	PropertyTaxDetail								EXISTING_GLOBAL;NEEDED_GLOBAL
Global	Parcel	Property Tax Detail	Property Tax Detail RecID	PropertyTaxDetailID	sTYPE_UNFORMATTED_NUMBER	No	No	PropertyTaxDetail								EXISTING_GLOBAL;NEEDED_GLOBAL
Global	Parcel	Property Tax Detail	Rate?	RateFlag	sTYPE_CHECKBOX	No	No	PropertyTaxDetail								EXISTING_GLOBAL;NEEDED_GLOBAL
Global	Parcel	Property Tax Detail	Rev Number	RevNumber	sTYPE_UNFORMATTED_NUMBER	No	No	PropertyTaxDetail								EXISTING_GLOBAL;NEEDED_GLOBAL
Global	Parcel	Property Tax Detail	Tax Amount	TaxAmount	sTYPE_MONEY	No	No	PropertyTaxDetail								EXISTING_GLOBAL;NEEDED_GLOBAL
Global	Parcel	Property Tax Detail	Tax Rate	TaxRate	sTYPE_PERCENTAGE	No	No	PropertyTaxDetail								EXISTING_GLOBAL;NEEDED_GLOBAL
Global	Parcel	Property Tax Detail	Tax Type	CodeTaxTypeID	sCODE_TAX_TYPE	No	No	PropertyTaxDetail								EXISTING_GLOBAL;NEEDED_GLOBAL
Global	Parcel	Property Tax Summary	Assessment Amount	AssessmentAmount	sTYPE_MONEY	No	No	PropertyTaxSummary								EXISTING_GLOBAL;NEEDED_GLOBAL
Global	Parcel	Property Tax Summary	Assessment Percent	AssessmentPercent	sTYPE_PERCENTAGE	No	No	PropertyTaxSummary								EXISTING_GLOBAL;NEEDED_GLOBAL
Global	Parcel	Property Tax Summary	Billing Frequency	CodeBillingFrequencyID	sCODE_FREQUENCY	No	No	PropertyTaxSummary								EXISTING_GLOBAL;NEEDED_GLOBAL
Global	Parcel	Property Tax Summary	Created By	CreatedByID	sTYPE_MEMBER	No	No	PropertyTaxSummary								EXISTING_GLOBAL;NEEDED_GLOBAL
Global	Parcel	Property Tax Summary	Created Date	CreatedDate	sTYPE_TIME	No	No	PropertyTaxSummary								EXISTING_GLOBAL;NEEDED_GLOBAL
Global	Parcel	Property Tax Summary	Currency Type	CodeCurrencyTypeID	sCODE_CURRENCY_TYPE	No	No	PropertyTaxSummary								EXISTING_GLOBAL;NEEDED_GLOBAL
Global	Parcel	Property Tax Summary	Description	Description	sTYPE_TEXT	No	No	PropertyTaxSummary								EXISTING_GLOBAL;NEEDED_GLOBAL
Global	Parcel	Property Tax Summary	Estimated Accrual Amount	EstimatedAccrualAmount	sTYPE_MONEY	No	No	PropertyTaxSummary								EXISTING_GLOBAL;NEEDED_GLOBAL
Global	Parcel	Property Tax Summary	Expense Group	CodeExpenseGroupID	sCODE_EXPENSE_GROUP	No	No	PropertyTaxSummary								EXISTING_GLOBAL;NEEDED_GLOBAL
Global	Parcel	Property Tax Summary	Expense Type	CodeExpenseTypeID	sCODE_EXPENSE_TYPE	No	No	PropertyTaxSummary								EXISTING_GLOBAL;NEEDED_GLOBAL
Global	Parcel	Property Tax Summary	Mill Rate	MillRate	sTYPE_PERCENTAGE	No	No	PropertyTaxSummary								EXISTING_GLOBAL;NEEDED_GLOBAL
Global	Parcel	Property Tax Summary	Modified By	ModifiedByID	sTYPE_MEMBER	No	No	PropertyTaxSummary								EXISTING_GLOBAL;NEEDED_GLOBAL
Global	Parcel	Property Tax Summary	Modified Date	ModifiedDate	sTYPE_TIME	No	No	PropertyTaxSummary								EXISTING_GLOBAL;NEEDED_GLOBAL
Global	Parcel	Property Tax Summary	Net Tax Amount	NetTaxAmount	sTYPE_MONEY	No	No	PropertyTaxSummary								EXISTING_GLOBAL;NEEDED_GLOBAL
Global	Parcel	Property Tax Summary	Net Tax Percent	NetTaxPercent	sTYPE_PERCENTAGE	No	No	PropertyTaxSummary								EXISTING_GLOBAL;NEEDED_GLOBAL
Global	Parcel	Property Tax Summary	Notes	Notes	sTYPE_TEXTAREA	No	No	PropertyTaxSummary								EXISTING_GLOBAL;NEEDED_GLOBAL
Global	Parcel	Property Tax Summary	Parcel	ParcelID	sTYPE_PARCEL	Yes	No	PropertyTaxSummary								EXISTING_GLOBAL;NEEDED_GLOBAL
Global	Parcel	Property Tax Summary	Payment Frequency	CodePaymentFrequencyID	sCODE_FREQUENCY	No	No	PropertyTaxSummary								EXISTING_GLOBAL;NEEDED_GLOBAL
Global	Parcel	Property Tax Summary	Property Tax Summary ClientID	BOMapClientRecordID	sTYPE_TEXT	Yes	No	PropertyTaxSummary								EXISTING_GLOBAL;NEEDED_GLOBAL
Global	Parcel	Property Tax Summary	Property Tax Summary RecID	PropertyTaxSummaryID	sTYPE_UNFORMATTED_NUMBER	No	No	PropertyTaxSummary								EXISTING_GLOBAL;NEEDED_GLOBAL
Global	Parcel	Property Tax Summary	Property Tax Type	CodePropertyTaxTypeID	sCODE_PROPERTY_TAX_TYPE	No	No	PropertyTaxSummary								EXISTING_GLOBAL;NEEDED_GLOBAL
Global	Parcel	Property Tax Summary	Rate Per	RatePer	sTYPE_PERCENTAGE	No	No	PropertyTaxSummary								EXISTING_GLOBAL;NEEDED_GLOBAL
Global	Parcel	Property Tax Summary	Recovery Group	CodeRecoveryGroupID	sCODE_RECOVERY_GROUP	No	No	PropertyTaxSummary								EXISTING_GLOBAL;NEEDED_GLOBAL
Global	Parcel	Property Tax Summary	Recovery Type	CodeRecoveryTypeID	sCODE_RECOVERY_TYPE	No	No	PropertyTaxSummary								EXISTING_GLOBAL;NEEDED_GLOBAL
Global	Parcel	Property Tax Summary	Rev Number	RevNumber	sTYPE_UNFORMATTED_NUMBER	No	No	PropertyTaxSummary								EXISTING_GLOBAL;NEEDED_GLOBAL
Global	Parcel	Property Tax Summary	Right To Appeal?	RightToAppeal	sTYPE_CHECKBOX	No	No	PropertyTaxSummary								EXISTING_GLOBAL;NEEDED_GLOBAL
Global	Parcel	Property Tax Summary	Tax Account Number	TaxAccountNumber	sTYPE_TEXT	No	No	PropertyTaxSummary								EXISTING_GLOBAL;NEEDED_GLOBAL
Global	Parcel	Property Tax Summary	Tax Authority	TaxAuthorityID	sTYPE_VENDOR	No	No	PropertyTaxSummary								EXISTING_GLOBAL;NEEDED_GLOBAL
Global	Parcel	Property Tax Summary	Tax Rate Per	TaxRatePer	sTYPE_PERCENTAGE	No	No	PropertyTaxSummary								EXISTING_GLOBAL;NEEDED_GLOBAL
Global	Parcel	Property Tax Summary	Tickler Date	TicklerDate	sTYPE_DATE	No	No	PropertyTaxSummary								EXISTING_GLOBAL;NEEDED_GLOBAL
Global	Parcel	Property Tax Summary	Vendor	VendorID	sTYPE_EMPLOYER	No	No	PropertyTaxSummary								EXISTING_GLOBAL;NEEDED_GLOBAL
Global	Pro Forma Lease	Deal History	Broker Recommended Abatement	BrokerRecoAbatementDays	sTYPE_NUMBER	No	No	LeaseInfo								EXISTING_GLOBAL
Global	Pro Forma Lease	Deal History	Broker Recommended Rent	BrokerRecoRent	sTYPE_MONEY	No	No	LeaseInfo								EXISTING_GLOBAL
Global	Pro Forma Lease	Deal History	Broker Recommended TI$	BrokerRecoTenantImprove	sTYPE_MONEY	No	No	LeaseInfo								EXISTING_GLOBAL
Global	Pro Forma Lease	Deal History	Final Terms Abatement	FinalAbatementDays	sTYPE_NUMBER	No	No	LeaseInfo								EXISTING_GLOBAL
Global	Pro Forma Lease	Deal History	Final Terms Rent	FinalRent	sTYPE_MONEY	No	No	LeaseInfo								EXISTING_GLOBAL
Global	Pro Forma Lease	Deal History	Final Terms TI$	FinalTenantImprove	sTYPE_MONEY	No	No	LeaseInfo								EXISTING_GLOBAL
Global	Pro Forma Lease	Deal History	Landlord Asking Abatement	LandlordAskingAbatementDays	sTYPE_NUMBER	No	No	LeaseInfo								EXISTING_GLOBAL
Global	Pro Forma Lease	Deal History	Landlord Asking Rent	LandlordAskingRent	sTYPE_MONEY	No	No	LeaseInfo								EXISTING_GLOBAL
Global	Pro Forma Lease	Deal History	Landlord Asking TI$	LandlordAskingTenantImprove	sTYPE_MONEY	No	No	LeaseInfo								EXISTING_GLOBAL
Global	Pro Forma Lease	General Lease Info	Amended Commencement Date	AmendedCommencementDate	sTYPE_DATE	No	No	LeaseInfo								EXISTING_GLOBAL
Global	Pro Forma Lease	General Lease Info	Building Area Unit	CodeBuildingAreaUnitID	sCODE_BUILDING_AREA_UNIT	No	No	LeaseInfo								EXISTING_GLOBAL;NEEDED_GLOBAL
Global	Pro Forma Lease	General Lease Info	Commencement Date	CommencementDate	sTYPE_DATE	No	No	LeaseInfo								EXISTING_GLOBAL
Global	Pro Forma Lease	General Lease Info	Company Contact #1	CompanyContact1ID	sTYPE_PERSON	No	No	LeaseInfo								EXISTING_GLOBAL
Global	Pro Forma Lease	General Lease Info	Company Contact #2	CompanyContact2ID	sTYPE_PERSON	No	No	LeaseInfo								EXISTING_GLOBAL
Global	Pro Forma Lease	General Lease Info	Currency Type	CodeCurrencyTypeID	sCODE_CURRENCY_TYPE	No	No	LeaseInfo								EXISTING_GLOBAL;NEEDED_GLOBAL
Global	Pro Forma Lease	General Lease Info	Defined Field #1	DefinedField1	sTYPE_TEXT	No	No	LeaseInfo								EXISTING_GLOBAL;NEEDED_GLOBAL
Global	Pro Forma Lease	General Lease Info	Defined Field #2	DefinedField2	sTYPE_TEXT	No	No	LeaseInfo								EXISTING_GLOBAL;NEEDED_GLOBAL
Global	Pro Forma Lease	General Lease Info	Defined Field #3	DefinedField3	sTYPE_TEXT	No	No	LeaseInfo								EXISTING_GLOBAL
Global	Pro Forma Lease	General Lease Info	First Full Month	FirstFullMonth	sTYPE_DATE	No	No	LeaseInfo								EXISTING_GLOBAL
Global	Pro Forma Lease	General Lease Info	Landlord Address	LandlordAddress	sTYPE_TEXT	No	No	LeaseInfo								EXISTING_GLOBAL
Global	Pro Forma Lease	General Lease Info	Landlord Attorney	LandlordAttorneyID	sTYPE_LAWYER	No	No	LeaseInfo								EXISTING_GLOBAL
Global	Pro Forma Lease	General Lease Info	Landlord Broker	LandlordBrokerContactID	sTYPE_BROKER	No	No	LeaseInfo								EXISTING_GLOBAL
Global	Pro Forma Lease	General Lease Info	Landlord Employer Name	LandlordEmployerName	sTYPE_TEXT	No	No	LeaseInfo								EXISTING_GLOBAL
Global	Pro Forma Lease	General Lease Info	Landlord Name	LandlordID	sTYPE_LANDLORD	No	No	LeaseInfo								EXISTING_GLOBAL
Global	Pro Forma Lease	General Lease Info	Landlord Phone	LandlordPhone	sTYPE_TEXT	No	No	LeaseInfo								EXISTING_GLOBAL
Global	Pro Forma Lease	General Lease Info	Lease ClientID	BOMapClientRecordID	sTYPE_TEXT	Yes	No	LeaseInfo								EXISTING_GLOBAL
Global	Pro Forma Lease	General Lease Info	Lease Expiration Date	LeaseExpirationDate	sTYPE_DATE	No	No	LeaseInfo								EXISTING_GLOBAL
Global	Pro Forma Lease	General Lease Info	Lease RecID	LeaseInfoID	sTYPE_UNFORMATTED_NUMBER	No	No	LeaseInfo								EXISTING_GLOBAL
Global	Pro Forma Lease	General Lease Info	Lease Status	CodeLeaseStatusID	sCODE_LEASE_STATUS	No	No	LeaseInfo								EXISTING_GLOBAL
Global	Pro Forma Lease	General Lease Info	Lease Term (in Months)	LeaseTermInMonths	sTYPE_NUMBER	No	No	LeaseInfo								EXISTING_GLOBAL
Global	Pro Forma Lease	General Lease Info	Lease Type	CodeLeaseTypeID	sCODE_LEASE_TYPE	No	No	LeaseInfo								EXISTING_GLOBAL
Global	Pro Forma Lease	General Lease Info	Modified By	ModifiedByID	sTYPE_MEMBER	No	No	LeaseInfo								EXISTING_GLOBAL;NEEDED_GLOBAL
Global	Pro Forma Lease	General Lease Info	Modified Date	ModifiedDate	sTYPE_TIME	No	No	LeaseInfo								EXISTING_GLOBAL;NEEDED_GLOBAL
Global	Pro Forma Lease	General Lease Info	Month to Month	MonthToMonth	sTYPE_BOOLEAN	No	No	LeaseInfo								EXISTING_GLOBAL
Global	Pro Forma Lease	General Lease Info	MSA Code	MSA	sTYPE_TEXT	No	No	LeaseInfo								EXISTING_GLOBAL
Global	Pro Forma Lease	General Lease Info	Notes	Description	sTYPE_TEXTAREA	No	No	LeaseInfo								EXISTING_GLOBAL;NEEDED_GLOBAL
Global	Pro Forma Lease	General Lease Info	Primary Use	CodePropertyPrimaryUseID	sCODE_PROPERTY_PRIMARY_USE	No	No	LeaseInfo								EXISTING_GLOBAL
Global	Pro Forma Lease	General Lease Info	Property Manager Name	PropertyManagerID	sTYPE_PROPERTY_MANAGER	No	No	LeaseInfo								EXISTING_GLOBAL
Global	Pro Forma Lease	General Lease Info	Remaining Lease Term (in Months)	RemainingTermInMonths	sTYPE_NUMBER	No	No	LeaseInfo								EXISTING_GLOBAL
Global	Pro Forma Lease	General Lease Info	Security Applied To	SecurityAppliedTo	sTYPE_TEXT	No	No	LeaseInfo								EXISTING_GLOBAL
Global	Pro Forma Lease	General Lease Info	Security Deposit	SecurityDeposit	sTYPE_MONEY	No	No	LeaseInfo								EXISTING_GLOBAL
Global	Pro Forma Lease	General Lease Info	Status Changed Date	LeaseStatusEffectiveDate	sTYPE_DATE	No	No	LeaseInfo								EXISTING_GLOBAL
Global	Pro Forma Lease	General Lease Info	Sublease End Date	SubleaseEndDate	sTYPE_DATE	No	No	LeaseInfo								EXISTING_GLOBAL
Global	Pro Forma Lease	General Lease Info	Sublease Name	SubleaseeID	sTYPE_PERSON	No	No	LeaseInfo								EXISTING_GLOBAL
Global	Pro Forma Lease	General Lease Info	Sublease Rent	SubleaseRent	sTYPE_MONEY	No	No	LeaseInfo								EXISTING_GLOBAL
Global	Pro Forma Lease	General Lease Info	Subleased?	IsSublease	sTYPE_BOOLEAN	No	No	LeaseInfo								EXISTING_GLOBAL
Global	Pro Forma Lease	General Lease Info	Tenant Attorney	TenantAttorneyID	sTYPE_LAWYER	No	No	LeaseInfo								EXISTING_GLOBAL
Global	Pro Forma Lease	General Lease Info	Tenant Broker	TenantBrokerContactID	sTYPE_BROKER	No	No	LeaseInfo								EXISTING_GLOBAL
Global	Pro Forma Lease	Lease Analysis	Additional Rent #1 Name	AdditionalRent1Name	sTYPE_TEXT	No	No	LeaseInfo								EXISTING_GLOBAL
Global	Pro Forma Lease	Lease Analysis	Additional Rent #1 Rate	AdditionalRent1Rate	sTYPE_MONEY	No	No	LeaseInfo								EXISTING_GLOBAL
Global	Pro Forma Lease	Lease Analysis	Additional Rent #1 Start Date	AdditionalRent1StartDate	sTYPE_DATE	No	No	LeaseInfo								EXISTING_GLOBAL
Global	Pro Forma Lease	Lease Analysis	Additional Rent #1 Start Month	AdditionalRent1StartMonth	sTYPE_UNFORMATTED_NUMBER	No	No	LeaseInfo								EXISTING_GLOBAL
Global	Pro Forma Lease	Lease Analysis	Additional Rent #1 Start Year	AdditionalRent1StartYear	sTYPE_UNFORMATTED_NUMBER	No	No	LeaseInfo								EXISTING_GLOBAL
Global	Pro Forma Lease	Lease Analysis	Additional Rent #2 Name	AdditionalRent2Name	sTYPE_TEXT	No	No	LeaseInfo								EXISTING_GLOBAL
Global	Pro Forma Lease	Lease Analysis	Additional Rent #2 Rate	AdditionalRent2Rate	sTYPE_MONEY	No	No	LeaseInfo								EXISTING_GLOBAL
Global	Pro Forma Lease	Lease Analysis	Additional Rent #2 Start Date	AdditionalRent2StartDate	sTYPE_DATE	No	No	LeaseInfo								EXISTING_GLOBAL
Global	Pro Forma Lease	Lease Analysis	Additional Rent #2 Start Month	AdditionalRent2StartMonth	sTYPE_UNFORMATTED_NUMBER	No	No	LeaseInfo								EXISTING_GLOBAL
Global	Pro Forma Lease	Lease Analysis	Additional Rent #2 Start Year	AdditionalRent2StartYear	sTYPE_UNFORMATTED_NUMBER	No	No	LeaseInfo								EXISTING_GLOBAL
Global	Pro Forma Lease	Lease Analysis	Additional Rent #3 Name	AdditionalRent3Name	sTYPE_TEXT	No	No	LeaseInfo								EXISTING_GLOBAL
Global	Pro Forma Lease	Lease Analysis	Additional Rent #3 Rate	AdditionalRent3Rate	sTYPE_MONEY	No	No	LeaseInfo								EXISTING_GLOBAL
Global	Pro Forma Lease	Lease Analysis	Additional Rent #3 Start Date	AdditionalRent3StartDate	sTYPE_DATE	No	No	LeaseInfo								EXISTING_GLOBAL
Global	Pro Forma Lease	Lease Analysis	Additional Rent #3 Start Month	AdditionalRent3StartMonth	sTYPE_UNFORMATTED_NUMBER	No	No	LeaseInfo								EXISTING_GLOBAL
Global	Pro Forma Lease	Lease Analysis	Additional Rent #3 Start Year	AdditionalRent3StartYear	sTYPE_UNFORMATTED_NUMBER	No	No	LeaseInfo								EXISTING_GLOBAL
Global	Pro Forma Lease	Lease Analysis	Additional Rent #4 Name	AdditionalRent4Name	sTYPE_TEXT	No	No	LeaseInfo								EXISTING_GLOBAL
Global	Pro Forma Lease	Lease Analysis	Additional Rent #4 Rate	AdditionalRent4Rate	sTYPE_MONEY	No	No	LeaseInfo								EXISTING_GLOBAL
Global	Pro Forma Lease	Lease Analysis	Additional Rent #4 Start Date	AdditionalRent4StartDate	sTYPE_DATE	No	No	LeaseInfo								EXISTING_GLOBAL
Global	Pro Forma Lease	Lease Analysis	Additional Rent #4 Start Month	AdditionalRent4StartMonth	sTYPE_UNFORMATTED_NUMBER	No	No	LeaseInfo								EXISTING_GLOBAL
Global	Pro Forma Lease	Lease Analysis	Additional Rent #4 Start Year	AdditionalRent4StartYear	sTYPE_UNFORMATTED_NUMBER	No	No	LeaseInfo								EXISTING_GLOBAL
Global	Pro Forma Lease	Lease Analysis	Addon Loss Factor Pctg	AddonLossFactorPct	sTYPE_PERCENTAGE	No	No	LeaseInfo								EXISTING_GLOBAL
Global	Pro Forma Lease	Lease Analysis	Addon Or Loss Factor?	AddonOrLossFactorFlag	sTYPE_UNFORMATTED_NUMBER	No	No	LeaseInfo								EXISTING_GLOBAL
Global	Pro Forma Lease	Lease Analysis	Annual Rent Fixed Increase	AnnualRentFixedIncrease	sTYPE_MONEY	No	No	LeaseInfo								EXISTING_GLOBAL
Global	Pro Forma Lease	Lease Analysis	Annual Rent Pctg Increase	AnnualRentPctgIncrease	sTYPE_PERCENTAGE	No	No	LeaseInfo								EXISTING_GLOBAL
Global	Pro Forma Lease	Lease Analysis	Avg Annual Occupancy Cost	AvgAnnualOccupancyCost	sTYPE_MONEY	No	No	LeaseInfo								EXISTING_GLOBAL
Global	Pro Forma Lease	Lease Analysis	Avg Base Rent Rate	AvgBaseRentRate	sTYPE_MONEY	No	No	LeaseInfo								EXISTING_GLOBAL
Global	Pro Forma Lease	Lease Analysis	Avg Gross Rent Rate	AvgGrossRentRate	sTYPE_MONEY	No	No	LeaseInfo								EXISTING_GLOBAL
Global	Pro Forma Lease	Lease Analysis	Avg Monthly Occupancy Cost	AvgMonthlyOccupancyCost	sTYPE_MONEY	No	No	LeaseInfo								EXISTING_GLOBAL
Global	Pro Forma Lease	Lease Analysis	Avg Total Cost Rate	AvgTotalCostRate	sTYPE_MONEY	No	No	LeaseInfo								EXISTING_GLOBAL
Global	Pro Forma Lease	Lease Analysis	Base Name	BaseName	sTYPE_TEXT	No	No	LeaseInfo								EXISTING_GLOBAL;NEEDED_GLOBAL
Global	Pro Forma Lease	Lease Analysis	Base Rent	BaseRent	sTYPE_MONEY	No	No	LeaseInfo								EXISTING_GLOBAL
Global	Pro Forma Lease	Lease Analysis	Base Rent Includes Op X?	BaseRentIncludesOpXFlag	sTYPE_CHECKBOX	No	No	LeaseInfo								EXISTING_GLOBAL
Global	Pro Forma Lease	Lease Analysis	Building Class	CodeBuildingClassID	sCODE_BUILDING_CLASS	No	No	LeaseInfo								EXISTING_GLOBAL
Global	Pro Forma Lease	Lease Analysis	Cancellation Options	CancellationOptions	sTYPE_TEXT	No	No	LeaseInfo								EXISTING_GLOBAL
Global	Pro Forma Lease	Lease Analysis	Client Name	ClientName	sTYPE_TEXT	No	No	LeaseInfo								EXISTING_GLOBAL
Global	Pro Forma Lease	Lease Analysis	Computed Commencement Date	ComputedCommencementDate	sTYPE_DATE	No	No	LeaseInfo								EXISTING_GLOBAL
Global	Pro Forma Lease	Lease Analysis	Construction Allowance (Landlord)	ConstructionAllowanceLL	sTYPE_MONEY	No	No	LeaseInfo								EXISTING_GLOBAL
Global	Pro Forma Lease	Lease Analysis	Construction Manager	ConstructionManagerID	sTYPE_PERSON	No	No	LeaseInfo								EXISTING_GLOBAL
Global	Pro Forma Lease	Lease Analysis	Corporate Tax Rate	CorporateTaxRate	sTYPE_PERCENTAGE	No	No	LeaseInfo								EXISTING_GLOBAL
Global	Pro Forma Lease	Lease Analysis	Developer Manager	DeveloperManagerID	sTYPE_PERSON	No	No	LeaseInfo								EXISTING_GLOBAL
Global	Pro Forma Lease	Lease Analysis	Discount Rate	DiscountRate	sTYPE_PERCENTAGE	No	No	LeaseInfo								EXISTING_GLOBAL;NEEDED_GLOBAL
Global	Pro Forma Lease	Lease Analysis	Est Opx CAM Increase Start Date	EstOpxCAMIncreaseStartDate	sTYPE_DATE	No	No	LeaseInfo								EXISTING_GLOBAL
Global	Pro Forma Lease	Lease Analysis	Est Opx CAM Increase Start Month	EstOpxCAMIncreaseStartMonth	sTYPE_NUMBER	No	No	LeaseInfo								EXISTING_GLOBAL
Global	Pro Forma Lease	Lease Analysis	Est Opx CAM Increase Start Year	EstOpxCAMIncreaseStartYear	sTYPE_NUMBER	No	No	LeaseInfo								EXISTING_GLOBAL
Global	Pro Forma Lease	Lease Analysis	Est Opx CAM Pass Thru Start Date	EstOpxCAMPassThruStartDate	sTYPE_DATE	No	No	LeaseInfo								EXISTING_GLOBAL
Global	Pro Forma Lease	Lease Analysis	Est Opx CAM Pass Thru Start Month	EstOpxCAMPassThruStartMonth	sTYPE_NUMBER	No	No	LeaseInfo								EXISTING_GLOBAL
Global	Pro Forma Lease	Lease Analysis	Est Opx CAM Pass Thru Start Year	EstOpxCAMPassThruStartYear	sTYPE_NUMBER	No	No	LeaseInfo								EXISTING_GLOBAL
Global	Pro Forma Lease	Lease Analysis	Est Opx CAM Taxes	EstOpxCAMTaxes	sTYPE_MONEY	No	No	LeaseInfo								EXISTING_GLOBAL
Global	Pro Forma Lease	Lease Analysis	Est RE Taxes	EstRETaxes	sTYPE_MONEY	No	No	LeaseInfo								EXISTING_GLOBAL
Global	Pro Forma Lease	Lease Analysis	Est RE Taxes Increase Start Date	EstRETaxesIncreaseStartDate	sTYPE_DATE	No	No	LeaseInfo								EXISTING_GLOBAL
Global	Pro Forma Lease	Lease Analysis	Est RE Taxes Increase Start Month	EstRETaxesIncreaseStartMonth	sTYPE_NUMBER	No	No	LeaseInfo								EXISTING_GLOBAL
Global	Pro Forma Lease	Lease Analysis	Est RE Taxes Increase Start Year	EstRETaxesIncreaseStartYear	sTYPE_NUMBER	No	No	LeaseInfo								EXISTING_GLOBAL
Global	Pro Forma Lease	Lease Analysis	Est RE Taxes Pass Thru Start Date	EstRETaxesPassThruStartDate	sTYPE_DATE	No	No	LeaseInfo								EXISTING_GLOBAL
Global	Pro Forma Lease	Lease Analysis	Est RE Taxes Pass Thru Start Month	EstRETaxesPassThruStartMonth	sTYPE_NUMBER	No	No	LeaseInfo								EXISTING_GLOBAL
Global	Pro Forma Lease	Lease Analysis	Est RE Taxes Pass Thru Start Year	EstRETaxesPassThruStartYear	sTYPE_NUMBER	No	No	LeaseInfo								EXISTING_GLOBAL
Global	Pro Forma Lease	Lease Analysis	Est RE Taxes Pct Inc	EstRETaxesPctInc	sTYPE_PERCENTAGE	No	No	LeaseInfo								EXISTING_GLOBAL
Global	Pro Forma Lease	Lease Analysis	Expansion Options	ExpansionOptions	sTYPE_TEXT	No	No	LeaseInfo								EXISTING_GLOBAL
Global	Pro Forma Lease	Lease Analysis	Furniture	Furniture	sTYPE_MONEY	No	No	LeaseInfo								EXISTING_GLOBAL
Global	Pro Forma Lease	Lease Analysis	Is Lease Executed?	IsLeaseExecuted	sTYPE_BOOLEAN	No	No	LeaseInfo								EXISTING_GLOBAL
Global	Pro Forma Lease	Lease Analysis	Lease Start Month	LeaseStartMonth	sTYPE_UNFORMATTED_NUMBER	No	No	LeaseInfo								EXISTING_GLOBAL
Global	Pro Forma Lease	Lease Analysis	Lease Start Year	LeaseStartYear	sTYPE_UNFORMATTED_NUMBER	No	No	LeaseInfo								EXISTING_GLOBAL
Global	Pro Forma Lease	Lease Analysis	Lease Stop Month	LeaseStopMonth	sTYPE_UNFORMATTED_NUMBER	No	No	LeaseInfo								EXISTING_GLOBAL
Global	Pro Forma Lease	Lease Analysis	Lease Stop Year	LeaseStopYear	sTYPE_UNFORMATTED_NUMBER	No	No	LeaseInfo								EXISTING_GLOBAL
Global	Pro Forma Lease	Lease Analysis	Length Term Months	LengthTermMonths	sTYPE_NUMBER	No	No	LeaseInfo								EXISTING_GLOBAL
Global	Pro Forma Lease	Lease Analysis	Location Name	LocationName	sTYPE_TEXT	No	No	LeaseInfo								EXISTING_GLOBAL;NEEDED_GLOBAL
Global	Pro Forma Lease	Lease Analysis	Months Free Rent	MonthsFreeRent	sTYPE_NUMBER	No	No	LeaseInfo								EXISTING_GLOBAL
Global	Pro Forma Lease	Lease Analysis	Moving Allowance	MovingAllowance	sTYPE_MONEY	No	No	LeaseInfo								EXISTING_GLOBAL
Global	Pro Forma Lease	Lease Analysis	Net Effective Rent Amount	NetEffectiveRentAmount	sTYPE_MONEY	No	No	LeaseInfo								EXISTING_GLOBAL
Global	Pro Forma Lease	Lease Analysis	Net Effective Rent Rate	NetEffectiveRentRate	sTYPE_MONEY	No	No	LeaseInfo								EXISTING_GLOBAL
Global	Pro Forma Lease	Lease Analysis	NPV Avg Annual Occupancy Cost	NPVAvgAnnualOccupancyCost	sTYPE_MONEY	No	No	LeaseInfo								EXISTING_GLOBAL
Global	Pro Forma Lease	Lease Analysis	NPV Base Rent Rate	NPVBaseRentRate	sTYPE_MONEY	No	No	LeaseInfo								EXISTING_GLOBAL
Global	Pro Forma Lease	Lease Analysis	NPV Gross Rent Rate	NPVGrossRentRate	sTYPE_MONEY	No	No	LeaseInfo								EXISTING_GLOBAL
Global	Pro Forma Lease	Lease Analysis	NPV Occupancy Cost	NPVOccupancyCost	sTYPE_MONEY	No	No	LeaseInfo								EXISTING_GLOBAL
Global	Pro Forma Lease	Lease Analysis	NPV Total Occupancy Cost Rate	NPVTotalOccupancyCostRate	sTYPE_MONEY	No	No	LeaseInfo								EXISTING_GLOBAL
Global	Pro Forma Lease	Lease Analysis	Op X Annual Pct Increase	OpXAnnualPctIncrease	sTYPE_PERCENTAGE	No	No	LeaseInfo								EXISTING_GLOBAL
Global	Pro Forma Lease	Lease Analysis	Other LL Incentives Exp #1 Date	OtherLLIncentivesExp1Date	sTYPE_DATE	No	No	LeaseInfo								EXISTING_GLOBAL
Global	Pro Forma Lease	Lease Analysis	Other LL Incentives Exp #1 Month	OtherLLIncentivesExp1Month	sTYPE_NUMBER	No	No	LeaseInfo								EXISTING_GLOBAL
Global	Pro Forma Lease	Lease Analysis	Other LL Incentives Exp #1 Rate	OtherLLIncentivesExp1Rate	sTYPE_MONEY	No	No	LeaseInfo								EXISTING_GLOBAL
Global	Pro Forma Lease	Lease Analysis	Other LL Incentives Exp #1 Year	OtherLLIncentivesExp1Year	sTYPE_NUMBER	No	No	LeaseInfo								EXISTING_GLOBAL
Global	Pro Forma Lease	Lease Analysis	Other LL Incentives Exp #2 Date	OtherLLIncentivesExp2Date	sTYPE_DATE	No	No	LeaseInfo								EXISTING_GLOBAL
Global	Pro Forma Lease	Lease Analysis	Other LL Incentives Exp #2 Month	OtherLLIncentivesExp2Month	sTYPE_NUMBER	No	No	LeaseInfo								EXISTING_GLOBAL
Global	Pro Forma Lease	Lease Analysis	Other LL Incentives Exp #2 Rate	OtherLLIncentivesExp2Rate	sTYPE_MONEY	No	No	LeaseInfo								EXISTING_GLOBAL
Global	Pro Forma Lease	Lease Analysis	Other LL Incentives Exp #2 Year	OtherLLIncentivesExp2Year	sTYPE_NUMBER	No	No	LeaseInfo								EXISTING_GLOBAL
Global	Pro Forma Lease	Lease Analysis	Other LL Incentives Exp #3 Date	OtherLLIncentivesExp3Date	sTYPE_DATE	No	No	LeaseInfo								EXISTING_GLOBAL
Global	Pro Forma Lease	Lease Analysis	Other LL Incentives Exp #3 Month	OtherLLIncentivesExp3Month	sTYPE_NUMBER	No	No	LeaseInfo								EXISTING_GLOBAL
Global	Pro Forma Lease	Lease Analysis	Other LL Incentives Exp #3 Rate	OtherLLIncentivesExp3Rate	sTYPE_MONEY	No	No	LeaseInfo								EXISTING_GLOBAL
Global	Pro Forma Lease	Lease Analysis	Other LL Incentives Exp #3 Year	OtherLLIncentivesExp3Year	sTYPE_NUMBER	No	No	LeaseInfo								EXISTING_GLOBAL
Global	Pro Forma Lease	Lease Analysis	Other LL Incentives Exp #4 Date	OtherLLIncentivesExp4Date	sTYPE_DATE	No	No	LeaseInfo								EXISTING_GLOBAL
Global	Pro Forma Lease	Lease Analysis	Other LL Incentives Exp #4 Month	OtherLLIncentivesExp4Month	sTYPE_NUMBER	No	No	LeaseInfo								EXISTING_GLOBAL
Global	Pro Forma Lease	Lease Analysis	Other LL Incentives Exp #4 Rate	OtherLLIncentivesExp4Rate	sTYPE_MONEY	No	No	LeaseInfo								EXISTING_GLOBAL
Global	Pro Forma Lease	Lease Analysis	Other LL Incentives Exp #4 Year	OtherLLIncentivesExp4Year	sTYPE_NUMBER	No	No	LeaseInfo								EXISTING_GLOBAL
Global	Pro Forma Lease	Lease Analysis	Other Mth Costs #1 Pct Inc	OtherMthCosts1PctInc	sTYPE_PERCENTAGE	No	No	LeaseInfo								EXISTING_GLOBAL
Global	Pro Forma Lease	Lease Analysis	Other Mth Costs #1 Rate	OtherMthCosts1Rate	sTYPE_MONEY	No	No	LeaseInfo								EXISTING_GLOBAL
Global	Pro Forma Lease	Lease Analysis	Other Mth Costs #2 Pct Inc	OtherMthCosts2PctInc	sTYPE_PERCENTAGE	No	No	LeaseInfo								EXISTING_GLOBAL
Global	Pro Forma Lease	Lease Analysis	Other Mth Costs #2 Rate	OtherMthCosts2Rate	sTYPE_MONEY	No	No	LeaseInfo								EXISTING_GLOBAL
Global	Pro Forma Lease	Lease Analysis	Other Mth Costs #3 Pct Inc	OtherMthCosts3PctInc	sTYPE_PERCENTAGE	No	No	LeaseInfo								EXISTING_GLOBAL
Global	Pro Forma Lease	Lease Analysis	Other Mth Costs #3 Rate	OtherMthCosts3Rate	sTYPE_MONEY	No	No	LeaseInfo								EXISTING_GLOBAL
Global	Pro Forma Lease	Lease Analysis	Other Mth Costs #4 Pct Inc	OtherMthCosts4PctInc	sTYPE_PERCENTAGE	No	No	LeaseInfo								EXISTING_GLOBAL
Global	Pro Forma Lease	Lease Analysis	Other Mth Costs #4 Rate	OtherMthCosts4Rate	sTYPE_MONEY	No	No	LeaseInfo								EXISTING_GLOBAL
Global	Pro Forma Lease	Lease Analysis	Other Mth Costs Start Date	OtherMthCostsStartDate	sTYPE_DATE	No	No	LeaseInfo								EXISTING_GLOBAL
Global	Pro Forma Lease	Lease Analysis	Other Mth Costs Start Month	OtherMthCostsStartMonth	sTYPE_NUMBER	No	No	LeaseInfo								EXISTING_GLOBAL
Global	Pro Forma Lease	Lease Analysis	Other Mth Costs Start Year	OtherMthCostsStartYear	sTYPE_NUMBER	No	No	LeaseInfo								EXISTING_GLOBAL
Global	Pro Forma Lease	Lease Analysis	Other Opx Paid Directly #1 Pct Inc	OtherOpxPaidDirectly1PctInc	sTYPE_PERCENTAGE	No	No	LeaseInfo								EXISTING_GLOBAL
Global	Pro Forma Lease	Lease Analysis	Other Opx Paid Directly #1 Rate	OtherOpxPaidDirectly1Rate	sTYPE_MONEY	No	No	LeaseInfo								EXISTING_GLOBAL
Global	Pro Forma Lease	Lease Analysis	Other Opx Paid Directly #2 Pct Inc	OtherOpxPaidDirectly2PctInc	sTYPE_PERCENTAGE	No	No	LeaseInfo								EXISTING_GLOBAL
Global	Pro Forma Lease	Lease Analysis	Other Opx Paid Directly #2 Rate	OtherOpxPaidDirectly2Rate	sTYPE_MONEY	No	No	LeaseInfo								EXISTING_GLOBAL
Global	Pro Forma Lease	Lease Analysis	Other Opx Paid Directly #3 Pct Inc	OtherOpxPaidDirectly3PctInc	sTYPE_PERCENTAGE	No	No	LeaseInfo								EXISTING_GLOBAL
Global	Pro Forma Lease	Lease Analysis	Other Opx Paid Directly #3 Rate	OtherOpxPaidDirectly3Rate	sTYPE_MONEY	No	No	LeaseInfo								EXISTING_GLOBAL
Global	Pro Forma Lease	Lease Analysis	Other Opx Paid Directly #4 Pct Inc	OtherOpxPaidDirectly4PctInc	sTYPE_PERCENTAGE	No	No	LeaseInfo								EXISTING_GLOBAL
Global	Pro Forma Lease	Lease Analysis	Other Opx Paid Directly #4 Rate	OtherOpxPaidDirectly4Rate	sTYPE_MONEY	No	No	LeaseInfo								EXISTING_GLOBAL
Global	Pro Forma Lease	Lease Analysis	Other Opx Paid Directly Start Date	OtherOpxPaidDirectlyStartDate	sTYPE_DATE	No	No	LeaseInfo								EXISTING_GLOBAL
Global	Pro Forma Lease	Lease Analysis	Other Opx Paid Directly Start Month	OtherOpxPaidDirectlyStartMonth	sTYPE_NUMBER	No	No	LeaseInfo								EXISTING_GLOBAL
Global	Pro Forma Lease	Lease Analysis	Other Opx Paid Directly Start Year	OtherOpxPaidDirectlyStartYear	sTYPE_NUMBER	No	No	LeaseInfo								EXISTING_GLOBAL
Global	Pro Forma Lease	Lease Analysis	Other Project Costs Capital #1	OtherProjectCostsCapital1	sTYPE_MONEY	No	No	LeaseInfo								EXISTING_GLOBAL
Global	Pro Forma Lease	Lease Analysis	Other Project Costs Capital #2	OtherProjectCostsCapital2	sTYPE_MONEY	No	No	LeaseInfo								EXISTING_GLOBAL
Global	Pro Forma Lease	Lease Analysis	Other Project Costs Capital #3	OtherProjectCostsCapital3	sTYPE_MONEY	No	No	LeaseInfo								EXISTING_GLOBAL
Global	Pro Forma Lease	Lease Analysis	Other Project Costs Capital #4	OtherProjectCostsCapital4	sTYPE_MONEY	No	No	LeaseInfo								EXISTING_GLOBAL
Global	Pro Forma Lease	Lease Analysis	Other Project Costs Capital #5	OtherProjectCostsCapital5	sTYPE_MONEY	No	No	LeaseInfo								EXISTING_GLOBAL
Global	Pro Forma Lease	Lease Analysis	Other Project Costs Exp #1	OtherProjectCostsExp1	sTYPE_MONEY	No	No	LeaseInfo								EXISTING_GLOBAL
Global	Pro Forma Lease	Lease Analysis	Other Project Costs Exp #2	OtherProjectCostsExp2	sTYPE_MONEY	No	No	LeaseInfo								EXISTING_GLOBAL
Global	Pro Forma Lease	Lease Analysis	Other Project Costs Exp #3	OtherProjectCostsExp3	sTYPE_MONEY	No	No	LeaseInfo								EXISTING_GLOBAL
Global	Pro Forma Lease	Lease Analysis	Other Project Costs Exp #4	OtherProjectCostsExp4	sTYPE_MONEY	No	No	LeaseInfo								EXISTING_GLOBAL
Global	Pro Forma Lease	Lease Analysis	Other Project Costs Exp #5	OtherProjectCostsExp5	sTYPE_MONEY	No	No	LeaseInfo								EXISTING_GLOBAL
Global	Pro Forma Lease	Lease Analysis	Parking Annual Pct Increase	ParkingAnnualPctIncrease	sTYPE_PERCENTAGE	No	No	LeaseInfo								EXISTING_GLOBAL
Global	Pro Forma Lease	Lease Analysis	Parking Free Months	ParkingFreeMonths	sTYPE_NUMBER	No	No	LeaseInfo								EXISTING_GLOBAL
Global	Pro Forma Lease	Lease Analysis	Parking Ratio	ParkingRatio	sTYPE_NUMBER	No	No	LeaseInfo								EXISTING_GLOBAL
Global	Pro Forma Lease	Lease Analysis	Parking Reserved Cost	ParkingReservedCost	sTYPE_MONEY	No	No	LeaseInfo								EXISTING_GLOBAL
Global	Pro Forma Lease	Lease Analysis	Parking Reserved Spaces	ParkingReservedSpaces	sTYPE_NUMBER	No	No	LeaseInfo								EXISTING_GLOBAL
Global	Pro Forma Lease	Lease Analysis	Parking Unreserved Cost	ParkingUnreservedCost	sTYPE_MONEY	No	No	LeaseInfo								EXISTING_GLOBAL
Global	Pro Forma Lease	Lease Analysis	Parking Unreserved Spaces	ParkingUnreservedSpaces	sTYPE_NUMBER	No	No	LeaseInfo								EXISTING_GLOBAL
Global	Pro Forma Lease	Lease Analysis	Preparer Address	PreparerAddress	sTYPE_TEXT	No	No	LeaseInfo								EXISTING_GLOBAL
Global	Pro Forma Lease	Lease Analysis	Preparer Name	PreparerName	sTYPE_TEXT	No	No	LeaseInfo								EXISTING_GLOBAL
Global	Pro Forma Lease	Lease Analysis	Proposal Date	ProposalDate	sTYPE_DATE	No	No	LeaseInfo								EXISTING_GLOBAL
Global	Pro Forma Lease	Lease Analysis	Renewal Options	RenewalOptions	sTYPE_TEXT	No	No	LeaseInfo								EXISTING_GLOBAL
Global	Pro Forma Lease	Lease Analysis	Rent Per Month Or Year?	RentPerMonthOrYearFlag	sTYPE_UNFORMATTED_NUMBER	No	No	LeaseInfo								EXISTING_GLOBAL
Global	Pro Forma Lease	Lease Analysis	Rentable Area	RentableArea	sTYPE_AREA	No	No	LeaseInfo								EXISTING_GLOBAL;NEEDED_GLOBAL
Global	Pro Forma Lease	Lease Analysis	Restoration Make Good For New Loc	RestorationMakeGoodForNewLoc	sTYPE_MONEY	No	No	LeaseInfo								EXISTING_GLOBAL
Global	Pro Forma Lease	Lease Analysis	Scenario Name	ScenarioName	sTYPE_TEXT	No	No	LeaseInfo								EXISTING_GLOBAL
Global	Pro Forma Lease	Lease Analysis	Special Exp Credits #1 Date	SpecialExpCredits1Date	sTYPE_DATE	No	No	LeaseInfo								EXISTING_GLOBAL
Global	Pro Forma Lease	Lease Analysis	Special Exp Credits #1 Month	SpecialExpCredits1Month	sTYPE_NUMBER	No	No	LeaseInfo								EXISTING_GLOBAL
Global	Pro Forma Lease	Lease Analysis	Special Exp Credits #1 Rate	SpecialExpCredits1Rate	sTYPE_MONEY	No	No	LeaseInfo								EXISTING_GLOBAL
Global	Pro Forma Lease	Lease Analysis	Special Exp Credits #1 Year	SpecialExpCredits1Year	sTYPE_NUMBER	No	No	LeaseInfo								EXISTING_GLOBAL
Global	Pro Forma Lease	Lease Analysis	Special Exp Credits #2 Date	SpecialExpCredits2Date	sTYPE_DATE	No	No	LeaseInfo								EXISTING_GLOBAL
Global	Pro Forma Lease	Lease Analysis	Special Exp Credits #2 Month	SpecialExpCredits2Month	sTYPE_NUMBER	No	No	LeaseInfo								EXISTING_GLOBAL
Global	Pro Forma Lease	Lease Analysis	Special Exp Credits #2 Rate	SpecialExpCredits2Rate	sTYPE_MONEY	No	No	LeaseInfo								EXISTING_GLOBAL
Global	Pro Forma Lease	Lease Analysis	Special Exp Credits #2 Year	SpecialExpCredits2Year	sTYPE_NUMBER	No	No	LeaseInfo								EXISTING_GLOBAL
Global	Pro Forma Lease	Lease Analysis	Special Exp Credits #3 Date	SpecialExpCredits3Date	sTYPE_DATE	No	No	LeaseInfo								EXISTING_GLOBAL
Global	Pro Forma Lease	Lease Analysis	Special Exp Credits #3 Month	SpecialExpCredits3Month	sTYPE_NUMBER	No	No	LeaseInfo								EXISTING_GLOBAL
Global	Pro Forma Lease	Lease Analysis	Special Exp Credits #3 Rate	SpecialExpCredits3Rate	sTYPE_MONEY	No	No	LeaseInfo								EXISTING_GLOBAL
Global	Pro Forma Lease	Lease Analysis	Special Exp Credits #3 Year	SpecialExpCredits3Year	sTYPE_NUMBER	No	No	LeaseInfo								EXISTING_GLOBAL
Global	Pro Forma Lease	Lease Analysis	Special Exp Credits #4 Date	SpecialExpCredits4Date	sTYPE_DATE	No	No	LeaseInfo								EXISTING_GLOBAL
Global	Pro Forma Lease	Lease Analysis	Special Exp Credits #4 Month	SpecialExpCredits4Month	sTYPE_NUMBER	No	No	LeaseInfo								EXISTING_GLOBAL
Global	Pro Forma Lease	Lease Analysis	Special Exp Credits #4 Rate	SpecialExpCredits4Rate	sTYPE_MONEY	No	No	LeaseInfo								EXISTING_GLOBAL
Global	Pro Forma Lease	Lease Analysis	Special Exp Credits #4 Year	SpecialExpCredits4Year	sTYPE_NUMBER	No	No	LeaseInfo								EXISTING_GLOBAL
Global	Pro Forma Lease	Lease Analysis	Special Exp Credits #5 Date	SpecialExpCredits5Date	sTYPE_DATE	No	No	LeaseInfo								EXISTING_GLOBAL
Global	Pro Forma Lease	Lease Analysis	Special Exp Credits #5 Month	SpecialExpCredits5Month	sTYPE_NUMBER	No	No	LeaseInfo								EXISTING_GLOBAL
Global	Pro Forma Lease	Lease Analysis	Special Exp Credits #5 Rate	SpecialExpCredits5Rate	sTYPE_MONEY	No	No	LeaseInfo								EXISTING_GLOBAL
Global	Pro Forma Lease	Lease Analysis	Special Exp Credits #5 Year	SpecialExpCredits5Year	sTYPE_NUMBER	No	No	LeaseInfo								EXISTING_GLOBAL
Global	Pro Forma Lease	Lease Analysis	Tenant Utilities	TenantUtilities	sTYPE_MONEY	No	No	LeaseInfo								EXISTING_GLOBAL
Global	Pro Forma Lease	Lease Analysis	Tenant Utility Annual Pct Increase	TenantUtilAnnualPctIncrease	sTYPE_PERCENTAGE	No	No	LeaseInfo								EXISTING_GLOBAL
Global	Pro Forma Lease	Lease Analysis	Total Base Rent Obligation	TotalBaseRentObligation	sTYPE_MONEY	No	No	LeaseInfo								EXISTING_GLOBAL
Global	Pro Forma Lease	Lease Analysis	Total Construction Cost	TotalConstructionCost	sTYPE_MONEY	No	No	LeaseInfo								EXISTING_GLOBAL
Global	Pro Forma Lease	Lease Analysis	Total Headcount	TotalHeadcount	sTYPE_NUMBER	No	No	LeaseInfo								EXISTING_GLOBAL
Global	Pro Forma Lease	Lease Analysis	Total Occupancy Cost Over Term	TotalOccupancyCostOverTerm	sTYPE_MONEY	No	No	LeaseInfo								EXISTING_GLOBAL
Global	Pro Forma Lease	Lease Analysis	Total Occupancy Cost With Construction	TotalOccCostWithConstruction	sTYPE_MONEY	No	No	LeaseInfo								EXISTING_GLOBAL
Global	Pro Forma Lease	Lease Analysis	Total Occupancy Cost Year #1	TotalOccupancyCostYear1	sTYPE_MONEY	No	No	LeaseInfo								EXISTING_GLOBAL
Global	Pro Forma Lease	Lease Analysis	Total Seating Capacity	TotalSeatingCapacity	sTYPE_NUMBER	No	No	LeaseInfo								EXISTING_GLOBAL
Global	Pro Forma Lease	Lease Analysis	Usable Area	UsableArea	sTYPE_AREA	No	No	LeaseInfo								EXISTING_GLOBAL;NEEDED_GLOBAL
Global	Pro Forma Lease	Lease Analysis	Version	Version	sTYPE_NUMBER	Yes	No	LeaseInfo								EXISTING_GLOBAL;NEEDED_GLOBAL
Global	Pro Forma Lease	Lease Analysis	Voice And Data	VoiceAndData	sTYPE_MONEY	No	No	LeaseInfo								EXISTING_GLOBAL
Global	Program Summary Information	Program Summary Information	% Projects Complete	PercentCompleteByCount	sTYPE_PERCENTAGE	No	No	Program	Program	PercentCompleteByCount	% Projects Complete	program	PercentCompleteByCount	TEXT		EXISTING_GLOBAL
Global	Program Summary Information	Program Summary Information	Asset Amortization Exchange Rate Type	CodeAssetAmortFXTypeID	sCODE_EXCHANGE_RATE_TYPE	No	No	Program	Program	CodeAssetAmortFXTypeID	Asset Amortization Exchange Rate Type	program	CodeAssetAmortFXTypeID	TEXT	Foreign key (ID reference)	EXISTING_GLOBAL
Global	Program Summary Information	Program Summary Information	Asset Amortization Exchange Rate Type (Translation)	CodeAssetAmortSubFXTypeID	sCODE_EXCHANGE_RATE_TYPE	No	No	Program	Program	CodeAssetAmortSubFXTypeID	Asset Amortization Exchange Rate Type (Translation)	program	CodeAssetAmortSubFXTypeID	TEXT	Foreign key (ID reference)	EXISTING_GLOBAL
Global	Program Summary Information	Program Summary Information	Asset Balance Exchange Rate Type	CodeAssetBalFXTypeID	sCODE_EXCHANGE_RATE_TYPE	No	No	Program	Program	CodeAssetBalFXTypeID	Asset Balance Exchange Rate Type	program	CodeAssetBalFXTypeID	TEXT	Foreign key (ID reference)	EXISTING_GLOBAL
Global	Program Summary Information	Program Summary Information	Asset Balance Exchange Rate Type (Translation)	CodeAssetBalSubFXTypeID	sCODE_EXCHANGE_RATE_TYPE	No	No	Program	Program	CodeAssetBalSubFXTypeID	Asset Balance Exchange Rate Type (Translation)	program	CodeAssetBalSubFXTypeID	TEXT	Foreign key (ID reference)	EXISTING_GLOBAL
Global	Program Summary Information	Program Summary Information	Cap Project Map Setup Layout	CapProjectMapSetupLayoutID	sTYPE_PAGE_LAYOUT	No	No	Program	Program	CapProjectMapSetupLayoutID	Cap Project Map Setup Layout	program	CapProjectMapSetupLayoutID	TEXT	Foreign key (ID reference)	EXISTING_GLOBAL
Global	Program Summary Information	Program Summary Information	Cap Project Setup Page Layout	CapProjectSetupPageLayoutID	sTYPE_PAGE_LAYOUT	No	No	Program	Program	CapProjectSetupPageLayoutID	Cap Project Setup Page Layout	program	CapProjectSetupPageLayoutID	TEXT	Foreign key (ID reference)	EXISTING_GLOBAL
Global	Program Summary Information	Program Summary Information	Cash Expenses Exchange Rate Type	CodeCashExpensesFXTypeID	sCODE_EXCHANGE_RATE_TYPE	No	No	Program	Program	CodeCashExpensesFXTypeID	Cash Expenses Exchange Rate Type	program	CodeCashExpensesFXTypeID	TEXT	Foreign key (ID reference)	EXISTING_GLOBAL
Global	Program Summary Information	Program Summary Information	Cash Expenses Exchange Rate Type (Translation)	CodeCashExpensesSubFXTypeID	sCODE_EXCHANGE_RATE_TYPE	No	No	Program	Program	CodeCashExpensesSubFXTypeID	Cash Expenses Exchange Rate Type (Translation)	program	CodeCashExpensesSubFXTypeID	TEXT	Foreign key (ID reference)	EXISTING_GLOBAL
Global	Program Summary Information	Program Summary Information	City	City	sTYPE_TEXT	No	No	Program	Program	City	City	program	City	TEXT		EXISTING_GLOBAL;NEEDED_GLOBAL
Global	Program Summary Information	Program Summary Information	Created By	CreatedByID	sTYPE_MEMBER	No	No	Program	Program	CreatedByID	Created By	program	CreatedByID	TEXT	Foreign key (ID reference)	EXISTING_GLOBAL;NEEDED_GLOBAL
Global	Program Summary Information	Program Summary Information	Currency Type	CodeCurrencyTypeID	sCODE_CURRENCY_TYPE	No	No	Program	Program	CodeCurrencyTypeID	Currency Type	program	CodeCurrencyTypeID	TEXT	Foreign key (ID reference)	EXISTING_GLOBAL;NEEDED_GLOBAL
Global	Program Summary Information	Program Summary Information	Default Auto Push Forecast End Date	DefaultAutoPushForecastEndDate	sTYPE_YES_NO_RADIO	No	No	Program	Program	DefaultAutoPushForecastEndDate	Default Auto Push Forecast End Date	program	DefaultAutoPushForecastEndDate	TEXT		EXISTING_GLOBAL
Global	Program Summary Information	Program Summary Information	Default Holiday Schedule	DefaultHolidayScheduleID	sTYPE_HOLIDAY_SCHEDULE	No	No	Program	Program	DefaultHolidayScheduleID	Default Holiday Schedule	program	DefaultHolidayScheduleID	TEXT	Foreign key (ID reference)	EXISTING_GLOBAL
Global	Program Summary Information	Program Summary Information	Default Work Weekends	DefaultWorkWeekends	sTYPE_YES_NO_RADIO	No	No	Program	Program	DefaultWorkWeekends	Default Work Weekends	program	DefaultWorkWeekends	TEXT		EXISTING_GLOBAL
Global	Program Summary Information	Program Summary Information	Description	Description	sTYPE_TEXT	No	No	Program	Program	Description	Description	program	Description	TEXT		EXISTING_GLOBAL;NEEDED_GLOBAL
Global	Program Summary Information	Program Summary Information	Equipment Contract Setup Page Layout	EquipmentContractSetupPageLayoutID	sTYPE_PAGE_LAYOUT	No	No	Program	Program	EquipmentContractSetupPageLayoutID	Equipment Contract Setup Page Layout	program	EquipmentContractSetupPageLayoutID	TEXT	Foreign key (ID reference)	EXISTING_GLOBAL
Global	Program Summary Information	Program Summary Information	Facility Map Setup Layout	FacilityMapSetupLayoutID	sTYPE_PAGE_LAYOUT	No	No	Program	Program	FacilityMapSetupLayoutID	Facility Map Setup Layout	program	FacilityMapSetupLayoutID	TEXT	Foreign key (ID reference)	EXISTING_GLOBAL
Global	Program Summary Information	Program Summary Information	Facility Setup Page Layout	FacilitySetupPageLayoutID	sTYPE_PAGE_LAYOUT	No	No	Program	Program	FacilitySetupPageLayoutID	Facility Setup Page Layout	program	FacilitySetupPageLayoutID	TEXT	Foreign key (ID reference)	EXISTING_GLOBAL
Global	Program Summary Information	Program Summary Information	Fair Value Threshold	FairValueThreshold	sTYPE_PERCENTAGE	No	No	Program	Program	FairValueThreshold	Fair Value Threshold	program	FairValueThreshold	TEXT		EXISTING_GLOBAL;NEEDED_GLOBAL
Global	Program Summary Information	Program Summary Information	Fiscal year end	FiscalYearEnd	sTYPE_DATE	No	No	Program	Program	FiscalYearEnd	Fiscal year end	program	FiscalYearEnd	TEXT		EXISTING_GLOBAL
Global	Program Summary Information	Program Summary Information	Interest Exchange Rate Type	CodeInterestFXTypeID	sCODE_EXCHANGE_RATE_TYPE	No	No	Program	Program	CodeInterestFXTypeID	Interest Exchange Rate Type	program	CodeInterestFXTypeID	TEXT	Foreign key (ID reference)	EXISTING_GLOBAL
Global	Program Summary Information	Program Summary Information	Interest Exchange Rate Type (Translation)	CodeInterestSubFXTypeID	sCODE_EXCHANGE_RATE_TYPE	No	No	Program	Program	CodeInterestSubFXTypeID	Interest Exchange Rate Type (Translation)	program	CodeInterestSubFXTypeID	TEXT	Foreign key (ID reference)	EXISTING_GLOBAL
Global	Program Summary Information	Program Summary Information	Liability Amortization Exchange Rate Type	CodeLiabAmortFXTypeID	sCODE_EXCHANGE_RATE_TYPE	No	No	Program	Program	CodeLiabAmortFXTypeID	Liability Amortization Exchange Rate Type	program	CodeLiabAmortFXTypeID	TEXT	Foreign key (ID reference)	EXISTING_GLOBAL
Global	Program Summary Information	Program Summary Information	Liability Amortization Exchange Rate Type (Translation)	CodeLiabAmortSubFXTypeID	sCODE_EXCHANGE_RATE_TYPE	No	No	Program	Program	CodeLiabAmortSubFXTypeID	Liability Amortization Exchange Rate Type (Translation)	program	CodeLiabAmortSubFXTypeID	TEXT	Foreign key (ID reference)	EXISTING_GLOBAL
Global	Program Summary Information	Program Summary Information	Liability Balances Exchange Rate Type	CodeLiabilityBalFXTypeID	sCODE_EXCHANGE_RATE_TYPE	No	No	Program	Program	CodeLiabilityBalFXTypeID	Liability Balances Exchange Rate Type	program	CodeLiabilityBalFXTypeID	TEXT	Foreign key (ID reference)	EXISTING_GLOBAL
Global	Program Summary Information	Program Summary Information	Liability Balances Exchange Rate Type (Translation)	CodeLiabilityBalSubFXTypeID	sCODE_EXCHANGE_RATE_TYPE	No	No	Program	Program	CodeLiabilityBalSubFXTypeID	Liability Balances Exchange Rate Type (Translation)	program	CodeLiabilityBalSubFXTypeID	TEXT	Foreign key (ID reference)	EXISTING_GLOBAL
Global	Program Summary Information	Program Summary Information	Location Map Setup Layout	LocationMapSetupLayoutID	sTYPE_PAGE_LAYOUT	No	No	Program	Program	LocationMapSetupLayoutID	Location Map Setup Layout	program	LocationMapSetupLayoutID	TEXT	Foreign key (ID reference)	EXISTING_GLOBAL
Global	Program Summary Information	Program Summary Information	Location Setup Page Layout	LocationSetupPageLayoutID	sTYPE_PAGE_LAYOUT	No	No	Program	Program	LocationSetupPageLayoutID	Location Setup Page Layout	program	LocationSetupPageLayoutID	TEXT	Foreign key (ID reference)	EXISTING_GLOBAL
Global	Program Summary Information	Program Summary Information	Markets Summary	MarketsInProgram	sTYPE_TEXT	No	No	Program	Program	MarketsInProgram	Markets Summary	program	MarketsInProgram	TEXT		EXISTING_GLOBAL
Global	Program Summary Information	Program Summary Information	Name	ProgramName	sTYPE_ENTITY_NAME	Yes	No	Program	Program	ProgramName	Name	program	ProgramName	TEXT		EXISTING_GLOBAL;NEEDED_GLOBAL
Global	Program Summary Information	Program Summary Information	New SetUp Rate On Remeasure	UseNewSetUpRateOnRemeasure	sTYPE_CHECKBOX	No	No	Program	Program	UseNewSetUpRateOnRemeasure	New SetUp Rate On Remeasure	program	UseNewSetUpRateOnRemeasure	TEXT		EXISTING_GLOBAL
Global	Program Summary Information	Program Summary Information	New SetUp Rate on Remeasurement	UseNewSetUpRateOnRemeasure	sTYPE_YES_NO_RADIO	No	No	Program	Program	UseNewSetUpRateOnRemeasure	New SetUp Rate On Remeasure	program	UseNewSetUpRateOnRemeasure	TEXT		EXISTING_GLOBAL
Global	Program Summary Information	Program Summary Information	Number Of Equipment Contract Approval Levels	NumberOfEquipPTApprovalLevels	sTYPE_NUMBER	No	No	Program	Program	NumberOfEquipPTApprovalLevels	Number Of Equipment Contract Approval Levels	program	NumberOfEquipPTApprovalLevels	TEXT		EXISTING_GLOBAL
Global	Program Summary Information	Program Summary Information	Number of RE Contract Approval Levels	NumberOfPTApprovalLevels	sTYPE_NUMBER	No	No	Program	Program	NumberOfPTApprovalLevels	Number of RE Contract Approval Levels	program	NumberOfPTApprovalLevels	TEXT		EXISTING_GLOBAL
Global	Program Summary Information	Program Summary Information	Open Project Map Setup Layout	OpenProjectMapSetupLayoutID	sTYPE_PAGE_LAYOUT	No	No	Program	Program	OpenProjectMapSetupLayoutID	Open Project Map Setup Layout	program	OpenProjectMapSetupLayoutID	TEXT	Foreign key (ID reference)	EXISTING_GLOBAL
Global	Program Summary Information	Program Summary Information	Open Project Setup Page Layout	OpenProjectSetupPageLayoutID	sTYPE_PAGE_LAYOUT	No	No	Program	Program	OpenProjectSetupPageLayoutID	Open Project Setup Page Layout	program	OpenProjectSetupPageLayoutID	TEXT	Foreign key (ID reference)	EXISTING_GLOBAL
Global	Program Summary Information	Program Summary Information	Parcel Map Setup Layout	ParcelMapSetupLayoutID	sTYPE_PAGE_LAYOUT	No	No	Program	Program	ParcelMapSetupLayoutID	Parcel Map Setup Layout	program	ParcelMapSetupLayoutID	TEXT	Foreign key (ID reference)	EXISTING_GLOBAL
Global	Program Summary Information	Program Summary Information	Parcel Setup Page Layout	ParcelSetupPageLayoutID	sTYPE_PAGE_LAYOUT	No	No	Program	Program	ParcelSetupPageLayoutID	Parcel Setup Page Layout	program	ParcelSetupPageLayoutID	TEXT	Foreign key (ID reference)	EXISTING_GLOBAL
Global	Program Summary Information	Program Summary Information	Portfolio for Org Chart	OrgChartProgramID	sTYPE_PROGRAM	No	No	Program	Program	OrgChartProgramID	Portfolio for Org Chart	program	OrgChartProgramID	TEXT	Foreign key (ID reference)	EXISTING_GLOBAL
Global	Program Summary Information	Program Summary Information	Postal Code	PostalCode	sTYPE_POSTALCODE	No	No	Program	Program	PostalCode	Postal Code	program	PostalCode	TEXT		EXISTING_GLOBAL;NEEDED_GLOBAL
Global	Program Summary Information	Program Summary Information	Program ClientID	BOMapClientRecordID	sTYPE_TEXT	Yes	No	Program	Program	BOMapClientRecordID	Program ClientID	program	BOMapClientRecordID	TEXT	Client identifier	EXISTING_GLOBAL
Global	Program Summary Information	Program Summary Information	Program or Portfolio	ProgramType	sTYPE_TEXT	Yes	No	Program	Program	ProgramType	Program or Portfolio	program	ProgramType	TEXT		EXISTING_GLOBAL
Global	Program Summary Information	Program Summary Information	Program RecID	ProgramID	sTYPE_UNFORMATTED_NUMBER	No	No	Program	Program	ProgramID	Program RecID	program	ProgramID	VARCHAR(64) NOT NULL	Primary key	EXISTING_GLOBAL
Global	Program Summary Information	Program Summary Information	Project To Facility Setup Layout	ProjectToFacilitySetupLayoutID	sTYPE_PAGE_LAYOUT	No	No	Program	Program	ProjectToFacilitySetupLayoutID	Project To Facility Setup Layout	program	ProjectToFacilitySetupLayoutID	TEXT	Foreign key (ID reference)	EXISTING_GLOBAL
Global	Program Summary Information	Program Summary Information	Projects Completed	NumProjectsComplete	sTYPE_NUMBER	No	No	Program	Program	NumProjectsComplete	Projects Completed	program	NumProjectsComplete	TEXT		EXISTING_GLOBAL
Global	Program Summary Information	Program Summary Information	Projects Completion Date	CapProjectsEndDate	sTYPE_DATE	No	No	Program	Program	CapProjectsEndDate	Projects Completion Date	program	CapProjectsEndDate	TEXT		EXISTING_GLOBAL
Global	Program Summary Information	Program Summary Information	Projects Remaining	NumProjectsNotComplete	sTYPE_NUMBER	No	No	Program	Program	NumProjectsNotComplete	Projects Remaining	program	NumProjectsNotComplete	TEXT		EXISTING_GLOBAL
Global	Program Summary Information	Program Summary Information	Projects Summary	CapProjectsInProgram	sTYPE_TEXT	No	No	Program	Program	CapProjectsInProgram	Projects Summary	program	CapProjectsInProgram	TEXT		EXISTING_GLOBAL
Global	Program Summary Information	Program Summary Information	Prototype Setup Page Layout	PrototypeSetupPageLayoutID	sTYPE_PAGE_LAYOUT	No	No	Program	Program	PrototypeSetupPageLayoutID	Prototype Setup Page Layout	program	PrototypeSetupPageLayoutID	TEXT	Foreign key (ID reference)	EXISTING_GLOBAL
Global	Program Summary Information	Program Summary Information	Prototypes Summary	PrototypesInProgram	sTYPE_TEXT	No	No	Program	Program	PrototypesInProgram	Prototypes Summary	program	PrototypesInProgram	TEXT		EXISTING_GLOBAL
Global	Program Summary Information	Program Summary Information	RE Contract Setup Page Layout	ContractSetupPageLayoutID	sTYPE_PAGE_LAYOUT	No	No	Program	Program	ContractSetupPageLayoutID	RE Contract Setup Page Layout	program	ContractSetupPageLayoutID	TEXT	Foreign key (ID reference)	EXISTING_GLOBAL
Global	Program Summary Information	Program Summary Information	Regions Summary	RegionsInProgram	sTYPE_TEXT	No	No	Program	Program	RegionsInProgram	Regions Summary	program	RegionsInProgram	TEXT		EXISTING_GLOBAL
Global	Program Summary Information	Program Summary Information	Remaining Economic Life Threshold	RemainingEconomicLifeThreshold	sTYPE_PERCENTAGE	No	No	Program	Program	RemainingEconomicLifeThreshold	Remaining Economic Life Threshold	program	RemainingEconomicLifeThreshold	TEXT		EXISTING_GLOBAL;NEEDED_GLOBAL
Global	Program Summary Information	Program Summary Information	Revenue per week	RevenuePerWeek	sTYPE_MONEY	No	No	Program	Program	RevenuePerWeek	Revenue per week	program	RevenuePerWeek	TEXT		EXISTING_GLOBAL
Global	Program Summary Information	Program Summary Information	Scenario Map Setup Layout	ScenarioMapSetupLayoutID	sTYPE_PAGE_LAYOUT	No	No	Program	Program	ScenarioMapSetupLayoutID	Scenario Map Setup Layout	program	ScenarioMapSetupLayoutID	TEXT	Foreign key (ID reference)	EXISTING_GLOBAL
Global	Program Summary Information	Program Summary Information	Single Lease Exchange Rate Type	CodeSingleLeaseFXTypeID	sCODE_EXCHANGE_RATE_TYPE	No	No	Program	Program	CodeSingleLeaseFXTypeID	Single Lease Exchange Rate Type	program	CodeSingleLeaseFXTypeID	TEXT	Foreign key (ID reference)	EXISTING_GLOBAL
Global	Program Summary Information	Program Summary Information	Single Lease Exchange Rate Type (Translation)	CodeSingleLeaseSubFXTypeID	sCODE_EXCHANGE_RATE_TYPE	No	No	Program	Program	CodeSingleLeaseSubFXTypeID	Single Lease Exchange Rate Type (Translation)	program	CodeSingleLeaseSubFXTypeID	TEXT	Foreign key (ID reference)	EXISTING_GLOBAL
Global	Program Summary Information	Program Summary Information	Site Map Setup Layout	SiteMapSetupLayoutID	sTYPE_PAGE_LAYOUT	No	No	Program	Program	SiteMapSetupLayoutID	Site Map Setup Layout	program	SiteMapSetupLayoutID	TEXT	Foreign key (ID reference)	EXISTING_GLOBAL
Global	Program Summary Information	Program Summary Information	Site Setup Page Layout	SiteSetupPageLayoutID	sTYPE_PAGE_LAYOUT	No	No	Program	Program	SiteSetupPageLayoutID	Site Setup Page Layout	program	SiteSetupPageLayoutID	TEXT	Foreign key (ID reference)	EXISTING_GLOBAL
Global	Program Summary Information	Program Summary Information	Site To Project Setup Layout	SiteToProjectSetupLayoutID	sTYPE_PAGE_LAYOUT	No	No	Program	Program	SiteToProjectSetupLayoutID	Site To Project Setup Layout	program	SiteToProjectSetupLayoutID	TEXT	Foreign key (ID reference)	EXISTING_GLOBAL
Global	Program Summary Information	Program Summary Information	SL Asset Amortize Method	SLAssetAmortizeMethod	sTYPE_TEXT	No	No	Program	Program	SLAssetAmortizeMethod	SL Asset Amortize Method	program	SLAssetAmortizeMethod	TEXT		EXISTING_GLOBAL
Global	Program Summary Information	Program Summary Information	SL Cash Amortize Method	SLCashAmortizeMethod	sTYPE_TEXT	No	No	Program	Program	SLCashAmortizeMethod	SL Cash Amortize Method	program	SLCashAmortizeMethod	TEXT		EXISTING_GLOBAL
Global	Program Summary Information	Program Summary Information	SL Discount Rate	SLDiscountRate	sTYPE_PERCENTAGE	No	No	Program	Program	SLDiscountRate	SL Discount Rate	program	SLDiscountRate	TEXT		EXISTING_GLOBAL
Global	Program Summary Information	Program Summary Information	SL Expense Amortize Method	SLExpenseAmortizeMethod	sTYPE_TEXT	No	No	Program	Program	SLExpenseAmortizeMethod	SL Expense Amortize Method	program	SLExpenseAmortizeMethod	TEXT		EXISTING_GLOBAL
Global	Program Summary Information	Program Summary Information	SL Match Year Ends?	SLMatchYearEnds	sTYPE_YES_NO_RADIO	No	No	Program	Program	SLMatchYearEnds	SL Match Year Ends?	program	SLMatchYearEnds	TEXT		EXISTING_GLOBAL
Global	Program Summary Information	Program Summary Information	SL Prorate #35 As #28?	SLProrate35As28	sTYPE_YES_NO_RADIO	No	No	Program	Program	SLProrate35As28	SL Prorate #35 As #28?	program	SLProrate35As28	TEXT		EXISTING_GLOBAL
Global	Program Summary Information	Program Summary Information	State	IStateProvinceCountryID	sTYPE_STATE_PROVINCE	No	No	Program	Program	IStateProvinceCountryID	State	program	IStateProvinceCountryID	TEXT	Foreign key (ID reference)	EXISTING_GLOBAL;NEEDED_GLOBAL
Global	Program Summary Information	Program Summary Information	Street address #1	StreetAddress1	sTYPE_TEXT	No	No	Program	Program	StreetAddress1	Street address #1	program	StreetAddress1	TEXT		EXISTING_GLOBAL
Global	Program Summary Information	Program Summary Information	Street address #2	StreetAddress2	sTYPE_TEXT	No	No	Program	Program	StreetAddress2	Street address #2	program	StreetAddress2	TEXT		EXISTING_GLOBAL
Global	Program Summary Information	Program Summary Information	Street address #3	StreetAddress3	sTYPE_TEXT	No	No	Program	Program	StreetAddress3	Street address #3	program	StreetAddress3	TEXT		EXISTING_GLOBAL
Global	Program Summary Information	Program Summary Information	Street address #4	StreetAddress4	sTYPE_TEXT	No	No	Program	Program	StreetAddress4	Street address #4	program	StreetAddress4	TEXT		EXISTING_GLOBAL
Global	Program Summary Information	Program Summary Information	Total Active Projects	TotalActiveProjects	sTYPE_NUMBER	No	No	Program	Program	TotalActiveProjects	Total Active Projects	program	TotalActiveProjects	TEXT		EXISTING_GLOBAL
Global	Program Summary Information	Program Summary Information	Total Capital Projects	TotalCapitalProjects	sTYPE_NUMBER	No	No	Program	Program	TotalCapitalProjects	Total Capital Projects	program	TotalCapitalProjects	TEXT		EXISTING_GLOBAL
Global	Program Summary Information	Program Summary Information	Total Contracts	TotalContracts	sTYPE_NUMBER	No	No	Program	Program	TotalContracts	Total Contracts	program	TotalContracts	TEXT		EXISTING_GLOBAL
Global	Program Summary Information	Program Summary Information	Total Dead Projects	TotalDeadProjects	sTYPE_NUMBER	No	No	Program	Program	TotalDeadProjects	Total Dead Projects	program	TotalDeadProjects	TEXT		EXISTING_GLOBAL
Global	Program Summary Information	Program Summary Information	Total Equipment Contracts	TotalEquipmentContracts	sTYPE_NUMBER	No	No	Program	Program	TotalEquipmentContracts	Total Equipment Contracts	program	TotalEquipmentContracts	TEXT		EXISTING_GLOBAL
Global	Program Summary Information	Program Summary Information	Total Facilities	TotalFacilities	sTYPE_NUMBER	No	No	Program	Program	TotalFacilities	Total Facilities	program	TotalFacilities	TEXT		EXISTING_GLOBAL
Global	Program Summary Information	Program Summary Information	Total Inactive Projects	TotalInactiveProjects	sTYPE_NUMBER	No	No	Program	Program	TotalInactiveProjects	Total Inactive Projects	program	TotalInactiveProjects	TEXT		EXISTING_GLOBAL
Global	Program Summary Information	Program Summary Information	Total Locations	TotalLocations	sTYPE_NUMBER	No	No	Program	Program	TotalLocations	Total Locations	program	TotalLocations	TEXT		EXISTING_GLOBAL
Global	Program Summary Information	Program Summary Information	Total Opening Projects	TotalOpeningProjects	sTYPE_NUMBER	No	No	Program	Program	TotalOpeningProjects	Total Opening Projects	program	TotalOpeningProjects	TEXT		EXISTING_GLOBAL
Global	Program Summary Information	Program Summary Information	Total Parcels	TotalParcels	sTYPE_NUMBER	No	No	Program	Program	TotalParcels	Total Parcels	program	TotalParcels	TEXT		EXISTING_GLOBAL
Global	Program Summary Information	Program Summary Information	Total Projects	TotalProjects	sTYPE_NUMBER	No	No	Program	Program	TotalProjects	Total Projects	program	TotalProjects	TEXT		EXISTING_GLOBAL
Global	Program Summary Information	Program Summary Information	Total RE Contracts	TotalREContracts	sTYPE_NUMBER	No	No	Program	Program	TotalREContracts	Total RE Contracts	program	TotalREContracts	TEXT		EXISTING_GLOBAL
Global	Program Summary Information	Program Summary Information	Total Sites	TotalSites	sTYPE_NUMBER	No	No	Program	Program	TotalSites	Total Sites	program	TotalSites	TEXT		EXISTING_GLOBAL
Global	Prototype	Prototype Info	Approved?	IsApproved	sTYPE_BOOLEAN	Yes	No	Prototype	Prototype	IsApproved	Approved?	prototype	IsApproved	TEXT		EXISTING_GLOBAL
Global	Prototype	Prototype Info	Average Cost Of Project	AverageCostOfProject	sTYPE_MONEY	Yes	No	Prototype	Prototype	AverageCostOfProject	Average Cost Of Project	prototype	AverageCostOfProject	TEXT		EXISTING_GLOBAL
Global	Prototype	Prototype Info	Average Duration Of Project (months)	AverageDurationOfProject	sTYPE_NUMBER	Yes	No	Prototype	Prototype	AverageDurationOfProject	Average Duration Of Project (months)	prototype	AverageDurationOfProject	TEXT		EXISTING_GLOBAL
Global	Prototype	Prototype Info	Building Area Unit	CodeBuildingAreaUnitID	sCODE_BUILDING_AREA_UNIT	Yes	No	Prototype	Prototype	CodeBuildingAreaUnitID	Building Area Unit	prototype	CodeBuildingAreaUnitID	TEXT	Foreign key (ID reference)	EXISTING_GLOBAL;NEEDED_GLOBAL
Global	Prototype	Prototype Info	Default Construction Type	CodeConstructionTypeID	sCODE_CONSTRUCTION_TYPE	No	No	Prototype	Prototype	CodeConstructionTypeID	Default Construction Type	prototype	CodeConstructionTypeID	TEXT	Foreign key (ID reference)	EXISTING_GLOBAL
Global	Prototype	Prototype Info	Default Distribution Center	CodeDistributionCenterID	sCODE_DISTRIBUTION_CENTER	No	No	Prototype	Prototype	CodeDistributionCenterID	Default Distribution Center	prototype	CodeDistributionCenterID	TEXT	Foreign key (ID reference)	EXISTING_GLOBAL
Global	Prototype	Prototype Info	Default Project Type	CodeProjectTypeID	sCODE_PROJECT_TYPE	No	No	Prototype	Prototype	CodeProjectTypeID	Default Project Type	prototype	CodeProjectTypeID	TEXT	Foreign key (ID reference)	EXISTING_GLOBAL
Global	Prototype	Prototype Info	Default Rentable Area	DefaultRentableArea	sTYPE_AREA	Yes	No	Prototype	Prototype	DefaultRentableArea	Default Rentable Area	prototype	DefaultRentableArea	TEXT		EXISTING_GLOBAL
Global	Prototype	Prototype Info	Default Usable Area	DefaultUsableArea	sTYPE_AREA	Yes	No	Prototype	Prototype	DefaultUsableArea	Default Usable Area	prototype	DefaultUsableArea	TEXT		EXISTING_GLOBAL
Global	Prototype	Prototype Info	Description	ProjectDescription	sTYPE_TEXT	No	No	Prototype	Prototype	ProjectDescription	Description	prototype	ProjectDescription	TEXT		EXISTING_GLOBAL;NEEDED_GLOBAL
Global	Prototype	Prototype Info	Notes	Notes	sTYPE_TEXTAREA	No	No	Prototype	Prototype	Notes	Notes	prototype	Notes	TEXT		EXISTING_GLOBAL;NEEDED_GLOBAL
Global	Prototype	Prototype Info	Portfolio	ProgramID	sTYPE_PROGRAM	Yes	No	Prototype	Prototype	ProgramID	Portfolio	prototype	ProgramID	TEXT	Foreign key (ID reference)	EXISTING_GLOBAL;NEEDED_GLOBAL
Global	Prototype	Prototype Info	Prototype ClientID	BOMapClientRecordID	sTYPE_TEXT	Yes	No	Prototype	Prototype	BOMapClientRecordID	Prototype ClientID	prototype	BOMapClientRecordID	TEXT	Client identifier	EXISTING_GLOBAL
Global	Prototype	Prototype Info	Prototype Name	PrototypeName	sTYPE_TEXT	Yes	No	Prototype	Prototype	PrototypeName	Prototype Name	prototype	PrototypeName	TEXT		EXISTING_GLOBAL
Global	Prototype	Prototype Info	Prototype RecID	PrototypeID	sTYPE_UNFORMATTED_NUMBER	No	No	Prototype	Prototype	PrototypeID	Prototype RecID	prototype	PrototypeID	VARCHAR(64) NOT NULL	Primary key	EXISTING_GLOBAL
Global	Purchase Management	Audit Info	Modified By	ModifiedByID	sTYPE_MEMBER	No	No	LandPurchaseSummary								EXISTING_GLOBAL;NEEDED_GLOBAL
Global	Purchase Management	Audit Info	Modified Date	ModifiedDate	sTYPE_TIME	No	No	LandPurchaseSummary								EXISTING_GLOBAL;NEEDED_GLOBAL
Global	Purchase Management	Inspections	Comments	Notes	sTYPE_TEXTAREA	No	No	LinkLandPurchaseInspection								EXISTING_GLOBAL;NEEDED_GLOBAL
Global	Purchase Management	Inspections	Inspection Duration	InspectionDays	sTYPE_NUMBER	Yes	No	LinkLandPurchaseInspection								EXISTING_GLOBAL
Global	Purchase Management	Inspections	Inspection To Begin	CodeInspectionPeriodStartID	sCODE_INSPECTION_PERIOD_START	Yes	No	LinkLandPurchaseInspection								EXISTING_GLOBAL
Global	Purchase Management	Inspections	Inspection Type	CodeInspectionTypeID	sCODE_INSPECTION_TYPE	Yes	No	LinkLandPurchaseInspection								EXISTING_GLOBAL
Global	Purchase Management	Inspections	Land Purchase Summary	LandPurchaseSummaryID	sTYPE_LAND_PURCHASE_SUMMARY	Yes	No	LinkLandPurchaseInspection								EXISTING_GLOBAL
Global	Purchase Management	Inspections	Modified By	ModifiedByID	sTYPE_MEMBER	No	No	LinkLandPurchaseInspection								EXISTING_GLOBAL;NEEDED_GLOBAL
Global	Purchase Management	Inspections	Modified Date	ModifiedDate	sTYPE_TIME	No	No	LinkLandPurchaseInspection								EXISTING_GLOBAL;NEEDED_GLOBAL
Global	Purchase Management	Ownership	Entity	ProjectEntityID	sTYPE_PROJECT_ENTITY	Yes	No	Ownership	Ownership	ProjectEntityID	ProjectEntityID	ownership	ProjectEntityID	TEXT	Foreign key (ID reference)	EXISTING_GLOBAL;NEEDED_GLOBAL
Global	Purchase Management	Ownership	Funding Amount	FundingAmount	sTYPE_MONEY	Yes	No	Ownership	Ownership	FundingAmount	Funding Amount	ownership	FundingAmount	TEXT		EXISTING_GLOBAL
Global	Purchase Management	Ownership	Funding Percent	FundingPercent	sTYPE_PERCENTAGE	Yes	No	Ownership	Ownership	FundingPercent	Funding Percent	ownership	FundingPercent	TEXT		EXISTING_GLOBAL
Global	Purchase Management	Ownership	Funding Type	CodeFundingTypeID	sCODE_FUNDING_TYPE	Yes	No	Ownership	Ownership	CodeFundingTypeID	Funding Type	ownership	CodeFundingTypeID	TEXT	Foreign key (ID reference)	EXISTING_GLOBAL
Global	Purchase Management	Ownership	Modified By	ModifiedByID	sTYPE_MEMBER	No	No	Ownership	Ownership	ModifiedByID	Modified By	ownership	ModifiedByID	TEXT	Foreign key (ID reference)	EXISTING_GLOBAL;NEEDED_GLOBAL
Global	Purchase Management	Ownership	Modified Date	ModifiedDate	sTYPE_TIME	No	No	Ownership	Ownership	ModifiedDate	Modified Date	ownership	ModifiedDate	TEXT	Incremental watermark	EXISTING_GLOBAL;NEEDED_GLOBAL
Global	Purchase Management	Ownership	Owner	OwnerID	sTYPE_PERSON	Yes	No	Ownership	Ownership	OwnerID	Owner	ownership	OwnerID	TEXT	Foreign key (ID reference)	EXISTING_GLOBAL
Global	Purchase Management	Ownership	Ownership ClientID	BOMapClientRecordID	sTYPE_TEXT	Yes	No	Ownership	Ownership	BOMapClientRecordID	Ownership ClientID	ownership	BOMapClientRecordID	TEXT	Client identifier	EXISTING_GLOBAL
Global	Purchase Management	Ownership	Ownership RecID	OwnershipID	sTYPE_UNFORMATTED_NUMBER	No	No	Ownership	Ownership	OwnershipID	Ownership RecID	ownership	OwnershipID	VARCHAR(64) NOT NULL	Primary key	EXISTING_GLOBAL
Global	Purchase Management	Purchase Management Info	Acreage	Acreage	sTYPE_NUMBER_FRACTION6DIGITS	No	No	LandPurchaseSummary								EXISTING_GLOBAL
Global	Purchase Management	Purchase Management Info	Amended Commencement Date	AmendedCommencementDate	sTYPE_DATE	No	No	LandPurchaseSummary								EXISTING_GLOBAL
Global	Purchase Management	Purchase Management Info	Asking Price	AskingPrice	sTYPE_MONEY	No	No	LandPurchaseSummary								EXISTING_GLOBAL
Global	Purchase Management	Purchase Management Info	Commencement Date	CommencementDate	sTYPE_DATE	No	No	LandPurchaseSummary								EXISTING_GLOBAL
Global	Purchase Management	Purchase Management Info	Contract Options	ContractOptions	sTYPE_TEXTAREA	No	No	LandPurchaseSummary								EXISTING_GLOBAL
Global	Purchase Management	Purchase Management Info	Date Purchaser Signed	SignedPurchaserDate	sTYPE_DATE	No	No	LandPurchaseSummary								EXISTING_GLOBAL
Global	Purchase Management	Purchase Management Info	Date Seller Signed	SignedSellerDate	sTYPE_DATE	No	No	LandPurchaseSummary								EXISTING_GLOBAL
Global	Purchase Management	Purchase Management Info	Earnest money	EarnestMoney	sTYPE_MONEY	No	No	LandPurchaseSummary								EXISTING_GLOBAL
Global	Purchase Management	Purchase Management Info	Earnest Money Hard Date	EarnestMoneyHardDate	sTYPE_DATE	No	No	LandPurchaseSummary								EXISTING_GLOBAL
Global	Purchase Management	Purchase Management Info	Effective Date	EffectiveDate	sTYPE_DATE	No	No	LandPurchaseSummary								EXISTING_GLOBAL;NEEDED_GLOBAL
Global	Purchase Management	Purchase Management Info	Environment Engineer	EnvironmentalEngineerID	sTYPE_PERSON	No	No	LandPurchaseSummary								EXISTING_GLOBAL
Global	Purchase Management	Purchase Management Info	Expected contract signing date	ClosingDate	sTYPE_DATE	No	No	LandPurchaseSummary								EXISTING_GLOBAL
Global	Purchase Management	Purchase Management Info	Expected Store Opening Date	FacilityOpenDate	sTYPE_DATE	No	No	LandPurchaseSummary								EXISTING_GLOBAL
Global	Purchase Management	Purchase Management Info	Finance Agent	FinanceAgentID	sTYPE_PERSON	No	No	LandPurchaseSummary								EXISTING_GLOBAL
Global	Purchase Management	Purchase Management Info	Notes	Notes	sTYPE_TEXTAREA	No	No	LandPurchaseSummary								EXISTING_GLOBAL;NEEDED_GLOBAL
Global	Purchase Management	Purchase Management Info	Property Description	Description	sTYPE_TEXT	No	No	LandPurchaseSummary								EXISTING_GLOBAL;NEEDED_GLOBAL
Global	Purchase Management	Purchase Management Info	Purchase Summary ClientID	BOMapClientRecordID	sTYPE_TEXT	Yes	No	LandPurchaseSummary								EXISTING_GLOBAL
Global	Purchase Management	Purchase Management Info	Purchase Summary RecID	LandPurchaseSummaryID	sTYPE_UNFORMATTED_NUMBER	No	No	LandPurchaseSummary								EXISTING_GLOBAL
Global	Purchase Management	Purchase Management Info	Purchaser	OwnerID	sTYPE_OWNER	No	No	LandPurchaseSummary								EXISTING_GLOBAL
Global	Purchase Management	Purchase Management Info	Purchaser Attorney	OwnerLawyerID	sTYPE_LAWYER	No	No	LandPurchaseSummary								EXISTING_GLOBAL
Global	Purchase Management	Purchase Management Info	Purchaser Broker	OwnerBrokerID	sTYPE_BROKER	No	No	LandPurchaseSummary								EXISTING_GLOBAL
Global	Purchase Management	Purchase Management Info	Purchaser Commission	BuyingCommissionAmount	sTYPE_MONEY	No	No	LandPurchaseSummary								EXISTING_GLOBAL
Global	Purchase Management	Purchase Management Info	Purchaser Signee	OwnerSigneeID	sTYPE_PERSON	No	No	LandPurchaseSummary								EXISTING_GLOBAL
Global	Purchase Management	Purchase Management Info	Sales Price	SalePrice	sTYPE_MONEY	No	No	LandPurchaseSummary								EXISTING_GLOBAL
Global	Purchase Management	Purchase Management Info	Seller	SellerID	sTYPE_OWNER	No	No	LandPurchaseSummary								EXISTING_GLOBAL
Global	Purchase Management	Purchase Management Info	Seller Commission	SellingCommissionAmount	sTYPE_MONEY	No	No	LandPurchaseSummary								EXISTING_GLOBAL
Global	Purchase Management	Purchase Management Info	Seller Signee	SellerSigneeID	sTYPE_PERSON	No	No	LandPurchaseSummary								EXISTING_GLOBAL
Global	Purchase Management	Purchase Management Info	Seller's Lawyer	SellerLawyerID	sTYPE_LAWYER	No	No	LandPurchaseSummary								EXISTING_GLOBAL
Global	Purchase Management	Purchase Management Info	Selling Broker	SellerBrokerID	sTYPE_BROKER	No	No	LandPurchaseSummary								EXISTING_GLOBAL
Global	Purchase Management	Purchase Management Info	Survey Review Period	SurveyReviewDays	sTYPE_NUMBER	No	No	LandPurchaseSummary								EXISTING_GLOBAL
Global	Purchase Management	Purchase Management Info	Title Review Period	TitleReviewDays	sTYPE_NUMBER	No	No	LandPurchaseSummary								EXISTING_GLOBAL
Global	Purchase Management	Purchase Management Info	Waiver Period	WaiverDays	sTYPE_NUMBER	No	No	LandPurchaseSummary								EXISTING_GLOBAL
Global	RE Planner	RE Planner info	Current Filled Targets	NumberCurrentFilledSlots	sTYPE_NUMBER	No	No	ProgramRevenueWeeks								EXISTING_GLOBAL
Global	RE Planner	RE Planner info	Current Filled Weeks	NumberCurrentFilledWeeks	sTYPE_NUMBER	No	No	ProgramRevenueWeeks								EXISTING_GLOBAL
Global	RE Planner	RE Planner info	Current Targets	NumberCurrentTotalSlots	sTYPE_NUMBER	No	No	ProgramRevenueWeeks								EXISTING_GLOBAL
Global	RE Planner	RE Planner info	Current Unfilled Targets	NumberCurrentUnfilledSlots	sTYPE_NUMBER	No	No	ProgramRevenueWeeks								EXISTING_GLOBAL
Global	RE Planner	RE Planner info	Current Unfilled Weeks	NumberCurrentUnfilledWeeks	sTYPE_NUMBER	No	No	ProgramRevenueWeeks								EXISTING_GLOBAL
Global	RE Planner	RE Planner info	Current Weeks	NumberCurrentTotalWeeks	sTYPE_NUMBER	No	No	ProgramRevenueWeeks								EXISTING_GLOBAL
Global	RE Planner	RE Planner info	Development Plan ClientID	BOMapClientRecordID	sTYPE_TEXT	Yes	No	DevelopmentPlan								EXISTING_GLOBAL
Global	RE Planner	RE Planner info	Development Plan Modified By	ModifiedByID	sTYPE_MEMBER	No	No	DevelopmentPlan								EXISTING_GLOBAL
Global	RE Planner	RE Planner info	Development Plan Modified Date	ModifiedDate	sTYPE_TIME	No	No	DevelopmentPlan								EXISTING_GLOBAL
Global	RE Planner	RE Planner info	Development Plan Name	DevelopmentPlanName	sTYPE_TEXT	Yes	No	DevelopmentPlan								EXISTING_GLOBAL
Global	RE Planner	RE Planner info	Development Plan Portfolio	ProgramID	sTYPE_PORTFOLIO	Yes	No	DevelopmentPlan								EXISTING_GLOBAL
Global	RE Planner	RE Planner info	Development Plan RecID	DevelopmentPlanID	sTYPE_UNFORMATTED_NUMBER	No	No	DevelopmentPlan								EXISTING_GLOBAL
Global	RE Planner	RE Planner info	Goal Targets	NumberOfSlots	sTYPE_NUMBER	Yes	No	ProgramRevenueWeeks								EXISTING_GLOBAL
Global	RE Planner	RE Planner info	Goal Weeks	RevenueWeeks	sTYPE_NUMBER	Yes	No	ProgramRevenueWeeks								EXISTING_GLOBAL
Global	RE Planner	RE Planner info	Modified By	ModifiedByID	sTYPE_MEMBER	No	No	ProgramRevenueWeeks								EXISTING_GLOBAL;NEEDED_GLOBAL
Global	RE Planner	RE Planner info	Modified Date	ModifiedDate	sTYPE_TIME	No	No	ProgramRevenueWeeks								EXISTING_GLOBAL;NEEDED_GLOBAL
Global	RE Planner	RE Planner info	Program Revenue Weeks ClientID	BOMapClientRecordID	sTYPE_TEXT	Yes	No	ProgramRevenueWeeks								EXISTING_GLOBAL
Global	RE Planner	RE Planner info	Program Revenue Weeks RecID	ProgramRevenueWeeksID	sTYPE_UNFORMATTED_NUMBER	No	No	ProgramRevenueWeeks								EXISTING_GLOBAL
Global	RE Planner	Targets	Assigned Broker	BrokerMemberID	sTYPE_MEMBER	No	No	DevelopmentSlot								EXISTING_GLOBAL
Global	RE Planner	Targets	Assigned Project	ProjectName	sTYPE_TEXT	No	No	DevelopmentSlot								EXISTING_GLOBAL
Global	RE Planner	Targets	Broker Message	BrokerMessage	sTYPE_TEXTAREA	No	No	DevelopmentSlot								EXISTING_GLOBAL
Global	RE Planner	Targets	Current Revenue Weeks	ActualRevenueWeeks	sTYPE_NUMBER	No	No	DevelopmentSlot								EXISTING_GLOBAL
Global	RE Planner	Targets	Development Plan	DevelopmentPlanID	sTYPE_DEVELOPMENT_PLAN	Yes	No	DevelopmentSlot								EXISTING_GLOBAL
Global	RE Planner	Targets	Duration	Duration	sTYPE_NUMBER	No	No	DevelopmentSlot								EXISTING_GLOBAL
Global	RE Planner	Targets	EndDate	EndDate	sTYPE_DATE	Yes	No	DevelopmentSlot								EXISTING_GLOBAL
Global	RE Planner	Targets	Market Area	CodeMarketAreaID	sCODE_MARKET_AREA	Yes	No	DevelopmentSlot								EXISTING_GLOBAL;NEEDED_GLOBAL
Global	RE Planner	Targets	Market Type	CodeMarketTypeID	sCODE_MARKET_TYPE	No	No	DevelopmentSlot								EXISTING_GLOBAL
Global	RE Planner	Targets	Modified By	ModifiedByID	sTYPE_MEMBER	No	No	DevelopmentSlot								EXISTING_GLOBAL;NEEDED_GLOBAL
Global	RE Planner	Targets	Modified Date	ModifiedDate	sTYPE_TIME	No	No	DevelopmentSlot								EXISTING_GLOBAL;NEEDED_GLOBAL
Global	RE Planner	Targets	Name	DevelopmentSlotName	sTYPE_TEXT	Yes	No	DevelopmentSlot								EXISTING_GLOBAL;NEEDED_GLOBAL
Global	RE Planner	Targets	Original Planned Open Date	OriginalEndDate	sTYPE_DATE	No	No	DevelopmentSlot								EXISTING_GLOBAL
Global	RE Planner	Targets	Parent Region	RootRegionID	sTYPE_ROOT_REGION	No	No	DevelopmentSlot								EXISTING_GLOBAL;NEEDED_GLOBAL
Global	RE Planner	Targets	Planned Open Date	BaselineEndDate	sTYPE_DATE	No	No	DevelopmentSlot								EXISTING_GLOBAL
Global	RE Planner	Targets	Planned Package Date	PlannedPackageDate	sTYPE_DATE	No	No	DevelopmentSlot								EXISTING_GLOBAL
Global	RE Planner	Targets	Portfolio	ProgramID	sTYPE_PROGRAM	Yes	No	DevelopmentSlot								EXISTING_GLOBAL;NEEDED_GLOBAL
Global	RE Planner	Targets	Prototype	PrototypeID	sTYPE_PROTOTYPE	No	No	DevelopmentSlot								EXISTING_GLOBAL
Global	RE Planner	Targets	Region	RegionID	sTYPE_REGION	Yes	No	DevelopmentSlot								EXISTING_GLOBAL;NEEDED_GLOBAL
Global	RE Planner	Targets	Slot Duration	SlotDuration	sTYPE_NUMBER	No	No	DevelopmentSlot								EXISTING_GLOBAL
Global	RE Planner	Targets	Slot Entity	ProjectPEID	sTYPE_PROJECT_ENTITY	No	No	DevelopmentSlot								EXISTING_GLOBAL
Global	RE Planner	Targets	Store Phase	CodeStorePhaseID	sCODE_STORE_PHASE	No	No	DevelopmentSlot								EXISTING_GLOBAL
Global	RE Planner	Targets	Sub Region	SubRegionID	sTYPE_SUBREGION	No	No	DevelopmentSlot								EXISTING_GLOBAL;NEEDED_GLOBAL
Global	RE Planner	Targets	Target ClientID	BOMapClientRecordID	sTYPE_TEXT	Yes	No	DevelopmentSlot								EXISTING_GLOBAL
Global	RE Planner	Targets	Target End Date	SlotEndDate	sTYPE_DATE	No	No	DevelopmentSlot								EXISTING_GLOBAL
Global	RE Planner	Targets	Target RecID	DevelopmentSlotID	sTYPE_UNFORMATTED_NUMBER	No	No	DevelopmentSlot								EXISTING_GLOBAL
Global	RE Planner	Targets	Target Start Date	SlotStartDate	sTYPE_DATE	No	No	DevelopmentSlot								EXISTING_GLOBAL
Global	RE Planner	Targets	Target Type	CodeSlotTypeID	sCODE_SLOT_TYPE	No	No	DevelopmentSlot								EXISTING_GLOBAL
Global	RE Planner	Targets	Task Template Project Entity ID	TaskTemplatePEID	sTYPE_TASK_TEMPLATE	No	No	DevelopmentSlot								EXISTING_GLOBAL
Global	RE Planner	Targets	Trade Area	TradeArea	sTYPE_TEXT	No	No	DevelopmentSlot								EXISTING_GLOBAL
Global	RE Transaction	Contact	City	City	sTYPE_TEXT	No	No	ReTransScenContact								EXISTING_GLOBAL;NEEDED_GLOBAL
Global	RE Transaction	Contact	Contact Type	CodeContactTypeID	sCODE_CONTACT_TYPE	No	No	ReTransScenContact								EXISTING_GLOBAL;NEEDED_GLOBAL
Global	RE Transaction	Contact	Created By	CreatedByID	sTYPE_MEMBER	No	No	ReTransScenContact								EXISTING_GLOBAL;NEEDED_GLOBAL
Global	RE Transaction	Contact	Created Date	CreatedDate	sTYPE_TIME	No	No	ReTransScenContact								EXISTING_GLOBAL;NEEDED_GLOBAL
Global	RE Transaction	Contact	E Mail #1	EMail1	sTYPE_TEXT	No	No	ReTransScenContact								EXISTING_GLOBAL
Global	RE Transaction	Contact	Employer Name	EmployerName	sTYPE_TEXTAREA	Yes	No	ReTransScenContact								EXISTING_GLOBAL;NEEDED_GLOBAL
Global	RE Transaction	Contact	First Name	FirstName	sTYPE_TEXT	Yes	No	ReTransScenContact								EXISTING_GLOBAL;NEEDED_GLOBAL
Global	RE Transaction	Contact	Job Function	CodeJobFunctionID	sCODE_JOB_FUNCTION	No	No	ReTransScenContact								EXISTING_GLOBAL;NEEDED_GLOBAL
Global	RE Transaction	Contact	Job Title	CodeJobTitleID	sCODE_JOB_TITLE	No	No	ReTransScenContact								EXISTING_GLOBAL;NEEDED_GLOBAL
Global	RE Transaction	Contact	Jurisdiction	JurisdictionID	sTYPE_JURISDICTION	No	No	ReTransScenContact								EXISTING_GLOBAL;NEEDED_GLOBAL
Global	RE Transaction	Contact	Last Name	LastName	sTYPE_TEXT	Yes	No	ReTransScenContact								EXISTING_GLOBAL;NEEDED_GLOBAL
Global	RE Transaction	Contact	Middle Name	MiddleName	sTYPE_TEXT	No	No	ReTransScenContact								EXISTING_GLOBAL;NEEDED_GLOBAL
Global	RE Transaction	Contact	Mobile Number	MobileNumber	sTYPE_TEXT	No	No	ReTransScenContact								EXISTING_GLOBAL;NEEDED_GLOBAL
Global	RE Transaction	Contact	Modified By	ModifiedByID	sTYPE_MEMBER	No	No	ReTransScenContact								EXISTING_GLOBAL;NEEDED_GLOBAL
Global	RE Transaction	Contact	Modified Date	ModifiedDate	sTYPE_TIME	No	No	ReTransScenContact								EXISTING_GLOBAL;NEEDED_GLOBAL
Global	RE Transaction	Contact	Name (First Last)	NameFirstLast	sTYPE_TEXT	No	No	ReTransScenContact								EXISTING_GLOBAL
Global	RE Transaction	Contact	Name (Last First)	NameLastFirst	sTYPE_TEXT	No	No	ReTransScenContact								EXISTING_GLOBAL
Global	RE Transaction	Contact	Notes	Notes	sTYPE_TEXTAREA	No	No	ReTransScenContact								EXISTING_GLOBAL;NEEDED_GLOBAL
Global	RE Transaction	Contact	Phone	Phone	sTYPE_TEXT	No	No	ReTransScenContact								EXISTING_GLOBAL;NEEDED_GLOBAL
Global	RE Transaction	Contact	Postal Code	PostalCode	sTYPE_POSTALCODE	No	No	ReTransScenContact								EXISTING_GLOBAL;NEEDED_GLOBAL
Global	RE Transaction	Contact	RE Trans Scen Contact ID	ReTransScenContactID	sTYPE_UNFORMATTED_NUMBER	No	No	ReTransScenContact								EXISTING_GLOBAL
Global	RE Transaction	Contact	State Province Country	StateProvinceCountryID	sTYPE_STATE_PROVINCE	No	No	ReTransScenContact								EXISTING_GLOBAL
Global	RE Transaction	Contact	Street Address #1	StreetAddress1	sTYPE_TEXT	No	No	ReTransScenContact								EXISTING_GLOBAL;NEEDED_GLOBAL
Global	RE Transaction	Contact	Street Address #2	StreetAddress2	sTYPE_TEXT	No	No	ReTransScenContact								EXISTING_GLOBAL;NEEDED_GLOBAL
Global	RE Transaction	Contact	Street Address #3	StreetAddress3	sTYPE_TEXT	No	No	ReTransScenContact								EXISTING_GLOBAL;NEEDED_GLOBAL
Global	RE Transaction	Contact	Street Address #4	StreetAddress4	sTYPE_TEXT	No	No	ReTransScenContact								EXISTING_GLOBAL;NEEDED_GLOBAL
Global	RE Transaction	Contact	Suffix	Suffix	sTYPE_TEXT	No	No	ReTransScenContact								EXISTING_GLOBAL;NEEDED_GLOBAL
Global	RE Transaction	Contact	Title	Title	sTYPE_TEXT	No	No	ReTransScenContact								EXISTING_GLOBAL;NEEDED_GLOBAL
Global	RE Transaction	Contact List	City	City	sTYPE_TEXT	No	No	LinkReTransScenContact								EXISTING_GLOBAL;NEEDED_GLOBAL
Global	RE Transaction	Contact List	Company Contact	PersonID	sTYPE_PERSON	No	No	LinkReTransScenContact								EXISTING_GLOBAL
Global	RE Transaction	Contact List	Contact Type	CodeContactTypeIDList	sCODE_CONTACT_TYPE	No	No	LinkReTransScenContact								EXISTING_GLOBAL;NEEDED_GLOBAL
Global	RE Transaction	Contact List	Created By	CreatedByID	sTYPE_MEMBER	No	No	LinkReTransScenContact								EXISTING_GLOBAL;NEEDED_GLOBAL
Global	RE Transaction	Contact List	Created Date	CreatedDate	sTYPE_TIME	No	No	LinkReTransScenContact								EXISTING_GLOBAL;NEEDED_GLOBAL
Global	RE Transaction	Contact List	E Mail #1	EMail1	sTYPE_TEXT	No	No	LinkReTransScenContact								EXISTING_GLOBAL
Global	RE Transaction	Contact List	Employer Name	EmployerName	sTYPE_TEXTAREA	No	No	LinkReTransScenContact								EXISTING_GLOBAL;NEEDED_GLOBAL
Global	RE Transaction	Contact List	First Name	FirstName	sTYPE_TEXT	No	No	LinkReTransScenContact								EXISTING_GLOBAL;NEEDED_GLOBAL
Global	RE Transaction	Contact List	Job Function	ICodeJobFunctionID	sCODE_JOB_FUNCTION	No	No	LinkReTransScenContact								EXISTING_GLOBAL;NEEDED_GLOBAL
Global	RE Transaction	Contact List	Job Title	CodeJobTitleID	sCODE_JOB_TITLE	No	No	LinkReTransScenContact								EXISTING_GLOBAL;NEEDED_GLOBAL
Global	RE Transaction	Contact List	Jurisdiction	JurisdictionID	sTYPE_JURISDICTION	No	No	LinkReTransScenContact								EXISTING_GLOBAL;NEEDED_GLOBAL
Global	RE Transaction	Contact List	Last Name	LastName	sTYPE_TEXT	No	No	LinkReTransScenContact								EXISTING_GLOBAL;NEEDED_GLOBAL
Global	RE Transaction	Contact List	Middle Name	MiddleName	sTYPE_TEXT	No	No	LinkReTransScenContact								EXISTING_GLOBAL;NEEDED_GLOBAL
Global	RE Transaction	Contact List	Mobile Number	MobileNumber	sTYPE_TEXT	No	No	LinkReTransScenContact								EXISTING_GLOBAL;NEEDED_GLOBAL
Global	RE Transaction	Contact List	Modified By	ModifiedByID	sTYPE_MEMBER	No	No	LinkReTransScenContact								EXISTING_GLOBAL;NEEDED_GLOBAL
Global	RE Transaction	Contact List	Modified Date	ModifiedDate	sTYPE_TIME	No	No	LinkReTransScenContact								EXISTING_GLOBAL;NEEDED_GLOBAL
Global	RE Transaction	Contact List	Name (First Last)	NameFirstLast	sTYPE_TEXT	No	No	LinkReTransScenContact								EXISTING_GLOBAL
Global	RE Transaction	Contact List	Name (Last First)	NameLastFirst	sTYPE_TEXT	No	No	LinkReTransScenContact								EXISTING_GLOBAL
Global	RE Transaction	Contact List	Phone	Phone	sTYPE_TEXT	No	No	LinkReTransScenContact								EXISTING_GLOBAL;NEEDED_GLOBAL
Global	RE Transaction	Contact List	Postal Code	PostalCode	sTYPE_POSTALCODE	No	No	LinkReTransScenContact								EXISTING_GLOBAL;NEEDED_GLOBAL
Global	RE Transaction	Contact List	RE Transaction	RETransactionID	sTYPE_RE_TRANSACTION	No	No	LinkReTransScenContact								EXISTING_GLOBAL
Global	RE Transaction	Contact List	RE Transaction Contact	ReTransScenContactID	sTYPE_RETRAN_CONTACT	No	No	LinkReTransScenContact								EXISTING_GLOBAL
Global	RE Transaction	Contact List	RE Transaction Scenario Contact ClientID	BOMapClientRecordID	sTYPE_TEXT	Yes	No	LinkReTransScenContact								EXISTING_GLOBAL
Global	RE Transaction	Contact List	RE Transaction Scenario Contact RecID	LinkReTransScenContactID	sTYPE_UNFORMATTED_NUMBER	No	No	LinkReTransScenContact								EXISTING_GLOBAL
Global	RE Transaction	Contact List	Scenario	ScenarioID	sTYPE_SCENARIO	No	No	LinkReTransScenContact								EXISTING_GLOBAL
Global	RE Transaction	Contact List	State Province Country	StateProvinceCountryID	sTYPE_STATE_PROVINCE	No	No	LinkReTransScenContact								EXISTING_GLOBAL
Global	RE Transaction	Contact List	Street Address #1	StreetAddress1	sTYPE_TEXT	No	No	LinkReTransScenContact								EXISTING_GLOBAL;NEEDED_GLOBAL
Global	RE Transaction	Contact List	Street Address #2	StreetAddress2	sTYPE_TEXT	No	No	LinkReTransScenContact								EXISTING_GLOBAL;NEEDED_GLOBAL
Global	RE Transaction	Contact List	Street Address #3	StreetAddress3	sTYPE_TEXT	No	No	LinkReTransScenContact								EXISTING_GLOBAL;NEEDED_GLOBAL
Global	RE Transaction	Contact List	Street Address #4	StreetAddress4	sTYPE_TEXT	No	No	LinkReTransScenContact								EXISTING_GLOBAL;NEEDED_GLOBAL
Global	RE Transaction	Contact List	Suffix	Suffix	sTYPE_TEXT	No	No	LinkReTransScenContact								EXISTING_GLOBAL;NEEDED_GLOBAL
Global	RE Transaction	Contact List	Title	Title	sTYPE_TEXT	No	No	LinkReTransScenContact								EXISTING_GLOBAL;NEEDED_GLOBAL
Global	RE Transaction	RE Transaction Info	Active Deal Step(s)	ActiveDealStepTaskIDList	sTYPE_TASK	No	No	RETransaction								EXISTING_GLOBAL
Global	RE Transaction	RE Transaction Info	Approved Capital Budget	ApprovedCapitalBudget	sTYPE_MONEY	No	No	RETransaction								EXISTING_GLOBAL
Global	RE Transaction	RE Transaction Info	Begin Date	BeginDate	sTYPE_DATE	No	No	RETransaction								EXISTING_GLOBAL;NEEDED_GLOBAL
Global	RE Transaction	RE Transaction Info	Created By	CreatedByID	sTYPE_MEMBER	No	No	RETransaction								EXISTING_GLOBAL;NEEDED_GLOBAL
Global	RE Transaction	RE Transaction Info	Created Date	CreatedDate	sTYPE_TIME	No	No	RETransaction								EXISTING_GLOBAL;NEEDED_GLOBAL
Global	RE Transaction	RE Transaction Info	Deal Schedule	DealSchedule	sTYPE_TASK	No	No	RETransaction								EXISTING_GLOBAL
Global	RE Transaction	RE Transaction Info	Deal Steps	DealStepSchedule	sTYPE_MINISCHEDULE	No	No	RETransaction								EXISTING_GLOBAL
Global	RE Transaction	RE Transaction Info	Documents	DocumentIDList	sTYPE_DOCUMENT_LIST	No	No	RETransaction								EXISTING_GLOBAL;NEEDED_GLOBAL
Global	RE Transaction	RE Transaction Info	End Date	EndDate	sTYPE_DATE	No	No	RETransaction								EXISTING_GLOBAL;NEEDED_GLOBAL
Global	RE Transaction	RE Transaction Info	Facility	FacilityID	sTYPE_FACILITY	No	No	RETransaction								EXISTING_GLOBAL;NEEDED_GLOBAL
Global	RE Transaction	RE Transaction Info	Kickoff Contract Covenant	KickoffCovenantID	sTYPE_COVENANT	No	No	RETransaction								EXISTING_GLOBAL
Global	RE Transaction	RE Transaction Info	Kickoff Contract Key Date	KickoffKeyDateID	sTYPE_KEY_DATE	No	No	RETransaction								EXISTING_GLOBAL
Global	RE Transaction	RE Transaction Info	Kickoff Contract Term	KickoffContractTermID	sTYPE_CONTRACT_TERM	No	No	RETransaction								EXISTING_GLOBAL
Global	RE Transaction	RE Transaction Info	Kickoff Scenario	KickoffScenarioID	sTYPE_SCENARIO	No	No	RETransaction								EXISTING_GLOBAL
Global	RE Transaction	RE Transaction Info	Modified By	ModifiedByID	sTYPE_MEMBER	No	No	RETransaction								EXISTING_GLOBAL;NEEDED_GLOBAL
Global	RE Transaction	RE Transaction Info	Modified Date	ModifiedDate	sTYPE_TIME	No	No	RETransaction								EXISTING_GLOBAL;NEEDED_GLOBAL
Global	RE Transaction	RE Transaction Info	Notes	Notes	sTYPE_TEXTAREA	No	No	RETransaction								EXISTING_GLOBAL;NEEDED_GLOBAL
Global	RE Transaction	RE Transaction Info	Number of Scenarios	NumberOfScenarios	sTYPE_UNFORMATTED_NUMBER	No	No	RETransaction								EXISTING_GLOBAL
Global	RE Transaction	RE Transaction Info	Preferred Scenario	PreferredScenarioID	sTYPE_SCENARIO	No	No	RETransaction								EXISTING_GLOBAL
Global	RE Transaction	RE Transaction Info	Preferred Scenario Covenant Notes	PreferredScenarioCovenantNotes	sTYPE_TEXTAREA	No	No	RETransaction								EXISTING_GLOBAL
Global	RE Transaction	RE Transaction Info	Preferred Scenario Deal Type	PreferredScenarioCodeDealTypeID	sCODE_SCENARIO_DEAL_TYPE	No	No	RETransaction								EXISTING_GLOBAL
Global	RE Transaction	RE Transaction Info	Program	ProgramID	sTYPE_PROGRAM	Yes	No	RETransaction								EXISTING_GLOBAL;NEEDED_GLOBAL
Global	RE Transaction	RE Transaction Info	RE Transaction ClientID	BOMapClientRecordID	sTYPE_TEXT	Yes	No	RETransaction								EXISTING_GLOBAL
Global	RE Transaction	RE Transaction Info	RE Transaction RecID	RETransactionID	sTYPE_UNFORMATTED_NUMBER	No	No	RETransaction								EXISTING_GLOBAL
Global	RE Transaction	RE Transaction Info	Related Transaction	RelatedTransactionID	sTYPE_RE_TRANSACTION	No	No	RETransaction								EXISTING_GLOBAL
Global	RE Transaction	RE Transaction Info	Rev Number	RevNumber	sTYPE_UNFORMATTED_NUMBER	No	No	RETransaction								EXISTING_GLOBAL;NEEDED_GLOBAL
Global	RE Transaction	RE Transaction Info	Selected Scenario	SelectedScenarioID	sTYPE_SCENARIO	No	No	RETransaction								EXISTING_GLOBAL
Global	RE Transaction	RE Transaction Info	Transaction Manager	AssigneeMemberID	sTYPE_MEMBER	No	No	RETransaction								EXISTING_GLOBAL
Global	RE Transaction	RE Transaction Info	Transaction Name	TransactionName	sTYPE_TEXT	Yes	No	RETransaction								EXISTING_GLOBAL
Global	RE Transaction	RE Transaction Info	Transaction Status	CodeRETransactionStatusID	sCODE_RE_TRANSACTION_STATUS	No	No	RETransaction								EXISTING_GLOBAL
Global	RE Transaction	Scenario Info	Active Deal Step(s)	ActiveDealStepTaskIDList	sTYPE_TASK	No	No	Scenario	Scenario	ActiveDealStepTaskIDList	Active Deal Step(s)	scenario	ActiveDealStepTaskIDList	TEXT		EXISTING_GLOBAL
Global	RE Transaction	Scenario Info	Additional Terms	AdditionalTerms	sTYPE_NUMBER	No	No	Scenario	Scenario	AdditionalTerms	Additional Terms	scenario	AdditionalTerms	TEXT		EXISTING_GLOBAL
Global	RE Transaction	Scenario Info	Amendment	AmendmentID	sTYPE_CONTRACT_AMENDMENT	No	No	Scenario	Scenario	AmendmentID	Amendment	scenario	AmendmentID	TEXT	Foreign key (ID reference)	EXISTING_GLOBAL;NEEDED_GLOBAL
Global	RE Transaction	Scenario Info	Annual Total Rent	AnnualTotalRent	sTYPE_MONEY	No	No	Scenario	Scenario	AnnualTotalRent	Annual Total Rent	scenario	AnnualTotalRent	TEXT		EXISTING_GLOBAL
Global	RE Transaction	Scenario Info	Average HH Income	AverageHHIncome	sTYPE_MONEY	No	No	Scenario	Scenario	AverageHHIncome	Average HH Income	scenario	AverageHHIncome	TEXT		EXISTING_GLOBAL
Global	RE Transaction	Scenario Info	Block	Block	sTYPE_TEXT	No	No	Scenario	Scenario	Block	Block	scenario	Block	TEXT		EXISTING_GLOBAL;NEEDED_GLOBAL
Global	RE Transaction	Scenario Info	Broker Commission	BrokerCommission	sTYPE_PERCENTAGE	No	No	Scenario	Scenario	BrokerCommission	Broker Commission	scenario	BrokerCommission	TEXT		EXISTING_GLOBAL
Global	RE Transaction	Scenario Info	Building Area Unit	CodeBuildingAreaUnitID	sCODE_BUILDING_AREA_UNIT	No	No	Scenario	Scenario	CodeBuildingAreaUnitID	Building Area Unit	scenario	CodeBuildingAreaUnitID	TEXT	Foreign key (ID reference)	EXISTING_GLOBAL;NEEDED_GLOBAL
Global	RE Transaction	Scenario Info	Capital Required	CapitalRequired	sTYPE_MONEY	No	No	Scenario	Scenario	CapitalRequired	Capital Required	scenario	CapitalRequired	TEXT		EXISTING_GLOBAL
Global	RE Transaction	Scenario Info	Close Days	CloseDays	sTYPE_NUMBER	No	No	Scenario	Scenario	CloseDays	Close Days	scenario	CloseDays	TEXT		EXISTING_GLOBAL
Global	RE Transaction	Scenario Info	Contract	ContractID	sTYPE_CONTRACT	No	No	Scenario	Scenario	ContractID	Contract	scenario	ContractID	TEXT	Foreign key (ID reference)	EXISTING_GLOBAL;NEEDED_GLOBAL
Global	RE Transaction	Scenario Info	Contract Key Date	KeyDateID	sTYPE_KEY_DATE	No	No	Scenario	Scenario	KeyDateID	Contract Key Date	scenario	KeyDateID	TEXT	Foreign key (ID reference)	EXISTING_GLOBAL
Global	RE Transaction	Scenario Info	Contract Term	ContractTermID	sTYPE_CONTRACT_TERM	No	No	Scenario	Scenario	ContractTermID	Contract Term	scenario	ContractTermID	TEXT	Foreign key (ID reference)	EXISTING_GLOBAL;NEEDED_GLOBAL
Global	RE Transaction	Scenario Info	Covenant	CovenantID	sTYPE_COVENANT	No	No	Scenario	Scenario	CovenantID	Covenant	scenario	CovenantID	TEXT	Foreign key (ID reference)	EXISTING_GLOBAL;NEEDED_GLOBAL
Global	RE Transaction	Scenario Info	Covenant Category	CodeCovenantCategoryID	sCODE_COVENANT_CATEGORY	No	No	Scenario	Scenario	CodeCovenantCategoryID	Covenant Category	scenario	CodeCovenantCategoryID	TEXT	Foreign key (ID reference)	EXISTING_GLOBAL;NEEDED_GLOBAL
Global	RE Transaction	Scenario Info	Covenant Group	CodeCovenantGroupID	sCODE_COVENANT_GROUP	No	No	Scenario	Scenario	CodeCovenantGroupID	Covenant Group	scenario	CodeCovenantGroupID	TEXT	Foreign key (ID reference)	EXISTING_GLOBAL;NEEDED_GLOBAL
Global	RE Transaction	Scenario Info	Covenant Status	CodeCovenantStatusID	sCODE_COVENANT_STATUS	No	No	Scenario	Scenario	CodeCovenantStatusID	Covenant Status	scenario	CodeCovenantStatusID	TEXT	Foreign key (ID reference)	EXISTING_GLOBAL;NEEDED_GLOBAL
Global	RE Transaction	Scenario Info	Covenant Type	CodeCovenantTypeID	sCODE_COVENANT_TYPE	No	No	Scenario	Scenario	CodeCovenantTypeID	Covenant Type	scenario	CodeCovenantTypeID	TEXT	Foreign key (ID reference)	EXISTING_GLOBAL;NEEDED_GLOBAL
Global	RE Transaction	Scenario Info	Created By	CreatedByID	sTYPE_MEMBER	No	No	Scenario	Scenario	CreatedByID	Created By	scenario	CreatedByID	TEXT	Foreign key (ID reference)	EXISTING_GLOBAL;NEEDED_GLOBAL
Global	RE Transaction	Scenario Info	Created Date	CreatedDate	sTYPE_TIME	No	No	Scenario	Scenario	CreatedDate	Created Date	scenario	CreatedDate	TEXT	Audit	EXISTING_GLOBAL;NEEDED_GLOBAL
Global	RE Transaction	Scenario Info	Currency	CodeCurrencyTypeID	sCODE_CURRENCY_TYPE	No	No	Scenario	Scenario	CodeCurrencyTypeID	Currency	scenario	CodeCurrencyTypeID	TEXT	Foreign key (ID reference)	EXISTING_GLOBAL
Global	RE Transaction	Scenario Info	Deal Schedule	DealSchedule	sTYPE_TASK	No	No	Scenario	Scenario	DealSchedule	Deal Schedule	scenario	DealSchedule	TEXT		EXISTING_GLOBAL
Global	RE Transaction	Scenario Info	Deal Steps	DealStepSchedule	sTYPE_MINISCHEDULE	No	No	Scenario	Scenario	DealStepSchedule	Deal Steps	scenario	DealStepSchedule	TEXT		EXISTING_GLOBAL
Global	RE Transaction	Scenario Info	Decision Date	DecisionDate	sTYPE_DATE	No	No	Scenario	Scenario	DecisionDate	Decision Date	scenario	DecisionDate	TEXT		EXISTING_GLOBAL
Global	RE Transaction	Scenario Info	Decision Status	CodeDecisionStatusID	sCODE_DECISION_STATUS	No	No	Scenario	Scenario	CodeDecisionStatusID	Decision Status	scenario	CodeDecisionStatusID	TEXT	Foreign key (ID reference)	EXISTING_GLOBAL
Global	RE Transaction	Scenario Info	Deposit	Deposit	sTYPE_MONEY	No	No	Scenario	Scenario	Deposit	Deposit	scenario	Deposit	TEXT		EXISTING_GLOBAL
Global	RE Transaction	Scenario Info	Discount Rate	DiscountRate	sTYPE_PERCENTAGE	No	No	Scenario	Scenario	DiscountRate	Discount Rate	scenario	DiscountRate	TEXT		EXISTING_GLOBAL;NEEDED_GLOBAL
Global	RE Transaction	Scenario Info	Documents	DocumentIDList	sTYPE_DOCUMENT_LIST	No	No	Scenario	Scenario	DocumentIDList	Documents	scenario	DocumentIDList	TEXT		EXISTING_GLOBAL;NEEDED_GLOBAL
Global	RE Transaction	Scenario Info	Due Diligence Days	DueDiligenceDays	sTYPE_NUMBER	No	No	Scenario	Scenario	DueDiligenceDays	Due Diligence Days	scenario	DueDiligenceDays	TEXT		EXISTING_GLOBAL
Global	RE Transaction	Scenario Info	End Date	EndDate	sTYPE_DATE	No	No	Scenario	Scenario	EndDate	End Date	scenario	EndDate	TEXT		EXISTING_GLOBAL;NEEDED_GLOBAL
Global	RE Transaction	Scenario Info	Full Address	HTMLAddress	sTYPE_TEXT	No	No	Scenario	Scenario	HTMLAddress	Full Address	scenario	HTMLAddress	TEXT		EXISTING_GLOBAL;NEEDED_GLOBAL
Global	RE Transaction	Scenario Info	Lot	Lot	sTYPE_TEXT	No	No	Scenario	Scenario	Lot	Lot	scenario	Lot	TEXT		EXISTING_GLOBAL;NEEDED_GLOBAL
Global	RE Transaction	Scenario Info	Major Tenants	MajorTenants	sTYPE_TEXT	No	No	Scenario	Scenario	MajorTenants	Major Tenants	scenario	MajorTenants	TEXT		EXISTING_GLOBAL
Global	RE Transaction	Scenario Info	Market	CodeMarketAreaID	sCODE_MARKET_AREA	No	No	Scenario	Scenario	CodeMarketAreaID	Market	scenario	CodeMarketAreaID	TEXT	Foreign key (ID reference)	EXISTING_GLOBAL
Global	RE Transaction	Scenario Info	Median HH Income	MedianHHIncome	sTYPE_MONEY	No	No	Scenario	Scenario	MedianHHIncome	Median HH Income	scenario	MedianHHIncome	TEXT		EXISTING_GLOBAL
Global	RE Transaction	Scenario Info	Modified By	ModifiedByID	sTYPE_MEMBER	No	No	Scenario	Scenario	ModifiedByID	Modified By	scenario	ModifiedByID	TEXT	Foreign key (ID reference)	EXISTING_GLOBAL;NEEDED_GLOBAL
Global	RE Transaction	Scenario Info	Modified Date	ModifiedDate	sTYPE_TIME	No	No	Scenario	Scenario	ModifiedDate	Modified Date	scenario	ModifiedDate	TEXT	Incremental watermark	EXISTING_GLOBAL;NEEDED_GLOBAL
Global	RE Transaction	Scenario Info	New Term End Date	NewTermEndDate	sTYPE_DATE	No	No	Scenario	Scenario	NewTermEndDate	New Term End Date	scenario	NewTermEndDate	TEXT		EXISTING_GLOBAL
Global	RE Transaction	Scenario Info	New Term Length	NewTermLength	sTYPE_DATE_MATH_OPERATION	No	No	Scenario	Scenario	NewTermLength	New Term Length	scenario	NewTermLength	TEXT		EXISTING_GLOBAL
Global	RE Transaction	Scenario Info	New Term Start Date	NewTermStartDate	sTYPE_DATE	No	No	Scenario	Scenario	NewTermStartDate	New Term Start Date	scenario	NewTermStartDate	TEXT		EXISTING_GLOBAL
Global	RE Transaction	Scenario Info	Notes	Notes	sTYPE_TEXTAREA	No	No	Scenario	Scenario	Notes	Notes	scenario	Notes	TEXT		EXISTING_GLOBAL;NEEDED_GLOBAL
Global	RE Transaction	Scenario Info	Notice Begin Date	NoticeBeginDate	sTYPE_DATE	No	No	Scenario	Scenario	NoticeBeginDate	Notice Begin Date	scenario	NoticeBeginDate	TEXT		EXISTING_GLOBAL
Global	RE Transaction	Scenario Info	Notice End Date	NoticeEndDate	sTYPE_DATE	No	No	Scenario	Scenario	NoticeEndDate	Notice End Date	scenario	NoticeEndDate	TEXT		EXISTING_GLOBAL
Global	RE Transaction	Scenario Info	Operating Costs CAM	OperatingCostsCAM	sTYPE_MONEY	No	No	Scenario	Scenario	OperatingCostsCAM	Operating Costs CAM	scenario	OperatingCostsCAM	TEXT		EXISTING_GLOBAL
Global	RE Transaction	Scenario Info	Original Lease Start Date	OriginalLeaseStartDate	sTYPE_DATE	No	No	Scenario	Scenario	OriginalLeaseStartDate	Original Lease Start Date	scenario	OriginalLeaseStartDate	TEXT		EXISTING_GLOBAL
Global	RE Transaction	Scenario Info	Parking Ratio	ParkingRatio	sTYPE_NUMBER_FRACTION6DIGITS	No	No	Scenario	Scenario	ParkingRatio	Parking Ratio	scenario	ParkingRatio	TEXT		EXISTING_GLOBAL
Global	RE Transaction	Scenario Info	Parking Spaces	ParkingSpaces	sTYPE_NUMBER	No	No	Scenario	Scenario	ParkingSpaces	Parking Spaces	scenario	ParkingSpaces	TEXT		EXISTING_GLOBAL
Global	RE Transaction	Scenario Info	Population 5yr Growth	Population5yrGrowth	sTYPE_PERCENTAGE	No	No	Scenario	Scenario	Population5yrGrowth	Population 5yr Growth	scenario	Population5yrGrowth	TEXT		EXISTING_GLOBAL
Global	RE Transaction	Scenario Info	Pro Rata Share Rate	ProRataShareRate	sTYPE_PERCENTAGE	No	No	Scenario	Scenario	ProRataShareRate	Pro Rata Share Rate	scenario	ProRataShareRate	TEXT		EXISTING_GLOBAL;NEEDED_GLOBAL
Global	RE Transaction	Scenario Info	Property Type	CodePropertyTypeID	sCODE_PROPERTY_TYPE	No	No	Scenario	Scenario	CodePropertyTypeID	Property Type	scenario	CodePropertyTypeID	TEXT	Foreign key (ID reference)	EXISTING_GLOBAL
Global	RE Transaction	Scenario Info	Proposed Commencement Date	ProposedCommencementDate	sTYPE_DATE	No	No	Scenario	Scenario	ProposedCommencementDate	Proposed Commencement Date	scenario	ProposedCommencementDate	TEXT		EXISTING_GLOBAL
Global	RE Transaction	Scenario Info	Proposed Term Length	ProposedTermLength	sTYPE_NUMBER	No	No	Scenario	Scenario	ProposedTermLength	Proposed Term Length	scenario	ProposedTermLength	TEXT		EXISTING_GLOBAL
Global	RE Transaction	Scenario Info	Re Taxes Per Area Unit	ReTaxesPerAreaUnit	sTYPE_MONEY	No	No	Scenario								EXISTING_GLOBAL
Global	RE Transaction	Scenario Info	RE Transaction	RETransactionID	sTYPE_RE_TRANSACTION	Yes	No	Scenario	Scenario	RETransactionID	RE Transaction	scenario	RETransactionID	TEXT	Foreign key (ID reference)	EXISTING_GLOBAL
Global	RE Transaction	Scenario Info	Related Entity	ProjectEntityID	sTYPE_PROJECT_ENTITY	Yes	No	Scenario	Scenario	ProjectEntityID	ProjectEntityID	scenario	ProjectEntityID	TEXT	Foreign key (ID reference)	EXISTING_GLOBAL;NEEDED_GLOBAL
Global	RE Transaction	Scenario Info	Rentable Area	RentableArea	sTYPE_AREA	No	No	Scenario	Scenario	RentableArea	Rentable Area	scenario	RentableArea	TEXT		EXISTING_GLOBAL;NEEDED_GLOBAL
Global	RE Transaction	Scenario Info	Rev Number	RevNumber	sTYPE_UNFORMATTED_NUMBER	No	No	Scenario	Scenario	RevNumber	Rev Number	scenario	RevNumber	TEXT	Audit	EXISTING_GLOBAL;NEEDED_GLOBAL
Global	RE Transaction	Scenario Info	Risk Class	RiskClass	sTYPE_TEXT	No	No	Scenario	Scenario	RiskClass	Risk Class	scenario	RiskClass	TEXT		EXISTING_GLOBAL
Global	RE Transaction	Scenario Info	Scenario ClientID	BOMapClientRecordID	sTYPE_TEXT	Yes	No	Scenario	Scenario	BOMapClientRecordID	Scenario ClientID	scenario	BOMapClientRecordID	TEXT	Client identifier	EXISTING_GLOBAL
Global	RE Transaction	Scenario Info	Scenario Deal Type	CodeScenarioDealTypeID	sCODE_SCENARIO_DEAL_TYPE	Yes	No	Scenario	Scenario	CodeScenarioDealTypeID	Scenario Deal Type	scenario	CodeScenarioDealTypeID	TEXT	Foreign key (ID reference)	EXISTING_GLOBAL
Global	RE Transaction	Scenario Info	Scenario Name	ScenarioName	sTYPE_TEXT	Yes	No	Scenario	Scenario	ScenarioName	Scenario Name	scenario	ScenarioName	TEXT		EXISTING_GLOBAL
Global	RE Transaction	Scenario Info	Scenario RecID	ScenarioID	sTYPE_UNFORMATTED_NUMBER	No	No	Scenario	Scenario	ScenarioID	Scenario RecID	scenario	ScenarioID	VARCHAR(64) NOT NULL	Primary key	EXISTING_GLOBAL
Global	RE Transaction	Scenario Info	Scenario Type	CodeScenarioTypeID	sCODE_SCENARIO_TYPE	No	No	Scenario	Scenario	CodeScenarioTypeID	Scenario Type	scenario	CodeScenarioTypeID	TEXT	Foreign key (ID reference)	EXISTING_GLOBAL
Global	RE Transaction	Scenario Info	Term Client Number	ClientNumber	sTYPE_TEXT	No	No	Scenario	Scenario	ClientNumber	Term Client Number	scenario	ClientNumber	TEXT		EXISTING_GLOBAL
Global	RE Transaction	Scenario Info	Term Status	CodeTermStatusID	sCODE_TERM_STATUS	No	No	Scenario	Scenario	CodeTermStatusID	Term Status	scenario	CodeTermStatusID	TEXT	Foreign key (ID reference)	EXISTING_GLOBAL;NEEDED_GLOBAL
Global	RE Transaction	Scenario Info	Term Type	CodeTermTypeID	sCODE_TERM_TYPE	No	No	Scenario	Scenario	CodeTermTypeID	Term Type	scenario	CodeTermTypeID	TEXT	Foreign key (ID reference)	EXISTING_GLOBAL;NEEDED_GLOBAL
Global	RE Transaction	Scenario Info	TI Allowance	TIAllowance	sTYPE_MONEY	No	No	Scenario	Scenario	TIAllowance	TI Allowance	scenario	TIAllowance	TEXT		EXISTING_GLOBAL
Global	RE Transaction	Scenario Info	TI Per Area Unit	TiPerAreaUnit	sTYPE_MONEY	No	No	Scenario	Scenario	TiPerAreaUnit	TI Per Area Unit	scenario	TiPerAreaUnit	TEXT		EXISTING_GLOBAL
Global	RE Transaction	Scenario Info	Total Population	TotalPopulation	sTYPE_NUMBER	No	No	Scenario	Scenario	TotalPopulation	Total Population	scenario	TotalPopulation	TEXT		EXISTING_GLOBAL
Global	RE Transaction	Scenario Info	Trade Area Competitors	TradeAreaCompetitors	sTYPE_TEXT	No	No	Scenario	Scenario	TradeAreaCompetitors	Trade Area Competitors	scenario	TradeAreaCompetitors	TEXT		EXISTING_GLOBAL
Global	Schedule	Actual End Date	Actual End Date	TskDone_ActualEndDate	sTYPE_DATE	No	No	Task	Task	TskDone_ActualEndDate	Actual End Date	task	TskDone_ActualEndDate	TEXT		EXISTING_GLOBAL;NEEDED_GLOBAL
Global	Schedule	Actual Resource Units	Actual Resource Units	ActualResourceUnits	sTYPE_NUMBER	No	No	Task	Task	ActualResourceUnits	Actual Resource Units	task	ActualResourceUnits	TEXT		EXISTING_GLOBAL
Global	Schedule	Audit Info	Modified By	ModifiedByID	sTYPE_MEMBER	No	No	Task	Task	ModifiedByID	Modified By	task	ModifiedByID	TEXT	Foreign key (ID reference)	EXISTING_GLOBAL;NEEDED_GLOBAL
Global	Schedule	Audit Info	Modified Date	ModifiedDate	sTYPE_TIME	No	No	Task	Task	ModifiedDate	Modified Date	task	ModifiedDate	TEXT	Incremental watermark	EXISTING_GLOBAL;NEEDED_GLOBAL
Global	Schedule	Baseline Duration	Baseline Duration	OriginalDuration	sTYPE_NUMBER	No	No	Task	Task	OriginalDuration	Baseline Duration	task	OriginalDuration	TEXT		EXISTING_GLOBAL
Global	Schedule	Baseline End Date	Baseline End Date	OriginalEndDate	sTYPE_DATE	No	No	Task	Task	OriginalEndDate	Baseline End Date	task	OriginalEndDate	TEXT		EXISTING_GLOBAL;NEEDED_GLOBAL
Global	Schedule	Baseline Lead/Lag Days	Baseline Lead/Lag Days	TskPredVal_OriginalLeadLagDays	sTYPE_NUMBER	No	No	Task	Task	TskPredVal_OriginalLeadLagDays	Baseline Lead/Lag Days	task	TskPredVal_OriginalLeadLagDays	TEXT		EXISTING_GLOBAL
Global	Schedule	Baseline Start Date	Baseline Start Date	OriginalStartDate	sTYPE_DATE	No	No	Task	Task	OriginalStartDate	Baseline Start Date	task	OriginalStartDate	TEXT		EXISTING_GLOBAL;NEEDED_GLOBAL
Global	Schedule	Baseline with Forecast/Actual End Date	Baseline with Forecast/Actual End Date	TskBAndA_NoAccessorConversion	sTYPE_TEXT	No	No	Task	Task	TskBAndA_NoAccessorConversion	Baseline with Forecast/Actual End Date	task	TskBAndA_NoAccessorConversion	TEXT		EXISTING_GLOBAL
Global	Schedule	Comments	Description	Description	sTYPE_TEXTAREA	No	No	Task	Task	Description	Description	task	Description	TEXT		EXISTING_GLOBAL;NEEDED_GLOBAL
Global	Schedule	Days Ahead of Schedule	Days Ahead of Schedule	DaysAheadOfSchedule	sTYPE_NUMBER	No	No	Task	Task	DaysAheadOfSchedule	Days Ahead of Schedule	task	DaysAheadOfSchedule	TEXT		EXISTING_GLOBAL
Global	Schedule	Forecast End Date	Forecast End Date	TskNotDone_ActualEndDate	sTYPE_DATE	No	No	Task	Task	TskNotDone_ActualEndDate	Forecast End Date	task	TskNotDone_ActualEndDate	TEXT		EXISTING_GLOBAL
Global	Schedule	Forecast End Date/Complete	Forecast End Date/Complete	TskNotDoneCompleted_NoAccessorConversion	sTYPE_TEXT	No	No	Task	Task	TskNotDoneCompleted_NoAccessorConversion	Forecast End Date/Complete	task	TskNotDoneCompleted_NoAccessorConversion	TEXT		EXISTING_GLOBAL
Global	Schedule	Forecast/Actual Duration	Forecast/Actual Duration	ActualDuration	sTYPE_NUMBER	No	No	Task	Task	ActualDuration	Forecast/Actual Duration	task	ActualDuration	TEXT		EXISTING_GLOBAL
Global	Schedule	Forecast/Actual End Date	Forecast/Actual End Date	ActualEndDate	sTYPE_DATE	No	No	Task	Task	ActualEndDate	Forecast/Actual End Date	task	ActualEndDate	TEXT		EXISTING_GLOBAL
Global	Schedule	Forecast/Actual Lead/Lag Days	Forecast/Actual Lead/Lag Days	TskPredVal_ActualLeadLagDays	sTYPE_NUMBER	No	No	Task	Task	TskPredVal_ActualLeadLagDays	Forecast/Actual Lead/Lag Days	task	TskPredVal_ActualLeadLagDays	TEXT		EXISTING_GLOBAL
Global	Schedule	Forecast/Actual Start Date	Forecast/Actual Start Date	ActualStartDate	sTYPE_DATE	No	No	Task	Task	ActualStartDate	Forecast/Actual Start Date	task	ActualStartDate	TEXT		EXISTING_GLOBAL
Global	Schedule	Is Task Group	Is Task Group	IsTaskGroup	sTYPE_BOOLEAN	Yes	No	Task	Task	IsTaskGroup	Is Task Group	task	IsTaskGroup	TEXT		EXISTING_GLOBAL
Global	Schedule	Name	Name	TaskName	sTYPE_TEXT	Yes	No	Task	Task	TaskName	Name	task	TaskName	TEXT		EXISTING_GLOBAL;NEEDED_GLOBAL
Global	Schedule	On Critical Path?	On Critical Path?	OnCriticalPath	sTYPE_BOOLEAN	No	No	Task	Task	OnCriticalPath	On Critical Path?	task	OnCriticalPath	TEXT		EXISTING_GLOBAL
Global	Schedule	Original Resource Units	Original Resource Units	OriginalResourceUnits	sTYPE_NUMBER	No	No	Task	Task	OriginalResourceUnits	Original Resource Units	task	OriginalResourceUnits	TEXT		EXISTING_GLOBAL
Global	Schedule	Parent Task	Parent Task	ParentTaskID	sTYPE_TASK	No	No	Task	Task	ParentTaskID	Parent Task	task	ParentTaskID	TEXT	Foreign key (ID reference)	EXISTING_GLOBAL
Global	Schedule	Percent Complete	Percent Complete	PercentComplete	sTYPE_NUMBER	No	No	Task	Task	PercentComplete	Percent Complete	task	PercentComplete	TEXT		EXISTING_GLOBAL
Global	Schedule	Predecessor Task	Predecessor Task(s)	TskPredVal_PredecessorTaskID	sTYPE_TASK	No	No	Task	Task	TskPredVal_PredecessorTaskID	Predecessor Task(s)	task	TskPredVal_PredecessorTaskID	TEXT	Foreign key (ID reference)	EXISTING_GLOBAL
Global	Schedule	Projected Duration	Projected Duration	ProjectedDuration	sTYPE_NUMBER	No	No	Task	Task	ProjectedDuration	Projected Duration	task	ProjectedDuration	TEXT		EXISTING_GLOBAL
Global	Schedule	Projected End Date	Projected End Date	ProjectedEndDate	sTYPE_DATE	No	No	Task	Task	ProjectedEndDate	Projected End Date	task	ProjectedEndDate	TEXT		EXISTING_GLOBAL
Global	Schedule	Projected Lead/Lag Days	Projected Lead/Lag Days	TskPredVal_ProjectedLeadLagDays	sTYPE_NUMBER	No	No	Task	Task	TskPredVal_ProjectedLeadLagDays	Projected Lead/Lag Days	task	TskPredVal_ProjectedLeadLagDays	TEXT		EXISTING_GLOBAL
Global	Schedule	Projected Resource Units	Projected Resource Units	ProjectedResourceUnits	sTYPE_NUMBER	No	No	Task	Task	ProjectedResourceUnits	Projected Resource Units	task	ProjectedResourceUnits	TEXT		EXISTING_GLOBAL
Global	Schedule	Projected Start Date	Projected Start Date	ProjectedStartDate	sTYPE_DATE	No	No	Task	Task	ProjectedStartDate	Projected Start Date	task	ProjectedStartDate	TEXT		EXISTING_GLOBAL
Global	Schedule	Resources	Resources	Assignee_MemberID	sTYPE_MEMBER	No	No	Task	Task	Assignee_MemberID	Resources	task	Assignee_MemberID	TEXT	Foreign key (ID reference)	EXISTING_GLOBAL
Global	Schedule	Security Fields	Alert when task Completes	EnableForDashboard	sTYPE_CHECKBOX	No	No	Task	Task	EnableForDashboard	Alert when task Completes	task	EnableForDashboard	TEXT		EXISTING_GLOBAL
Global	Schedule	Security Fields	Email Message	EMailMessage	sTYPE_TEXTAREA	No	No	Task	Task	EMailMessage	Email Message	task	EMailMessage	TEXT		EXISTING_GLOBAL;NEEDED_GLOBAL
Global	Schedule	Security Fields	Email when task Completes	EnableForEMail	sTYPE_CHECKBOX	No	No	Task	Task	EnableForEMail	Email when task Completes	task	EnableForEMail	TEXT		EXISTING_GLOBAL
Global	Schedule	Summary Information	Auto Push Forecast End Date?	AutoPushForecastEndDate	sTYPE_CHECKBOX	Yes	No	MapClientSchedule								EXISTING_GLOBAL
Global	Schedule	Summary Information	Baseline End Date	OriginalEndDate	sTYPE_DATE	No	No	ProjectEntity								EXISTING_GLOBAL;NEEDED_GLOBAL
Global	Schedule	Summary Information	Baseline Start Date	OriginalStartDate	sTYPE_DATE	No	No	ProjectEntity								EXISTING_GLOBAL;NEEDED_GLOBAL
Global	Schedule	Summary Information	Forecast/Actual Start Date	ActualStartDate	sTYPE_DATE	No	No	ProjectEntity								EXISTING_GLOBAL
Global	Schedule	Summary Information	Holiday Schedule	HolidayScheduleID	sTYPE_HOLIDAY_SCHEDULE	No	No	MapClientSchedule								EXISTING_GLOBAL;NEEDED_GLOBAL
Global	Schedule	Summary Information	Is Completed?	IsCompleted	sTYPE_CHECKBOX	No	No	MapClientSchedule								EXISTING_GLOBAL;NEEDED_GLOBAL
Global	Schedule	Summary Information	Last Updated Date	ClientScheduleLastReviewedDate	sTYPE_DATE	No	No	ProjectEntity								EXISTING_GLOBAL
Global	Schedule	Summary Information	Percent Complete	ComputedPercentComplete	sTYPE_NUMBER	No	No	MapClientSchedule								EXISTING_GLOBAL
Global	Schedule	Summary Information	RETransaction	RETransactionID	sTYPE_RE_TRANSACTION	No	No	MapClientSchedule								EXISTING_GLOBAL
Global	Schedule	Summary Information	Scenario	ScenarioID	sTYPE_SCENARIO	No	No	MapClientSchedule								EXISTING_GLOBAL
Global	Schedule	Summary Information	Task Status	CodeTaskStatusID	sCODE_TASK_STATUS	No	No	MapClientSchedule								EXISTING_GLOBAL
Global	Schedule	Summary Information	Work Holidays?	WorkHolidays	sTYPE_CHECKBOX	Yes	No	MapClientSchedule								EXISTING_GLOBAL
Global	Schedule	Summary Information	Work Weekends?	WorkWeekends	sTYPE_CHECKBOX	Yes	No	MapClientSchedule								EXISTING_GLOBAL
Global	Schedule	Task Ends On Day	Task Ends On Day	TaskEndsCodeDayOfWeekID	sCODE_DAY_OF_WEEK	No	No	Task	Task	TaskEndsCodeDayOfWeekID	Task Ends On Day	task	TaskEndsCodeDayOfWeekID	TEXT	Foreign key (ID reference)	EXISTING_GLOBAL
Global	Schedule	Task Member	Member	MemberID	sTYPE_MEMBER	Yes	No	LinkTaskMember								EXISTING_GLOBAL;NEEDED_GLOBAL
Global	Schedule	Task Member	Modified By	ModifiedByID	sTYPE_MEMBER	No	No	LinkTaskMember								EXISTING_GLOBAL;NEEDED_GLOBAL
Global	Schedule	Task Member	Modified Date	ModifiedDate	sTYPE_TIME	No	No	LinkTaskMember								EXISTING_GLOBAL;NEEDED_GLOBAL
Global	Schedule	Task Member	Project Entity	ProjectEntityID	sTYPE_PROJECT_ENTITY	Yes	No	LinkTaskMember								EXISTING_GLOBAL;NEEDED_GLOBAL
Global	Schedule	Task Member	Task	TaskID	sTYPE_TASK	Yes	No	LinkTaskMember								EXISTING_GLOBAL
Global	Schedule	Task Predecessor	Actual Lead Lag Days	ActualLeadLagDays	sTYPE_NUMBER	Yes	No	TaskPredecessor								EXISTING_GLOBAL
Global	Schedule	Task Predecessor	Created By	CreatedByID	sTYPE_MEMBER	No	No	TaskPredecessor								EXISTING_GLOBAL;NEEDED_GLOBAL
Global	Schedule	Task Predecessor	Created Date	CreatedDate	sTYPE_TIME	No	No	TaskPredecessor								EXISTING_GLOBAL;NEEDED_GLOBAL
Global	Schedule	Task Predecessor	Modified By	ModifiedByID	sTYPE_MEMBER	No	No	TaskPredecessor								EXISTING_GLOBAL;NEEDED_GLOBAL
Global	Schedule	Task Predecessor	Modified Date	ModifiedDate	sTYPE_TIME	No	No	TaskPredecessor								EXISTING_GLOBAL;NEEDED_GLOBAL
Global	Schedule	Task Predecessor	Original Lead Lag Days	OriginalLeadLagDays	sTYPE_NUMBER	Yes	No	TaskPredecessor								EXISTING_GLOBAL
Global	Schedule	Task Predecessor	Predecessor Task	PredecessorTaskID	sTYPE_TASK	No	No	TaskPredecessor								EXISTING_GLOBAL
Global	Schedule	Task Predecessor	Predecessor Task Name	PredecessorTemplateTaskName	sTYPE_TEXT	No	No	TaskPredecessor								EXISTING_GLOBAL
Global	Schedule	Task Predecessor	Projected Lead/Lag Days	ProjectedLeadLagDays	sTYPE_NUMBER	Yes	No	TaskPredecessor								EXISTING_GLOBAL
Global	Schedule	Task Predecessor	Rev Number	RevNumber	sTYPE_UNFORMATTED_NUMBER	No	No	TaskPredecessor								EXISTING_GLOBAL;NEEDED_GLOBAL
Global	Schedule	Task Predecessor	Successor Task	SuccessorTaskID	sTYPE_TASK	Yes	No	TaskPredecessor								EXISTING_GLOBAL
Global	Schedule	Task Predecessor	Task Lead Lag Type	CodeTaskLeadLagTypeID	sCODE_TASK_LEAD_LAG_TYPE	Yes	No	TaskPredecessor								EXISTING_GLOBAL
Global	Schedule	Task Predecessor	Task Predecessor ClientID	BOMapClientRecordID	sTYPE_TEXT	Yes	No	TaskPredecessor								EXISTING_GLOBAL
Global	Schedule	Task Predecessor	Task Predecessor RecID	TaskPredecessorID	sTYPE_UNFORMATTED_NUMBER	No	No	TaskPredecessor								EXISTING_GLOBAL
Global	Schedule	Task RecID	Task RecID	TaskID	sTYPE_UNFORMATTED_NUMBER	No	No	Task	Task	TaskID	Task RecID	task	TaskID	VARCHAR(64) NOT NULL	Primary key	EXISTING_GLOBAL
Global	Schedule	Task Status	Task Status	CodeTaskStatusID	sCODE_TASK_STATUS	No	No	Task	Task	CodeTaskStatusID	Task Status	task	CodeTaskStatusID	TEXT	Foreign key (ID reference)	EXISTING_GLOBAL
Global	Schedule	Template Auto-Assignment	Job Title	CodeJobTitleID	sCODE_JOB_TITLE	No	No	LinkTaskByCodeMember								EXISTING_GLOBAL;NEEDED_GLOBAL
Global	Schedule	Template Auto-Assignment	Modified By	ModifiedByID	sTYPE_MEMBER	No	No	LinkTaskByCodeMember								EXISTING_GLOBAL;NEEDED_GLOBAL
Global	Schedule	Template Auto-Assignment	Modified Date	ModifiedDate	sTYPE_TIME	No	No	LinkTaskByCodeMember								EXISTING_GLOBAL;NEEDED_GLOBAL
Global	Schedule	Template Auto-Assignment	Org Chart Level	OrgChartLevel	sTYPE_UNFORMATTED_NUMBER	No	No	LinkTaskByCodeMember								EXISTING_GLOBAL
Global	Schedule	Template Auto-Assignment	Task	TaskID	sTYPE_TASK	Yes	No	LinkTaskByCodeMember								EXISTING_GLOBAL
Global	Schedule	Template Auto-Assignment	Template Auto-Assignmen ClientID	BOMapClientRecordID	sTYPE_TEXT	Yes	No	LinkTaskByCodeMember								EXISTING_GLOBAL
Global	Schedule	Template Auto-Assignment	Template Auto-Assignment RecID	LinkTaskByCodeMemberID	sTYPE_UNFORMATTED_NUMBER	No	No	LinkTaskByCodeMember								EXISTING_GLOBAL
Global	Site Survey	Audit Info	Modified By	ModifiedByID	sTYPE_MEMBER	No	No	SiteSurvey								EXISTING_GLOBAL;NEEDED_GLOBAL
Global	Site Survey	Audit Info	Modified Date	ModifiedDate	sTYPE_TIME	No	No	SiteSurvey								EXISTING_GLOBAL;NEEDED_GLOBAL
Global	Site Survey	Demographics	Household Avg Income-1 Mile	HouseholdAvgIncome1Mile	sTYPE_MONEY	No	No	SiteSurvey								EXISTING_GLOBAL
Global	Site Survey	Demographics	Household Avg Income-3 Miles	HouseholdAvgIncome3Miles	sTYPE_MONEY	No	No	SiteSurvey								EXISTING_GLOBAL
Global	Site Survey	Demographics	Household Avg Income-5 Miles	HouseholdAvgIncome5Miles	sTYPE_MONEY	No	No	SiteSurvey								EXISTING_GLOBAL
Global	Site Survey	Demographics	Households-1 Mile	Households1Mile	sTYPE_NUMBER	No	No	SiteSurvey								EXISTING_GLOBAL
Global	Site Survey	Demographics	Households-3 Miles	Households3Miles	sTYPE_NUMBER	No	No	SiteSurvey								EXISTING_GLOBAL
Global	Site Survey	Demographics	Households-5 Miles	Households5Miles	sTYPE_NUMBER	No	No	SiteSurvey								EXISTING_GLOBAL
Global	Site Survey	Demographics	Median Age-1 Mile	MedianAge1Mile	sTYPE_NUMBER	No	No	SiteSurvey								EXISTING_GLOBAL
Global	Site Survey	Demographics	Median Age-3 Miles	MedianAge3Miles	sTYPE_NUMBER	No	No	SiteSurvey								EXISTING_GLOBAL
Global	Site Survey	Demographics	Median Age-5 Miles	MedianAge5Miles	sTYPE_NUMBER	No	No	SiteSurvey								EXISTING_GLOBAL
Global	Site Survey	Demographics	Percent Female-1 Mile	PercentFemale1Mile	sTYPE_NUMBER	No	No	SiteSurvey								EXISTING_GLOBAL
Global	Site Survey	Demographics	Percent Female-3 Miles	PercentFemale3Miles	sTYPE_NUMBER	No	No	SiteSurvey								EXISTING_GLOBAL
Global	Site Survey	Demographics	Percent Female-5 Miles	PercentFemale5Miles	sTYPE_NUMBER	No	No	SiteSurvey								EXISTING_GLOBAL
Global	Site Survey	Demographics	Percent Male-1 Mile	PercentMale1Mile	sTYPE_NUMBER	No	No	SiteSurvey								EXISTING_GLOBAL
Global	Site Survey	Demographics	Percent Male-3 Miles	PercentMale3Miles	sTYPE_NUMBER	No	No	SiteSurvey								EXISTING_GLOBAL
Global	Site Survey	Demographics	Percent Male-5 Miles	PercentMale5Miles	sTYPE_NUMBER	No	No	SiteSurvey								EXISTING_GLOBAL
Global	Site Survey	Demographics	Population-1 Mile	Population1Mile	sTYPE_NUMBER	No	No	SiteSurvey								EXISTING_GLOBAL
Global	Site Survey	Demographics	Population-3 Miles	Population3Miles	sTYPE_NUMBER	No	No	SiteSurvey								EXISTING_GLOBAL
Global	Site Survey	Demographics	Population-5 Miles	Population5Miles	sTYPE_NUMBER	No	No	SiteSurvey								EXISTING_GLOBAL
Global	Site Survey	Site Survey Info	Accessibility	CodeLocationAccessID	sCODE_LOCATION_ACCESS	No	No	SiteSurvey								EXISTING_GLOBAL
Global	Site Survey	Site Survey Info	Age Of HVAC Units	AgeOfHVACUnits	sTYPE_NUMBER	No	No	SiteSurvey								EXISTING_GLOBAL
Global	Site Survey	Site Survey Info	Anchor Tenants	AnchorTenants	sTYPE_TEXT	No	No	SiteSurvey								EXISTING_GLOBAL
Global	Site Survey	Site Survey Info	Approx Building Length	ApproxBuildingLength	sTYPE_NUMBER	No	No	SiteSurvey								EXISTING_GLOBAL
Global	Site Survey	Site Survey Info	Approx Building Width	ApproxBuildingWidth	sTYPE_NUMBER	No	No	SiteSurvey								EXISTING_GLOBAL
Global	Site Survey	Site Survey Info	Building Area Unit	CodeBuildingAreaUnitID	sCODE_BUILDING_AREA_UNIT	No	No	SiteSurvey								EXISTING_GLOBAL;NEEDED_GLOBAL
Global	Site Survey	Site Survey Info	Building Signage?	BuildingSignage	sTYPE_BOOLEAN	No	No	SiteSurvey								EXISTING_GLOBAL
Global	Site Survey	Site Survey Info	Canopy Lighting?	CanopyLighting	sTYPE_BOOLEAN	No	No	SiteSurvey								EXISTING_GLOBAL
Global	Site Survey	Site Survey Info	Ceiling Condition	CodeCeilingConditionID	sCODE_CONDITION	No	No	SiteSurvey								EXISTING_GLOBAL
Global	Site Survey	Site Survey Info	Current Or Former Tenants	CurrentOrFormerTenants	sTYPE_TEXT	No	No	SiteSurvey								EXISTING_GLOBAL
Global	Site Survey	Site Survey Info	Current Zoning	CodeCurrentZoningID	sCODE_ZONING	No	No	SiteSurvey								EXISTING_GLOBAL
Global	Site Survey	Site Survey Info	Existing Floor Condition	CodeFloorConditionID	sCODE_CONDITION	No	No	SiteSurvey								EXISTING_GLOBAL
Global	Site Survey	Site Survey Info	Facility Condition	CodeFacilityConditionID	sCODE_CONDITION	No	No	SiteSurvey								EXISTING_GLOBAL
Global	Site Survey	Site Survey Info	Facility Description	FacilityDescription	sTYPE_TEXTAREA	No	No	SiteSurvey								EXISTING_GLOBAL
Global	Site Survey	Site Survey Info	Facility Location	FacilityLocation	sTYPE_TEXT	No	No	SiteSurvey								EXISTING_GLOBAL
Global	Site Survey	Site Survey Info	Facility Prior Use	FacilityPriorUse	sTYPE_TEXT	No	No	SiteSurvey								EXISTING_GLOBAL
Global	Site Survey	Site Survey Info	Fire Sprinkler?	FireSprinkler	sTYPE_BOOLEAN	No	No	SiteSurvey								EXISTING_GLOBAL
Global	Site Survey	Site Survey Info	Handicap Accessible?	HandicapAccessible	sTYPE_BOOLEAN	No	No	SiteSurvey								EXISTING_GLOBAL
Global	Site Survey	Site Survey Info	Is Building Plan Available?	IsBuildingPlanAvail	sTYPE_BOOLEAN	No	No	SiteSurvey								EXISTING_GLOBAL
Global	Site Survey	Site Survey Info	Is CLEC Available?	IsCLECAvail	sTYPE_BOOLEAN	No	No	SiteSurvey								EXISTING_GLOBAL
Global	Site Survey	Site Survey Info	Is Construction Criteria Available?	IsConstructionCriteriaAvail	sTYPE_BOOLEAN	No	No	SiteSurvey								EXISTING_GLOBAL
Global	Site Survey	Site Survey Info	Is Currently Occupied?	IsCurrentlyOccupied	sTYPE_CHECKBOX	No	No	SiteSurvey								EXISTING_GLOBAL
Global	Site Survey	Site Survey Info	Is Landlord Work Description Available?	IsLandlordWorkDescriptionAvail	sTYPE_BOOLEAN	No	No	SiteSurvey								EXISTING_GLOBAL
Global	Site Survey	Site Survey Info	Is LOD Available?	IsLODAvail	sTYPE_BOOLEAN	No	No	SiteSurvey								EXISTING_GLOBAL
Global	Site Survey	Site Survey Info	Is Sign Criteria Available?	IsSignCriteriaAvail	sTYPE_BOOLEAN	No	No	SiteSurvey								EXISTING_GLOBAL
Global	Site Survey	Site Survey Info	Land Area Unit	CodeLandAreaUnitID	sCODE_LAND_AREA_UNIT	No	No	SiteSurvey								EXISTING_GLOBAL;NEEDED_GLOBAL
Global	Site Survey	Site Survey Info	Monument Signage?	MonumentSignage	sTYPE_BOOLEAN	No	No	SiteSurvey								EXISTING_GLOBAL
Global	Site Survey	Site Survey Info	Neighborhood Description	NeighborhoodDescription	sTYPE_TEXT	No	No	SiteSurvey								EXISTING_GLOBAL
Global	Site Survey	Site Survey Info	Number Of Amps	NumberOfAmps	sTYPE_NUMBER	No	No	SiteSurvey								EXISTING_GLOBAL
Global	Site Survey	Site Survey Info	Number Of Building Sides	NumberOfBuildingSides	sTYPE_NUMBER	No	No	SiteSurvey								EXISTING_GLOBAL
Global	Site Survey	Site Survey Info	Number Of Electrical Panels	NumberOfElectricalPanels	sTYPE_NUMBER	No	No	SiteSurvey								EXISTING_GLOBAL
Global	Site Survey	Site Survey Info	Number Of Fixtures	NumberOfFixtures	sTYPE_NUMBER	No	No	SiteSurvey								EXISTING_GLOBAL
Global	Site Survey	Site Survey Info	Number Of Floors	NumberOfFloors	sTYPE_NUMBER	No	No	SiteSurvey								EXISTING_GLOBAL
Global	Site Survey	Site Survey Info	Number Of HVAC Units	NumberOfHVACUnits	sTYPE_NUMBER	No	No	SiteSurvey								EXISTING_GLOBAL
Global	Site Survey	Site Survey Info	Number Of Restrooms	NumberOfRestrooms	sTYPE_NUMBER	No	No	SiteSurvey								EXISTING_GLOBAL
Global	Site Survey	Site Survey Info	Parking Lot Conditions	CodeParkingLotConditionID	sCODE_CONDITION	No	No	SiteSurvey								EXISTING_GLOBAL
Global	Site Survey	Site Survey Info	Parking Lot Lighting	ParkingLotLighting	sTYPE_BOOLEAN	No	No	SiteSurvey								EXISTING_GLOBAL
Global	Site Survey	Site Survey Info	Pylon Signage	PylonSignage	sTYPE_BOOLEAN	No	No	SiteSurvey								EXISTING_GLOBAL
Global	Site Survey	Site Survey Info	Recommend to REC?	RecommendToREC	sTYPE_CHECKBOX	No	No	SiteSurvey								EXISTING_GLOBAL
Global	Site Survey	Site Survey Info	Required Zoning	CodeRequiredZoningID	sCODE_ZONING	No	No	SiteSurvey								EXISTING_GLOBAL
Global	Site Survey	Site Survey Info	Roof Access	IsRoofAccessAvail	sTYPE_BOOLEAN	No	No	SiteSurvey								EXISTING_GLOBAL
Global	Site Survey	Site Survey Info	Seating Capacity	SeatingCapacity	sTYPE_NUMBER	No	No	SiteSurvey								EXISTING_GLOBAL
Global	Site Survey	Site Survey Info	Sent To Construction Date	SentToConstructionDate	sTYPE_DATE	No	No	SiteSurvey								EXISTING_GLOBAL
Global	Site Survey	Site Survey Info	Signalized Access	TrafficSignalAccess	sTYPE_BOOLEAN	No	No	SiteSurvey								EXISTING_GLOBAL
Global	Site Survey	Site Survey Info	Site Rating	CodeSiteRatingID	sCODE_SITE_RATING	No	No	SiteSurvey								EXISTING_GLOBAL
Global	Site Survey	Site Survey Info	Site Rating Explanation	SiteRatingExplanation	sTYPE_TEXTAREA	No	No	SiteSurvey								EXISTING_GLOBAL
Global	Site Survey	Site Survey Info	Site Survey ClientID	BOMapClientRecordID	sTYPE_TEXT	Yes	No	SiteSurvey								EXISTING_GLOBAL
Global	Site Survey	Site Survey Info	Site Suvery RecID	SiteSurveyID	sTYPE_UNFORMATTED_NUMBER	No	No	SiteSurvey								EXISTING_GLOBAL
Global	Site Survey	Site Survey Info	Space Number	SpaceNumber	sTYPE_TEXT	No	No	SiteSurvey								EXISTING_GLOBAL
Global	Site Survey	Site Survey Info	Trade Area Quality	CodeTradeAreaQualityID	sCODE_CONDITION	No	No	SiteSurvey								EXISTING_GLOBAL
Global	Site Survey	Site Survey Info	Traffic Count	TrafficCount	sTYPE_NUMBER	No	No	SiteSurvey								EXISTING_GLOBAL
Global	Site Survey	Site Survey Info	Type Of Fixtures	TypeOfFixtures	sTYPE_TEXT	No	No	SiteSurvey								EXISTING_GLOBAL
Global	Site Survey	Site Survey Info	Usable Land Area	UsableLandArea	sTYPE_NUMBER	No	No	SiteSurvey								EXISTING_GLOBAL
Global	Site Survey	Site Survey Info	Usable Parcel Area	UsableParcelArea	sTYPE_NUMBER	No	No	SiteSurvey								EXISTING_GLOBAL
Global	Site Survey	Site Survey Info	Vehicle Access Condition	CodeVehicleAccessConditionID	sCODE_CONDITION	No	No	SiteSurvey								EXISTING_GLOBAL
Global	Site Survey	Site Survey Info	Visibility	CodeVisibilityConditionID	sCODE_CONDITION	No	No	SiteSurvey								EXISTING_GLOBAL
Global	Site Survey	Site Survey Info	Weight Of HVAC Units	WeightOfHVACUnits	sTYPE_NUMBER	No	No	SiteSurvey								EXISTING_GLOBAL
Global	Site Survey	Site Survey Info	Which Building Sides	WhichSides	sTYPE_TEXT	No	No	SiteSurvey								EXISTING_GLOBAL
Global	Specialized Forms	Bid Package	1st Place Bidder Name	FirstPlaceBidderName	sTYPE_TEXT	No	No	BidPackage								EXISTING_GLOBAL
Global	Specialized Forms	Bid Package	1st Place Bidder Vendor Name	FirstPlaceBidderVendorName	sTYPE_TEXT	No	No	BidPackage								EXISTING_GLOBAL
Global	Specialized Forms	Bid Package	1st Place ConditionedAmount	FirstPlaceConditionedAmount	sTYPE_MONEY	No	No	BidPackage								EXISTING_GLOBAL
Global	Specialized Forms	Bid Package	1st Place Submitted Amount	FirstPlaceSubmittedAmount	sTYPE_MONEY	No	No	BidPackage								EXISTING_GLOBAL
Global	Specialized Forms	Bid Package	Bid Award and Cancellation Layout	BidAwardLayoutID	sTYPE_PAGE_LAYOUT	No	No	BidPackage								EXISTING_GLOBAL
Global	Specialized Forms	Bid Package	Bid Award Approval Status	CodeBidPackageAwardStatusID	sCODE_LAST_ACTION_STATUS	No	No	BidPackage								EXISTING_GLOBAL;NEEDED_GLOBAL
Global	Specialized Forms	Bid Package	Bid Award Date	BidAwardDate	sTYPE_TIME	No	No	BidPackage								EXISTING_GLOBAL
Global	Specialized Forms	Bid Package	Bid Awarded By	BidAwardByID	sTYPE_MEMBER	No	No	BidPackage								EXISTING_GLOBAL
Global	Specialized Forms	Bid Package	Bid Budget Column Type	BidBudgetColumnTypeID	sTYPE_BUDGET_COLUMN_TYPE	No	No	BidPackage								EXISTING_GLOBAL
Global	Specialized Forms	Bid Package	Bid Cancelled By	BidCancelledByID	sTYPE_MEMBER	No	No	BidPackage								EXISTING_GLOBAL
Global	Specialized Forms	Bid Package	Bid Cancelled Date	BidCancelledDate	sTYPE_TIME	No	No	BidPackage								EXISTING_GLOBAL
Global	Specialized Forms	Bid Package	Bid Close Date	BidCloseDate	sTYPE_TIME	No	No	BidPackage								EXISTING_GLOBAL
Global	Specialized Forms	Bid Package	Bid Grace Period	BidGracePeriod	sTYPE_NUMBER	No	No	BidPackage								EXISTING_GLOBAL
Global	Specialized Forms	Bid Package	Bid Grace Period Time Unit	CodeBidGracePeriodTimeUnitID	sCODE_BID_GRACE_PERIOD_TIME_UNIT	No	No	BidPackage								EXISTING_GLOBAL
Global	Specialized Forms	Bid Package	Bid Invitation Layout	BidInvitationLayoutID	sTYPE_PAGE_LAYOUT	No	No	BidPackage								EXISTING_GLOBAL
Global	Specialized Forms	Bid Package	Bid Loss Layout	BidLossLayoutID	sTYPE_PAGE_LAYOUT	No	No	BidPackage								EXISTING_GLOBAL
Global	Specialized Forms	Bid Package	Bid Open Date	BidOpenDate	sTYPE_TIME	No	No	BidPackage								EXISTING_GLOBAL
Global	Specialized Forms	Bid Package	Bid Package ClientID	BOMapClientRecordID	sTYPE_TEXT	Yes	No	BidPackage								EXISTING_GLOBAL
Global	Specialized Forms	Bid Package	Bid Package Issue	IssueID	sTYPE_ISSUE	Yes	No	BidPackage								EXISTING_GLOBAL
Global	Specialized Forms	Bid Package	Bid Package RecID	BidPackageID	sTYPE_UNFORMATTED_NUMBER	No	No	BidPackage								EXISTING_GLOBAL
Global	Specialized Forms	Bid Package	Bid Package Status	CodeBidPackageStatusID	sCODE_BID_PACKAGE_STATUS	Yes	No	BidPackage								EXISTING_GLOBAL
Global	Specialized Forms	Bid Package	Bid Package Template	BidPackageTemplateID	sTYPE_BID_PACKAGE_TEMPLATE	No	No	BidPackage								EXISTING_GLOBAL
Global	Specialized Forms	Bid Package	Bidder Kick Off Page Layout	BidderKickOffPageLayoutID	sTYPE_BIDDER_LAYOUT	No	No	BidPackage								EXISTING_GLOBAL
Global	Specialized Forms	Bid Package	Budget View	BudgetViewID	sTYPE_BUDGET_VIEW	No	No	BidPackage								EXISTING_GLOBAL
Global	Specialized Forms	Bid Package	Canceled Bid Notification	CanceledBidNotification	sTYPE_SUBMITBUTTON	No	No	BidPackage								EXISTING_GLOBAL
Global	Specialized Forms	Bid Package	Condition Budget Column Type	ConditionBudgetColumnTypeID	sTYPE_BUDGET_COLUMN_TYPE	No	No	BidPackage								EXISTING_GLOBAL
Global	Specialized Forms	Bid Package	Created By	CreatedByID	sTYPE_MEMBER	No	No	BidPackage								EXISTING_GLOBAL;NEEDED_GLOBAL
Global	Specialized Forms	Bid Package	Created Date	CreatedDate	sTYPE_TIME	No	No	BidPackage								EXISTING_GLOBAL;NEEDED_GLOBAL
Global	Specialized Forms	Bid Package	Enable Unsealed Bidding	enableUnsealedBidding	sTYPE_BOOLEAN	No	No	BidPackage								EXISTING_GLOBAL
Global	Specialized Forms	Bid Package	Estimate Budget Column Type	EstimateBudgetColumnTypeID	sTYPE_BUDGET_COLUMN_TYPE	No	No	BidPackage								EXISTING_GLOBAL
Global	Specialized Forms	Bid Package	Estimated Bid Amount	EstimatedBidAmount	sTYPE_MONEY	No	No	BidPackage								EXISTING_GLOBAL
Global	Specialized Forms	Bid Package	Invite Bidders	InviteBidders	sTYPE_SUBMITBUTTON	No	No	BidPackage								EXISTING_GLOBAL
Global	Specialized Forms	Bid Package	Max Number Of Bids	MaxNumberOfBids	sTYPE_NUMBER	No	No	BidPackage								EXISTING_GLOBAL
Global	Specialized Forms	Bid Package	Modified By	ModifiedByID	sTYPE_MEMBER	No	No	BidPackage								EXISTING_GLOBAL;NEEDED_GLOBAL
Global	Specialized Forms	Bid Package	Modified Date	ModifiedDate	sTYPE_TIME	No	No	BidPackage								EXISTING_GLOBAL;NEEDED_GLOBAL
Global	Specialized Forms	Bid Package	Notes	Notes	sTYPE_TEXTAREA	No	No	BidPackage								EXISTING_GLOBAL;NEEDED_GLOBAL
Global	Specialized Forms	Bid Package	Notify All Bidders	NotifyAllBidders	sTYPE_SUBMITBUTTON	No	No	BidPackage								EXISTING_GLOBAL
Global	Specialized Forms	Bid Package	Notify Losing Bidders	NotifyLosingBidders	sTYPE_SUBMITBUTTON	No	No	BidPackage								EXISTING_GLOBAL
Global	Specialized Forms	Bid Package	Notify Winning Bidder	NotifyWinningBidder	sTYPE_SUBMITBUTTON	No	No	BidPackage								EXISTING_GLOBAL
Global	Specialized Forms	Bid Package	Number	SequenceNumber	sTYPE_TEXT	Yes	No	BidPackage								EXISTING_GLOBAL;NEEDED_GLOBAL
Global	Specialized Forms	Bid Package	Number Of Active Bidders	NumberOfActiveBidders	sTYPE_NUMBER	No	No	BidPackage								EXISTING_GLOBAL
Global	Specialized Forms	Bid Package	Number Of Bid Invites Accepted	NumberOfBidInvitesAccepted	sTYPE_NUMBER	No	No	BidPackage								EXISTING_GLOBAL
Global	Specialized Forms	Bid Package	Number Of Bid Invites Declined	NumberOfBidInvitesDeclined	sTYPE_NUMBER	No	No	BidPackage								EXISTING_GLOBAL
Global	Specialized Forms	Bid Package	Number Of Bid Invites Used	NumberOfBidInvitesUsed	sTYPE_NUMBER	No	No	BidPackage								EXISTING_GLOBAL
Global	Specialized Forms	Bid Package	Number Of Bid Invites Waiting	NumberOfBidInvitesWaiting	sTYPE_NUMBER	No	No	BidPackage								EXISTING_GLOBAL
Global	Specialized Forms	Bid Package	Pre-Accept Folder Security User Class	CodePreAcceptFolderSecurityID	sCODE_USER_CLASS	No	No	BidPackage								EXISTING_GLOBAL
Global	Specialized Forms	Bid Package	Rev Number	RevNumber	sTYPE_UNFORMATTED_NUMBER	No	No	BidPackage								EXISTING_GLOBAL;NEEDED_GLOBAL
Global	Specialized Forms	Bid Package	Total Number Of Bidders	TotalNumberOfBidders	sTYPE_NUMBER	No	No	BidPackage								EXISTING_GLOBAL
Global	Specialized Forms	Bid Package	Winning Bid	WinningBidderIssueID	sTYPE_BIDDER_ISSUE	No	No	BidPackage								EXISTING_GLOBAL
Global	Specialized Forms	Bid Package	Winning Bid Member	WinningBidMemberIDList	sTYPE_MEMBER	No	No	BidPackage								EXISTING_GLOBAL
Global	Specialized Forms	Bid Package	Winning Bid Vendor	WinningBidVendorID	sTYPE_EMPLOYER	No	No	BidPackage								EXISTING_GLOBAL
Global	Specialized Forms	Bid Package	Winning Conditioned Bid Amount	WinningConditionedBidAmount	sTYPE_MONEY	No	No	BidPackage								EXISTING_GLOBAL
Global	Specialized Forms	Bid Package	Winning Submitted Bid Amount	WinningSubmittedBidAmount	sTYPE_MONEY	No	No	BidPackage								EXISTING_GLOBAL
Global	Specialized Forms	Bid Package Alternate	Accepted?	Accepted	sTYPE_BOOLEAN	No	No	BidPackageAlternate								EXISTING_GLOBAL
Global	Specialized Forms	Bid Package Alternate	Bid Package	BidPackageID	sTYPE_BID_PACKAGE	Yes	No	BidPackageAlternate								EXISTING_GLOBAL
Global	Specialized Forms	Bid Package Alternate	Budget Line Item	BudgetLineItemID	sTYPE_BUDGET_LINE_ITEM	Yes	No	BidPackageAlternate								EXISTING_GLOBAL
Global	Specialized Forms	Bid Package Alternate	Description	Description	sTYPE_TEXT	No	No	BidPackageAlternate								EXISTING_GLOBAL;NEEDED_GLOBAL
Global	Specialized Forms	Bid Package Alternate Value	Alternate Value	AltValue	sTYPE_MONEY	Yes	No	BidPackageAlternateValue								EXISTING_GLOBAL
Global	Specialized Forms	Bid Package Alternate Value	Bid Package Alternate	BidPackageAlternateID	sTYPE_BID_PACKAGE_ALTERNATE	Yes	No	BidPackageAlternateValue								EXISTING_GLOBAL
Global	Specialized Forms	Bid Package Alternate Value	Budget Column	BudgetColumnID	sTYPE_BUDGET_COLUMN	Yes	No	BidPackageAlternateValue								EXISTING_GLOBAL
Global	Specialized Forms	Bid Package Breakout	Bid Package	BidPackageID	sTYPE_BID_PACKAGE	Yes	No	BidPackageBreakout								EXISTING_GLOBAL
Global	Specialized Forms	Bid Package Breakout	Budget Line Item	BudgetLineItemID	sTYPE_BUDGET_LINE_ITEM	Yes	No	BidPackageBreakout								EXISTING_GLOBAL
Global	Specialized Forms	Bid Package Breakout	Description	Description	sTYPE_TEXT	No	No	BidPackageBreakout								EXISTING_GLOBAL;NEEDED_GLOBAL
Global	Specialized Forms	Bid Package Breakout Value	Bid Package Breakout	BidPackageBreakoutID	sTYPE_BID_PACKAGE_BREAKOUT	No	No	BidPackageBreakoutValue								EXISTING_GLOBAL
Global	Specialized Forms	Bid Package Breakout Value	Breakout Value	Value	sTYPE_MONEY	Yes	No	BidPackageBreakoutValue								EXISTING_GLOBAL
Global	Specialized Forms	Bid Package Breakout Value	Budget Column	BudgetColumnID	sTYPE_BUDGET_COLUMN	Yes	No	BidPackageBreakoutValue								EXISTING_GLOBAL
Global	Specialized Forms	Bid Package Breakout Value	Budget Line Item	BudgetLineItemID	sTYPE_BUDGET_LINE_ITEM	Yes	No	BidPackageBreakoutValue								EXISTING_GLOBAL
Global	Specialized Forms	Bid Package Breakout Value	Description	Description	sTYPE_TEXT	No	No	BidPackageBreakoutValue								EXISTING_GLOBAL;NEEDED_GLOBAL
Global	Specialized Forms	Bid Package Template	Award Approval Layout	AwardApprovalLayoutID	sTYPE_PAGE_LAYOUT	No	No	BidPackageTemplate								EXISTING_GLOBAL
Global	Specialized Forms	Bid Package Template	Bid Award Layout	BidAwardLayoutID	sTYPE_PAGE_LAYOUT	No	No	BidPackageTemplate								EXISTING_GLOBAL
Global	Specialized Forms	Bid Package Template	Bid Budget View	BudgetViewID	sTYPE_BUDGET_VIEW	Yes	No	BidPackageTemplate								EXISTING_GLOBAL
Global	Specialized Forms	Bid Package Template	Bid Column Type	BidColumnTypeID	sTYPE_BUDGET_COLUMN_TYPE	No	No	BidPackageTemplate								EXISTING_GLOBAL
Global	Specialized Forms	Bid Package Template	Bid Estimate Budget Column Type	EstimateBudgetColumnTypeID	sTYPE_BUDGET_COLUMN_TYPE	No	No	BidPackageTemplate								EXISTING_GLOBAL
Global	Specialized Forms	Bid Package Template	Bid Invitation Layout	BidInvitationLayoutID	sTYPE_PAGE_LAYOUT	Yes	No	BidPackageTemplate								EXISTING_GLOBAL
Global	Specialized Forms	Bid Package Template	Bid Package Kickoff Layout	BidPackageKickoffLayoutID	sTYPE_PAGE_LAYOUT	Yes	No	BidPackageTemplate								EXISTING_GLOBAL
Global	Specialized Forms	Bid Package Template	Bid Package Template Description	Description	sTYPE_TEXT	No	No	BidPackageTemplate								EXISTING_GLOBAL;NEEDED_GLOBAL
Global	Specialized Forms	Bid Package Template	Bid Package Template Name	TemplateName	sTYPE_TEXT	No	No	BidPackageTemplate								EXISTING_GLOBAL
Global	Specialized Forms	Bid Package Template	Bid Package Template Notes	Notes	sTYPE_TEXTAREA	No	No	BidPackageTemplate								EXISTING_GLOBAL;NEEDED_GLOBAL
Global	Specialized Forms	Bid Package Template	Bid Package Template RecID	BidPackageTemplateID	sTYPE_UNFORMATTED_NUMBER	No	No	BidPackageTemplate								EXISTING_GLOBAL
Global	Specialized Forms	Bid Package Template	Bid Package Template Valid for Cap Program?	IsValidForCapProgram	sTYPE_BOOLEAN	No	No	BidPackageTemplate								EXISTING_GLOBAL
Global	Specialized Forms	Bid Package Template	Bid Package Template Valid for Cap Project?	IsValidForCapProject	sTYPE_BOOLEAN	No	No	BidPackageTemplate								EXISTING_GLOBAL
Global	Specialized Forms	Bid Package Template	Bid Package Template Valid for Equipment Contract?	IsValidForEquipContract	sTYPE_BOOLEAN	No	No	BidPackageTemplate								EXISTING_GLOBAL
Global	Specialized Forms	Bid Package Template	Bid Package Template Valid for Facility?	IsValidForFacility	sTYPE_BOOLEAN	No	No	BidPackageTemplate								EXISTING_GLOBAL
Global	Specialized Forms	Bid Package Template	Bid Package Template Valid for Location?	IsValidForLocation	sTYPE_BOOLEAN	No	No	BidPackageTemplate								EXISTING_GLOBAL
Global	Specialized Forms	Bid Package Template	Bid Package Template Valid for Open Project?	IsValidForOpenProject	sTYPE_BOOLEAN	No	No	BidPackageTemplate								EXISTING_GLOBAL
Global	Specialized Forms	Bid Package Template	Bid Package Template Valid for Parcel?	IsValidForParcel	sTYPE_BOOLEAN	No	No	BidPackageTemplate								EXISTING_GLOBAL
Global	Specialized Forms	Bid Package Template	Bid Package Template Valid for Portfolio?	IsValidForPortfolio	sTYPE_BOOLEAN	No	No	BidPackageTemplate								EXISTING_GLOBAL
Global	Specialized Forms	Bid Package Template	Bid Package Template Valid for Potential Project?	IsValidForPotentialProject	sTYPE_BOOLEAN	No	No	BidPackageTemplate								EXISTING_GLOBAL
Global	Specialized Forms	Bid Package Template	Bid Package Template Valid for Prototype?	IsValidForPrototype	sTYPE_BOOLEAN	No	No	BidPackageTemplate								EXISTING_GLOBAL
Global	Specialized Forms	Bid Package Template	Bid Package Template Valid for RE Contract?	IsValidForContract	sTYPE_BOOLEAN	No	No	BidPackageTemplate								EXISTING_GLOBAL
Global	Specialized Forms	Bid Package Template	Bid Pre-Accept User Class	CodePreAcceptUserClassID	sCODE_USER_CLASS	No	No	BidPackageTemplate								EXISTING_GLOBAL
Global	Specialized Forms	Bid Package Template	Created By	CreatedByID	sTYPE_MEMBER	No	No	BidPackageTemplate								EXISTING_GLOBAL;NEEDED_GLOBAL
Global	Specialized Forms	Bid Package Template	Created Date	CreatedDate	sTYPE_TIME	No	No	BidPackageTemplate								EXISTING_GLOBAL;NEEDED_GLOBAL
Global	Specialized Forms	Bid Package Template	Default Assignee Job Title List	DefaultAssigneeCodeJobTitleIDList	sCODE_JOB_TITLE	No	No	BidPackageTemplate								EXISTING_GLOBAL
Global	Specialized Forms	Bid Package Template	Default Job Title List	QnACodeJobTitleIDList	sCODE_JOB_TITLE	No	No	BidPackageTemplate								EXISTING_GLOBAL
Global	Specialized Forms	Bid Package Template	Modified By	ModifiedByID	sTYPE_MEMBER	No	No	BidPackageTemplate								EXISTING_GLOBAL;NEEDED_GLOBAL
Global	Specialized Forms	Bid Package Template	Modified Date	ModifiedDate	sTYPE_TIME	No	No	BidPackageTemplate								EXISTING_GLOBAL;NEEDED_GLOBAL
Global	Specialized Forms	Bid Package Template	Post Award Layout	PostAwardLayoutID	sTYPE_PAGE_LAYOUT	No	No	BidPackageTemplate								EXISTING_GLOBAL
Global	Specialized Forms	Bid Package Template	Rev Number	RevNumber	sTYPE_UNFORMATTED_NUMBER	No	No	BidPackageTemplate								EXISTING_GLOBAL;NEEDED_GLOBAL
Global	Specialized Forms	Bid Package Template Alternate	Bid Package Template	BidPackageTemplateID	sTYPE_BID_PACKAGE_TEMPLATE	Yes	No	BidPackageTemplateAlternate								EXISTING_GLOBAL
Global	Specialized Forms	Bid Package Template Alternate	Budget Line Item	BudgetLineItemID	sTYPE_BUDGET_LINE_ITEM	Yes	No	BidPackageTemplateAlternate								EXISTING_GLOBAL
Global	Specialized Forms	Bid Package Template Alternate	Description	Description	sTYPE_TEXT	No	No	BidPackageTemplateAlternate								EXISTING_GLOBAL;NEEDED_GLOBAL
Global	Specialized Forms	Bid Package Template Breakout	Bid Package Template	BidPackageTemplateID	sTYPE_BID_PACKAGE_TEMPLATE	Yes	No	BidPackageTemplateBreakout								EXISTING_GLOBAL
Global	Specialized Forms	Bid Package Template Breakout	Budget Line Item	BudgetLineItemID	sTYPE_BUDGET_LINE_ITEM	Yes	No	BidPackageTemplateBreakout								EXISTING_GLOBAL
Global	Specialized Forms	Bid Package Template Breakout	Description	Description	sTYPE_TEXT	No	No	BidPackageTemplateBreakout								EXISTING_GLOBAL;NEEDED_GLOBAL
Global	Specialized Forms	Bidder	Allow Conditioning	AllowConditioning	sTYPE_CHECKBOX	Yes	No	BidderIssue								EXISTING_GLOBAL
Global	Specialized Forms	Bidder	Bid Package	BidPackageID	sTYPE_BID_PACKAGE	Yes	No	BidderIssue								EXISTING_GLOBAL
Global	Specialized Forms	Bidder	Bidder Issue ClientID	BOMapClientRecordID	sTYPE_TEXT	Yes	No	BidderIssue								EXISTING_GLOBAL
Global	Specialized Forms	Bidder	Bidder Issue Issue	IssueID	sTYPE_ISSUE	Yes	No	BidderIssue								EXISTING_GLOBAL
Global	Specialized Forms	Bidder	Bidder Issue RecID	BidderIssueID	sTYPE_UNFORMATTED_NUMBER	No	No	BidderIssue								EXISTING_GLOBAL
Global	Specialized Forms	Bidder	Conditioned Bid Amount	ConditionedBidAmount	sTYPE_MONEY	No	No	BidderIssue								EXISTING_GLOBAL
Global	Specialized Forms	Bidder	Created By	CreatedByID	sTYPE_MEMBER	No	No	BidderIssue								EXISTING_GLOBAL;NEEDED_GLOBAL
Global	Specialized Forms	Bidder	Created Date	CreatedDate	sTYPE_TIME	No	No	BidderIssue								EXISTING_GLOBAL;NEEDED_GLOBAL
Global	Specialized Forms	Bidder	Extended Bid Close Date	ExtendedBidCloseDate	sTYPE_DATE	No	No	BidderIssue								EXISTING_GLOBAL
Global	Specialized Forms	Bidder	Is Bid Invite Accepted?	IsBidInviteAccepted	sTYPE_YES_NO_RADIO	No	No	BidderIssue								EXISTING_GLOBAL
Global	Specialized Forms	Bidder	Is Winning Bid?	IsWinningBid	sTYPE_BOOLEAN	No	No	BidderIssue								EXISTING_GLOBAL
Global	Specialized Forms	Bidder	Member	MemberIDList	sTYPE_MEMBER	No	No	BidderIssue								EXISTING_GLOBAL;NEEDED_GLOBAL
Global	Specialized Forms	Bidder	Modified By	ModifiedByID	sTYPE_MEMBER	No	No	BidderIssue								EXISTING_GLOBAL;NEEDED_GLOBAL
Global	Specialized Forms	Bidder	Modified Date	ModifiedDate	sTYPE_TIME	No	No	BidderIssue								EXISTING_GLOBAL;NEEDED_GLOBAL
Global	Specialized Forms	Bidder	Notes	Notes	sTYPE_TEXTAREA	No	No	BidderIssue								EXISTING_GLOBAL;NEEDED_GLOBAL
Global	Specialized Forms	Bidder	Notification Date	NotificationDate	sTYPE_DATE	No	No	BidderIssue								EXISTING_GLOBAL
Global	Specialized Forms	Bidder	Number	SequenceNumber	sTYPE_TEXT	Yes	No	BidderIssue								EXISTING_GLOBAL;NEEDED_GLOBAL
Global	Specialized Forms	Bidder	Rev Number	RevNumber	sTYPE_UNFORMATTED_NUMBER	No	No	BidderIssue								EXISTING_GLOBAL;NEEDED_GLOBAL
Global	Specialized Forms	Bidder	Submit Bid	BidderBudget	sTYPE_BIDDER_BUDGET	No	No	Issue	Issue	BidderBudget	Submit Bid	issue	BidderBudget	TEXT		EXISTING_GLOBAL
Global	Specialized Forms	Bidder	Submitted Bid Amount	SubmittedBidAmount	sTYPE_MONEY	No	No	BidderIssue								EXISTING_GLOBAL
Global	Specialized Forms	Bidder	Vendor	UniqueVendorID	sTYPE_EMPLOYER	Yes	No	BidderIssue								EXISTING_GLOBAL;NEEDED_GLOBAL
Global	Specialized Forms	Change Order	Approved Change Order Amount	ApprovedChangeOrderAmount	sTYPE_MONEY	No	No	ChangeOrder								EXISTING_GLOBAL
Global	Specialized Forms	Change Order	Change Order ClientID	BOMapClientRecordID	sTYPE_TEXT	Yes	No	ChangeOrder								EXISTING_GLOBAL
Global	Specialized Forms	Change Order	Change Order Issue	IssueID	sTYPE_ISSUE	Yes	No	ChangeOrder								EXISTING_GLOBAL
Global	Specialized Forms	Change Order	Change Order RecID	ChangeOrderID	sTYPE_UNFORMATTED_NUMBER	No	No	ChangeOrder								EXISTING_GLOBAL
Global	Specialized Forms	Change Order	Change Order Sequence Number	ChangeOrderSequenceNumber	sTYPE_TEXT	No	No	ChangeOrder								EXISTING_GLOBAL
Global	Specialized Forms	Change Order	Cost Tracking Variance	CostTrackingVariance	sTYPE_MONEY	No	No	ChangeOrder								EXISTING_GLOBAL
Global	Specialized Forms	Change Order	Created By	CreatedByID	sTYPE_MEMBER	No	No	ChangeOrder								EXISTING_GLOBAL;NEEDED_GLOBAL
Global	Specialized Forms	Change Order	Created Date	CreatedDate	sTYPE_TIME	No	No	ChangeOrder								EXISTING_GLOBAL;NEEDED_GLOBAL
Global	Specialized Forms	Change Order	Modified By	ModifiedByID	sTYPE_MEMBER	No	No	ChangeOrder								EXISTING_GLOBAL;NEEDED_GLOBAL
Global	Specialized Forms	Change Order	Modified Date	ModifiedDate	sTYPE_TIME	No	No	ChangeOrder								EXISTING_GLOBAL;NEEDED_GLOBAL
Global	Specialized Forms	Change Order	Notes	Notes	sTYPE_TEXTAREA	No	No	ChangeOrder								EXISTING_GLOBAL;NEEDED_GLOBAL
Global	Specialized Forms	Change Order	Outstanding Change Order Amount	OutstandingChangeOrderAmount	sTYPE_MONEY	No	No	ChangeOrder								EXISTING_GLOBAL
Global	Specialized Forms	Change Order	Related Purchase Order	PurchaseOrderID	sTYPE_PURCHASE_ORDER	No	No	ChangeOrder								EXISTING_GLOBAL
Global	Specialized Forms	Change Order	Rev Number	RevNumber	sTYPE_UNFORMATTED_NUMBER	No	No	ChangeOrder								EXISTING_GLOBAL;NEEDED_GLOBAL
Global	Specialized Forms	Change Order	Vendor CO Number	VendorCONumber	sTYPE_TEXT	No	No	ChangeOrder								EXISTING_GLOBAL
Global	Specialized Forms	Invoice Items	Created By	CreatedByID	sTYPE_MEMBER	No	No	InvoiceItem								EXISTING_GLOBAL;NEEDED_GLOBAL
Global	Specialized Forms	Invoice Items	Created Date	CreatedDate	sTYPE_TIME	No	No	InvoiceItem								EXISTING_GLOBAL;NEEDED_GLOBAL
Global	Specialized Forms	Invoice Items	Description	Description	sTYPE_TEXTAREA	No	No	InvoiceItem								EXISTING_GLOBAL;NEEDED_GLOBAL
Global	Specialized Forms	Invoice Items	GL Number	GLNumber	sTYPE_TEXT	No	No	InvoiceItem								EXISTING_GLOBAL;NEEDED_GLOBAL
Global	Specialized Forms	Invoice Items	Invoice Amount	InvoiceAmount	sTYPE_MONEY_MATH_OPERATION	No	No	InvoiceItem								EXISTING_GLOBAL;NEEDED_GLOBAL
Global	Specialized Forms	Invoice Items	Invoice Issue	InvoiceIssueID	sTYPE_INVOICE_ISSUE	Yes	No	InvoiceItem								EXISTING_GLOBAL
Global	Specialized Forms	Invoice Items	Invoice Item ClientID	BOMapClientRecordID	sTYPE_TEXT	Yes	No	InvoiceItem								EXISTING_GLOBAL
Global	Specialized Forms	Invoice Items	Invoice Item RecID	InvoiceItemID	sTYPE_UNFORMATTED_NUMBER	No	No	InvoiceItem								EXISTING_GLOBAL
Global	Specialized Forms	Invoice Items	Modified By	ModifiedByID	sTYPE_MEMBER	No	No	InvoiceItem								EXISTING_GLOBAL;NEEDED_GLOBAL
Global	Specialized Forms	Invoice Items	Modified Date	ModifiedDate	sTYPE_TIME	No	No	InvoiceItem								EXISTING_GLOBAL;NEEDED_GLOBAL
Global	Specialized Forms	Invoice Items	Quantity	Quantity	sTYPE_NUMBER	No	No	InvoiceItem								EXISTING_GLOBAL
Global	Specialized Forms	Invoice Items	Rev Number	RevNumber	sTYPE_UNFORMATTED_NUMBER	No	No	InvoiceItem								EXISTING_GLOBAL;NEEDED_GLOBAL
Global	Specialized Forms	Invoice Items	Sub Account	SubAccount	sTYPE_TEXT	No	No	InvoiceItem								EXISTING_GLOBAL;NEEDED_GLOBAL
Global	Specialized Forms	Invoice Items	Tax Amount #1	TaxAmount1	sTYPE_MONEY	No	No	InvoiceItem								EXISTING_GLOBAL;NEEDED_GLOBAL
Global	Specialized Forms	Invoice Items	Tax Amount #2	TaxAmount2	sTYPE_MONEY	No	No	InvoiceItem								EXISTING_GLOBAL;NEEDED_GLOBAL
Global	Specialized Forms	Invoice Items	Total Amount	TotalAmount	sTYPE_MONEY_MATH_OPERATION	No	No	InvoiceItem								EXISTING_GLOBAL;NEEDED_GLOBAL
Global	Specialized Forms	Invoice Items	Unit Cost	UnitCost	sTYPE_MONEY	No	No	InvoiceItem								EXISTING_GLOBAL
Global	Specialized Forms	Invoices	Batch Date	BatchDate	sTYPE_DATE	No	No	InvoiceIssue								EXISTING_GLOBAL
Global	Specialized Forms	Invoices	Batch Number	BatchNumber	sTYPE_TEXT	No	No	InvoiceIssue								EXISTING_GLOBAL
Global	Specialized Forms	Invoices	Created By	CreatedByID	sTYPE_MEMBER	No	No	InvoiceIssue								EXISTING_GLOBAL;NEEDED_GLOBAL
Global	Specialized Forms	Invoices	Created Date	CreatedDate	sTYPE_TIME	No	No	InvoiceIssue								EXISTING_GLOBAL;NEEDED_GLOBAL
Global	Specialized Forms	Invoices	Currency Type	CodeCurrencyTypeID	sCODE_CURRENCY_TYPE	No	No	InvoiceIssue								EXISTING_GLOBAL;NEEDED_GLOBAL
Global	Specialized Forms	Invoices	Invoice Amount	InvoiceAmount	sTYPE_MONEY	No	No	InvoiceIssue								EXISTING_GLOBAL;NEEDED_GLOBAL
Global	Specialized Forms	Invoices	Invoice ClientID	BOMapClientRecordID	sTYPE_TEXT	Yes	No	InvoiceIssue								EXISTING_GLOBAL
Global	Specialized Forms	Invoices	Invoice Date	InvoiceDate	sTYPE_DATE	No	No	InvoiceIssue								EXISTING_GLOBAL;NEEDED_GLOBAL
Global	Specialized Forms	Invoices	Invoice Issue	IssueID	sTYPE_ISSUE	Yes	No	InvoiceIssue								EXISTING_GLOBAL
Global	Specialized Forms	Invoices	Invoice Number	InvoiceNumber	sTYPE_TEXT	No	No	InvoiceIssue								EXISTING_GLOBAL;NEEDED_GLOBAL
Global	Specialized Forms	Invoices	Invoice RecID	InvoiceIssueID	sTYPE_UNFORMATTED_NUMBER	No	No	InvoiceIssue								EXISTING_GLOBAL
Global	Specialized Forms	Invoices	Invoice Status	CodeInvoiceStatusID	sCODE_INVOICE_STATUS	No	No	InvoiceIssue								EXISTING_GLOBAL
Global	Specialized Forms	Invoices	Modified By	ModifiedByID	sTYPE_MEMBER	No	No	InvoiceIssue								EXISTING_GLOBAL;NEEDED_GLOBAL
Global	Specialized Forms	Invoices	Modified Date	ModifiedDate	sTYPE_TIME	No	No	InvoiceIssue								EXISTING_GLOBAL;NEEDED_GLOBAL
Global	Specialized Forms	Invoices	Notes	Notes	sTYPE_TEXTAREA	No	No	InvoiceIssue								EXISTING_GLOBAL;NEEDED_GLOBAL
Global	Specialized Forms	Invoices	Number	SequenceNumber	sTYPE_TEXT	Yes	No	InvoiceIssue								EXISTING_GLOBAL;NEEDED_GLOBAL
Global	Specialized Forms	Invoices	Paid Date	PaidDate	sTYPE_DATE	No	No	InvoiceIssue								EXISTING_GLOBAL
Global	Specialized Forms	Invoices	Received Date	ReceivedDate	sTYPE_DATE	No	No	InvoiceIssue								EXISTING_GLOBAL
Global	Specialized Forms	Invoices	Rev Number	RevNumber	sTYPE_UNFORMATTED_NUMBER	No	No	InvoiceIssue								EXISTING_GLOBAL;NEEDED_GLOBAL
Global	Specialized Forms	Invoices	Tax Amount #1	TaxAmount1	sTYPE_MONEY	No	No	InvoiceIssue								EXISTING_GLOBAL;NEEDED_GLOBAL
Global	Specialized Forms	Invoices	Tax Amount #2	TaxAmount2	sTYPE_MONEY	No	No	InvoiceIssue								EXISTING_GLOBAL;NEEDED_GLOBAL
Global	Specialized Forms	Invoices	Total Amount	TotalAmount	sTYPE_MONEY	No	No	InvoiceIssue								EXISTING_GLOBAL;NEEDED_GLOBAL
Global	Specialized Forms	Pay App	Cost Tracking Variance	CostTrackingVariance	sTYPE_MONEY	No	No	PayApp								EXISTING_GLOBAL
Global	Specialized Forms	Pay App	Created By	CreatedByID	sTYPE_MEMBER	No	No	PayApp								EXISTING_GLOBAL;NEEDED_GLOBAL
Global	Specialized Forms	Pay App	Created Date	CreatedDate	sTYPE_TIME	No	No	PayApp								EXISTING_GLOBAL;NEEDED_GLOBAL
Global	Specialized Forms	Pay App	Invoice Retainage	RetainagePercent	sTYPE_PERCENTAGE	No	No	PayApp								EXISTING_GLOBAL
Global	Specialized Forms	Pay App	Modified By	ModifiedByID	sTYPE_MEMBER	No	No	PayApp								EXISTING_GLOBAL;NEEDED_GLOBAL
Global	Specialized Forms	Pay App	Modified Date	ModifiedDate	sTYPE_TIME	No	No	PayApp								EXISTING_GLOBAL;NEEDED_GLOBAL
Global	Specialized Forms	Pay App	Notes	Notes	sTYPE_TEXTAREA	No	No	PayApp								EXISTING_GLOBAL;NEEDED_GLOBAL
Global	Specialized Forms	Pay App	Pay App Amount	PayAppAmount	sTYPE_MONEY	No	No	PayApp								EXISTING_GLOBAL
Global	Specialized Forms	Pay App	Pay app ClientID	BOMapClientRecordID	sTYPE_TEXT	Yes	No	PayApp								EXISTING_GLOBAL
Global	Specialized Forms	Pay App	Pay app Issue	IssueID	sTYPE_ISSUE	Yes	No	PayApp								EXISTING_GLOBAL
Global	Specialized Forms	Pay App	Pay app RecID	PayAppID	sTYPE_UNFORMATTED_NUMBER	No	No	PayApp								EXISTING_GLOBAL
Global	Specialized Forms	Pay App	Pay App Sequence Number	PayAppSequenceNumber	sTYPE_TEXT	No	No	PayApp								EXISTING_GLOBAL
Global	Specialized Forms	Pay App	Related Purchase Order	PurchaseOrderID	sTYPE_PURCHASE_ORDER	No	No	PayApp								EXISTING_GLOBAL
Global	Specialized Forms	Pay App	Rev Number	RevNumber	sTYPE_UNFORMATTED_NUMBER	No	No	PayApp								EXISTING_GLOBAL;NEEDED_GLOBAL
Global	Specialized Forms	Purchase Order	Approved Change Order Amount	ApprovedChangeOrderAmount	sTYPE_MONEY	No	No	PurchaseOrder								EXISTING_GLOBAL
Global	Specialized Forms	Purchase Order	Created By	CreatedByID	sTYPE_MEMBER	No	No	PurchaseOrder								EXISTING_GLOBAL;NEEDED_GLOBAL
Global	Specialized Forms	Purchase Order	Created Date	CreatedDate	sTYPE_TIME	No	No	PurchaseOrder								EXISTING_GLOBAL;NEEDED_GLOBAL
Global	Specialized Forms	Purchase Order	Estimate Amount	EstimateAmount	sTYPE_MONEY	No	No	PurchaseOrder								EXISTING_GLOBAL
Global	Specialized Forms	Purchase Order	Modified By	ModifiedByID	sTYPE_MEMBER	No	No	PurchaseOrder								EXISTING_GLOBAL;NEEDED_GLOBAL
Global	Specialized Forms	Purchase Order	Modified Date	ModifiedDate	sTYPE_TIME	No	No	PurchaseOrder								EXISTING_GLOBAL;NEEDED_GLOBAL
Global	Specialized Forms	Purchase Order	Notes	Notes	sTYPE_TEXTAREA	No	No	PurchaseOrder								EXISTING_GLOBAL;NEEDED_GLOBAL
Global	Specialized Forms	Purchase Order	Number of Change Orders	NumberChangeOrders	sTYPE_NUMBER	No	No	PurchaseOrder								EXISTING_GLOBAL
Global	Specialized Forms	Purchase Order	Number of Pay Apps	NumberPayApps	sTYPE_NUMBER	No	No	PurchaseOrder								EXISTING_GLOBAL
Global	Specialized Forms	Purchase Order	Original Retainage	RetainagePercent	sTYPE_PERCENTAGE	No	No	PurchaseOrder								EXISTING_GLOBAL
Global	Specialized Forms	Purchase Order	Outstanding Change Order Amount	OutstandingChangeOrderAmount	sTYPE_MONEY	No	No	PurchaseOrder								EXISTING_GLOBAL
Global	Specialized Forms	Purchase Order	Pay App Amount	PayAppAmount	sTYPE_MONEY	No	No	PurchaseOrder								EXISTING_GLOBAL
Global	Specialized Forms	Purchase Order	Purchase Order Amount	PurchaseOrderAmount	sTYPE_MONEY	No	No	PurchaseOrder								EXISTING_GLOBAL
Global	Specialized Forms	Purchase Order	Purchase Order ClientID	BOMapClientRecordID	sTYPE_TEXT	Yes	No	PurchaseOrder								EXISTING_GLOBAL
Global	Specialized Forms	Purchase Order	Purchase Order Issue	IssueID	sTYPE_ISSUE	Yes	No	PurchaseOrder								EXISTING_GLOBAL
Global	Specialized Forms	Purchase Order	Purchase Order RecID	PurchaseOrderID	sTYPE_UNFORMATTED_NUMBER	No	No	PurchaseOrder								EXISTING_GLOBAL
Global	Specialized Forms	Purchase Order	Purchase Order Sequence Number	PurchaseOrderSequenceNumber	sTYPE_TEXT	No	No	PurchaseOrder								EXISTING_GLOBAL
Global	Specialized Forms	Purchase Order	Rev Number	RevNumber	sTYPE_UNFORMATTED_NUMBER	No	No	PurchaseOrder								EXISTING_GLOBAL;NEEDED_GLOBAL
Global	Specialized Forms	Purchase Order	Vendor PO Number	VendorPONumber	sTYPE_TEXT	No	No	PurchaseOrder								EXISTING_GLOBAL;NEEDED_GLOBAL
Global	Specialized Forms	Question	Accepted Response	AcceptedResponseID	sTYPE_ISSUE_RESPONSE	No	No	Question	Question	AcceptedResponseID	Accepted Response	question	AcceptedResponseID	TEXT	Foreign key (ID reference)	EXISTING_GLOBAL
Global	Specialized Forms	Question	Created By	CreatedByID	sTYPE_MEMBER	No	No	Question	Question	CreatedByID	Created By	question	CreatedByID	TEXT	Foreign key (ID reference)	EXISTING_GLOBAL;NEEDED_GLOBAL
Global	Specialized Forms	Question	Created Date	CreatedDate	sTYPE_TIME	No	No	Question	Question	CreatedDate	Created Date	question	CreatedDate	TEXT	Audit	EXISTING_GLOBAL;NEEDED_GLOBAL
Global	Specialized Forms	Question	Is PrivateQandA	IsPrivateQandA	sTYPE_BOOLEAN	Yes	No	Question	Question	IsPrivateQandA	Is PrivateQandA	question	IsPrivateQandA	TEXT		EXISTING_GLOBAL
Global	Specialized Forms	Question	Is Published	IsPublished	sTYPE_BOOLEAN	Yes	No	Question	Question	IsPublished	Is Published	question	IsPublished	TEXT		EXISTING_GLOBAL
Global	Specialized Forms	Question	Is Shared	IsShared	sTYPE_BOOLEAN	No	No	Question	Question	IsShared	Is Shared	question	IsShared	TEXT		EXISTING_GLOBAL
Global	Specialized Forms	Question	Modified By	ModifiedByID	sTYPE_MEMBER	No	No	Question	Question	ModifiedByID	Modified By	question	ModifiedByID	TEXT	Foreign key (ID reference)	EXISTING_GLOBAL;NEEDED_GLOBAL
Global	Specialized Forms	Question	Modified Date	ModifiedDate	sTYPE_TIME	No	No	Question	Question	ModifiedDate	Modified Date	question	ModifiedDate	TEXT	Incremental watermark	EXISTING_GLOBAL;NEEDED_GLOBAL
Global	Specialized Forms	Question	Notes	Notes	sTYPE_TEXTAREA	No	No	Question	Question	Notes	Notes	question	Notes	TEXT		EXISTING_GLOBAL;NEEDED_GLOBAL
Global	Specialized Forms	Question	Question ClientID	BOMapClientRecordID	sTYPE_TEXT	Yes	No	Question	Question	BOMapClientRecordID	Question ClientID	question	BOMapClientRecordID	TEXT	Client identifier	EXISTING_GLOBAL
Global	Specialized Forms	Question	Question Issue	IssueID	sTYPE_ISSUE	Yes	No	Question	Question	IssueID	Question Issue	question	IssueID	TEXT	Foreign key (ID reference)	EXISTING_GLOBAL
Global	Specialized Forms	Question	Question RecID	QuestionID	sTYPE_UNFORMATTED_NUMBER	No	No	Question	Question	QuestionID	Question RecID	question	QuestionID	VARCHAR(64) NOT NULL	Primary key	EXISTING_GLOBAL
Global	Specialized Forms	Question	Rev Number	RevNumber	sTYPE_UNFORMATTED_NUMBER	No	No	Question	Question	RevNumber	Rev Number	question	RevNumber	TEXT	Audit	EXISTING_GLOBAL;NEEDED_GLOBAL
Global	Specialized Forms	Service Request	Approval Date	ApprovalDate	sTYPE_DATE	No	No	ServiceRequest								EXISTING_GLOBAL
Global	Specialized Forms	Service Request	Approver Party	ApproverPartyID	sTYPE_PERSON	No	No	ServiceRequest								EXISTING_GLOBAL
Global	Specialized Forms	Service Request	Asset Group	CodeAssetGroupID	sCODE_ASSET_GROUP	No	No	ServiceRequest								EXISTING_GLOBAL;NEEDED_GLOBAL
Global	Specialized Forms	Service Request	Asset Type	CodeAssetTypeID	sCODE_ASSET_TYPE	No	No	ServiceRequest								EXISTING_GLOBAL;NEEDED_GLOBAL
Global	Specialized Forms	Service Request	Contract	ContractID	sTYPE_CONTRACT	No	No	ServiceRequest								EXISTING_GLOBAL;NEEDED_GLOBAL
Global	Specialized Forms	Service Request	Created By	CreatedByID	sTYPE_MEMBER	No	No	ServiceRequest								EXISTING_GLOBAL;NEEDED_GLOBAL
Global	Specialized Forms	Service Request	Created Date	CreatedDate	sTYPE_TIME	No	No	ServiceRequest								EXISTING_GLOBAL;NEEDED_GLOBAL
Global	Specialized Forms	Service Request	DNE Amount	DNEAmount	sTYPE_MONEY	No	No	ServiceRequest								EXISTING_GLOBAL;NEEDED_GLOBAL
Global	Specialized Forms	Service Request	Generate Work Order	GenerateWorkOrder	sTYPE_SUBMITBUTTON	No	No	ServiceRequest								EXISTING_GLOBAL
Global	Specialized Forms	Service Request	GL Number	GLNumber	sTYPE_TEXT	No	No	ServiceRequest								EXISTING_GLOBAL;NEEDED_GLOBAL
Global	Specialized Forms	Service Request	Maintenance Categories	CodeAssetCategoryID	sCODE_ASSET_CATEGORY	No	No	ServiceRequest								EXISTING_GLOBAL;NEEDED_GLOBAL
Global	Specialized Forms	Service Request	Modified By	ModifiedByID	sTYPE_MEMBER	No	No	ServiceRequest								EXISTING_GLOBAL;NEEDED_GLOBAL
Global	Specialized Forms	Service Request	Modified Date	ModifiedDate	sTYPE_TIME	No	No	ServiceRequest								EXISTING_GLOBAL;NEEDED_GLOBAL
Global	Specialized Forms	Service Request	Notes	Notes	sTYPE_TEXTAREA	No	No	ServiceRequest								EXISTING_GLOBAL;NEEDED_GLOBAL
Global	Specialized Forms	Service Request	Number	SequenceNumber	sTYPE_TEXT	Yes	No	ServiceRequest								EXISTING_GLOBAL;NEEDED_GLOBAL
Global	Specialized Forms	Service Request	Priority	CodePriorityID	sCODE_PRIORITY	No	No	ServiceRequest								EXISTING_GLOBAL;NEEDED_GLOBAL
Global	Specialized Forms	Service Request	Problem	CodeProblemID	sCODE_PROBLEM	No	No	ServiceRequest								EXISTING_GLOBAL
Global	Specialized Forms	Service Request	Problem Remedy Note	RemedyNote	sTYPE_TEXTAREA	No	No	CodeProblem								EXISTING_GLOBAL
Global	Specialized Forms	Service Request	Reference Number	ReferenceNumber	sTYPE_TEXT	No	No	ServiceRequest								EXISTING_GLOBAL
Global	Specialized Forms	Service Request	Request Status	CodeSRQStatusID	sCODE_SRQ_STATUS	No	No	ServiceRequest								EXISTING_GLOBAL
Global	Specialized Forms	Service Request	Request Type	CodeSRQTypeID	sCODE_SRQ_TYPE	No	No	ServiceRequest								EXISTING_GLOBAL
Global	Specialized Forms	Service Request	Requested Completion Date	RequestedCompletionDate	sTYPE_DATE	No	No	ServiceRequest								EXISTING_GLOBAL
Global	Specialized Forms	Service Request	Requested For Party	RequestedForPartyID	sTYPE_PERSON	No	No	ServiceRequest								EXISTING_GLOBAL
Global	Specialized Forms	Service Request	Requestor Party	RequestorPartyID	sTYPE_PERSON	No	No	ServiceRequest								EXISTING_GLOBAL
Global	Specialized Forms	Service Request	Rev Number	RevNumber	sTYPE_UNFORMATTED_NUMBER	No	No	ServiceRequest								EXISTING_GLOBAL;NEEDED_GLOBAL
Global	Specialized Forms	Service Request	Service Request ClientID	BOMapClientRecordID	sTYPE_TEXT	Yes	No	ServiceRequest								EXISTING_GLOBAL
Global	Specialized Forms	Service Request	Service Request Issue	IssueID	sTYPE_ISSUE	Yes	No	ServiceRequest								EXISTING_GLOBAL
Global	Specialized Forms	Service Request	Service Request RecID	ServiceRequestID	sTYPE_UNFORMATTED_NUMBER	No	No	ServiceRequest								EXISTING_GLOBAL
Global	Specialized Forms	Service Request	Source	CodeSRQSourceID	sCODE_SRQ_SOURCE	No	No	ServiceRequest								EXISTING_GLOBAL
Global	Specialized Forms	Service Request	Sub Account	SubAccount	sTYPE_TEXT	No	No	ServiceRequest								EXISTING_GLOBAL;NEEDED_GLOBAL
Global	Specialized Forms	Service Request	Submission Date	SubmissionDate	sTYPE_DATE	No	No	ServiceRequest								EXISTING_GLOBAL
Global	Specialized Forms	Work Order	Actual Completion Date	ActualCompletionDate	sTYPE_TIME	No	No	WorkOrder								EXISTING_GLOBAL
Global	Specialized Forms	Work Order	Actual Cost	ActualCost	sTYPE_MONEY	No	No	WorkOrder								EXISTING_GLOBAL
Global	Specialized Forms	Work Order	Actual Labor Hours	ActualLaborHours	sTYPE_NUMBER	No	No	WorkOrder								EXISTING_GLOBAL
Global	Specialized Forms	Work Order	Actual Start Date	ActualStartDate	sTYPE_TIME	No	No	WorkOrder								EXISTING_GLOBAL;NEEDED_GLOBAL
Global	Specialized Forms	Work Order	Alternate Vendor	AlternateVendorID	sTYPE_EMPLOYER	No	No	WorkOrder								EXISTING_GLOBAL;NEEDED_GLOBAL
Global	Specialized Forms	Work Order	Approval Date	ApprovalDate	sTYPE_DATE	No	No	WorkOrder								EXISTING_GLOBAL
Global	Specialized Forms	Work Order	Approver	ApproverMemberID	sTYPE_MEMBER	No	No	WorkOrder								EXISTING_GLOBAL;NEEDED_GLOBAL
Global	Specialized Forms	Work Order	Classification	CodeClassificationID	sCODE_CLASSIFICATION	No	No	WorkOrder								EXISTING_GLOBAL
Global	Specialized Forms	Work Order	Comments	Comments	sTYPE_TEXTAREA	No	No	WorkOrder								EXISTING_GLOBAL
Global	Specialized Forms	Work Order	Created By	CreatedByID	sTYPE_MEMBER	No	No	WorkOrder								EXISTING_GLOBAL;NEEDED_GLOBAL
Global	Specialized Forms	Work Order	Created Date	CreatedDate	sTYPE_TIME	No	No	WorkOrder								EXISTING_GLOBAL;NEEDED_GLOBAL
Global	Specialized Forms	Work Order	Estimated Completion Date	EstimatedCompletionDate	sTYPE_TIME	No	No	WorkOrder								EXISTING_GLOBAL
Global	Specialized Forms	Work Order	Estimated Cost	EstimatedCost	sTYPE_MONEY	No	No	WorkOrder								EXISTING_GLOBAL
Global	Specialized Forms	Work Order	Estimated Labor Hours	EstimatedLaborHours	sTYPE_NUMBER	No	No	WorkOrder								EXISTING_GLOBAL
Global	Specialized Forms	Work Order	Estimated Start Date	EstimatedStartDate	sTYPE_TIME	No	No	WorkOrder								EXISTING_GLOBAL
Global	Specialized Forms	Work Order	Evaluation Comment	EvaluationComment	sTYPE_TEXTAREA	No	No	WorkOrder								EXISTING_GLOBAL
Global	Specialized Forms	Work Order	Evaluation Rating	CodeEvaluationRatingID	sCODE_EVALUATION_RATING	No	No	WorkOrder								EXISTING_GLOBAL
Global	Specialized Forms	Work Order	Modified By	ModifiedByID	sTYPE_MEMBER	No	No	WorkOrder								EXISTING_GLOBAL;NEEDED_GLOBAL
Global	Specialized Forms	Work Order	Modified Date	ModifiedDate	sTYPE_TIME	No	No	WorkOrder								EXISTING_GLOBAL;NEEDED_GLOBAL
Global	Specialized Forms	Work Order	Number	SequenceNumber	sTYPE_TEXT	Yes	No	WorkOrder								EXISTING_GLOBAL;NEEDED_GLOBAL
Global	Specialized Forms	Work Order	Primary Vendor	PrimaryVendorID	sTYPE_EMPLOYER	No	No	WorkOrder								EXISTING_GLOBAL;NEEDED_GLOBAL
Global	Specialized Forms	Work Order	Priority	CodePriorityID	sCODE_PRIORITY	No	No	WorkOrder								EXISTING_GLOBAL;NEEDED_GLOBAL
Global	Specialized Forms	Work Order	Reference Number	ReferenceNumber	sTYPE_TEXT	No	No	WorkOrder								EXISTING_GLOBAL
Global	Specialized Forms	Work Order	Rev Number	RevNumber	sTYPE_UNFORMATTED_NUMBER	No	No	WorkOrder								EXISTING_GLOBAL;NEEDED_GLOBAL
Global	Specialized Forms	Work Order	Secondary Vendor	SecondaryVendorID	sTYPE_EMPLOYER	No	No	WorkOrder								EXISTING_GLOBAL;NEEDED_GLOBAL
Global	Specialized Forms	Work Order	Service Request	ServiceRequestID	sTYPE_SERVICE_REQUEST	No	No	WorkOrder								EXISTING_GLOBAL
Global	Specialized Forms	Work Order	Work Order ClientID	BOMapClientRecordID	sTYPE_TEXT	Yes	No	WorkOrder								EXISTING_GLOBAL
Global	Specialized Forms	Work Order	Work Order Issue	IssueID	sTYPE_ISSUE	Yes	No	WorkOrder								EXISTING_GLOBAL
Global	Specialized Forms	Work Order	Work Order RecID	WorkOrderID	sTYPE_UNFORMATTED_NUMBER	No	No	WorkOrder								EXISTING_GLOBAL
Global	Statics	Hidden	Added By Org Chart?	AddedByOrgChart	sTYPE_BOOLEAN	Yes	No	LinkMemberProjectEntity								EXISTING_GLOBAL;NEEDED_GLOBAL
Global	Statics	Hidden	Adhoc Member ID	AdhocMemberID	sTYPE_UNFORMATTED_NUMBER	No	No	WorkFlowTemplateStepMember								EXISTING_GLOBAL;NEEDED_GLOBAL
Global	Statics	Hidden	Alert type	AlertType	sTYPE_TEXT	Yes	No	NotifyTemplate								EXISTING_GLOBAL;NEEDED_GLOBAL
Global	Statics	Hidden	Alias For Sales Group	AliasForCodeSalesGroupID	sCODE_SALES_GROUP	No	No	CodeSalesGroup								EXISTING_GLOBAL;NEEDED_GLOBAL
Global	Statics	Hidden	Bidding Budget Column Type to be Leveled	BiddingBCTForLevelingID	sTYPE_BUDGET_COLUMN_TYPE	No	No	BudgetColumnType								EXISTING_GLOBAL
Global	Statics	Hidden	Budget Line Item	BudgetLineItemID	sTYPE_BUDGET_LINE_ITEM	No	No	LinkBudgetViewBLI								EXISTING_GLOBAL
Global	Statics	Hidden	Budget View	BudgetViewID	sTYPE_BUDGET_VIEW	Yes	No	LinkBudgetViewBLI								EXISTING_GLOBAL
Global	Statics	Hidden	BudgetColumnTypeID	BudgetColumnTypeID	sTYPE_BUDGET_COLUMN_TYPE	No	No	CodeBudgetColumnStatus								EXISTING_GLOBAL
Global	Statics	Hidden	CheckedOutByMemberID	CheckedOutByMemberID	sTYPE_MEMBER	No	No	WorkFlowStep								EXISTING_GLOBAL;NEEDED_GLOBAL
Global	Statics	Hidden	CheckedOutDate	CheckedOutDate	sTYPE_DATE	No	No	WorkFlowStep								EXISTING_GLOBAL;NEEDED_GLOBAL
Global	Statics	Hidden	Code SQL Table of parent record	CodeSQLTableID	sCODE_SQLTABLE	Yes	No	NotifyTemplate								EXISTING_GLOBAL;NEEDED_GLOBAL
Global	Statics	Hidden	Code Status Default Name For Create	CodeStatusDefaultNameForCreate	sTYPE_TEXT	No	No	BudgetColumnType								EXISTING_GLOBAL
Global	Statics	Hidden	Code Status Selected Name For Create	CodeStatusSelectedNameForCreate	sTYPE_TEXT	No	No	BudgetColumnType								EXISTING_GLOBAL
Global	Statics	Hidden	CodeJobTitleID	CodeJobTitleID	sCODE_JOB_TITLE	Yes	No	LinkPEMemberCodeJobTitle								EXISTING_GLOBAL;NEEDED_GLOBAL
Global	Statics	Hidden	Committee Package RecID	CommitteePackageID	sTYPE_UNFORMATTED_NUMBER	No	No	CommitteePackage								EXISTING_GLOBAL
Global	Statics	Hidden	ComputedAlertDateApprovers	ComputedAlertDateApprovers	sTYPE_DATE	No	No	WorkFlowStep								EXISTING_GLOBAL;NEEDED_GLOBAL
Global	Statics	Hidden	ComputedAlertDateAssignees	ComputedAlertDateAssignees	sTYPE_DATE	No	No	WorkFlowStep								EXISTING_GLOBAL;NEEDED_GLOBAL
Global	Statics	Hidden	ComputedDueDateNotification	ComputedDueDateNotification	sTYPE_DATE	No	No	WorkFlowStep								EXISTING_GLOBAL;NEEDED_GLOBAL
Global	Statics	Hidden	ComputedWarnDateApprovers	ComputedWarnDateApprovers	sTYPE_DATE	No	No	WorkFlowStep								EXISTING_GLOBAL;NEEDED_GLOBAL
Global	Statics	Hidden	ComputedWarnDateAssignees	ComputedWarnDateAssignees	sTYPE_DATE	No	No	WorkFlowStep								EXISTING_GLOBAL;NEEDED_GLOBAL
Global	Statics	Hidden	Created By	CreatedByID	sTYPE_MEMBER	No	No	PageLayout								EXISTING_GLOBAL;NEEDED_GLOBAL
Global	Statics	Hidden	Created Date	CreatedDate	sTYPE_TIME	No	No	PageLayout								EXISTING_GLOBAL;NEEDED_GLOBAL
Global	Statics	Hidden	Custom Code Table ClientID	BOMapClientRecordID	sTYPE_TEXT	Yes	No	CustomCodeTable								EXISTING_GLOBAL;NEEDED_GLOBAL
Global	Statics	Hidden	Custom Code Table Name	CustomCodeTableName	sTYPE_TEXT	Yes	No	CustomCodeTable								EXISTING_GLOBAL;NEEDED_GLOBAL
Global	Statics	Hidden	Custom Code Table RecID	CustomCodeTableID	sTYPE_UNFORMATTED_NUMBER	No	No	CustomCodeTable								EXISTING_GLOBAL;NEEDED_GLOBAL
Global	Statics	Hidden	DB Document Storage GB	DBDocumentStorageGB	sTYPE_NUMBER_FRACTION2DIGITS	No	No	Firm								EXISTING_GLOBAL;NEEDED_GLOBAL
Global	Statics	Hidden	DefinedField1	DefinedField1	sTYPE_TEXT	No	No	ProjectEntity								EXISTING_GLOBAL;NEEDED_GLOBAL
Global	Statics	Hidden	DefinedField2	DefinedField2	sTYPE_TEXT	No	No	ProjectEntity								EXISTING_GLOBAL;NEEDED_GLOBAL
Global	Statics	Hidden	Description	Description	sTYPE_TEXTAREA	No	No	CustomCodeTable								EXISTING_GLOBAL;NEEDED_GLOBAL
Global	Statics	Hidden	Document Storage Used Percent	DocumentStorageUsedPercent	sTYPE_PERCENTAGE_2DIGITS	No	No	Firm								EXISTING_GLOBAL;NEEDED_GLOBAL
Global	Statics	Hidden	Effective End Date	EffectiveEndDate	sTYPE_DATE	No	No	PaymentTransaction								EXISTING_GLOBAL;NEEDED_GLOBAL
Global	Statics	Hidden	Email message	EMailMessage	sTYPE_TEXT	No	No	NotifyTemplate								EXISTING_GLOBAL;NEEDED_GLOBAL
Global	Statics	Hidden	EmpAvailableCodeJobFunctionID	CodeJobFunctionID	sCODE_JOB_FUNCTION	Yes	No	LinkEmpAvailableJobFunction								EXISTING_GLOBAL;NEEDED_GLOBAL
Global	Statics	Hidden	EmpAvailableCodeJobTitleID	CodeJobTitleID	sCODE_JOB_TITLE	Yes	No	LinkEmpAvailableJobTitle								EXISTING_GLOBAL;NEEDED_GLOBAL
Global	Statics	Hidden	EmpAvailableCodeUserClassID	CodeUserClassID	sCODE_USER_CLASS	Yes	No	LinkEmpAvailableUserClass								EXISTING_GLOBAL;NEEDED_GLOBAL
Global	Statics	Hidden	Enable for dashboard	EnableForDashboard	sTYPE_BOOLEAN	Yes	No	NotifyTemplate								EXISTING_GLOBAL;NEEDED_GLOBAL
Global	Statics	Hidden	Enable For Email	EnableForEMail	sTYPE_BOOLEAN	Yes	No	NotifyTemplate								EXISTING_GLOBAL;NEEDED_GLOBAL
Global	Statics	Hidden	Enable Generate Rent Date (Equipment)	EnableGenRentEquipDate	sTYPE_DATE	No	No	Firm								EXISTING_GLOBAL;NEEDED_GLOBAL
Global	Statics	Hidden	Enable Generate Rent Date (Real Estate)	EnableGenRentREDate	sTYPE_DATE	No	No	Firm								EXISTING_GLOBAL;NEEDED_GLOBAL
Global	Statics	Hidden	Entity Template RecID	EntityTemplateID	sTYPE_UNFORMATTED_NUMBER	No	No	EntityTemplate								EXISTING_GLOBAL;NEEDED_GLOBAL
Global	Statics	Hidden	Expiration Date	ExpirationDate	sTYPE_DATE	No	No	InformationOverlay								EXISTING_GLOBAL;NEEDED_GLOBAL
Global	Statics	Hidden	Field Name List	FieldNameList	sTYPE_TEXT	No	No	InformationOverlay								EXISTING_GLOBAL;NEEDED_GLOBAL
Global	Statics	Hidden	Firm	FirmID	sTYPE_FIRM	No	No	PageLayout								EXISTING_GLOBAL;NEEDED_GLOBAL
Global	Statics	Hidden	Fiscal Year	FiscalYear	sTYPE_UNFORMATTED_NUMBER	Yes	No	ProgramRevenueWeeks								EXISTING_GLOBAL;NEEDED_GLOBAL
Global	Statics	Hidden	Group	ParentCodeSalesGroupID	sCODE_SALES_GROUP	Yes	No	CodeSalesType								EXISTING_GLOBAL;NEEDED_GLOBAL
Global	Statics	Hidden	ImportedCreatedDate	ImportedCreatedDate	sTYPE_TIME	No	No	Issue								EXISTING_GLOBAL;NEEDED_GLOBAL
Global	Statics	Hidden	Is Adhoc?	IsAdhoc	sTYPE_BOOLEAN	No	No	WorkFlowTemplateStepMember								EXISTING_GLOBAL;NEEDED_GLOBAL
Global	Statics	Hidden	IsBudgetColumnLocked	IsBudgetColumnLocked	sTYPE_BOOLEAN	Yes	No	CodeBudgetColumnStatus								EXISTING_GLOBAL
Global	Statics	Hidden	JavaScript Value	JavaScriptValue	sTYPE_JAVASCRIPT_FIELD	No	No	ProjectEntity								EXISTING_GLOBAL;NEEDED_GLOBAL
Global	Statics	Hidden	JobFunctionEmployerID	EmployerID	sTYPE_EMPLOYER	Yes	No	LinkEmpAvailableJobFunction								EXISTING_GLOBAL;NEEDED_GLOBAL
Global	Statics	Hidden	JobTitleEmployerID	EmployerID	sTYPE_EMPLOYER	Yes	No	LinkEmpAvailableJobTitle								EXISTING_GLOBAL;NEEDED_GLOBAL
Global	Statics	Hidden	JSON Config	JSONConfigText	sTYPE_TEXT	No	No	InformationOverlay								EXISTING_GLOBAL;NEEDED_GLOBAL
Global	Statics	Hidden	Last Reviewed Date	LastReviewedDate	sTYPE_TIME	Yes	No	MapClientBudget								EXISTING_GLOBAL
Global	Statics	Hidden	Last Run By	LastRunBy	sTYPE_MEMBER	No	No	PageLayout								EXISTING_GLOBAL;NEEDED_GLOBAL
Global	Statics	Hidden	Last Run Date	LastRunDate	sTYPE_TIME	No	No	PageLayout								EXISTING_GLOBAL;NEEDED_GLOBAL
Global	Statics	Hidden	Lease Audit RecID	LeaseAuditID	sTYPE_UNFORMATTED_NUMBER	No	No	LeaseAudit								EXISTING_GLOBAL;NEEDED_GLOBAL
Global	Statics	Hidden	Link Budget Index BLI RecID	LinkBudgetIndexBLIID	sTYPE_UNFORMATTED_NUMBER	No	No	LinkBudgetIndexBLI								EXISTING_GLOBAL
Global	Statics	Hidden	Link Budget View BLI ClientID	BOMapClientRecordID	sTYPE_TEXT	Yes	No	LinkBudgetViewBLI								EXISTING_GLOBAL
Global	Statics	Hidden	Link Budget View BLI RecID	LinkBudgetViewBLIID	sTYPE_UNFORMATTED_NUMBER	No	No	LinkBudgetViewBLI								EXISTING_GLOBAL
Global	Statics	Hidden	Link Comm Pkg Templ Doc Content RecID	LinkCommPkgTemplDocContentID	sTYPE_UNFORMATTED_NUMBER	No	No	LinkCommPkgTemplDocContent								EXISTING_GLOBAL;NEEDED_GLOBAL
Global	Statics	Hidden	Link Land Purchase Inspection RecID	LinkLandPurchaseInspectionID	sTYPE_UNFORMATTED_NUMBER	No	No	LinkLandPurchaseInspection								EXISTING_GLOBAL;NEEDED_GLOBAL
Global	Statics	Hidden	Link Project Entity Contact RecID	LinkProjectEntityContactID	sTYPE_UNFORMATTED_NUMBER	No	No	LinkProjectEntityContact								EXISTING_GLOBAL;NEEDED_GLOBAL
Global	Statics	Hidden	Link Region Manager ClientID	BOMapClientRecordID	sTYPE_TEXT	Yes	No	LinkRegionManager								EXISTING_GLOBAL;NEEDED_GLOBAL
Global	Statics	Hidden	Link Region Manager Is Manager?	IsManager	sTYPE_BOOLEAN	Yes	No	LinkRegionManager								EXISTING_GLOBAL;NEEDED_GLOBAL
Global	Statics	Hidden	Link Region Manager Member	MemberID	sTYPE_MEMBER	Yes	No	LinkRegionManager								EXISTING_GLOBAL;NEEDED_GLOBAL
Global	Statics	Hidden	Link Region Manager Operating Status	OperatingStatus	sTYPE_OPERATING_STATUS	Yes	No	LinkRegionManager								EXISTING_GLOBAL;NEEDED_GLOBAL
Global	Statics	Hidden	Link Region Manager Portfolio or Capital Program	ProgramID	sTYPE_PROGRAM	Yes	No	LinkRegionManager								EXISTING_GLOBAL;NEEDED_GLOBAL
Global	Statics	Hidden	Link Region Manager RecID	LinkRegionManagerID	sTYPE_UNFORMATTED_NUMBER	No	No	LinkRegionManager								EXISTING_GLOBAL;NEEDED_GLOBAL
Global	Statics	Hidden	Link Region Manager Region	RegionID	sTYPE_REGION	No	No	LinkRegionManager								EXISTING_GLOBAL;NEEDED_GLOBAL
Global	Statics	Hidden	Link Region Market RecID	LinkRegionMarketID	sTYPE_LINK_REGION_MARKET	No	No	LinkRegionManager								EXISTING_GLOBAL;NEEDED_GLOBAL
Global	Statics	Hidden	LinkMemberPEID	LinkMemberPEID	sTYPE_PE_MEMBER	Yes	No	LinkPEMemberCodeJobTitle								EXISTING_GLOBAL;NEEDED_GLOBAL
Global	Statics	Hidden	Map Client Budget RecID	MapClientBudgetID	sTYPE_UNFORMATTED_NUMBER	No	No	MapClientBudget								EXISTING_GLOBAL
Global	Statics	Hidden	Map Client Schedule Recid	MapClientScheduleID	sTYPE_UNFORMATTED_NUMBER	No	No	MapClientSchedule								EXISTING_GLOBAL;NEEDED_GLOBAL
Global	Statics	Hidden	Market Area	CodeMarketAreaID	sCODE_MARKET_AREA	Yes	No	LinkRegionMarket								EXISTING_GLOBAL;NEEDED_GLOBAL
Global	Statics	Hidden	Market Manager Names	ManagerIDList	sTYPE_MEMBER	No	No	LinkRegionMarket								EXISTING_GLOBAL;NEEDED_GLOBAL
Global	Statics	Hidden	Market Member Names	MemberIDList	sTYPE_MEMBER	No	No	LinkRegionMarket								EXISTING_GLOBAL;NEEDED_GLOBAL
Global	Statics	Hidden	Max Document Storage GB	MaxDocumentStorageGB	sTYPE_NUMBER_FRACTION2DIGITS	No	No	Firm								EXISTING_GLOBAL;NEEDED_GLOBAL
Global	Statics	Hidden	Members Assigned to Task	AssigneeMemberIDList	sTYPE_MEMBER	No	No	Task								EXISTING_GLOBAL;NEEDED_GLOBAL
Global	Statics	Hidden	Modified By	ModifiedByID	sTYPE_MEMBER	No	No	PageLayout								EXISTING_GLOBAL;NEEDED_GLOBAL
Global	Statics	Hidden	Modified Date	ModifiedDate	sTYPE_TIME	No	No	PageLayout								EXISTING_GLOBAL;NEEDED_GLOBAL
Global	Statics	Hidden	Notification Days	DaysOffsetFromTargetDate	sTYPE_UNFORMATTED_NUMBER	Yes	No	NotifyTemplate								EXISTING_GLOBAL;NEEDED_GLOBAL
Global	Statics	Hidden	Notify Job Title	CodeJobTitleID	sCODE_JOB_TITLE	No	No	NotifyTemplateMember								EXISTING_GLOBAL;NEEDED_GLOBAL
Global	Statics	Hidden	Notify Member	MemberID	sTYPE_MEMBER	No	No	NotifyTemplateMember								EXISTING_GLOBAL;NEEDED_GLOBAL
Global	Statics	Hidden	Notify Org Chart Level	OrgChartLevel	sTYPE_UNFORMATTED_NUMBER	No	No	NotifyTemplateMember								EXISTING_GLOBAL;NEEDED_GLOBAL
Global	Statics	Hidden	Notify RecID	NotifyID	sTYPE_UNFORMATTED_NUMBER	No	No	Notify								EXISTING_GLOBAL;NEEDED_GLOBAL
Global	Statics	Hidden	Notify Template	NotifyTemplateID	sTYPE_NOTIFY_TEMPLATE	Yes	No	NotifyTemplateMember								EXISTING_GLOBAL;NEEDED_GLOBAL
Global	Statics	Hidden	Notify Template Member	NotifyTemplateMemberID	sTYPE_UNFORMATTED_NUMBER	No	No	NotifyTemplateMember								EXISTING_GLOBAL;NEEDED_GLOBAL
Global	Statics	Hidden	Notify template name	NotifyTemplateName	sTYPE_TEXT	Yes	No	NotifyTemplate								EXISTING_GLOBAL;NEEDED_GLOBAL
Global	Statics	Hidden	Notify Template RecID	NotifyTemplateID	sTYPE_UNFORMATTED_NUMBER	No	No	NotifyTemplate								EXISTING_GLOBAL;NEEDED_GLOBAL
Global	Statics	Hidden	Notify User Class	CodeUserClassID	sCODE_USER_CLASS	No	No	NotifyTemplateMember								EXISTING_GLOBAL;NEEDED_GLOBAL
Global	Statics	Hidden	Omit From Sales Group Total	OmitFromSalesGroupTotal	sTYPE_BOOLEAN	Yes	No	CodeSalesType								EXISTING_GLOBAL;NEEDED_GLOBAL
Global	Statics	Hidden	Operating Status	OperatingStatus	sTYPE_OPERATING_STATUS	Yes	No	Region								EXISTING_GLOBAL;NEEDED_GLOBAL
Global	Statics	Hidden	OrgChart Operating Status	OperatingStatus	sTYPE_TEXT	Yes	No	LinkRegionMarket								EXISTING_GLOBAL;NEEDED_GLOBAL
Global	Statics	Hidden	Page Layout Allow Edit?	AllowEdit	sTYPE_BOOLEAN	Yes	No	PageLayout								EXISTING_GLOBAL;NEEDED_GLOBAL
Global	Statics	Hidden	Page Layout Allow User Create?	AllowUserCreate	sTYPE_BOOLEAN	No	No	PageLayout								EXISTING_GLOBAL;NEEDED_GLOBAL
Global	Statics	Hidden	Page Layout Budget Column Type	BudgetColumnTypeID	sTYPE_BUDGET_COLUMN_TYPE	No	No	PageLayout								EXISTING_GLOBAL
Global	Statics	Hidden	Page Layout Client List RGD	ClientListRGDID	sTYPE_REPORT_GROUP_DATA	No	No	PageLayout								EXISTING_GLOBAL;NEEDED_GLOBAL
Global	Statics	Hidden	Page Layout ClientID	BOMapClientRecordID	sTYPE_TEXT	Yes	No	PageLayout								EXISTING_GLOBAL;NEEDED_GLOBAL
Global	Statics	Hidden	Page Layout Computed Sequence Number	ComputedSequenceNumber	sTYPE_NUMBER	No	No	PageLayout								EXISTING_GLOBAL;NEEDED_GLOBAL
Global	Statics	Hidden	Page Layout Created By Member	CreatedByMemberID	sTYPE_MEMBER	No	No	PageLayout								EXISTING_GLOBAL;NEEDED_GLOBAL
Global	Statics	Hidden	Page Layout Currency Type	CodeCurrencyTypeID	sCODE_CURRENCY_TYPE	No	No	PageLayout								EXISTING_GLOBAL;NEEDED_GLOBAL
Global	Statics	Hidden	Page Layout Description	Description	sTYPE_TEXTAREA	No	No	PageLayout								EXISTING_GLOBAL;NEEDED_GLOBAL
Global	Statics	Hidden	Page Layout Entity Selection Filter	EntitySelectionFilter	sTYPE_NUMBER	Yes	No	PageLayout								EXISTING_GLOBAL;NEEDED_GLOBAL
Global	Statics	Hidden	Page Layout Equivalent PL Types	EquivalentPLTypes	sTYPE_TEXT	No	No	PageLayout								EXISTING_GLOBAL;NEEDED_GLOBAL
Global	Statics	Hidden	Page Layout Field Accessor Name	AccessorName	sTYPE_TEXT	No	No	PageLayoutField								EXISTING_GLOBAL;NEEDED_GLOBAL
Global	Statics	Hidden	Page Layout Field Budget View	BudgetViewID	sTYPE_BUDGET_VIEW	No	No	PageLayoutField								EXISTING_GLOBAL
Global	Statics	Hidden	Page Layout Field ClientID	BOMapClientRecordID	sTYPE_TEXT	Yes	No	PageLayoutField								EXISTING_GLOBAL;NEEDED_GLOBAL
Global	Statics	Hidden	Page Layout Field Display Label	DisplayLabel	sTYPE_TEXTAREA	No	No	PageLayoutField								EXISTING_GLOBAL;NEEDED_GLOBAL
Global	Statics	Hidden	Page Layout Field Display Option #1	DisplayOption1	sTYPE_NUMBER	Yes	No	PageLayoutField								EXISTING_GLOBAL;NEEDED_GLOBAL
Global	Statics	Hidden	Page Layout Field Display Option #2	DisplayOption2	sTYPE_NUMBER	Yes	No	PageLayoutField								EXISTING_GLOBAL;NEEDED_GLOBAL
Global	Statics	Hidden	Page Layout Field Display Option JSON	DisplayOptionJSON	sTYPE_TEXTAREA	No	No	PageLayoutField								EXISTING_GLOBAL;NEEDED_GLOBAL
Global	Statics	Hidden	Page Layout Field Edit Column Position	EditColumnPosition	sTYPE_NUMBER	No	No	PageLayoutField								EXISTING_GLOBAL;NEEDED_GLOBAL
Global	Statics	Hidden	Page Layout Field Edit Field Height	EditFieldHeight	sTYPE_NUMBER	No	No	PageLayoutField								EXISTING_GLOBAL;NEEDED_GLOBAL
Global	Statics	Hidden	Page Layout Field Edit Field Width	EditFieldWidth	sTYPE_NUMBER	No	No	PageLayoutField								EXISTING_GLOBAL;NEEDED_GLOBAL
Global	Statics	Hidden	Page Layout Field Edit Row Position	EditRowPosition	sTYPE_NUMBER	No	No	PageLayoutField								EXISTING_GLOBAL;NEEDED_GLOBAL
Global	Statics	Hidden	Page Layout Field Field Context	FieldContext	sTYPE_TEXT	No	No	PageLayoutField								EXISTING_GLOBAL;NEEDED_GLOBAL
Global	Statics	Hidden	Page Layout Field Header Column Position	HeaderColumnPosition	sTYPE_NUMBER	No	No	PageLayoutField								EXISTING_GLOBAL;NEEDED_GLOBAL
Global	Statics	Hidden	Page Layout Field Is In Edit Layout?	IsInEditLayout	sTYPE_BOOLEAN	No	No	PageLayoutField								EXISTING_GLOBAL;NEEDED_GLOBAL
Global	Statics	Hidden	Page Layout Field JSON Config Text	JSONConfigText	sTYPE_TEXTAREA	No	No	PageLayoutField								EXISTING_GLOBAL;NEEDED_GLOBAL
Global	Statics	Hidden	Page Layout Field Label CSS Style	LabelCSSStyle	sTYPE_TEXTAREA	No	No	PageLayoutField								EXISTING_GLOBAL;NEEDED_GLOBAL
Global	Statics	Hidden	Page Layout Field Mobile Row Position	MobileRowPosition	sTYPE_NUMBER	No	No	PageLayoutField								EXISTING_GLOBAL;NEEDED_GLOBAL
Global	Statics	Hidden	Page Layout Field Page Layout	PageLayoutID	sTYPE_PAGE_LAYOUT	Yes	No	PageLayoutField								EXISTING_GLOBAL;NEEDED_GLOBAL
Global	Statics	Hidden	Page Layout Field RecID	PageLayoutFieldID	sTYPE_UNFORMATTED_NUMBER	No	No	PageLayoutField								EXISTING_GLOBAL;NEEDED_GLOBAL
Global	Statics	Hidden	Page Layout Field Report Group Available Field	ReportGroupAvailableFieldID	sTYPE_REPORT_GROUP_AVAILABLE_FIELD	No	No	PageLayoutField								EXISTING_GLOBAL;NEEDED_GLOBAL
Global	Statics	Hidden	Page Layout Field Static Text	StaticText	sTYPE_TEXTAREA	No	No	PageLayoutField								EXISTING_GLOBAL;NEEDED_GLOBAL
Global	Statics	Hidden	Page Layout Field Sub Page Layout	SubPageLayoutID	sTYPE_PAGE_LAYOUT	No	No	PageLayoutField								EXISTING_GLOBAL;NEEDED_GLOBAL
Global	Statics	Hidden	Page Layout Field Value CSS Style	ValueCSSStyle	sTYPE_TEXTAREA	No	No	PageLayoutField								EXISTING_GLOBAL;NEEDED_GLOBAL
Global	Statics	Hidden	Page Layout Field View Column Position	ViewColumnPosition	sTYPE_NUMBER	No	No	PageLayoutField								EXISTING_GLOBAL;NEEDED_GLOBAL
Global	Statics	Hidden	Page Layout Field View Field Height	ViewFieldHeight	sTYPE_NUMBER	No	No	PageLayoutField								EXISTING_GLOBAL;NEEDED_GLOBAL
Global	Statics	Hidden	Page Layout Field View Field Width	ViewFieldWidth	sTYPE_NUMBER	No	No	PageLayoutField								EXISTING_GLOBAL;NEEDED_GLOBAL
Global	Statics	Hidden	Page Layout Field View Row Position	ViewRowPosition	sTYPE_NUMBER	No	No	PageLayoutField								EXISTING_GLOBAL;NEEDED_GLOBAL
Global	Statics	Hidden	Page Layout Filter Accessor Name	AccessorName	sTYPE_TEXT	No	No	PageLayoutFilter								EXISTING_GLOBAL;NEEDED_GLOBAL
Global	Statics	Hidden	Page Layout Filter ClientID	BOMapClientRecordID	sTYPE_TEXT	Yes	No	PageLayoutFilter								EXISTING_GLOBAL;NEEDED_GLOBAL
Global	Statics	Hidden	Page Layout Filter Column Order By	ColumnOrderBy	sTYPE_NUMBER	No	No	PageLayoutFilter								EXISTING_GLOBAL;NEEDED_GLOBAL
Global	Statics	Hidden	Page Layout Filter Criteria Type #1	CriteriaType1	sTYPE_NUMBER	No	No	PageLayoutFilter								EXISTING_GLOBAL;NEEDED_GLOBAL
Global	Statics	Hidden	Page Layout Filter Criteria Type #2	CriteriaType2	sTYPE_NUMBER	No	No	PageLayoutFilter								EXISTING_GLOBAL;NEEDED_GLOBAL
Global	Statics	Hidden	Page Layout Filter Criteria Value #1	CriteriaValue1	sTYPE_TEXTAREA	No	No	PageLayoutFilter								EXISTING_GLOBAL;NEEDED_GLOBAL
Global	Statics	Hidden	Page Layout Filter Criteria Value #2	CriteriaValue2	sTYPE_TEXTAREA	No	No	PageLayoutFilter								EXISTING_GLOBAL;NEEDED_GLOBAL
Global	Statics	Hidden	Page Layout Filter Extended Group Filter	ExtendedGroupFilterID	sTYPE_PAGE_LAYOUT_FILTER	No	No	PageLayoutFilter								EXISTING_GLOBAL;NEEDED_GLOBAL
Global	Statics	Hidden	Page Layout Filter Field Context	FieldContext	sTYPE_TEXT	No	No	PageLayoutFilter								EXISTING_GLOBAL;NEEDED_GLOBAL
Global	Statics	Hidden	Page Layout Filter Is List Filter?	IsListFilter	sTYPE_BOOLEAN	Yes	No	PageLayoutFilter								EXISTING_GLOBAL;NEEDED_GLOBAL
Global	Statics	Hidden	Page Layout Filter Page Layout	PageLayoutID	sTYPE_PAGE_LAYOUT	Yes	No	PageLayoutFilter								EXISTING_GLOBAL;NEEDED_GLOBAL
Global	Statics	Hidden	Page Layout Filter RecID	PageLayoutFilterID	sTYPE_UNFORMATTED_NUMBER	No	No	PageLayoutFilter								EXISTING_GLOBAL;NEEDED_GLOBAL
Global	Statics	Hidden	Page Layout Filter Report Group Available Field	ReportGroupAvailableFieldID	sTYPE_REPORT_GROUP_AVAILABLE_FIELD	Yes	No	PageLayoutFilter								EXISTING_GLOBAL;NEEDED_GLOBAL
Global	Statics	Hidden	Page Layout Filter Row Order By	RowOrderBy	sTYPE_NUMBER	No	No	PageLayoutFilter								EXISTING_GLOBAL;NEEDED_GLOBAL
Global	Statics	Hidden	Page Layout Filter Show Label?	ShowLabel	sTYPE_BOOLEAN	No	No	PageLayoutFilter								EXISTING_GLOBAL;NEEDED_GLOBAL
Global	Statics	Hidden	Page Layout Filter Show Subtotal?	ShowSubtotal	sTYPE_BOOLEAN	No	No	PageLayoutFilter								EXISTING_GLOBAL;NEEDED_GLOBAL
Global	Statics	Hidden	Page Layout Hierarchy Name	HierarchyName	sTYPE_TEXT	No	No	PageLayout								EXISTING_GLOBAL;NEEDED_GLOBAL
Global	Statics	Hidden	Page Layout Is Budget Impacting?	IsBudgetImpacting	sTYPE_BOOLEAN	No	No	PageLayout								EXISTING_GLOBAL
Global	Statics	Hidden	Page Layout Is Dashboard Report?	IsDashboardReport	sTYPE_BOOLEAN	No	No	PageLayout								EXISTING_GLOBAL;NEEDED_GLOBAL
Global	Statics	Hidden	Page Layout Is Global Report?	IsGlobalReport	sTYPE_BOOLEAN	No	No	PageLayout								EXISTING_GLOBAL;NEEDED_GLOBAL
Global	Statics	Hidden	Page Layout Is Menu Link?	IsMenuLink	sTYPE_BOOLEAN	No	No	PageLayout								EXISTING_GLOBAL;NEEDED_GLOBAL
Global	Statics	Hidden	Page Layout Is Ordered?	IsOrdered	sTYPE_BOOLEAN	No	No	PageLayout								EXISTING_GLOBAL;NEEDED_GLOBAL
Global	Statics	Hidden	Page Layout Is Report?	IsReport	sTYPE_BOOLEAN	No	No	PageLayout								EXISTING_GLOBAL;NEEDED_GLOBAL
Global	Statics	Hidden	Page Layout Is SEP/List Layout?	IsSEPOrListLayout	sTYPE_BOOLEAN	No	No	PageLayout								EXISTING_GLOBAL;NEEDED_GLOBAL
Global	Statics	Hidden	Page Layout Issue Type	CodeIssueTypeID	sCODE_ISSUE_TYPE	No	No	PageLayout								EXISTING_GLOBAL;NEEDED_GLOBAL
Global	Statics	Hidden	Page Layout JSON Config Text	JSONConfigText	sTYPE_TEXTAREA	No	No	PageLayout								EXISTING_GLOBAL;NEEDED_GLOBAL
Global	Statics	Hidden	Page Layout Name	PageLayoutName	sTYPE_TEXT	Yes	No	PageLayout								EXISTING_GLOBAL;NEEDED_GLOBAL
Global	Statics	Hidden	Page Layout Order Record Name	OrderRecordName	sTYPE_TEXT	No	No	PageLayout								EXISTING_GLOBAL;NEEDED_GLOBAL
Global	Statics	Hidden	Page Layout Order Record Type	OrderRecordType	sTYPE_TEXT	No	No	PageLayout								EXISTING_GLOBAL;NEEDED_GLOBAL
Global	Statics	Hidden	Page Layout Output Type	OutputType	sTYPE_TEXT	Yes	No	PageLayout								EXISTING_GLOBAL;NEEDED_GLOBAL
Global	Statics	Hidden	Page Layout Owned By Member	OwnedByMemberID	sTYPE_MEMBER	No	No	PageLayout								EXISTING_GLOBAL;NEEDED_GLOBAL
Global	Statics	Hidden	Page Layout Parent Page Layout	ParentPageLayoutID	sTYPE_PAGE_LAYOUT	No	No	PageLayout								EXISTING_GLOBAL;NEEDED_GLOBAL
Global	Statics	Hidden	Page Layout ParentID	ParentID	sTYPE_NUMBER	No	No	PageLayout								EXISTING_GLOBAL;NEEDED_GLOBAL
Global	Statics	Hidden	Page Layout Previous Page Layout	PreviousPageLayoutID	sTYPE_PAGE_LAYOUT	No	No	PageLayout								EXISTING_GLOBAL;NEEDED_GLOBAL
Global	Statics	Hidden	Page Layout PreviousID	PreviousID	sTYPE_NUMBER	No	No	PageLayout								EXISTING_GLOBAL;NEEDED_GLOBAL
Global	Statics	Hidden	Page Layout Primary Code SQL Table	PrimaryCodeSQLTableID	sCODE_SQLTABLE	No	No	PageLayout								EXISTING_GLOBAL;NEEDED_GLOBAL
Global	Statics	Hidden	Page Layout RecID	PageLayoutID	sTYPE_UNFORMATTED_NUMBER	No	No	PageLayout								EXISTING_GLOBAL;NEEDED_GLOBAL
Global	Statics	Hidden	Page Layout Run Mode Filters	RunModeFilters	sTYPE_NUMBER	Yes	No	PageLayout								EXISTING_GLOBAL;NEEDED_GLOBAL
Global	Statics	Hidden	Page Layout Type	PageLayoutType	sTYPE_TEXT	Yes	No	PageLayout								EXISTING_GLOBAL;NEEDED_GLOBAL
Global	Statics	Hidden	Page Layout URL	URL	sTYPE_TEXTAREA	No	No	PageLayout								EXISTING_GLOBAL;NEEDED_GLOBAL
Global	Statics	Hidden	Parent Custom Code Table	ParentCustomCodeTableID	sTYPE_CUSTOM_CODE_TABLE_REF	No	No	CustomCodeTable								EXISTING_GLOBAL;NEEDED_GLOBAL
Global	Statics	Hidden	Parent Region	ParentRegionID	sTYPE_REGION	No	No	Region								EXISTING_GLOBAL;NEEDED_GLOBAL
Global	Statics	Hidden	ParentCodeAssetCategoryID	ParentCodeAssetCategoryID	sCODE_ASSET_CATEGORY	Yes	No	CodeProblem								EXISTING_GLOBAL;NEEDED_GLOBAL
Global	Statics	Hidden	Personal Prop Tax Description	PersonalPropTaxDescription	sTYPE_TEXTAREA	No	No	Asset								EXISTING_GLOBAL;NEEDED_GLOBAL
Global	Statics	Hidden	Personal Prop Tax Frequency	CodePersonalPropTaxFrequencyID	sCODE_MONTH_FREQUENCY	No	No	Asset								EXISTING_GLOBAL;NEEDED_GLOBAL
Global	Statics	Hidden	Personal Prop Tax Rate	PersonalPropTaxRate	sTYPE_PERCENTAGE	No	No	Asset								EXISTING_GLOBAL;NEEDED_GLOBAL
Global	Statics	Hidden	Portfolio Project Entity ID	ProjectEntityID	sTYPE_PROJECT_ENTITY	Yes	No	LinkRegionMarket								EXISTING_GLOBAL;NEEDED_GLOBAL
Global	Statics	Hidden	Previous Region	PreviousRegionID	sTYPE_REGION	No	No	Region								EXISTING_GLOBAL;NEEDED_GLOBAL
Global	Statics	Hidden	Previous Region Market	PreviousLinkRegionMarketID	sTYPE_LINK_REGION_MARKET	No	No	LinkRegionMarket								EXISTING_GLOBAL;NEEDED_GLOBAL
Global	Statics	Hidden	Primary key of parent record	ObjectID	sTYPE_UNFORMATTED_NUMBER	Yes	No	NotifyTemplate								EXISTING_GLOBAL;NEEDED_GLOBAL
Global	Statics	Hidden	Program Revenue Weeks Parent Program	ProgramID	sTYPE_PROGRAM	Yes	No	ProgramRevenueWeeks								EXISTING_GLOBAL
Global	Statics	Hidden	Project Entity	ProjectEntityID	sTYPE_PROJECT_ENTITY	Yes	No	MapClientBudget								EXISTING_GLOBAL;NEEDED_GLOBAL
Global	Statics	Hidden	Region Description	Description	sTYPE_TEXT	No	No	Region								EXISTING_GLOBAL;NEEDED_GLOBAL
Global	Statics	Hidden	Region Manager Names	ManagerIDList	sTYPE_MEMBER	No	No	Region								EXISTING_GLOBAL;NEEDED_GLOBAL
Global	Statics	Hidden	Region Member Names	MemberIDList	sTYPE_MEMBER	No	No	Region								EXISTING_GLOBAL;NEEDED_GLOBAL
Global	Statics	Hidden	Region Name	RegionName	sTYPE_TEXT	Yes	No	Region								EXISTING_GLOBAL;NEEDED_GLOBAL
Global	Statics	Hidden	Region Program	ProgramID	sTYPE_PROGRAM	Yes	No	Region								EXISTING_GLOBAL;NEEDED_GLOBAL
Global	Statics	Hidden	Related Region	RegionID	sTYPE_REGION	Yes	No	LinkRegionMarket								EXISTING_GLOBAL;NEEDED_GLOBAL
Global	Statics	Hidden	RGD FirmID	FirmID	sTYPE_UNFORMATTED_NUMBER	No	No	ReportGroupData								EXISTING_GLOBAL;NEEDED_GLOBAL
Global	Statics	Hidden	Schedule Last Reviewed Date	LastReviewedDate	sTYPE_TIME	Yes	No	MapClientSchedule								EXISTING_GLOBAL;NEEDED_GLOBAL
Global	Statics	Hidden	Sub Alert Type	SubAlertType	sTYPE_TEXT	Yes	No	NotifyTemplate								EXISTING_GLOBAL;NEEDED_GLOBAL
Global	Statics	Hidden	Tour Name	TourName	sTYPE_TEXT	Yes	No	InformationOverlay								EXISTING_GLOBAL;NEEDED_GLOBAL
Global	Statics	Hidden	Trigger CodeSQLTable	TriggerCodeSQLTableID	sCODE_SQLTABLE	No	No	WorkFlow								EXISTING_GLOBAL;NEEDED_GLOBAL
Global	Statics	Hidden	Trigger Object	TriggerObjectID	sTYPE_UNFORMATTED_NUMBER	No	No	WorkFlow								EXISTING_GLOBAL;NEEDED_GLOBAL
Global	Statics	Hidden	Trigger value 1	TriggerValue1	sTYPE_TEXT	No	No	NotifyTemplate								EXISTING_GLOBAL;NEEDED_GLOBAL
Global	Statics	Hidden	Trigger value 2	TriggerValue2	sTYPE_TEXT	No	No	NotifyTemplate								EXISTING_GLOBAL;NEEDED_GLOBAL
Global	Statics	Hidden	UserClassEmployerID	EmployerID	sTYPE_EMPLOYER	Yes	No	LinkEmpAvailableUserClass								EXISTING_GLOBAL;NEEDED_GLOBAL
Global	Statics	Hidden	WF Template Step Member	MemberID	sTYPE_MEMBER	No	No	WorkFlowTemplateStepMember								EXISTING_GLOBAL;NEEDED_GLOBAL
Global	Statics	Hidden	WF Template Step Member Job Title	CodeJobTitleID	sCODE_JOB_TITLE	No	No	WorkFlowTemplateStepMember								EXISTING_GLOBAL;NEEDED_GLOBAL
Global	Statics	Hidden	WF Template Step Member Org Chart Level	OrgChartLevel	sTYPE_NUMBER	No	No	WorkFlowTemplateStepMember								EXISTING_GLOBAL;NEEDED_GLOBAL
Global	Statics	Hidden	WF Template Step Member RecID	WorkFlowTemplateStepMemberID	sTYPE_UNFORMATTED_NUMBER	No	No	WorkFlowTemplateStepMember								EXISTING_GLOBAL;NEEDED_GLOBAL
Global	Statics	Hidden	WF Template Step Member Responsibility	StepMemberResponsibility	sTYPE_TEXT	Yes	No	WorkFlowTemplateStepMember								EXISTING_GLOBAL;NEEDED_GLOBAL
Global	Statics	Hidden	WF Template Step Member Step	WorkFlowTemplateStepID	sTYPE_WORK_FLOW_TEMPLATE_STEP	Yes	No	WorkFlowTemplateStepMember								EXISTING_GLOBAL;NEEDED_GLOBAL
Global	Statics	Hidden	WF Template Step Member User Class	CodeUserClassID	sCODE_USER_CLASS	No	No	WorkFlowTemplateStepMember								EXISTING_GLOBAL;NEEDED_GLOBAL
Global	Statics	Issue	Issue Date Range	IssueDateRange	sTYPE_ISSUE_DATE_RANGE	No	No	Issue	Issue	IssueDateRange	Issue Date Range	issue	IssueDateRange	TEXT		EXISTING_GLOBAL;NEEDED_GLOBAL
Global	Statics	Issue	Issue Date Type	IssueDateType	sTYPE_ISSUE_DATE_FILTER	No	No	Issue	Issue	IssueDateType	Issue Date Type	issue	IssueDateType	TEXT		EXISTING_GLOBAL;NEEDED_GLOBAL
Global	Statics	Layout	Annual Variance	AnnualVariance	sTYPE_ANNUAL_VARIANCE	No	No	ProjectEntity								EXISTING_GLOBAL;NEEDED_GLOBAL
Global	Statics	Layout	Blank Row	BlankRow	sTYPE_BLANK_ROW	No	No	ProjectEntity								EXISTING_GLOBAL;NEEDED_GLOBAL
Global	Statics	Layout	Blank Space	BlankSpace	sTYPE_BLANK_SPACE	No	No	ProjectEntity								EXISTING_GLOBAL;NEEDED_GLOBAL
Global	Statics	Layout	Budget Comment	BudgetComment	sTYPE_BUDGET_COLUMN_ITEM_COMMENT	No	No	BudgetColumnItemValue								EXISTING_GLOBAL
Global	Statics	Layout	Budget Total	BudgetTotal	sTYPE_BUDGET_COLUMN_TOTAL	No	No	ProjectEntity								EXISTING_GLOBAL
Global	Statics	Layout	Budget Value	BudgetValue	sTYPE_BUDGET_COLUMN_ITEM_VALUE	No	No	BudgetColumnItemValue								EXISTING_GLOBAL
Global	Statics	Layout	Date	CurrentDate	sTYPE_CURRENT_DATE	No	No	ProjectEntity								EXISTING_GLOBAL;NEEDED_GLOBAL
Global	Statics	Layout	Date Comparison:	DateComparison	sTYPE_DATE_MATH_OPERATION	No	No	ProjectEntity								EXISTING_GLOBAL;NEEDED_GLOBAL
Global	Statics	Layout	Geo Map	Ymap	sTYPE_YMAP	No	No	ProjectEntity								EXISTING_GLOBAL;NEEDED_GLOBAL
Global	Statics	Layout	Many to Many List	ManyToManyList	sTYPE_MANYTOMANY_LIST	No	No	ProjectEntity								EXISTING_GLOBAL;NEEDED_GLOBAL
Global	Statics	Layout	Math ($):	MoneyMathOperation	sTYPE_MONEY_MATH_OPERATION	No	No	ProjectEntity								EXISTING_GLOBAL;NEEDED_GLOBAL
Global	Statics	Layout	Math (%):	PercentMathOperation	sTYPE_PERCENT_MATH_OPERATION	No	No	ProjectEntity								EXISTING_GLOBAL;NEEDED_GLOBAL
Global	Statics	Layout	Math:	MathOperation	sTYPE_MATH_OPERATION	No	No	ProjectEntity								EXISTING_GLOBAL;NEEDED_GLOBAL
Global	Statics	Layout	Month	Month	sTYPE_MONTH	No	No	ProjectEntity								EXISTING_GLOBAL;NEEDED_GLOBAL
Global	Statics	Layout	Months	AllMonths	sTYPE_ALLMONTHS	No	No	ProjectEntity								EXISTING_GLOBAL;NEEDED_GLOBAL
Global	Statics	Layout	Months with Data	MonthsWithData	sTYPE_MONTHS_WITH_DATA	No	No	ProjectEntity								EXISTING_GLOBAL;NEEDED_GLOBAL
Global	Statics	Layout	One to Many List	OneToManyList	sTYPE_ONETOMANY_LIST	No	No	ProjectEntity								EXISTING_GLOBAL;NEEDED_GLOBAL
Global	Statics	Layout	Page Break	PageBreakForPrint	sTYPE_PAGEBREAK	No	No	ProjectEntity								EXISTING_GLOBAL;NEEDED_GLOBAL
Global	Statics	Layout	Periods	AllPeriods	sTYPE_ALLPERIODS	No	No	ProjectEntity								EXISTING_GLOBAL;NEEDED_GLOBAL
Global	Statics	Layout	Qtrs	AllQuarters	sTYPE_ALLQUARTERS	No	No	ProjectEntity								EXISTING_GLOBAL;NEEDED_GLOBAL
Global	Statics	Layout	Quarterly Variance	QuarterVariance	sTYPE_QUARTER_VARIANCE	No	No	ProjectEntity								EXISTING_GLOBAL;NEEDED_GLOBAL
Global	Statics	Layout	Semi-Annual Variance	SemiAnnualVariance	sTYPE_SEMIANNUAL_VARIANCE	No	No	ProjectEntity								EXISTING_GLOBAL;NEEDED_GLOBAL
Global	Statics	Layout	Slide Show	SlideShow	sTYPE_DOCUMENT_SLIDESHOW	No	No	ProjectEntity								EXISTING_GLOBAL;NEEDED_GLOBAL
Global	Statics	Layout	Static Text	StaticText	sTYPE_STATICTEXT_LABEL	No	No	ProjectEntity								EXISTING_GLOBAL;NEEDED_GLOBAL
Global	Statics	Layout	Sub Edit Form	SubEditForm	sTYPE_SUB_EDITFORM	No	No	ProjectEntity								EXISTING_GLOBAL;NEEDED_GLOBAL
Global	Statics	Layout	Time Comparison	TimeComparison	sTYPE_TIME_MATH_OPERATION	No	No	ProjectEntity								EXISTING_GLOBAL;NEEDED_GLOBAL
Global	Statics	Layout	Total Math	TotalMath	sTYPE_TOTAL_MATH_OPERATION	No	No	ProjectEntity								EXISTING_GLOBAL;NEEDED_GLOBAL
Global	Statics	Layout	Years	Years	sTYPE_YEARS	No	No	ProjectEntity								EXISTING_GLOBAL;NEEDED_GLOBAL
Global	Statics	Layout	Years with Data	YearsWithData	sTYPE_YEARS_WITH_DATA	No	No	ProjectEntity								EXISTING_GLOBAL;NEEDED_GLOBAL
Global	Statics	Properties	FirmID	FirmID	sTYPE_FIRM	No	No	GlobalProperty								EXISTING_GLOBAL;NEEDED_GLOBAL
Global	Statics	Properties	Property Key	PropertyKey	sTYPE_TEXT	Yes	No	GlobalProperty								EXISTING_GLOBAL;NEEDED_GLOBAL
Global	Statics	Properties	Property Section	GlobalPropertySectionID	sTYPE_GLOBAL_PROPERTY_SECTION	No	No	GlobalProperty								EXISTING_GLOBAL;NEEDED_GLOBAL
Global	Statics	Properties	Property Value	PropertyValue	sTYPE_TEXT	No	No	GlobalProperty								EXISTING_GLOBAL;NEEDED_GLOBAL
Global	Statics	Workflow	Workflow Template	WorkFlowTemplateID	sTYPE_WORK_FLOW_TEMPLATE	Yes	No	WorkFlow								EXISTING_GLOBAL;NEEDED_GLOBAL
Global	Statics	Workflow	Workflow Template Step	WorkFlowTemplateStepID	sTYPE_WORK_FLOW_TEMPLATE_STEP	No	No	WorkFlowStep								EXISTING_GLOBAL;NEEDED_GLOBAL
Global	Statics	Workflow	Workflow Template Step Action	WorkFlowTemplateStepActionID	sTYPE_WORK_FLOW_TEMPLATE_STEP_ACTION	No	No	WorkFlowTemplateStepAction								EXISTING_GLOBAL;NEEDED_GLOBAL
Global	Summary Information	Comparison Report	Assumptions	Assumptions	sTYPE_COMP_ASSUMPTIONS	No	No	ComparisonItem								EXISTING_GLOBAL
Global	Summary Information	Comparison Report	Comparison Item ClientID	BOMapClientRecordID	sTYPE_TEXT	Yes	No	ComparisonItem								EXISTING_GLOBAL
Global	Summary Information	Comparison Report	Comparison Item RecID	ComparisonItemID	sTYPE_UNFORMATTED_NUMBER	No	No	ComparisonItem								EXISTING_GLOBAL
Global	Summary Information	Comparison Report	Comparison List	ComparisonList	sTYPE_COMPARISONLIST	No	No	ProjectEntity								EXISTING_GLOBAL
Global	Summary Information	Comparison Report	Comparison Report ClientID	BOMapClientRecordID	sTYPE_TEXT	Yes	No	ComparisonReport								EXISTING_GLOBAL
Global	Summary Information	Comparison Report	Comparison Report Layout	PageLayoutID	sTYPE_PAGE_LAYOUT	Yes	No	ComparisonReport								EXISTING_GLOBAL
Global	Summary Information	Comparison Report	Comparison Report RecID	ComparisonReportID	sTYPE_UNFORMATTED_NUMBER	No	No	ComparisonReport								EXISTING_GLOBAL
Global	Summary Information	Comparison Report	Computed Value	ComputedValue	sTYPE_JAVASCRIPT	No	No	ComparisonItem								EXISTING_GLOBAL
Global	Summary Information	Comparison Report	Expense Group Total	ExpenseGroup	sTYPE_COMP_EXPENSE_GROUP	No	No	ComparisonItem								EXISTING_GLOBAL
Global	Summary Information	Comparison Report	Scenario Date	ScenarioDate	sTYPE_DATE	No	No	ComparisonItem								EXISTING_GLOBAL
Global	Summary Information	Comparison Report	Scenario Name	ScenarioName	sTYPE_TEXT	No	No	ComparisonItem								EXISTING_GLOBAL
Global	Summary Information	Comparison Report	Scenario XmlData	XmlData	sTYPE_TEXTAREA	Yes	No	ComparisonItem								EXISTING_GLOBAL
Global	Summary Information	Competitors	Building Area Unit	CodeBuildingAreaUnitID	sCODE_BUILDING_AREA_UNIT	No	No	Competitor	Competitor	CodeBuildingAreaUnitID	Building Area Unit	competitor	CodeBuildingAreaUnitID	TEXT	Foreign key (ID reference)	EXISTING_GLOBAL;NEEDED_GLOBAL
Global	Summary Information	Competitors	City	City	sTYPE_TEXT	No	No	Competitor	Competitor	City	City	competitor	City	TEXT		EXISTING_GLOBAL;NEEDED_GLOBAL
Global	Summary Information	Competitors	Competitor ClientID	BOMapClientRecordID	sTYPE_TEXT	Yes	No	Competitor	Competitor	BOMapClientRecordID	Competitor ClientID	competitor	BOMapClientRecordID	TEXT	Client identifier	EXISTING_GLOBAL
Global	Summary Information	Competitors	Competitor Name	CompetitorName	sTYPE_TEXT	Yes	No	Competitor	Competitor	CompetitorName	Competitor Name	competitor	CompetitorName	TEXT		EXISTING_GLOBAL
Global	Summary Information	Competitors	Competitor RecID	CompetitorID	sTYPE_UNFORMATTED_NUMBER	No	No	Competitor	Competitor	CompetitorID	Competitor RecID	competitor	CompetitorID	VARCHAR(64) NOT NULL	Primary key	EXISTING_GLOBAL
Global	Summary Information	Competitors	Competitor Type	CodeCompetitorTypeID	sCODE_COMPETITOR_TYPE	No	No	Competitor	Competitor	CodeCompetitorTypeID	Competitor Type	competitor	CodeCompetitorTypeID	TEXT	Foreign key (ID reference)	EXISTING_GLOBAL
Global	Summary Information	Competitors	Complex	ComplexID	sTYPE_COMPLEX	No	No	Competitor	Competitor	ComplexID	Complex	competitor	ComplexID	TEXT	Foreign key (ID reference)	EXISTING_GLOBAL
Global	Summary Information	Competitors	Country	CountryID	sTYPE_TEXT	No	No	Competitor	Competitor	CountryID	Country	competitor	CountryID	TEXT	Foreign key (ID reference)	EXISTING_GLOBAL;NEEDED_GLOBAL
Global	Summary Information	Competitors	Cross Street #1	CrossStreet1	sTYPE_TEXT	No	No	Competitor	Competitor	CrossStreet1	Cross Street #1	competitor	CrossStreet1	TEXT		EXISTING_GLOBAL;NEEDED_GLOBAL
Global	Summary Information	Competitors	Cross Street #2	CrossStreet2	sTYPE_TEXT	No	No	Competitor	Competitor	CrossStreet2	Cross Street #2	competitor	CrossStreet2	TEXT		EXISTING_GLOBAL;NEEDED_GLOBAL
Global	Summary Information	Competitors	Distance	Distance	sTYPE_TEXT	No	No	Competitor	Competitor	Distance	Distance	competitor	Distance	TEXT		EXISTING_GLOBAL
Global	Summary Information	Competitors	Drive Time	DriveTime	sTYPE_TEXT	No	No	Competitor	Competitor	DriveTime	Drive Time	competitor	DriveTime	TEXT		EXISTING_GLOBAL
Global	Summary Information	Competitors	Is Anchor Store?	IsAnchorStore	sTYPE_YES_NO_RADIO	No	No	Competitor	Competitor	IsAnchorStore	Is Anchor Store?	competitor	IsAnchorStore	TEXT		EXISTING_GLOBAL
Global	Summary Information	Competitors	Last Year Annual Sales	LastYearSales	sTYPE_MONEY	No	No	Competitor	Competitor	LastYearSales	Last Year Annual Sales	competitor	LastYearSales	TEXT		EXISTING_GLOBAL
Global	Summary Information	Competitors	Latitude	LatitudeDegrees	sTYPE_NUMBER_FRACTION6DIGITS	No	No	Competitor	Competitor	LatitudeDegrees	Latitude	competitor	LatitudeDegrees	TEXT		EXISTING_GLOBAL;NEEDED_GLOBAL
Global	Summary Information	Competitors	Longitude	LongitudeDegrees	sTYPE_NUMBER_FRACTION6DIGITS	No	No	Competitor	Competitor	LongitudeDegrees	Longitude	competitor	LongitudeDegrees	TEXT		EXISTING_GLOBAL;NEEDED_GLOBAL
Global	Summary Information	Competitors	Modified By	ModifiedByID	sTYPE_MEMBER	No	No	Competitor	Competitor	ModifiedByID	Modified By	competitor	ModifiedByID	TEXT	Foreign key (ID reference)	EXISTING_GLOBAL;NEEDED_GLOBAL
Global	Summary Information	Competitors	Modified Date	ModifiedDate	sTYPE_TIME	No	No	Competitor	Competitor	ModifiedDate	Modified Date	competitor	ModifiedDate	TEXT	Incremental watermark	EXISTING_GLOBAL;NEEDED_GLOBAL
Global	Summary Information	Competitors	Postal Code	PostalCode	sTYPE_POSTALCODE	No	No	Competitor	Competitor	PostalCode	Postal Code	competitor	PostalCode	TEXT		EXISTING_GLOBAL;NEEDED_GLOBAL
Global	Summary Information	Competitors	Rentable Area	RentableArea	sTYPE_AREA	No	No	Competitor	Competitor	RentableArea	Rentable Area	competitor	RentableArea	TEXT		EXISTING_GLOBAL;NEEDED_GLOBAL
Global	Summary Information	Competitors	State	IStateProvinceCountryID	sTYPE_STATE_PROVINCE	No	No	Competitor	Competitor	IStateProvinceCountryID	State	competitor	IStateProvinceCountryID	TEXT	Foreign key (ID reference)	EXISTING_GLOBAL;NEEDED_GLOBAL
Global	Summary Information	Competitors	Street Address #1	StreetAddress1	sTYPE_TEXT	No	No	Competitor	Competitor	StreetAddress1	Street Address #1	competitor	StreetAddress1	TEXT		EXISTING_GLOBAL;NEEDED_GLOBAL
Global	Summary Information	Competitors	Street Address #2	StreetAddress2	sTYPE_TEXT	No	No	Competitor	Competitor	StreetAddress2	Street Address #2	competitor	StreetAddress2	TEXT		EXISTING_GLOBAL;NEEDED_GLOBAL
Global	Summary Information	Competitors	Street Address #3	StreetAddress3	sTYPE_TEXT	No	No	Competitor	Competitor	StreetAddress3	Street Address #3	competitor	StreetAddress3	TEXT		EXISTING_GLOBAL;NEEDED_GLOBAL
Global	Summary Information	Competitors	Street Address #4	StreetAddress4	sTYPE_TEXT	No	No	Competitor	Competitor	StreetAddress4	Street Address #4	competitor	StreetAddress4	TEXT		EXISTING_GLOBAL;NEEDED_GLOBAL
Global	Summary Information	Contacts	Contact Type	CodeContactTypeID	sCODE_CONTACT_TYPE	Yes	No	LinkProjectEntityContact								EXISTING_GLOBAL;NEEDED_GLOBAL
Global	Summary Information	Contacts	Employer	EmployerID	sTYPE_EMPLOYER	No	No	LinkProjectEntityContact								EXISTING_GLOBAL;NEEDED_GLOBAL
Global	Summary Information	Contacts	Entity	ProjectEntityID	sTYPE_PROJECT_ENTITY	Yes	No	LinkProjectEntityContact								EXISTING_GLOBAL;NEEDED_GLOBAL
Global	Summary Information	Contacts	Inactive	Inactive	sTYPE_CHECKBOX	Yes	No	LinkProjectEntityContact								EXISTING_GLOBAL;NEEDED_GLOBAL
Global	Summary Information	Contacts	Is Primary?	IsPrimary	sTYPE_CHECKBOX	Yes	No	LinkProjectEntityContact								EXISTING_GLOBAL;NEEDED_GLOBAL
Global	Summary Information	Contacts	Landlord (Employer)	Landlord_EmployerID	sTYPE_EMPLOYER	No	No	LinkProjectEntityContact								EXISTING_GLOBAL;NEEDED_GLOBAL
Global	Summary Information	Contacts	Landlord (Person)	Landlord_PersonID	sTYPE_PERSON	No	No	LinkProjectEntityContact								EXISTING_GLOBAL;NEEDED_GLOBAL
Global	Summary Information	Contacts	Modified By	ModifiedByID	sTYPE_MEMBER	No	No	LinkProjectEntityContact								EXISTING_GLOBAL;NEEDED_GLOBAL
Global	Summary Information	Contacts	Modified Date	ModifiedDate	sTYPE_TIME	No	No	LinkProjectEntityContact								EXISTING_GLOBAL;NEEDED_GLOBAL
Global	Summary Information	Contacts	Notes	Notes	sTYPE_TEXTAREA	No	No	LinkProjectEntityContact								EXISTING_GLOBAL;NEEDED_GLOBAL
Global	Summary Information	Contacts	Person	PersonID	sTYPE_PERSON	No	No	LinkProjectEntityContact								EXISTING_GLOBAL;NEEDED_GLOBAL
Global	Summary Information	Contacts	Rating	Rating	sTYPE_NUMBER	No	No	LinkProjectEntityContact								EXISTING_GLOBAL;NEEDED_GLOBAL
Global	Summary Information	DMA	DMA ClientID	BOMapClientRecordID	sTYPE_TEXT	Yes	No	DMA								EXISTING_GLOBAL
Global	Summary Information	DMA	DMA Name	DMAName	sTYPE_TEXT	Yes	No	DMA								EXISTING_GLOBAL
Global	Summary Information	DMA	DMA Number	DMANumber	sTYPE_NUMBER	Yes	No	DMA								EXISTING_GLOBAL
Global	Summary Information	DMA	DMA RecID	DMAID	sTYPE_UNFORMATTED_NUMBER	No	No	DMA								EXISTING_GLOBAL
Global	Summary Information	DMA	Modified By	ModifiedByID	sTYPE_MEMBER	No	No	DMA								EXISTING_GLOBAL;NEEDED_GLOBAL
Global	Summary Information	DMA	Modified Date	ModifiedDate	sTYPE_TIME	No	No	DMA								EXISTING_GLOBAL;NEEDED_GLOBAL
Global	Summary Information	DMA	Short Name	ShortName	sTYPE_TEXT	Yes	No	DMA								EXISTING_GLOBAL
Global	Summary Information	General Summary Information	Budget Template ID	BudgetTemplateID	sTYPE_BUDGET_TEMPLATE	No	No	ProjectEntity								EXISTING_GLOBAL
Global	Summary Information	General Summary Information	Building Area Unit	CodeBuildingAreaUnitID	sCODE_BUILDING_AREA_UNIT	No	No	ProjectEntity								EXISTING_GLOBAL;NEEDED_GLOBAL
Global	Summary Information	General Summary Information	Capital Program	ProgramID	sTYPE_CAPITALPROGRAM	No	No	ProjectEntity								EXISTING_GLOBAL;NEEDED_GLOBAL
Global	Summary Information	General Summary Information	City	City	sTYPE_TEXT	No	No	ProjectEntity								EXISTING_GLOBAL;NEEDED_GLOBAL
Global	Summary Information	General Summary Information	City, State	CityStateProvinceCountry	sTYPE_CITY	No	No	ProjectEntity								EXISTING_GLOBAL;NEEDED_GLOBAL
Global	Summary Information	General Summary Information	Client Unique ID	MapClientRecordID	sTYPE_TEXT	No	No	ProjectEntity								EXISTING_GLOBAL;NEEDED_GLOBAL
Global	Summary Information	General Summary Information	Complex Name	ComplexID	sTYPE_COMPLEX	No	No	ProjectEntity								EXISTING_GLOBAL;NEEDED_GLOBAL
Global	Summary Information	General Summary Information	Construction Type	CodeConstructionTypeID	sCODE_CONSTRUCTION_TYPE	No	No	ProjectEntity								EXISTING_GLOBAL;NEEDED_GLOBAL
Global	Summary Information	General Summary Information	Contact List	LinkProjectEntityContactListData	sTYPE_PE_CONTACTEMPLOYER_LIST	No	No	ProjectEntity								EXISTING_GLOBAL;NEEDED_GLOBAL
Global	Summary Information	General Summary Information	Country	CountryID	sTYPE_COUNTRY	No	No	ProjectEntity								EXISTING_GLOBAL;NEEDED_GLOBAL
Global	Summary Information	General Summary Information	Created By	CreatedByID	sTYPE_MEMBER	No	No	ProjectEntity								EXISTING_GLOBAL;NEEDED_GLOBAL
Global	Summary Information	General Summary Information	Created Date	CreatedDate	sTYPE_TIME	No	No	ProjectEntity								EXISTING_GLOBAL;NEEDED_GLOBAL
Global	Summary Information	General Summary Information	Cross Street #1	CrossStreet1	sTYPE_TEXT	No	No	ProjectEntity								EXISTING_GLOBAL;NEEDED_GLOBAL
Global	Summary Information	General Summary Information	Cross Street #2	CrossStreet2	sTYPE_TEXT	No	No	ProjectEntity								EXISTING_GLOBAL;NEEDED_GLOBAL
Global	Summary Information	General Summary Information	Currency Type	CodeCurrencyTypeID	sCODE_CURRENCY_TYPE	No	No	ProjectEntity								EXISTING_GLOBAL;NEEDED_GLOBAL
Global	Summary Information	General Summary Information	Deal Type	CodeDealTypeID	sCODE_DEAL_TYPE	No	No	ProjectEntity								EXISTING_GLOBAL
Global	Summary Information	General Summary Information	Demographic DMA	DemographicDMAID	sTYPE_DMA	No	No	ProjectEntity								EXISTING_GLOBAL;NEEDED_GLOBAL
Global	Summary Information	General Summary Information	Depth	Depth	sTYPE_AREA	No	No	ProjectEntity								EXISTING_GLOBAL;NEEDED_GLOBAL
Global	Summary Information	General Summary Information	Description	ProjectDescription	sTYPE_TEXT	No	No	ProjectEntity								EXISTING_GLOBAL;NEEDED_GLOBAL
Global	Summary Information	General Summary Information	Distribution Center	CodeDistributionCenterID	sCODE_DISTRIBUTION_CENTER	No	No	ProjectEntity								EXISTING_GLOBAL
Global	Summary Information	General Summary Information	Entity Email	EntityEmail	sTYPE_ENTITY_EMAIL	No	No	ProjectEntity								EXISTING_GLOBAL;NEEDED_GLOBAL
Global	Summary Information	General Summary Information	Entity LxID	EntityId	sTYPE_UNFORMATTED_NUMBER	No	No	ProjectEntity								EXISTING_GLOBAL;NEEDED_GLOBAL
Global	Summary Information	General Summary Information	Name	ProjectEntityName	sTYPE_ENTITY_NAME	Yes	No	ProjectEntity								EXISTING_GLOBAL;NEEDED_GLOBAL
Global	Summary Information	General Summary Information	Entity Photo	EntityPhoto	sTYPE_TEXT	No	No	ProjectEntity								EXISTING_GLOBAL
Global	Summary Information	General Summary Information	Entity RecID	ProjectEntityID	sTYPE_UNFORMATTED_NUMBER	No	No	ProjectEntity								EXISTING_GLOBAL;NEEDED_GLOBAL
Global	Summary Information	General Summary Information	Entity Type	ProjectEntityTypeName	sTYPE_TEXT	No	No	ProjectEntity								EXISTING_GLOBAL;NEEDED_GLOBAL
Global	Summary Information	General Summary Information	Entity UUID	UUID	sTYPE_TEXT	No	No	ProjectEntity								EXISTING_GLOBAL;NEEDED_GLOBAL
Global	Summary Information	General Summary Information	Facility Name	FacilityName	sTYPE_ENTITY_NAME	No	No	ProjectEntity								EXISTING_GLOBAL;NEEDED_GLOBAL
Global	Summary Information	General Summary Information	Firm ID	FirmID	sTYPE_TEXT	Yes	No	ProjectEntity								EXISTING_GLOBAL;NEEDED_GLOBAL
Global	Summary Information	General Summary Information	Frontage	Frontage	sTYPE_AREA	No	No	ProjectEntity								EXISTING_GLOBAL;NEEDED_GLOBAL
Global	Summary Information	General Summary Information	Full Address	HTMLAddress	sTYPE_TEXT	No	No	ProjectEntity								EXISTING_GLOBAL;NEEDED_GLOBAL
Global	Summary Information	General Summary Information	Gross Acreage	GrossArea	sTYPE_ACREAGE	No	No	ProjectEntity								EXISTING_GLOBAL;NEEDED_GLOBAL
Global	Summary Information	General Summary Information	Gross Area	GrossArea	sTYPE_AREA	No	No	ProjectEntity								EXISTING_GLOBAL;NEEDED_GLOBAL
Global	Summary Information	General Summary Information	Is Dead?	IsDead	sTYPE_CHECKBOX	No	No	ProjectEntity								EXISTING_GLOBAL;NEEDED_GLOBAL
Global	Summary Information	General Summary Information	Is Inactive?	Inactive	sTYPE_CHECKBOX	Yes	No	ProjectEntity								EXISTING_GLOBAL;NEEDED_GLOBAL
Global	Summary Information	General Summary Information	Issues And Alerts	IssuesAndAlerts	sTYPE_TEXT	No	No	ProjectEntity								EXISTING_GLOBAL;NEEDED_GLOBAL
Global	Summary Information	General Summary Information	Jurisdiction	JurisdictionID	sTYPE_JURISDICTION	No	No	ProjectEntity								EXISTING_GLOBAL;NEEDED_GLOBAL
Global	Summary Information	General Summary Information	Latitude	LatitudeDegrees	sTYPE_NUMBER_FRACTION6DIGITS	No	No	ProjectEntity								EXISTING_GLOBAL;NEEDED_GLOBAL
Global	Summary Information	General Summary Information	Location	LocationID	sTYPE_LOCATION	No	No	ProjectEntity								EXISTING_GLOBAL;NEEDED_GLOBAL
Global	Summary Information	General Summary Information	Longitude	LongitudeDegrees	sTYPE_NUMBER_FRACTION6DIGITS	No	No	ProjectEntity								EXISTING_GLOBAL;NEEDED_GLOBAL
Global	Summary Information	General Summary Information	Market Area	CodeMarketAreaID	sCODE_MARKET_AREA	No	No	ProjectEntity								EXISTING_GLOBAL;NEEDED_GLOBAL
Global	Summary Information	General Summary Information	Market Potential	CodeDesc_CodeMarketAreaID	sCODE_MARKET_AREA	No	No	ProjectEntity								EXISTING_GLOBAL;NEEDED_GLOBAL
Global	Summary Information	General Summary Information	Market Type	CodeMarketTypeID	sCODE_MARKET_TYPE	No	No	ProjectEntity								EXISTING_GLOBAL
Global	Summary Information	General Summary Information	Modified By	ModifiedByID	sTYPE_MEMBER	No	No	ProjectEntity								EXISTING_GLOBAL;NEEDED_GLOBAL
Global	Summary Information	General Summary Information	Modified Date	ModifiedDate	sTYPE_TIME	No	No	ProjectEntity								EXISTING_GLOBAL;NEEDED_GLOBAL
Global	Summary Information	General Summary Information	Notes	Notes	sTYPE_TEXTAREA	No	No	ProjectEntity								EXISTING_GLOBAL;NEEDED_GLOBAL
Global	Summary Information	General Summary Information	Number of Documents	NumberOfDocuments	sTYPE_NUMBER	No	No	ProjectEntity								EXISTING_GLOBAL;NEEDED_GLOBAL
Global	Summary Information	General Summary Information	Opening Project or Capital Project	ProjectType	sTYPE_TEXT	Yes	No	Project	Project	ProjectType	Opening Project or Capital Project	project	ProjectType	TEXT		EXISTING_GLOBAL;NEEDED_GLOBAL
Global	Summary Information	General Summary Information	Parent Region	RootRegionID	sTYPE_ROOT_REGION	No	No	ProjectEntity								EXISTING_GLOBAL;NEEDED_GLOBAL
Global	Summary Information	General Summary Information	Phone	Phone	sTYPE_TEXT	No	No	ProjectEntity								EXISTING_GLOBAL;NEEDED_GLOBAL
Global	Summary Information	General Summary Information	Portfolio	ProgramID	sTYPE_PORTFOLIO	No	No	ProjectEntity								EXISTING_GLOBAL;NEEDED_GLOBAL
Global	Summary Information	General Summary Information	Portfolio/Program	ProgramID	sTYPE_PROGRAM	No	No	ProjectEntity								EXISTING_GLOBAL;NEEDED_GLOBAL
Global	Summary Information	General Summary Information	Portfolio/Program Name	ProgramName	sTYPE_TEXT	No	No	ProjectEntity								EXISTING_GLOBAL;NEEDED_GLOBAL
Global	Summary Information	General Summary Information	Portfolio/Program RecID	ProgramID	sTYPE_TEXT	No	No	ProjectEntity								EXISTING_GLOBAL;NEEDED_GLOBAL
Global	Summary Information	General Summary Information	Postal Code	PostalCode	sTYPE_POSTALCODE	No	No	ProjectEntity								EXISTING_GLOBAL;NEEDED_GLOBAL
Global	Summary Information	General Summary Information	Project ID	ClientEntityID	sTYPE_TEXT	No	No	Project	Project	ClientEntityID	Project ID	project	ClientEntityID	TEXT	Foreign key (ID reference)	EXISTING_GLOBAL;NEEDED_GLOBAL
Global	Summary Information	General Summary Information	Project Managers	ManagerIDList	sTYPE_PROJECT_MANAGER	No	No	ProjectEntity								EXISTING_GLOBAL
Global	Summary Information	General Summary Information	Project Name	ProjectName	sTYPE_ENTITY_NAME	No	No	ProjectEntity								EXISTING_GLOBAL;NEEDED_GLOBAL
Global	Summary Information	General Summary Information	Project Phase	CurrentCodeProjectPhaseID	sCODE_PROJECT_PHASE	No	No	ProjectEntity								EXISTING_GLOBAL
Global	Summary Information	General Summary Information	Project RecID	ProjectID	sTYPE_UNFORMATTED_NUMBER	No	No	Project	Project	ProjectID	Project RecID	project	ProjectID	VARCHAR(64) NOT NULL	Primary key	EXISTING_GLOBAL;NEEDED_GLOBAL
Global	Summary Information	General Summary Information	Project Status	CurrentPhaseStatus	sTYPE_TEXT	No	No	ProjectEntity								EXISTING_GLOBAL;NEEDED_GLOBAL
Global	Summary Information	General Summary Information	Project Type	CodeProjectTypeID	sCODE_PROJECT_TYPE	No	No	ProjectEntity								EXISTING_GLOBAL
Global	Summary Information	General Summary Information	Project UUID	UUID	sTYPE_TEXT	No	No	Project	Project	UUID	Project UUID	project	UUID	TEXT	Foreign key (ID reference)	EXISTING_GLOBAL;NEEDED_GLOBAL
Global	Summary Information	General Summary Information	Prototype	PrototypeID	sTYPE_PROTOTYPE	No	No	ProjectEntity								EXISTING_GLOBAL
Global	Summary Information	General Summary Information	Prototype Name	PrototypeName	sTYPE_TEXT	No	No	ProjectEntity								EXISTING_GLOBAL
Global	Summary Information	General Summary Information	Real Estate Type	CodeDesc_CodeProjectTypeID	sCODE_PROJECT_TYPE	No	No	ProjectEntity								EXISTING_GLOBAL
Global	Summary Information	General Summary Information	Region	RegionID	sTYPE_REGION	No	No	ProjectEntity								EXISTING_GLOBAL;NEEDED_GLOBAL
Global	Summary Information	General Summary Information	Related Entities	RelatedEntities	sTYPE_TEXT	No	No	ProjectEntity								EXISTING_GLOBAL;NEEDED_GLOBAL
Global	Summary Information	General Summary Information	Related Project Facility	FacilityID	sTYPE_FACILITY	No	No	Project	Project	FacilityID	Related Project Facility	project	FacilityID	TEXT	Foreign key (ID reference)	EXISTING_GLOBAL;NEEDED_GLOBAL
Global	Summary Information	General Summary Information	RelocatedFrom	RelocatedFrom	sTYPE_TEXT	No	No	ProjectEntity								EXISTING_GLOBAL
Global	Summary Information	General Summary Information	Rentable Area	RentableArea	sTYPE_AREA	No	No	ProjectEntity								EXISTING_GLOBAL;NEEDED_GLOBAL
Global	Summary Information	General Summary Information	Rev Number	RevNumber	sTYPE_UNFORMATTED_NUMBER	No	No	ProjectEntity								EXISTING_GLOBAL;NEEDED_GLOBAL
Global	Summary Information	General Summary Information	Revenue Weeks	ActualRevenueWeeks	sTYPE_NUMBER	No	No	ProjectEntity								EXISTING_GLOBAL
Global	Summary Information	General Summary Information	Schedule Creation Method	TaskCreationMethod	sTYPE_TASK_CREATION_METHOD	No	No	ProjectEntity								EXISTING_GLOBAL;NEEDED_GLOBAL
Global	Summary Information	General Summary Information	Sequence Number	SequenceNumber	sTYPE_NUMBER	No	No	ProjectEntity								EXISTING_GLOBAL;NEEDED_GLOBAL
Global	Summary Information	General Summary Information	Site ID	ClientEntityID	sTYPE_TEXT	No	No	Site								EXISTING_GLOBAL
Global	Summary Information	General Summary Information	Site Name	PotentialProjectName	sTYPE_ENTITY_NAME	No	No	ProjectEntity								EXISTING_GLOBAL
Global	Summary Information	General Summary Information	Site RecID	PotentialProjectID	sTYPE_UNFORMATTED_NUMBER	No	No	Site								EXISTING_GLOBAL
Global	Summary Information	General Summary Information	Site Sequence Number	SiteSequenceNumber	sTYPE_NUMBER	No	No	Project	Project	SiteSequenceNumber	Site Sequence Number	project	SiteSequenceNumber	TEXT		EXISTING_GLOBAL
Global	Summary Information	General Summary Information	Site UUID	UUID	sTYPE_TEXT	No	No	Site								EXISTING_GLOBAL;NEEDED_GLOBAL
Global	Summary Information	General Summary Information	State	IStateProvinceCountryID	sTYPE_STATE_PROVINCE	No	No	ProjectEntity								EXISTING_GLOBAL;NEEDED_GLOBAL
Global	Summary Information	General Summary Information	Storage Size (MB)	DBFolderSizeMB	sTYPE_NUMBER_FRACTION2DIGITS	No	No	ProjectEntity								EXISTING_GLOBAL;NEEDED_GLOBAL
Global	Summary Information	General Summary Information	Store Number	ClientEntityID	sTYPE_TEXT	No	No	ProjectEntity								EXISTING_GLOBAL;NEEDED_GLOBAL
Global	Summary Information	General Summary Information	Street Address	StreetAddress	sTYPE_TEXT	No	No	ProjectEntity								EXISTING_GLOBAL;NEEDED_GLOBAL
Global	Summary Information	General Summary Information	Street Address #1	StreetAddress1	sTYPE_TEXT	No	No	ProjectEntity								EXISTING_GLOBAL;NEEDED_GLOBAL
Global	Summary Information	General Summary Information	Street Address #2	StreetAddress2	sTYPE_TEXT	No	No	ProjectEntity								EXISTING_GLOBAL;NEEDED_GLOBAL
Global	Summary Information	General Summary Information	Street Address #3	StreetAddress3	sTYPE_TEXT	No	No	ProjectEntity								EXISTING_GLOBAL;NEEDED_GLOBAL
Global	Summary Information	General Summary Information	Street Address #4	StreetAddress4	sTYPE_TEXT	No	No	ProjectEntity								EXISTING_GLOBAL;NEEDED_GLOBAL
Global	Summary Information	General Summary Information	Sub Region	SubRegionID	sTYPE_SUBREGION	No	No	ProjectEntity								EXISTING_GLOBAL;NEEDED_GLOBAL
Global	Summary Information	General Summary Information	System of Record	BaseProvider	sTYPE_VALUES_PROVIDER	No	No	ProjectEntity								EXISTING_GLOBAL;NEEDED_GLOBAL
Global	Summary Information	General Summary Information	Third Party Warehouse	ThirdPartyWarehouse	sTYPE_TEXT	No	No	ProjectEntity								EXISTING_GLOBAL;NEEDED_GLOBAL
Global	Summary Information	General Summary Information	Time Zone	TimeZone	sTYPE_TIMEZONE	No	No	ProjectEntity								EXISTING_GLOBAL;NEEDED_GLOBAL
Global	Summary Information	General Summary Information	Trade Area	TradeArea	sTYPE_TEXT	No	No	ProjectEntity								EXISTING_GLOBAL
Global	Summary Information	General Summary Information	Usable Area	UsableArea	sTYPE_AREA	No	No	ProjectEntity								EXISTING_GLOBAL;NEEDED_GLOBAL
Global	Summary Information	In-bound Email	Arrival Date	ArrivalDate	sTYPE_DATE	No	No	EMailReceivedLog								EXISTING_GLOBAL;NEEDED_GLOBAL
Global	Summary Information	In-bound Email	Body	Body	sTYPE_TEXTAREA	No	No	EMailReceivedLog								EXISTING_GLOBAL;NEEDED_GLOBAL
Global	Summary Information	In-bound Email	Created By	CreatedByID	sTYPE_MEMBER	No	No	EMailReceivedLog								EXISTING_GLOBAL;NEEDED_GLOBAL
Global	Summary Information	In-bound Email	Created Date	CreatedDate	sTYPE_TIME	No	No	EMailReceivedLog								EXISTING_GLOBAL;NEEDED_GLOBAL
Global	Summary Information	In-bound Email	Document	DocumentID	sTYPE_DOCUMENT	No	No	LinkEMailReceivedLogDocument								EXISTING_GLOBAL;NEEDED_GLOBAL
Global	Summary Information	In-bound Email	E Mail Rcvd Log	EMailReceivedLogID	sTYPE_EMAIL_RECEIVED_LOG	Yes	No	LinkEMailReceivedLogDocument								EXISTING_GLOBAL;NEEDED_GLOBAL
Global	Summary Information	In-bound Email	E-Mail Rcvd ClientID	BOMapClientRecordID	sTYPE_TEXT	Yes	No	EMailReceivedLog								EXISTING_GLOBAL;NEEDED_GLOBAL
Global	Summary Information	In-bound Email	E-Mail Rcvd Doc ClientID	BOMapClientRecordID	sTYPE_TEXT	Yes	No	LinkEMailReceivedLogDocument								EXISTING_GLOBAL;NEEDED_GLOBAL
Global	Summary Information	In-bound Email	E-Mail Rcvd Doc RecID	LinkEMailReceivedLogDocumentID	sTYPE_UNFORMATTED_NUMBER	No	No	LinkEMailReceivedLogDocument								EXISTING_GLOBAL;NEEDED_GLOBAL
Global	Summary Information	In-bound Email	E-Mail Rcvd RecID	EMailReceivedLogID	sTYPE_UNFORMATTED_NUMBER	No	No	EMailReceivedLog								EXISTING_GLOBAL;NEEDED_GLOBAL
Global	Summary Information	In-bound Email	Is Critical?	IsCritical	sTYPE_CHECKBOX	No	No	EMailReceivedLog								EXISTING_GLOBAL;NEEDED_GLOBAL
Global	Summary Information	In-bound Email	Mail Service Event ID	MailServiceEventID	sTYPE_TEXT	Yes	No	EMailReceivedLog								EXISTING_GLOBAL;NEEDED_GLOBAL
Global	Summary Information	In-bound Email	Modified By	ModifiedByID	sTYPE_MEMBER	No	No	EMailReceivedLog								EXISTING_GLOBAL;NEEDED_GLOBAL
Global	Summary Information	In-bound Email	Modified Date	ModifiedDate	sTYPE_TIME	No	No	EMailReceivedLog								EXISTING_GLOBAL;NEEDED_GLOBAL
Global	Summary Information	In-bound Email	Number Of Attachments	NumberOfAttachments	sTYPE_NUMBER	Yes	No	EMailReceivedLog								EXISTING_GLOBAL;NEEDED_GLOBAL
Global	Summary Information	In-bound Email	Rev Number	RevNumber	sTYPE_UNFORMATTED_NUMBER	No	No	EMailReceivedLog								EXISTING_GLOBAL;NEEDED_GLOBAL
Global	Summary Information	In-bound Email	Sender	Sender	sTYPE_TEXTAREA	No	No	EMailReceivedLog								EXISTING_GLOBAL;NEEDED_GLOBAL
Global	Summary Information	In-bound Email	Subject	Subject	sTYPE_TEXTAREA	No	No	EMailReceivedLog								EXISTING_GLOBAL;NEEDED_GLOBAL
Global	Summary Information	Jurisdiction	Country	Country	sTYPE_TEXT	No	No	Jurisdiction	Jurisdiction	Country	Country	jurisdiction	Country	TEXT		EXISTING_GLOBAL;NEEDED_GLOBAL
Global	Summary Information	Jurisdiction	Jurisdiction ClientID	BOMapClientRecordID	sTYPE_TEXT	Yes	No	Jurisdiction	Jurisdiction	BOMapClientRecordID	Jurisdiction ClientID	jurisdiction	BOMapClientRecordID	TEXT	Client identifier	EXISTING_GLOBAL;NEEDED_GLOBAL
Global	Summary Information	Jurisdiction	Jurisdiction Name	JurisdictionName	sTYPE_TEXT	Yes	No	Jurisdiction	Jurisdiction	JurisdictionName	Jurisdiction Name	jurisdiction	JurisdictionName	TEXT		EXISTING_GLOBAL;NEEDED_GLOBAL
Global	Summary Information	Jurisdiction	Jurisdiction RecID	JurisdictionID	sTYPE_UNFORMATTED_NUMBER	No	No	Jurisdiction	Jurisdiction	JurisdictionID	Jurisdiction RecID	jurisdiction	JurisdictionID	VARCHAR(64) NOT NULL	Primary key	EXISTING_GLOBAL;NEEDED_GLOBAL
Global	Summary Information	Jurisdiction	Modified By	ModifiedByID	sTYPE_MEMBER	No	No	Jurisdiction	Jurisdiction	ModifiedByID	Modified By	jurisdiction	ModifiedByID	TEXT	Foreign key (ID reference)	EXISTING_GLOBAL;NEEDED_GLOBAL
Global	Summary Information	Jurisdiction	Modified Date	ModifiedDate	sTYPE_TIME	No	No	Jurisdiction	Jurisdiction	ModifiedDate	Modified Date	jurisdiction	ModifiedDate	TEXT	Incremental watermark	EXISTING_GLOBAL;NEEDED_GLOBAL
Global	Summary Information	Jurisdiction	State	StateProvinceCountryID	sTYPE_STATE_PROVINCE	Yes	No	Jurisdiction	Jurisdiction	StateProvinceCountryID	State	jurisdiction	StateProvinceCountryID	TEXT	Foreign key (ID reference)	EXISTING_GLOBAL;NEEDED_GLOBAL
Global	Summary Information	Jurisdiction	State Province	StateProvince	sTYPE_TEXT	No	No	Jurisdiction	Jurisdiction	StateProvince	State Province	jurisdiction	StateProvince	TEXT		EXISTING_GLOBAL;NEEDED_GLOBAL
Global	Summary Information	Jurisdiction	Tax Rate #1	TaxRate1	sTYPE_PERCENTAGE	No	No	Jurisdiction	Jurisdiction	TaxRate1	Tax Rate #1	jurisdiction	TaxRate1	TEXT		EXISTING_GLOBAL;NEEDED_GLOBAL
Global	Summary Information	Jurisdiction	Tax Rate #2	TaxRate2	sTYPE_PERCENTAGE	No	No	Jurisdiction	Jurisdiction	TaxRate2	Tax Rate #2	jurisdiction	TaxRate2	TEXT		EXISTING_GLOBAL;NEEDED_GLOBAL
Global	Summary Information	Management	Address	PEMgr_HTMLAddress	sTYPE_TEXT	No	No	LinkMemberProjectEntity								EXISTING_GLOBAL;NEEDED_GLOBAL
Global	Summary Information	Management	Employer	PEMgr_EmployerID	sTYPE_EMPLOYER	No	No	LinkMemberProjectEntity								EXISTING_GLOBAL;NEEDED_GLOBAL
Global	Summary Information	Management	Job Function	PEMgr_CodeJobFunctionID	sCODE_JOB_FUNCTION	No	No	LinkMemberProjectEntity								EXISTING_GLOBAL;NEEDED_GLOBAL
Global	Summary Information	Management	Manager Name	PEMgr_MemberID	sTYPE_MEMBER	No	No	LinkMemberProjectEntity								EXISTING_GLOBAL
Global	Summary Information	Management	Manager Title	PEMgr_CodeJobTitleID	sCODE_JOB_TITLE	No	No	LinkMemberProjectEntity								EXISTING_GLOBAL
Global	Summary Information	Management	Modified By	PEMgr_ModifiedByID	sTYPE_MEMBER	No	No	LinkMemberProjectEntity								EXISTING_GLOBAL;NEEDED_GLOBAL
Global	Summary Information	Management	Modified Date	PEMgr_ModifiedDate	sTYPE_TIME	No	No	LinkMemberProjectEntity								EXISTING_GLOBAL;NEEDED_GLOBAL
Global	Summary Information	Management	User Class	PEMgr_CodeUserClassID	sCODE_USER_CLASS	No	No	LinkMemberProjectEntity								EXISTING_GLOBAL;NEEDED_GLOBAL
Global	Summary Information	Membership	Address	HTMLAddress	sTYPE_TEXT	No	No	LinkMemberProjectEntity								EXISTING_GLOBAL;NEEDED_GLOBAL
Global	Summary Information	Membership	Billing Rate 1	BillRate1	sTYPE_MONEY	No	No	LinkMemberProjectEntity								EXISTING_GLOBAL
Global	Summary Information	Membership	Billing Rate 2	BillRate2	sTYPE_MONEY	No	No	LinkMemberProjectEntity								EXISTING_GLOBAL
Global	Summary Information	Membership	Employer	EmployerID	sTYPE_EMPLOYER	No	No	LinkMemberProjectEntity								EXISTING_GLOBAL;NEEDED_GLOBAL
Global	Summary Information	Membership	Entity	ProjectEntityID	sTYPE_PROJECT_ENTITY	Yes	No	LinkMemberProjectEntity								EXISTING_GLOBAL;NEEDED_GLOBAL
Global	Summary Information	Membership	Entity Assigned Job Title List	AssignedCodeJobTitleIDList	sCODE_JOB_TITLE	No	No	LinkMemberProjectEntity								EXISTING_GLOBAL;NEEDED_GLOBAL
Global	Summary Information	Membership	Entity Job Title List	CodeJobTitleIDList	sCODE_JOB_TITLE	No	No	LinkMemberProjectEntity								EXISTING_GLOBAL;NEEDED_GLOBAL
Global	Summary Information	Membership	Is Manager?	IsManager	sTYPE_BOOLEAN	Yes	No	LinkMemberProjectEntity								EXISTING_GLOBAL;NEEDED_GLOBAL
Global	Summary Information	Membership	Job Function	CodeJobFunctionID	sCODE_JOB_FUNCTION	No	No	LinkMemberProjectEntity								EXISTING_GLOBAL;NEEDED_GLOBAL
Global	Summary Information	Membership	Job Title	CodeJobTitleID	sCODE_JOB_TITLE	No	No	LinkMemberProjectEntity								EXISTING_GLOBAL;NEEDED_GLOBAL
Global	Summary Information	Membership	Link Member Project Entity RecID	LinkMemberProjectEntityID	sTYPE_UNFORMATTED_NUMBER	No	No	LinkMemberProjectEntity								EXISTING_GLOBAL;NEEDED_GLOBAL
Global	Summary Information	Membership	Member	MemberID	sTYPE_MEMBER	Yes	No	LinkMemberProjectEntity								EXISTING_GLOBAL;NEEDED_GLOBAL
Global	Summary Information	Membership	Modified By	ModifiedByID	sTYPE_MEMBER	No	No	LinkMemberProjectEntity								EXISTING_GLOBAL;NEEDED_GLOBAL
Global	Summary Information	Membership	Modified Date	ModifiedDate	sTYPE_TIME	No	No	LinkMemberProjectEntity								EXISTING_GLOBAL;NEEDED_GLOBAL
Global	Summary Information	Membership	User Class	CodeUserClassID	sCODE_USER_CLASS	No	No	LinkMemberProjectEntity								EXISTING_GLOBAL;NEEDED_GLOBAL
Global	Summary Information	Pro Forma Budget	Date Of Financials	DateOfFinancials	sTYPE_DATE	No	No	ProFormaBudget								EXISTING_GLOBAL
Global	Summary Information	Pro Forma Budget	Finance Committee Approval	CodeProFormaBudgetStatusID	sCODE_PRO_FORMA_BUDGET_STATUS	No	No	ProFormaBudget								EXISTING_GLOBAL
Global	Summary Information	Pro Forma Budget	IRR	IRR	sTYPE_PERCENTAGE	No	No	ProFormaBudget								EXISTING_GLOBAL
Global	Summary Information	Pro Forma Budget	Modified By	ModifiedByID	sTYPE_MEMBER	No	No	ProFormaBudget								EXISTING_GLOBAL;NEEDED_GLOBAL
Global	Summary Information	Pro Forma Budget	Modified Date	ModifiedDate	sTYPE_TIME	No	No	ProFormaBudget								EXISTING_GLOBAL;NEEDED_GLOBAL
Global	Summary Information	Pro Forma Budget	Notes Financials	NotesFinancials	sTYPE_TEXTAREA	No	No	ProFormaBudget								EXISTING_GLOBAL
Global	Summary Information	Pro Forma Budget	NPV	NPV	sTYPE_MONEY	No	No	ProFormaBudget								EXISTING_GLOBAL
Global	Summary Information	Pro Forma Budget	Payback Period	PaybackPeriod	sTYPE_NUMBER_FRACTION2DIGITS	No	No	ProFormaBudget								EXISTING_GLOBAL
Global	Summary Information	Pro Forma Budget	Pro Forma Budget ClientID	BOMapClientRecordID	sTYPE_TEXT	Yes	No	ProFormaBudget								EXISTING_GLOBAL
Global	Summary Information	Pro Forma Budget	Pro Forma Budget RecID	ProFormaBudgetID	sTYPE_UNFORMATTED_NUMBER	No	No	ProFormaBudget								EXISTING_GLOBAL
Global	Summary Information	Pro Forma Budget	Projected Cost Capital Beyond Fifth Year	ProjectedCostCapitalBeyond	sTYPE_MONEY	No	No	ProFormaBudget								EXISTING_GLOBAL
Global	Summary Information	Pro Forma Budget	Projected Cost Capital Fifth Year	ProjectedCostCapitalFifthYr	sTYPE_MONEY	No	No	ProFormaBudget								EXISTING_GLOBAL
Global	Summary Information	Pro Forma Budget	Projected Cost Capital Fourth Year	ProjectedCostCapitalFourthYr	sTYPE_MONEY	No	No	ProFormaBudget								EXISTING_GLOBAL
Global	Summary Information	Pro Forma Budget	Projected Cost Capital Next Year	ProjectedCostCapitalNextYr	sTYPE_MONEY	No	No	ProFormaBudget								EXISTING_GLOBAL
Global	Summary Information	Pro Forma Budget	Projected Cost Capital PriorYear	ProjectedCostCapitalPriorYear	sTYPE_MONEY	No	No	ProFormaBudget								EXISTING_GLOBAL
Global	Summary Information	Pro Forma Budget	Projected Cost Capital Third Year	ProjectedCostCapitalThirdYr	sTYPE_MONEY	No	No	ProFormaBudget								EXISTING_GLOBAL
Global	Summary Information	Pro Forma Budget	Projected Cost Capital This Year	ProjectedCostCapitalThisYr	sTYPE_MONEY	No	No	ProFormaBudget								EXISTING_GLOBAL
Global	Summary Information	Pro Forma Budget	Projected Cost Operating Beyond Fifth Year	ProjectedCostOperatingBeyond	sTYPE_MONEY	No	No	ProFormaBudget								EXISTING_GLOBAL
Global	Summary Information	Pro Forma Budget	Projected Cost Operating Current Year	ProjectedCostOperatingThisYr	sTYPE_MONEY	No	No	ProFormaBudget								EXISTING_GLOBAL
Global	Summary Information	Pro Forma Budget	Projected Cost Operating Fifth Year	ProjectedCostOperatingFifthYr	sTYPE_MONEY	No	No	ProFormaBudget								EXISTING_GLOBAL
Global	Summary Information	Pro Forma Budget	Projected Cost Operating Fourth Year	ProjectedCostOperatingFourthYr	sTYPE_MONEY	No	No	ProFormaBudget								EXISTING_GLOBAL
Global	Summary Information	Pro Forma Budget	Projected Cost Operating Next Year	ProjectedCostOperatingNextYr	sTYPE_MONEY	No	No	ProFormaBudget								EXISTING_GLOBAL
Global	Summary Information	Pro Forma Budget	Projected Cost Operating Prior Year	ProjectedCostOperatingPriorYr	sTYPE_MONEY	No	No	ProFormaBudget								EXISTING_GLOBAL
Global	Summary Information	Pro Forma Budget	Projected Cost Operating Third Year	ProjectedCostOperatingThirdYr	sTYPE_MONEY	No	No	ProFormaBudget								EXISTING_GLOBAL
Global	Summary Information	Pro Forma Budget	Projected Margin Beyond Fifth Year	ProjectedMarginBeyond	sTYPE_MONEY	No	No	ProFormaBudget								EXISTING_GLOBAL
Global	Summary Information	Pro Forma Budget	Projected Margin Fifth Year	ProjectedMarginFifthYr	sTYPE_MONEY	No	No	ProFormaBudget								EXISTING_GLOBAL
Global	Summary Information	Pro Forma Budget	Projected Margin Fourth Year	ProjectedMarginFourthYr	sTYPE_MONEY	No	No	ProFormaBudget								EXISTING_GLOBAL
Global	Summary Information	Pro Forma Budget	Projected Margin Next Year	ProjectedMarginNextYr	sTYPE_MONEY	No	No	ProFormaBudget								EXISTING_GLOBAL
Global	Summary Information	Pro Forma Budget	Projected Margin Prior Year	ProjectedMarginPriorYear	sTYPE_MONEY	No	No	ProFormaBudget								EXISTING_GLOBAL
Global	Summary Information	Pro Forma Budget	Projected Margin Third Year	ProjectedMarginThirdYr	sTYPE_MONEY	No	No	ProFormaBudget								EXISTING_GLOBAL
Global	Summary Information	Pro Forma Budget	Projected Margin This Year	ProjectedMarginThisYr	sTYPE_MONEY	No	No	ProFormaBudget								EXISTING_GLOBAL
Global	Summary Information	Pro Forma Budget	Projected Property Taxes Beyond Fifth Year	ProjectedPropTaxesBeyond	sTYPE_MONEY	No	No	ProFormaBudget								EXISTING_GLOBAL
Global	Summary Information	Pro Forma Budget	Projected Property Taxes Fifth Year	ProjectedPropTaxesFifthYr	sTYPE_MONEY	No	No	ProFormaBudget								EXISTING_GLOBAL
Global	Summary Information	Pro Forma Budget	Projected Property Taxes Fourth Year	ProjectedPropTaxesFourthYr	sTYPE_MONEY	No	No	ProFormaBudget								EXISTING_GLOBAL
Global	Summary Information	Pro Forma Budget	Projected Property Taxes Next Year	ProjectedPropTaxesNextYr	sTYPE_MONEY	No	No	ProFormaBudget								EXISTING_GLOBAL
Global	Summary Information	Pro Forma Budget	Projected Property Taxes PriorYear	ProjectedPropTaxesPriorYear	sTYPE_MONEY	No	No	ProFormaBudget								EXISTING_GLOBAL
Global	Summary Information	Pro Forma Budget	Projected Property Taxes Third Year	ProjectedPropTaxesThirdYr	sTYPE_MONEY	No	No	ProFormaBudget								EXISTING_GLOBAL
Global	Summary Information	Pro Forma Budget	Projected Property Taxes This Year	ProjectedPropTaxesThisYr	sTYPE_MONEY	No	No	ProFormaBudget								EXISTING_GLOBAL
Global	Summary Information	Pro Forma Budget	Projected Sales Beyond Fifth Year	ProjectedSalesBeyond	sTYPE_MONEY	No	No	ProFormaBudget								EXISTING_GLOBAL
Global	Summary Information	Pro Forma Budget	Projected Sales Fifth Year	ProjectedSalesFifthYr	sTYPE_MONEY	No	No	ProFormaBudget								EXISTING_GLOBAL
Global	Summary Information	Pro Forma Budget	Projected Sales Fourth Year	ProjectedSalesFourthYr	sTYPE_MONEY	No	No	ProFormaBudget								EXISTING_GLOBAL
Global	Summary Information	Pro Forma Budget	Projected Sales Next Year	ProjectedSalesNextYr	sTYPE_MONEY	No	No	ProFormaBudget								EXISTING_GLOBAL
Global	Summary Information	Pro Forma Budget	Projected Sales Prior Year	ProjectedSalesPriorYr	sTYPE_MONEY	No	No	ProFormaBudget								EXISTING_GLOBAL
Global	Summary Information	Pro Forma Budget	Projected Sales Third Year	ProjectedSalesThirdYr	sTYPE_MONEY	No	No	ProFormaBudget								EXISTING_GLOBAL
Global	Summary Information	Pro Forma Budget	Projected Sales This Year	ProjectedSalesThisYr	sTYPE_MONEY	No	No	ProFormaBudget								EXISTING_GLOBAL
Global	Summary Information	Pro Forma Budget	ROI	ROI	sTYPE_PERCENTAGE	No	No	ProFormaBudget								EXISTING_GLOBAL
Global	Summary Information	Summary Dates	Actual/Forecast Delivery Date	ActualEndDate	sTYPE_DATE	No	No	ProjectEntity								EXISTING_GLOBAL
Global	Summary Information	Summary Dates	Actual/Forecast Delivery Period/Year	ActualEndDate	sTYPE_PERIOD_YEAR	No	No	ProjectEntity								EXISTING_GLOBAL
Global	Summary Information	Summary Dates	Actual/Forecast Delivery Qtr/Year	ActualEndDate	sTYPE_QUARTERS_YEAR	No	No	ProjectEntity								EXISTING_GLOBAL
Global	Summary Information	Summary Dates	Actual/Forecast Delivery Year	ActualEndDate	sTYPE_FISCAL_YEAR	No	No	ProjectEntity								EXISTING_GLOBAL
Global	Summary Information	Summary Dates	Baseline Delivery Date	BaselineEndDate	sTYPE_DATE	No	No	ProjectEntity								EXISTING_GLOBAL
Global	Summary Information	Summary Dates	Baseline Delivery Period/Year	BaselineEndDate	sTYPE_PERIOD_YEAR	No	No	ProjectEntity								EXISTING_GLOBAL
Global	Summary Information	Summary Dates	Baseline Delivery Qtr/Year	BaselineEndDate	sTYPE_QUARTERS_YEAR	No	No	ProjectEntity								EXISTING_GLOBAL
Global	Summary Information	Summary Dates	Baseline Delivery Year	BaselineEndDate	sTYPE_FISCAL_YEAR	No	No	ProjectEntity								EXISTING_GLOBAL
Global	Summary Information	Summary Dates	Current Date	CurrentDate	sTYPE_CURRENT_DATE	No	No	Firm	Firm	CurrentDate	Current Date	firm	CurrentDate	TEXT		EXISTING_GLOBAL
Global	Summary Information	Summary Dates	Original Delivery Date	ExpectedEndDate	sTYPE_DATE	No	No	ProjectEntity								EXISTING_GLOBAL
Global	Summary Information	Summary Dates	Original Delivery Period/Year	ExpectedEndDate	sTYPE_PERIOD_YEAR	No	No	ProjectEntity								EXISTING_GLOBAL
Global	Summary Information	Summary Dates	Original Delivery Qtr/Yr	ExpectedEndDate	sTYPE_QUARTERS_YEAR	No	No	ProjectEntity								EXISTING_GLOBAL
Global	Summary Information	Summary Dates	Original Delivery Year	ExpectedEndDate	sTYPE_FISCAL_YEAR	No	No	ProjectEntity								EXISTING_GLOBAL
Global	Summary Information	Summary Dates	RE Planner Open Date	SlotEndDate	sTYPE_DATE	No	No	ProjectEntity								EXISTING_GLOBAL
Global	Summary Information	Summary Dates	RE Planner Open Period/Year	SlotEndDate	sTYPE_PERIOD_YEAR	No	No	ProjectEntity								EXISTING_GLOBAL
Global	Summary Information	Summary Dates	RE Planner Open Qtr/Yr	SlotEndDate	sTYPE_QUARTERS_YEAR	No	No	ProjectEntity								EXISTING_GLOBAL
Global	Summary Information	Summary Dates	RE Planner Open Year	SlotEndDate	sTYPE_FISCAL_YEAR	No	No	ProjectEntity								EXISTING_GLOBAL
Global	Summary Information	Summary Page Buttons	Abstract Lease	ABSTRACT_LEASE	sTYPE_SUBMITBUTTON	No	No	Contract								
Global	Summary Information	Summary Page Buttons	Activate/Deactivate	ActivateAndDeactivateButton	sTYPE_SUBMITBUTTON	No	No	ProjectEntity								EXISTING_GLOBAL;NEEDED_GLOBAL
Global	Summary Information	Summary Page Buttons	Alternate Rent Wizard	ALTERNATE_RENT_WIZARD	sTYPE_SUBMITBUTTON	No	No	Contract								EXISTING_GLOBAL;NEEDED_GLOBAL
Global	Summary Information	Summary Page Buttons	Apply Offsets	APPLY_OFFSETS	sTYPE_SUBMITBUTTON	No	No	Contract								EXISTING_GLOBAL;NEEDED_GLOBAL
Global	Summary Information	Summary Page Buttons	Approve Asset Payments	APPROVE_ASSET_PAYMENTS	sTYPE_SUBMITBUTTON	No	No	ProjectEntity								EXISTING_GLOBAL;NEEDED_GLOBAL
Global	Summary Information	Summary Page Buttons	Approve Payments	APPROVE_PAYMENTS	sTYPE_SUBMITBUTTON	No	No	ProjectEntity								EXISTING_GLOBAL;NEEDED_GLOBAL
Global	Summary Information	Summary Page Buttons	Audit Log	AUDIT_LOG	sTYPE_SUBMITBUTTON	No	No	Contract								EXISTING_GLOBAL;NEEDED_GLOBAL
Global	Summary Information	Summary Page Buttons	Calculate Amounts	CalculateScheduleAmounts	sTYPE_SUBMITBUTTON	No	No	ExpenseSchedule								EXISTING_GLOBAL;NEEDED_GLOBAL
Global	Summary Information	Summary Page Buttons	Cancel	CancelButton	sTYPE_SUBMITBUTTON	No	No	ProjectEntity								EXISTING_GLOBAL;NEEDED_GLOBAL
Global	Summary Information	Summary Page Buttons	Change Vendor	CHANGE_EXPENSE_ALLOCATION_VENDOR	sTYPE_SUBMITBUTTON	No	No	Contract								EXISTING_GLOBAL;NEEDED_GLOBAL
Global	Summary Information	Summary Page Buttons	Convert Entity	ConvertIGenericProject	sTYPE_SUBMITBUTTON	No	No	ProjectEntity								EXISTING_GLOBAL;NEEDED_GLOBAL
Global	Summary Information	Summary Page Buttons	Copy Expense	COPY_EXPENSE_SETUP	sTYPE_SUBMITBUTTON	No	No	Contract								EXISTING_GLOBAL;NEEDED_GLOBAL
Global	Summary Information	Summary Page Buttons	Copy Transaction	COPY_PAYMENT_TRANSACTION	sTYPE_SUBMITBUTTON	No	No	Contract								EXISTING_GLOBAL;NEEDED_GLOBAL
Global	Summary Information	Summary Page Buttons	CPI Adjustments	CPI_ADJUSTMENTS	sTYPE_SUBMITBUTTON	No	No	Contract								EXISTING_GLOBAL;NEEDED_GLOBAL
Global	Summary Information	Summary Page Buttons	Dead / Not Dead	MarkDeadAndMarkNotDeadButton	sTYPE_SUBMITBUTTON	No	No	ProjectEntity								EXISTING_GLOBAL;NEEDED_GLOBAL
Global	Summary Information	Summary Page Buttons	Delete	DeleteButton	sTYPE_SUBMITBUTTON	No	No	ProjectEntity								EXISTING_GLOBAL;NEEDED_GLOBAL
Global	Summary Information	Summary Page Buttons	Delete Accrual Payments	DELETE_ACCRUAL_PAYMENTS	sTYPE_SUBMITBUTTON	No	No	Contract								EXISTING_GLOBAL;NEEDED_GLOBAL
Global	Summary Information	Summary Page Buttons	Delete Asset Payments	DELETE_ASSET_PAYMENTS	sTYPE_SUBMITBUTTON	No	No	Contract								EXISTING_GLOBAL;NEEDED_GLOBAL
Global	Summary Information	Summary Page Buttons	Delete Payments	DELETE_PAYMENTS	sTYPE_SUBMITBUTTON	No	No	Contract								EXISTING_GLOBAL;NEEDED_GLOBAL
Global	Summary Information	Summary Page Buttons	Extend Asset Contracts	EXTEND_ASSET_CONTRACTS	sTYPE_SUBMITBUTTON	No	No	ProjectEntity								EXISTING_GLOBAL;NEEDED_GLOBAL
Global	Summary Information	Summary Page Buttons	Extend Asset Payments	EXTEND_ASSET_PAYMENTS	sTYPE_SUBMITBUTTON	No	No	ProjectEntity								EXISTING_GLOBAL;NEEDED_GLOBAL
Global	Summary Information	Summary Page Buttons	Extend Contracts	EXTEND_CONTRACTS	sTYPE_SUBMITBUTTON	No	No	ProjectEntity								EXISTING_GLOBAL;NEEDED_GLOBAL
Global	Summary Information	Summary Page Buttons	Financial Model	FinancialModel	sTYPE_FINANCIALMODEL	No	No	ProjectEntity								EXISTING_GLOBAL
Global	Summary Information	Summary Page Buttons	Generate 842 Rent Schedule	GenerateFASBSchedule	sTYPE_SUBMITBUTTON	No	No	Contract								EXISTING_GLOBAL;NEEDED_GLOBAL
Global	Summary Information	Summary Page Buttons	Generate Accruals	GENERATE_ACCRUALS	sTYPE_SUBMITBUTTON	No	No	Contract								EXISTING_GLOBAL;NEEDED_GLOBAL
Global	Summary Information	Summary Page Buttons	Generate Asset Rent	GENERATE_ASSET_RENT	sTYPE_SUBMITBUTTON	No	No	Contract								EXISTING_GLOBAL;NEEDED_GLOBAL
Global	Summary Information	Summary Page Buttons	Generate Estimated Accruals	GENERATE_ESTIMATED_ACCRUALS	sTYPE_SUBMITBUTTON	No	No	Contract								EXISTING_GLOBAL;NEEDED_GLOBAL
Global	Summary Information	Summary Page Buttons	Generate Expense Accruals	GENERATE_EXPENSE_ACCRUALS	sTYPE_SUBMITBUTTON	No	No	Contract								EXISTING_GLOBAL;NEEDED_GLOBAL
Global	Summary Information	Summary Page Buttons	Generate IFRS 16 Rent Schedule	GenerateIFRS16Schedule	sTYPE_SUBMITBUTTON	No	No	Contract								EXISTING_GLOBAL;NEEDED_GLOBAL
Global	Summary Information	Summary Page Buttons	Generate Pass-through Payments	GENERATE_PASS_THROUGH_PAYMENTS	sTYPE_SUBMITBUTTON	No	No	Contract								EXISTING_GLOBAL;NEEDED_GLOBAL
Global	Summary Information	Summary Page Buttons	Generate Percentage Rent Accruals	GENERATE_PERCENTAGE_RENT_ACCRUALS	sTYPE_SUBMITBUTTON	No	No	Contract								EXISTING_GLOBAL;NEEDED_GLOBAL
Global	Summary Information	Summary Page Buttons	Generate Rent	GENERATE_RENT	sTYPE_SUBMITBUTTON	No	No	Contract								EXISTING_GLOBAL;NEEDED_GLOBAL
Global	Summary Information	Summary Page Buttons	Generate Retro Payment	GENERATE_RETRO_PAYMENT	sTYPE_SUBMITBUTTON	No	No	Contract								EXISTING_GLOBAL;NEEDED_GLOBAL
Global	Summary Information	Summary Page Buttons	Generate Straight-line Rent Schedule	GenerateStraightLineRent	sTYPE_SUBMITBUTTON	No	No	Contract								
Global	Summary Information	Summary Page Buttons	Help	HELP	sTYPE_SUBMITBUTTON	No	No	ProjectEntity								EXISTING_GLOBAL;NEEDED_GLOBAL
Global	Summary Information	Summary Page Buttons	Import CPI Data	IMPORT_CPI_DATA	sTYPE_SUBMITBUTTON	No	No	ProjectEntity								EXISTING_GLOBAL;NEEDED_GLOBAL
Global	Summary Information	Summary Page Buttons	Import Invoice	IMPORT_INVOICE	sTYPE_SUBMITBUTTON	No	No	Contract								EXISTING_GLOBAL;NEEDED_GLOBAL
Global	Summary Information	Summary Page Buttons	Lx Contract Abstractor	KIMVIO	sTYPE_SUBMITBUTTON	No	No	ProjectEntity								EXISTING_GLOBAL;NEEDED_GLOBAL
Global	Summary Information	Summary Page Buttons	Modify Straight-Line Status	ModifyStraightLineStatus	sTYPE_SUBMITBUTTON	No	No	Contract								EXISTING_GLOBAL;NEEDED_GLOBAL
Global	Summary Information	Summary Page Buttons	Month & Year Selector	MonthYearSelection	sTYPE_SUBMITBUTTON	No	No	ProjectEntity								EXISTING_GLOBAL;NEEDED_GLOBAL
Global	Summary Information	Summary Page Buttons	Move Asset	MOVE_ASSET	sTYPE_SUBMITBUTTON	No	No	Asset								EXISTING_GLOBAL;NEEDED_GLOBAL
Global	Summary Information	Summary Page Buttons	Period & Year Selector	PeriodYearSelection	sTYPE_SUBMITBUTTON	No	No	ProjectEntity								EXISTING_GLOBAL;NEEDED_GLOBAL
Global	Summary Information	Summary Page Buttons	Plan/Forecast	PLAN_FORECAST	sTYPE_SUBMITBUTTON	No	No	Contract								EXISTING_GLOBAL;NEEDED_GLOBAL
Global	Summary Information	Summary Page Buttons	Process Mid Month Payment	PROCESS_MID_MONTH_PAYMENT	sTYPE_SUBMITBUTTON	No	No	Contract								EXISTING_GLOBAL;NEEDED_GLOBAL
Global	Summary Information	Summary Page Buttons	Process Payment	PROCESS_PAYMENT	sTYPE_SUBMITBUTTON	No	No	Contract								EXISTING_GLOBAL;NEEDED_GLOBAL
Global	Summary Information	Summary Page Buttons	Process Usage Payment	PROCESS_USAGE_PAYMENT	sTYPE_SUBMITBUTTON	No	No	Contract								EXISTING_GLOBAL;NEEDED_GLOBAL
Global	Summary Information	Summary Page Buttons	RE Transaction Wizard	RETransactionWizard	sTYPE_SUBMITBUTTON	No	No	ProjectEntity								EXISTING_GLOBAL
Global	Summary Information	Summary Page Buttons	Reconcile	RECONCILE	sTYPE_SUBMITBUTTON	No	No	Contract								EXISTING_GLOBAL;NEEDED_GLOBAL
Global	Summary Information	Summary Page Buttons	Reconcile Receipt	RECONCILE_RECEIPT	sTYPE_SUBMITBUTTON	No	No	Contract								EXISTING_GLOBAL;NEEDED_GLOBAL
Global	Summary Information	Summary Page Buttons	Recovery Setup	RECOVERY_SETUP	sTYPE_SUBMITBUTTON	No	No	Contract								EXISTING_GLOBAL;NEEDED_GLOBAL
Global	Summary Information	Summary Page Buttons	Run Report Action	RunReportAction	sTYPE_ACTION_RUN_REPORT	No	No	ProjectEntity								EXISTING_GLOBAL;NEEDED_GLOBAL
Global	Summary Information	Summary Page Buttons	Submit	FormSubmitButton	sTYPE_SUBMITBUTTON	No	No	ProjectEntity								EXISTING_GLOBAL;NEEDED_GLOBAL
Global	Summary Information	Summary Page Buttons	Update Escrow	UPDATE_ESCROW	sTYPE_SUBMITBUTTON	No	No	Contract								EXISTING_GLOBAL;NEEDED_GLOBAL
Global	Wizard	Contract Covenant Wizard	Add Covenant From Template	AddCovenantFromTemplate	sTYPE_SUBMITBUTTON	No	No	Covenant								EXISTING_GLOBAL;NEEDED_GLOBAL
Global	Wizard	Contract Covenant Wizard	Contract Wizard Template	ContractWizardTemplate	sTYPE_CONTRACT	No	No	Covenant								EXISTING_GLOBAL;NEEDED_GLOBAL
Global	Wizard	Contract Responsibility Wizard	Add Responsibility From Template	AddResponsibilityFromTemplate	sTYPE_SUBMITBUTTON	No	No	Responsibility								EXISTING_GLOBAL;NEEDED_GLOBAL
Global	Wizard	Contract Responsibility Wizard	Contract Wizard Template	ContractWizardTemplate	sTYPE_CONTRACT	No	No	Responsibility								EXISTING_GLOBAL;NEEDED_GLOBAL
Global	Wizard	Contract Terms Wizard	Generate Contract Terms	GenerateContractTerms	sTYPE_SUBMITBUTTON	No	No	ContractTerm								EXISTING_GLOBAL;NEEDED_GLOBAL
Global	Wizard	Contract Terms Wizard	Length of the term (years)	ContractTermWizard_TermLength	sTYPE_NUMBER	No	No	ContractTerm								EXISTING_GLOBAL;NEEDED_GLOBAL
Global	Wizard	Contract Terms Wizard	New Term Coverage Period Begin Date	ContractTermWizard_TermCoverageBeginDate	sTYPE_DATE	No	No	ContractTerm								EXISTING_GLOBAL;NEEDED_GLOBAL
Global	Wizard	Contract Terms Wizard	Number of Options	ContractTermWizard_OptionNumber	sTYPE_NUMBER	No	No	ContractTerm								EXISTING_GLOBAL;NEEDED_GLOBAL
Global	Wizard	Expense Setup Wizard	Amount Type	ExpenseSetupWizard_AmountType	sTYPE_TEXT	No	No	ExpenseSetup								EXISTING_GLOBAL;NEEDED_GLOBAL
Global	Wizard	Expense Setup Wizard	Effective Date	ExpenseSetupWizard_EffectiveDates	sTYPE_TEXT	Yes	No	ExpenseSetup								EXISTING_GLOBAL;NEEDED_GLOBAL
Global	Wizard	Expense Setup Wizard	End Date	ExpenseSetupWizard_EndDate	sTYPE_DATE	No	No	ExpenseSetup								EXISTING_GLOBAL;NEEDED_GLOBAL
Global	Wizard	Expense Setup Wizard	Escalate by Amount/Rate	ExpenseSetupWizard_EscalateAmountRate	sTYPE_MONEY	No	No	ExpenseSetup								EXISTING_GLOBAL;NEEDED_GLOBAL
Global	Wizard	Expense Setup Wizard	Escalate Every (years)	ExpenseSetupWizard_EscalateEvery	sTYPE_NUMBER	No	No	ExpenseSetup								EXISTING_GLOBAL;NEEDED_GLOBAL
Global	Wizard	Expense Setup Wizard	Find Starting Amount	ExpenseSetupWizard_FindStartingAmout	sTYPE_CHECKBOX	No	No	ExpenseSetup								EXISTING_GLOBAL;NEEDED_GLOBAL
Global	Wizard	Expense Setup Wizard	Generate Expense Setup	GenerateExpenseSetup	sTYPE_SUBMITBUTTON	No	No	ExpenseSetup								EXISTING_GLOBAL;NEEDED_GLOBAL
Global	Wizard	Expense Setup Wizard	Start Date	ExpenseSetupWizard_StartDate	sTYPE_DATE	No	No	ExpenseSetup								EXISTING_GLOBAL;NEEDED_GLOBAL
Global	Wizard	Expense Setup Wizard	Starting Amount	ExpenseSetupWizard_StartingAmout	sTYPE_MONEY	No	No	ExpenseSetup								EXISTING_GLOBAL;NEEDED_GLOBAL
Global	Wizard	Expense Setup Wizard	Type Of Escalation	ExpenseSetupWizard_TypeOfEscalation	sTYPE_EXPENSE_ESCALTION_TYPE	No	No	ExpenseSetup								EXISTING_GLOBAL;NEEDED_GLOBAL
Global	Workflow	Issue Response	Body	Body	sTYPE_TEXT	No	No	IssueResponse								EXISTING_GLOBAL;NEEDED_GLOBAL
Global	Workflow	Issue Response	Created By	CreatedByID	sTYPE_MEMBER	No	No	IssueResponse								EXISTING_GLOBAL;NEEDED_GLOBAL
Global	Workflow	Issue Response	Created Date	CreatedDate	sTYPE_TIME	No	No	IssueResponse								EXISTING_GLOBAL;NEEDED_GLOBAL
Global	Workflow	Issue Response	Issue ID	IssueID	sTYPE_ISSUE	Yes	No	IssueResponse								EXISTING_GLOBAL;NEEDED_GLOBAL
Global	Workflow	Issue Response	Issue Response ID	IssueResponseID	sTYPE_UNFORMATTED_NUMBER	No	No	IssueResponse								EXISTING_GLOBAL;NEEDED_GLOBAL
Global	Workflow	Issue Response	Modified By	ModifiedByID	sTYPE_MEMBER	No	No	IssueResponse								EXISTING_GLOBAL;NEEDED_GLOBAL
Global	Workflow	Issue Response	Modified Date	ModifiedDate	sTYPE_TIME	No	No	IssueResponse								EXISTING_GLOBAL;NEEDED_GLOBAL
Global	Workflow	Issue Response	ProjectEntity ID	ProjectEntityID	sTYPE_PROJECT_ENTITY	Yes	No	IssueResponse								EXISTING_GLOBAL;NEEDED_GLOBAL
Global	Workflow	Issue Response	Rev Number	RevNumber	sTYPE_UNFORMATTED_NUMBER	No	No	IssueResponse								EXISTING_GLOBAL;NEEDED_GLOBAL
Global	Workflow	Issue Response	Sequence Number	SequenceNumber	sTYPE_TEXT	Yes	No	IssueResponse								EXISTING_GLOBAL;NEEDED_GLOBAL
Global	Workflow	Issue Response	Subject	Subject	sTYPE_TEXT	Yes	No	IssueResponse								EXISTING_GLOBAL;NEEDED_GLOBAL
Global	Workflow	Workflow Step (All)	Associated Task	TaskID	sTYPE_TASK	No	No	WorkFlowStep								EXISTING_GLOBAL;NEEDED_GLOBAL
Global	Workflow	Workflow Step (All)	Associated Task Name	TaskName	sTYPE_TEXT	No	No	WorkFlowStep								EXISTING_GLOBAL;NEEDED_GLOBAL
Global	Workflow	Workflow Step (All)	Complete Date	CompleteDate	sTYPE_DATE	No	No	WorkFlowStep								EXISTING_GLOBAL;NEEDED_GLOBAL
Global	Workflow	Workflow Step (All)	Current Step Members	CurrentStepMemberIDList	sTYPE_MEMBER	No	No	WorkFlowStep								EXISTING_GLOBAL;NEEDED_GLOBAL
Global	Workflow	Workflow Step (All)	Days Until Alert Approvers	DaysUntilAlertApprovers	sTYPE_NUMBER	No	No	WorkFlowStep								EXISTING_GLOBAL;NEEDED_GLOBAL
Global	Workflow	Workflow Step (All)	Days Until Alert Assignees	DaysUntilAlertAssignees	sTYPE_NUMBER	No	No	WorkFlowStep								EXISTING_GLOBAL;NEEDED_GLOBAL
Global	Workflow	Workflow Step (All)	Days Until Warn Approvers	DaysUntilWarnApprovers	sTYPE_NUMBER	No	No	WorkFlowStep								EXISTING_GLOBAL;NEEDED_GLOBAL
Global	Workflow	Workflow Step (All)	Days Until Warn Assignees	DaysUntilWarnAssignees	sTYPE_NUMBER	No	No	WorkFlowStep								EXISTING_GLOBAL;NEEDED_GLOBAL
Global	Workflow	Workflow Step (All)	Due Date	DueDate	sTYPE_DATE	No	No	WorkFlowStep								EXISTING_GLOBAL;NEEDED_GLOBAL
Global	Workflow	Workflow Step (All)	Duration Days Approvers	DurationDaysApprovers	sTYPE_NUMBER	No	No	WorkFlowStep								EXISTING_GLOBAL;NEEDED_GLOBAL
Global	Workflow	Workflow Step (All)	Duration Days Assignees	DurationDaysAssignees	sTYPE_NUMBER	No	No	WorkFlowStep								EXISTING_GLOBAL;NEEDED_GLOBAL
Global	Workflow	Workflow Step (All)	EMail Alert Approvers	EMailAlertApprovers	sTYPE_BOOLEAN	No	No	WorkFlowStep								EXISTING_GLOBAL;NEEDED_GLOBAL
Global	Workflow	Workflow Step (All)	EMail Alert Assignees	EMailAlertAssignees	sTYPE_BOOLEAN	No	No	WorkFlowStep								EXISTING_GLOBAL;NEEDED_GLOBAL
Global	Workflow	Workflow Step (All)	Email Message	EMailMessage	sTYPE_TEXTAREA	No	No	WorkFlowStep								EXISTING_GLOBAL;NEEDED_GLOBAL
Global	Workflow	Workflow Step (All)	Enable For Dashboard	EnableForDashboard	sTYPE_BOOLEAN	No	No	WorkFlowStep								EXISTING_GLOBAL;NEEDED_GLOBAL
Global	Workflow	Workflow Step (All)	Enable For Email	EnableForEMail	sTYPE_BOOLEAN	No	No	WorkFlowStep								EXISTING_GLOBAL;NEEDED_GLOBAL
Global	Workflow	Workflow Step (All)	Is Completed?	IsCompleted	sTYPE_BOOLEAN	No	No	WorkFlowStep								EXISTING_GLOBAL;NEEDED_GLOBAL
Global	Workflow	Workflow Step (All)	Is Form Step	IsFormStep	sTYPE_BOOLEAN	No	No	WorkFlowStep								EXISTING_GLOBAL;NEEDED_GLOBAL
Global	Workflow	Workflow Step (All)	Is Notify Closed?	IsNotifyClosed	sTYPE_BOOLEAN	No	No	WorkFlowStep								EXISTING_GLOBAL;NEEDED_GLOBAL
Global	Workflow	Workflow Step (All)	Issue	IssueID	sTYPE_ISSUE	No	No	WorkFlowStep								EXISTING_GLOBAL;NEEDED_GLOBAL
Global	Workflow	Workflow Step (All)	Modified By	ModifiedByID	sTYPE_MEMBER	No	No	WorkFlowStep								EXISTING_GLOBAL;NEEDED_GLOBAL
Global	Workflow	Workflow Step (All)	Modified Date	ModifiedDate	sTYPE_TIME	No	No	WorkFlowStep								EXISTING_GLOBAL;NEEDED_GLOBAL
Global	Workflow	Workflow Step (All)	Page Layout Approvers	PageLayoutApproversID	sTYPE_PAGE_LAYOUT	No	No	WorkFlowStep								EXISTING_GLOBAL;NEEDED_GLOBAL
Global	Workflow	Workflow Step (All)	Page Layout Assignees	PageLayoutAssigneesID	sTYPE_PAGE_LAYOUT	No	No	WorkFlowStep								EXISTING_GLOBAL;NEEDED_GLOBAL
Global	Workflow	Workflow Step (All)	Prior Submit By Member	PriorSubmitByMemberID	sTYPE_MEMBER	No	No	WorkFlowStep								EXISTING_GLOBAL;NEEDED_GLOBAL
Global	Workflow	Workflow Step (All)	Prior Submit For Approval Date	PriorSubmitForApprovalDate	sTYPE_DATE	No	No	WorkFlowStep								EXISTING_GLOBAL;NEEDED_GLOBAL
Global	Workflow	Workflow Step (All)	Priority	Priority	sTYPE_NUMBER	No	No	WorkFlowStep								EXISTING_GLOBAL;NEEDED_GLOBAL
Global	Workflow	Workflow Step (All)	Re Do?	IsReDo	sTYPE_YES_NO_RADIO	Yes	No	WorkFlowStep								EXISTING_GLOBAL;NEEDED_GLOBAL
Global	Workflow	Workflow Step (All)	Read Only?	IsReadOnly	sTYPE_YES_NO_RADIO	Yes	No	WorkFlowStep								EXISTING_GLOBAL;NEEDED_GLOBAL
Global	Workflow	Workflow Step (All)	Start Date	StartDate	sTYPE_DATE	No	No	WorkFlowStep								EXISTING_GLOBAL;NEEDED_GLOBAL
Global	Workflow	Workflow Step (All)	Step Name	WorkFlowStepName	sTYPE_TEXT	No	No	WorkFlowStep								EXISTING_GLOBAL;NEEDED_GLOBAL
Global	Workflow	Workflow Step (All)	Step Number	StepNumber	sTYPE_NUMBER	Yes	No	WorkFlowStep								EXISTING_GLOBAL;NEEDED_GLOBAL
Global	Workflow	Workflow Step (All)	Step Status	CodeWorkFlowStatusID	sCODE_WORK_FLOW_STATUS	Yes	No	WorkFlowStep								EXISTING_GLOBAL;NEEDED_GLOBAL
Global	Workflow	Workflow Step (All)	Submit For Approval By Member	SubmitForApprovalByMemberID	sTYPE_MEMBER	No	No	WorkFlowStep								EXISTING_GLOBAL;NEEDED_GLOBAL
Global	Workflow	Workflow Step (All)	Submit For Approval By Member Name	SubmitForApprovalByMemberName	sTYPE_TEXT	No	No	WorkFlowStep								EXISTING_GLOBAL;NEEDED_GLOBAL
Global	Workflow	Workflow Step (All)	Submit For Approval Date	SubmitForApprovalDate	sTYPE_DATE	No	No	WorkFlowStep								EXISTING_GLOBAL;NEEDED_GLOBAL
Global	Workflow	Workflow Step (All)	WF Approver Due Date	DueDateApprovers	sTYPE_DATE	No	No	WorkFlowStep								EXISTING_GLOBAL;NEEDED_GLOBAL
Global	Workflow	Workflow Step (All)	WF Approver(s)	ApproverMemberIDList	sTYPE_MEMBER	No	No	WorkFlowStep								EXISTING_GLOBAL;NEEDED_GLOBAL
Global	Workflow	Workflow Step (All)	WF Assignee Due Date	DueDateAssignees	sTYPE_DATE	No	No	WorkFlowStep								EXISTING_GLOBAL;NEEDED_GLOBAL
Global	Workflow	Workflow Step (All)	WF Assignee(s)	AssigneeMemberIDList	sTYPE_MEMBER	No	No	WorkFlowStep								EXISTING_GLOBAL;NEEDED_GLOBAL
Global	Workflow	Workflow Step (All)	WF Notify List	NotifieeMemberIDList	sTYPE_MEMBER	No	No	WorkFlowStep								EXISTING_GLOBAL;NEEDED_GLOBAL
Global	Workflow	Workflow Step (All)	WF Step Notification Link	WFStepNotificationLink	sTYPE_TEXT	No	No	WorkFlowStep								EXISTING_GLOBAL;NEEDED_GLOBAL
Global	Workflow	Workflow Step (All)	Work Flow	WorkFlowID	sTYPE_WORK_FLOW	Yes	No	WorkFlowStep								EXISTING_GLOBAL;NEEDED_GLOBAL
Global	Workflow	Workflow Step (All)	Work Flow Step ClientID	BOMapClientRecordID	sTYPE_TEXT	Yes	No	WorkFlowStep								EXISTING_GLOBAL;NEEDED_GLOBAL
Global	Workflow	Workflow Step (All)	Work Flow Step RecID	WorkFlowStepID	sTYPE_UNFORMATTED_NUMBER	No	No	WorkFlowStep								EXISTING_GLOBAL;NEEDED_GLOBAL
Global	Workflow	Workflow Step Approver (All)	Action Comment	ActionComment	sTYPE_TEXTAREA	No	No	WorkFlowStepApprover								EXISTING_GLOBAL;NEEDED_GLOBAL
Global	Workflow	Workflow Step Approver (All)	Action Taken	ActionTakenName	sTYPE_TEXT	No	No	WorkFlowStepApprover								EXISTING_GLOBAL;NEEDED_GLOBAL
Global	Workflow	Workflow Step Approver (All)	Action Taken Date	ActionTakenDate	sTYPE_DATE	No	No	WorkFlowStepApprover								EXISTING_GLOBAL;NEEDED_GLOBAL
Global	Workflow	Workflow Step Approver (All)	Approver	MemberID	sTYPE_MEMBER	Yes	No	WorkFlowStepApprover								EXISTING_GLOBAL;NEEDED_GLOBAL
Global	Workflow	Workflow Step Approver (All)	Email Sent Status	EMailSentStatus	sTYPE_TEXT	Yes	No	WorkFlowStepApprover								EXISTING_GLOBAL;NEEDED_GLOBAL
Global	Workflow	Workflow Step Approver (All)	Has Approved?	HasApproved	sTYPE_YES_NO_RADIO	No	No	WorkFlowStepApprover								EXISTING_GLOBAL;NEEDED_GLOBAL
Global	Workflow	Workflow Step Approver (All)	Has Taken Action?	HasTakenAction	sTYPE_YES_NO_RADIO	No	No	WorkFlowStepApprover								EXISTING_GLOBAL;NEEDED_GLOBAL
Global	Workflow	Workflow Step Approver (All)	Modified By	ModifiedByID	sTYPE_MEMBER	No	No	WorkFlowStepApprover								EXISTING_GLOBAL;NEEDED_GLOBAL
Global	Workflow	Workflow Step Approver (All)	Modified Date	ModifiedDate	sTYPE_TIME	No	No	WorkFlowStepApprover								EXISTING_GLOBAL;NEEDED_GLOBAL
Global	Workflow	Workflow Step Approver (All)	Notify Acknowledged Status	NotifyAcknowledgedStatus	sTYPE_TEXT	Yes	No	WorkFlowStepApprover								EXISTING_GLOBAL;NEEDED_GLOBAL
Global	Workflow	Workflow Step Approver (All)	Prior Action Comment	PriorActionComment	sTYPE_TEXTAREA	No	No	WorkFlowStepApprover								EXISTING_GLOBAL;NEEDED_GLOBAL
Global	Workflow	Workflow Step Approver (All)	Prior Action Taken Date	PriorActionTakenDate	sTYPE_DATE	No	No	WorkFlowStepApprover								EXISTING_GLOBAL;NEEDED_GLOBAL
Global	Workflow	Workflow Step Approver (All)	Prior WF Step Action	PriorWFTemplateStepActionID	sTYPE_WORK_FLOW_TEMPLATE_STEP_ACTION	No	No	WorkFlowStepApprover								EXISTING_GLOBAL;NEEDED_GLOBAL
Global	Workflow	Workflow Step Approver (All)	Signature Date	SignatureDate	sTYPE_DATE	No	No	WorkFlowStepApprover								EXISTING_GLOBAL;NEEDED_GLOBAL
Global	Workflow	Workflow Step Approver (All)	WF Step Action	WorkFlowTemplateStepActionID	sTYPE_WORK_FLOW_TEMPLATE_STEP_ACTION	No	No	WorkFlowStepApprover								EXISTING_GLOBAL;NEEDED_GLOBAL
Global	Workflow	Workflow Step Approver (All)	WF Step Approver ClientID	BOMapClientRecordID	sTYPE_TEXT	Yes	No	WorkFlowStepApprover								EXISTING_GLOBAL;NEEDED_GLOBAL
Global	Workflow	Workflow Step Approver (All)	WF Step Approver RecID	WorkFlowStepApproverID	sTYPE_UNFORMATTED_NUMBER	No	No	WorkFlowStepApprover								EXISTING_GLOBAL;NEEDED_GLOBAL
Global	Workflow	Workflow Step Approver (All)	Work Flow Step	WorkFlowStepID	sTYPE_WORK_FLOW_STEP	Yes	No	WorkFlowStepApprover								EXISTING_GLOBAL;NEEDED_GLOBAL
Global	Workflow	Workflow Step Approver (All)	Work Flow Template Step	WorkFlowTemplateStepID	sTYPE_WORK_FLOW_TEMPLATE_STEP	No	No	WorkFlowStepApprover								EXISTING_GLOBAL;NEEDED_GLOBAL
Global	Workflow	Workflow Step Assignee (All)	Assignee	MemberID	sTYPE_MEMBER	Yes	No	WorkFlowStepAssignee								EXISTING_GLOBAL;NEEDED_GLOBAL
Global	Workflow	Workflow Step Assignee (All)	Email Sent Status	EMailSentStatus	sTYPE_TEXT	Yes	No	WorkFlowStepAssignee								EXISTING_GLOBAL;NEEDED_GLOBAL
Global	Workflow	Workflow Step Assignee (All)	Modified By	ModifiedByID	sTYPE_MEMBER	No	No	WorkFlowStepAssignee								EXISTING_GLOBAL;NEEDED_GLOBAL
Global	Workflow	Workflow Step Assignee (All)	Modified Date	ModifiedDate	sTYPE_TIME	No	No	WorkFlowStepAssignee								EXISTING_GLOBAL;NEEDED_GLOBAL
Global	Workflow	Workflow Step Assignee (All)	Notify Acknowledged Status	NotifyAcknowledgedStatus	sTYPE_TEXT	Yes	No	WorkFlowStepAssignee								EXISTING_GLOBAL;NEEDED_GLOBAL
Global	Workflow	Workflow Step Assignee (All)	Step Member Responsibility	StepMemberResponsibility	sTYPE_TEXT	Yes	No	WorkFlowStepAssignee								EXISTING_GLOBAL;NEEDED_GLOBAL
Global	Workflow	Workflow Step Assignee (All)	WF Step Assignee ClientID	BOMapClientRecordID	sTYPE_TEXT	Yes	No	WorkFlowStepAssignee								EXISTING_GLOBAL;NEEDED_GLOBAL
Global	Workflow	Workflow Step Assignee (All)	WF Step Assignee RecID	WorkFlowStepAssigneeID	sTYPE_UNFORMATTED_NUMBER	No	No	WorkFlowStepAssignee								EXISTING_GLOBAL;NEEDED_GLOBAL
Global	Workflow	Workflow Step Assignee (All)	Work Flow Step	WorkFlowStepID	sTYPE_WORK_FLOW_STEP	Yes	No	WorkFlowStepAssignee								EXISTING_GLOBAL;NEEDED_GLOBAL
Global	Workflow	Workflow Step Assignee (All)	Work Flow Template Step	WorkFlowTemplateStepID	sTYPE_WORK_FLOW_TEMPLATE_STEP	No	No	WorkFlowStepAssignee								EXISTING_GLOBAL;NEEDED_GLOBAL
Global	Workflow	Workflow Summary Info (All)	Ad Hoc Assignee	AdhocMemberID	sTYPE_PE_MEMBER	No	No	WorkFlow								EXISTING_GLOBAL;NEEDED_GLOBAL
Global	Workflow	Workflow Summary Info (All)	Closed Date	ClosedDate	sTYPE_DATE	No	No	WorkFlow								EXISTING_GLOBAL;NEEDED_GLOBAL
Global	Workflow	Workflow Summary Info (All)	Created Date	CreatedDate	sTYPE_TIME	No	No	WorkFlow								EXISTING_GLOBAL;NEEDED_GLOBAL
Global	Workflow	Workflow Summary Info (All)	Inactive?	Inactive	sTYPE_BOOLEAN	Yes	No	WorkFlow								EXISTING_GLOBAL;NEEDED_GLOBAL
Global	Workflow	Workflow Summary Info (All)	Initiated By Member	InitiatedByMemberID	sTYPE_MEMBER	No	No	WorkFlow								EXISTING_GLOBAL;NEEDED_GLOBAL
Global	Workflow	Workflow Summary Info (All)	Is Completed?	IsCompleted	sTYPE_BOOLEAN	No	No	WorkFlow								EXISTING_GLOBAL;NEEDED_GLOBAL
Global	Workflow	Workflow Summary Info (All)	Kick Off Form	KickOffIssueID	sTYPE_ISSUE	No	No	WorkFlow								EXISTING_GLOBAL;NEEDED_GLOBAL
Global	Workflow	Workflow Summary Info (All)	Kick Off Task	KickOffTaskID	sTYPE_TASK	No	No	WorkFlow								EXISTING_GLOBAL;NEEDED_GLOBAL
Global	Workflow	Workflow Summary Info (All)	Modified By	ModifiedByID	sTYPE_MEMBER	No	No	WorkFlow								EXISTING_GLOBAL;NEEDED_GLOBAL
Global	Workflow	Workflow Summary Info (All)	Modified Date	ModifiedDate	sTYPE_TIME	No	No	WorkFlow								EXISTING_GLOBAL;NEEDED_GLOBAL
Global	Workflow	Workflow Summary Info (All)	Name	WorkFlowName	sTYPE_TEXT	Yes	No	WorkFlow								EXISTING_GLOBAL;NEEDED_GLOBAL
Global	Workflow	Workflow Summary Info (All)	Number Of Days Open	NumberOfDaysOpen	sTYPE_NUMBER	No	No	WorkFlow								EXISTING_GLOBAL;NEEDED_GLOBAL
Global	Workflow	Workflow Summary Info (All)	Priority	WorkFlowCodePriorityID	sCODE_PRIORITY	Yes	No	WorkFlow								EXISTING_GLOBAL;NEEDED_GLOBAL
Global	Workflow	Workflow Summary Info (All)	Status	CodeWorkFlowStatusID	sCODE_WORK_FLOW_STATUS	Yes	No	WorkFlow								EXISTING_GLOBAL;NEEDED_GLOBAL
Global	Workflow	Workflow Summary Info (All)	WF Approver List	WFApproverList	sTYPE_WORK_FLOW_APPROVER_LIST	No	No	WorkFlow								EXISTING_GLOBAL;NEEDED_GLOBAL
Global	Workflow	Workflow Summary Info (All)	Work Flow ClientID	BOMapClientRecordID	sTYPE_TEXT	Yes	No	WorkFlow								EXISTING_GLOBAL;NEEDED_GLOBAL
Global	Workflow	Workflow Summary Info (All)	Work Flow RecID	WorkFlowID	sTYPE_UNFORMATTED_NUMBER	No	No	WorkFlow								EXISTING_GLOBAL;NEEDED_GLOBAL
Firm	Company Items	Employers	Alternate Payee	Firm_AlternatePayee	sTYPE_TEXT	No	No	Employer	Employer	Firm_AlternatePayee	Alternate Payee	employer	Firm_AlternatePayee	TEXT		EXISTING_FIRM;NEEDED_FIRM
Firm	Company Items	Employers	Attention	Firm_EmployerAttention	sTYPE_TEXT	No	No	Employer	Employer	Firm_EmployerAttention	Attention	employer	Firm_EmployerAttention	TEXT		EXISTING_FIRM;NEEDED_FIRM
Firm	Company Items	Employers	Care of	Firm_EmployerCareof	sTYPE_TEXT	No	No	Employer	Employer	Firm_EmployerCareof	Care of	employer	Firm_EmployerCareof	TEXT		EXISTING_FIRM;NEEDED_FIRM
Firm	Company Items	Employers	Payment Method	Firm_PaymentMethod	sTYPE_CUSTOM_CODE_FIELD	No	No	Employer	Employer	Firm_PaymentMethod	Payment Method	employer	Firm_PaymentMethod	TEXT		EXISTING_FIRM;EXISTING_GLOBAL;NEEDED_FIRM;NEEDED_GLOBAL
Firm	Company Items	Employers	Store Number	Firm_EmployerStoreNumber	sTYPE_TEXT	No	No	Employer	Employer	Firm_EmployerStoreNumber	Store Number	employer	Firm_EmployerStoreNumber	TEXT		EXISTING_FIRM;EXISTING_GLOBAL;NEEDED_FIRM;NEEDED_GLOBAL
Firm	Contract	Allowance	Cost PSF	Firm_AllowCostPSF	sTYPE_MONEY_MATH_OPERATION	No	No	Allowance	Allowance	Firm_AllowCostPSF	Cost PSF	allowance	Firm_AllowCostPSF	TEXT		EXISTING_FIRM;NEEDED_FIRM
Firm	Contract	Allowance	Document	Firm_AllowanceDocument	sTYPE_TEXT	No	No	Allowance	Allowance	Firm_AllowanceDocument	Document	allowance	Firm_AllowanceDocument	TEXT		EXISTING_FIRM;EXISTING_GLOBAL;NEEDED_FIRM;NEEDED_GLOBAL
Firm	Contract	Allowance	Page	Firm_AllowancePage	sTYPE_TEXT	No	No	Allowance	Allowance	Firm_AllowancePage	Page	allowance	Firm_AllowancePage	TEXT		EXISTING_FIRM;NEEDED_FIRM
Firm	Contract	Common Area Maintenance	Administrative Fee	Firm_CAMAdministrativeYN	sTYPE_CUSTOM_CODE_FIELD	No	No	Contract								EXISTING_FIRM;NEEDED_FIRM
Firm	Contract	Common Area Maintenance	Administrative Fee Definition	Firm_CAMAdministrativeFeeDefinition	sTYPE_TEXT	No	No	Contract								EXISTING_FIRM;NEEDED_FIRM
Firm	Contract	Common Area Maintenance	Administrative Fee Exclusions	Firm_CAMAdministrativeFeeExclusionsYN	sTYPE_CUSTOM_CODE_FIELD	No	No	Contract								EXISTING_FIRM;NEEDED_FIRM
Firm	Contract	Common Area Maintenance	Administrative Fee Percent	Firm_CAMAdministrativeFeePercent	sTYPE_PERCENTAGE	No	No	Contract								EXISTING_FIRM;NEEDED_FIRM
Firm	Contract	Common Area Maintenance	Audit Rights	Firm_CAMAuditRightsYN	sTYPE_CUSTOM_CODE_FIELD	No	No	Contract								EXISTING_FIRM;NEEDED_FIRM
Firm	Contract	Common Area Maintenance	Audit Rights Reference	Firm_CAMAuditRightsReference	sTYPE_TEXT	No	No	Contract								EXISTING_FIRM;NEEDED_FIRM
Firm	Contract	Common Area Maintenance	Comment	Firm_CAMComment	sTYPE_TEXT	No	No	Contract								EXISTING_FIRM;NEEDED_FIRM
Firm	Contract	Common Area Maintenance	Contributions	Firm_CAMContributionsYN	sTYPE_CUSTOM_CODE_FIELD	No	No	Contract								EXISTING_FIRM;NEEDED_FIRM
Firm	Contract	Common Area Maintenance	Contributions Reference	Firm_CAMContributionsReference	sTYPE_TEXT	No	No	Contract								EXISTING_FIRM;NEEDED_FIRM
Firm	Contract	Common Area Maintenance	Date of First Increase	Firm_CAMDateofFirstIncrease	sTYPE_DATE	No	No	Contract								EXISTING_FIRM;NEEDED_FIRM
Firm	Contract	Common Area Maintenance	Document	Firm_CAMDocument	sTYPE_TEXT	No	No	Contract								EXISTING_FIRM;EXISTING_GLOBAL;NEEDED_FIRM;NEEDED_GLOBAL
Firm	Contract	Common Area Maintenance	Exclusions	Firm_CAMExclusionsYN	sTYPE_CUSTOM_CODE_FIELD	No	No	Contract								EXISTING_FIRM;NEEDED_FIRM
Firm	Contract	Common Area Maintenance	Exclusions Reference	Firm_CAMExclusionsReference	sTYPE_TEXT	No	No	Contract								EXISTING_FIRM;NEEDED_FIRM
Firm	Contract	Common Area Maintenance	Fixed CAM Increase Comment	Firm_CAMFixedComment	sTYPE_TEXT	No	No	Contract								EXISTING_FIRM;NEEDED_FIRM
Firm	Contract	Common Area Maintenance	Fixed CAM Increase Percent	Firm_CAMFixedIncreasePercent	sTYPE_PERCENTAGE	No	No	Contract								EXISTING_FIRM;NEEDED_FIRM
Firm	Contract	Common Area Maintenance	Fixed CAM Status	Firm_CAMFixedStatus	sTYPE_CUSTOM_CODE_FIELD	No	No	Contract								EXISTING_FIRM;NEEDED_FIRM
Firm	Contract	Common Area Maintenance	Fixed CAM Text	Firm_CAMFixedText	sTYPE_TEXT	No	No	Contract								EXISTING_FIRM;NEEDED_FIRM
Firm	Contract	Common Area Maintenance	Floor Percent	Firm_CAMFloorPercent	sTYPE_PERCENTAGE	No	No	Contract								EXISTING_FIRM;NEEDED_FIRM
Firm	Contract	Common Area Maintenance	Initial Fixed CAM Monthly	Firm_CAMInitialFixedMO	sTYPE_NUMBER	No	No	Contract								EXISTING_FIRM;NEEDED_FIRM
Firm	Contract	Common Area Maintenance	Initial Fixed CAM PSF	Firm_CAMInitialFixedPSF	sTYPE_NUMBER	No	No	Contract								EXISTING_FIRM;NEEDED_FIRM
Firm	Contract	Common Area Maintenance	Is CAM Fixed?	Firm_CAMFixedYN	sTYPE_CUSTOM_CODE_FIELD	No	No	Contract								EXISTING_FIRM;NEEDED_FIRM
Firm	Contract	Common Area Maintenance	Lease Term Cap	Firm_CAMLeaseTermCapYN	sTYPE_CUSTOM_CODE_FIELD	No	No	Contract								EXISTING_FIRM;NEEDED_FIRM
Firm	Contract	Common Area Maintenance	Lease Term Cap Comment	Firm_CAMLeaseTermCapComment	sTYPE_TEXT	No	No	Contract								EXISTING_FIRM;NEEDED_FIRM
Firm	Contract	Common Area Maintenance	Lease Term Cap Exclusions	Firm_CAMLeaseTermCapExclusions	sTYPE_CUSTOM_CODE_FIELD	No	No	Contract								EXISTING_FIRM;NEEDED_FIRM
Firm	Contract	Common Area Maintenance	Lease Term Cap Percent	Firm_CAMLeaseTermCapPercent	sTYPE_PERCENTAGE	No	No	Contract								EXISTING_FIRM;NEEDED_FIRM
Firm	Contract	Common Area Maintenance	Lease Term Cap Text Reference	Firm_CAMLeaseTermCapTextReference	sTYPE_TEXT	No	No	Contract								EXISTING_FIRM;NEEDED_FIRM
Firm	Contract	Common Area Maintenance	Lease Term Cap Type	Firm_CAMLeaseTermCapType	sTYPE_CUSTOM_CODE_FIELD	No	No	Contract								EXISTING_FIRM;NEEDED_FIRM
Firm	Contract	Common Area Maintenance	Month of Increase	Firm_CAMMonthofIncrease	sTYPE_CUSTOM_CODE_FIELD	No	No	Contract								EXISTING_FIRM;NEEDED_FIRM
Firm	Contract	Common Area Maintenance	No Duplication of Costs Language	Firm_CAMNoDuplicationofCostsLanguageYN	sTYPE_CUSTOM_CODE_FIELD	No	No	Contract								EXISTING_FIRM;NEEDED_FIRM
Firm	Contract	Common Area Maintenance	No Duplication of Costs Reference	Firm_CAMNoDuplicationofCostsReference	sTYPE_TEXT	No	No	Contract								EXISTING_FIRM;NEEDED_FIRM
Firm	Contract	Common Area Maintenance	Notes	Firm_CAMNotes	sTYPE_TEXTAREA	No	No	Contract								EXISTING_FIRM;EXISTING_GLOBAL;NEEDED_FIRM;NEEDED_GLOBAL
Firm	Contract	Common Area Maintenance	Number of Years Auditable	Firm_CAMNumberofYearsAuditable	sTYPE_NUMBER	No	No	Contract								EXISTING_FIRM;NEEDED_FIRM
Firm	Contract	Common Area Maintenance	Page	Firm_CAMPage	sTYPE_TEXT	No	No	Contract								EXISTING_FIRM;NEEDED_FIRM
Firm	Contract	Common Area Maintenance	PR Share	Firm_CAMPRShare	sTYPE_TEXT	No	No	Contract								EXISTING_FIRM;NEEDED_FIRM
Firm	Contract	Common Area Maintenance	Prorata Share Status	Firm_CAMPRShareStatus	sTYPE_CUSTOM_CODE_FIELD	No	No	Contract								EXISTING_FIRM;NEEDED_FIRM
Firm	Contract	Common Area Maintenance	Section	Firm_CAMSection	sTYPE_TEXT	No	No	Contract								EXISTING_FIRM;EXISTING_GLOBAL;NEEDED_FIRM;NEEDED_GLOBAL
Firm	Contract	Common Area Maintenance	Starting Cap	Firm_CAMStartingCapYN	sTYPE_CUSTOM_CODE_FIELD	No	No	Contract								EXISTING_FIRM;NEEDED_FIRM
Firm	Contract	Common Area Maintenance	Starting Cap Amount Monthly	Firm_CAMStartingCapMonthly	sTYPE_NUMBER	No	No	Contract								EXISTING_FIRM;NEEDED_FIRM
Firm	Contract	Common Area Maintenance	Starting Cap Amount PSF	Firm_CAMStartingCapAmountPSF	sTYPE_NUMBER	No	No	Contract								EXISTING_FIRM;NEEDED_FIRM
Firm	Contract	Common Area Maintenance	Starting Cap Comment	Firm_CAMStartingCapComment	sTYPE_TEXT	No	No	Contract								EXISTING_FIRM;NEEDED_FIRM
Firm	Contract	Common Area Maintenance	Starting Cap Exclusions	Firm_CAMStartingCapExclusionsYN	sTYPE_CUSTOM_CODE_FIELD	No	No	Contract								EXISTING_FIRM;NEEDED_FIRM
Firm	Contract	Common Area Maintenance	Starting Cap Status	Firm_CAMStartingCapStatus	sTYPE_CUSTOM_CODE_FIELD	No	No	Contract								EXISTING_FIRM;NEEDED_FIRM
Firm	Contract	Common Area Maintenance	Starting Cap Text Reference	Firm_CAMStartingCapTextReference	sTYPE_TEXT	No	No	Contract								EXISTING_FIRM;NEEDED_FIRM
Firm	Contract	Common Area Maintenance	Statements Binding Language	Firm_CAMStatementsBindingLanguageYN	sTYPE_CUSTOM_CODE_FIELD	No	No	Contract								EXISTING_FIRM;NEEDED_FIRM
Firm	Contract	Common Area Maintenance	Statements Binding Language Reference	Firm_CAMStatementsBindingLanguageReference	sTYPE_TEXT	No	No	Contract								EXISTING_FIRM;NEEDED_FIRM
Firm	Contract	Common Area Maintenance	Statements Due	Firm_CAMStatementsDue	sTYPE_TEXT	No	No	Contract								EXISTING_FIRM;NEEDED_FIRM
Firm	Contract	Common Area Maintenance	Statements Due Reference	Firm_CAMStatementsDueReference	sTYPE_TEXT	No	No	Contract								EXISTING_FIRM;NEEDED_FIRM
Firm	Contract	Contract Amendment	Entry Date	Firm_AmendmentEntryDate	sTYPE_DATE	No	No	ContractAmendment								EXISTING_FIRM;NEEDED_FIRM
Firm	Contract	Contract Amendment	Execution Date	Firm_AmendmentExecutionDate	sTYPE_DATE	No	No	ContractAmendment								EXISTING_FIRM;NEEDED_FIRM
Firm	Contract	Contract Dates	Fixturing Period	Firm_FixturingPeriod	sTYPE_NUMBER	No	No	Contract								EXISTING_FIRM;NEEDED_FIRM
Firm	Contract	Contract Dates	Original Possession Date	Firm_OriginalPossessionDate	sTYPE_DATE	No	No	Contract								EXISTING_FIRM;NEEDED_FIRM
Firm	Contract	Contract Info	Brand	Firm_Brand	sTYPE_CUSTOM_CODE_FIELD	No	No	Contract								EXISTING_FIRM;NEEDED_FIRM
Firm	Contract	Contract Info	Corp	Firm_CorporateCode	sTYPE_NUMBER	No	No	Contract								EXISTING_FIRM;NEEDED_FIRM
Firm	Contract	Contract Info	Cost Center	Firm_CostCenter	sTYPE_CUSTOM_CODE_FIELD	No	No	Contract								EXISTING_FIRM;NEEDED_FIRM
Firm	Contract	Contract Info	Developer Lease ID	Firm_DeveloperLeaseID	sTYPE_TEXT	No	No	Contract								EXISTING_FIRM;NEEDED_FIRM
Firm	Contract	Contract Info	Franchise Location	Firm_FranchiseLocation	sTYPE_CUSTOM_CODE_FIELD	No	No	Contract								
Firm	Contract	Contract Info	Guarantor	Firm_Guarantor	sTYPE_CUSTOM_CODE_FIELD	No	No	Contract								EXISTING_FIRM;NEEDED_FIRM
Firm	Contract	Contract Info	Landlord Legal Name	Firm_LandlordLegalName	sTYPE_TEXT	No	No	Contract								EXISTING_FIRM;NEEDED_FIRM
Firm	Contract	Contract Info	Last Deferred SL Entry	Firm_LastDeferredSLEntry	sTYPE_MONEY	No	No	Contract								EXISTING_FIRM;NEEDED_FIRM
Firm	Contract	Contract Info	Last Deferred SL Entry Date	Firm_LastDeferredSLEntryDate	sTYPE_DATE	No	No	Contract								EXISTING_FIRM;NEEDED_FIRM
Firm	Contract	Contract Info	Last Deferred SL Total	Firm_LastDeferredSLTotal	sTYPE_MONEY	No	No	Contract								EXISTING_FIRM;NEEDED_FIRM
Firm	Contract	Contract Info	Lease Analyst	Firm_LeaseAnalyst	sTYPE_MEMBER	No	No	Contract								EXISTING_FIRM;NEEDED_FIRM
Firm	Contract	Contract Info	Lease Expiration Reference	Firm_LeaseExpirationReference	sTYPE_TEXT	No	No	Contract								EXISTING_FIRM;NEEDED_FIRM
Firm	Contract	Contract Info	Lease Status	Firm_LeaseStatus	sTYPE_CUSTOM_CODE_FIELD	No	No	Contract								EXISTING_FIRM;EXISTING_GLOBAL;NEEDED_FIRM
Firm	Contract	Contract Info	Lease Status Notes	Firm_LeaseStatusNotes	sTYPE_TEXT	No	No	Contract								EXISTING_FIRM;NEEDED_FIRM
Firm	Contract	Contract Info	Lease Year	Firm_LeaseYear	sTYPE_CUSTOM_CODE_FIELD	No	No	Contract								EXISTING_FIRM;NEEDED_FIRM
Firm	Contract	Contract Info	Lease Year Reference	Firm_LeaseYearReference	sTYPE_TEXT	No	No	Contract								EXISTING_FIRM;NEEDED_FIRM
Firm	Contract	Contract Info	Rent Commencement Notes	Firm_RentCommencementNotes	sTYPE_TEXT	No	No	Contract								EXISTING_FIRM;NEEDED_FIRM
Firm	Contract	Contract Info	Tenant Legal Name	Firm_TenantLegalName	sTYPE_CUSTOM_CODE_FIELD	No	No	Contract								EXISTING_FIRM;NEEDED_FIRM
Global	Contract	Contract Info	zLeaseSquareFootage	zFirm_LeaseSquareFootage	sTYPE_NUMBER_FRACTION2DIGITS	No	No	Contract								EXISTING_FIRM
Firm	Contract	Contract Term	Document	Firm_TermDocument	sTYPE_TEXT	No	No	ContractTerm								EXISTING_FIRM;EXISTING_GLOBAL;NEEDED_FIRM;NEEDED_GLOBAL
Firm	Contract	Contract Term	Option Rent PSF	Firm_OptionRentPSF	sTYPE_NUMBER_FRACTION2DIGITS	No	No	ContractTerm								EXISTING_FIRM;NEEDED_FIRM
Firm	Contract	Contract Term	Page	Firm_TermPage	sTYPE_TEXT	No	No	ContractTerm								EXISTING_FIRM;NEEDED_FIRM
Global	Contract	Contract Term	Test	math_Test_0	sTYPE_MATH_OPERATION	No	No	Allowance								
Firm	Contract	Covenant	Buyout Amount	Firm_BuyoutAmount	sTYPE_MONEY	No	No	Covenant	Covenant	Firm_BuyoutAmount	Buyout Amount	covenant	Firm_BuyoutAmount	TEXT		EXISTING_FIRM;NEEDED_FIRM
Firm	Contract	Covenant	Document	Firm_CovenantDocument	sTYPE_TEXT	No	No	Covenant	Covenant	Firm_CovenantDocument	Document	covenant	Firm_CovenantDocument	TEXT		EXISTING_FIRM;EXISTING_GLOBAL;NEEDED_FIRM;NEEDED_GLOBAL
Firm	Contract	Covenant	Penalty	Firm_Penalty	sTYPE_TEXT	No	No	Covenant	Covenant	Firm_Penalty	Penalty	covenant	Firm_Penalty	TEXT		EXISTING_FIRM;NEEDED_FIRM
Firm	Contract	Covenant	Radius Amount	Firm_RadiusAmount	sTYPE_NUMBER	No	No	Covenant	Covenant	Firm_RadiusAmount	Radius Amount	covenant	Firm_RadiusAmount	TEXT		EXISTING_FIRM;NEEDED_FIRM
Firm	Contract	Covenant	Radius Unit	Firm_RadiusUnit	sTYPE_CUSTOM_CODE_FIELD	No	No	Covenant	Covenant	Firm_RadiusUnit	Radius Unit	covenant	Firm_RadiusUnit	TEXT		EXISTING_FIRM;EXISTING_GLOBAL;NEEDED_FIRM
Firm	Contract	Covenant	Sales Threshold	Firm_SalesThreshold	sTYPE_MONEY	No	No	Covenant	Covenant	Firm_SalesThreshold	Sales Threshold	covenant	Firm_SalesThreshold	TEXT		EXISTING_FIRM;NEEDED_FIRM
Firm	Contract	Covenant	Termination Right	Firm_TerminationRight	sTYPE_CUSTOM_CODE_FIELD	No	No	Covenant	Covenant	Firm_TerminationRight	Termination Right	covenant	Firm_TerminationRight	TEXT		EXISTING_FIRM;NEEDED_FIRM
Firm	Contract	Custom Lists	Default Log	Firm_DefaultLog	sTYPE_CLIENT_LISTS	No	No	Contract								
Firm	Contract	Custom Lists	Funds	Firm_Funds	sTYPE_CLIENT_LISTS	No	No	Contract								
Firm	Contract	Custom Lists	Operating Expenses	Firm_OperatingExpenses	sTYPE_CLIENT_LISTS	No	No	Contract								
Firm	Contract	Custom Lists	Reconciliation Log	Firm_ReconciliationLog	sTYPE_CLIENT_LISTS	No	No	Contract								
Firm	Contract	Custom Lists	Savings Log	Firm_SavingsLog	sTYPE_CLIENT_LISTS	No	No	Contract								
Firm	Contract	Delivery Requirements	Anticipated Delivery Date	Firm_DRAnticipatedDeliveryDate	sTYPE_DATE	No	No	Contract								EXISTING_FIRM;NEEDED_FIRM
Firm	Contract	Delivery Requirements	Document	Firm_DRDocument	sTYPE_TEXT	No	No	Contract								EXISTING_FIRM;EXISTING_GLOBAL;NEEDED_FIRM;NEEDED_GLOBAL
Firm	Contract	Delivery Requirements	Landlord's Punchlist Complete	Firm_DRLandlordPunchlistComplete	sTYPE_CUSTOM_CODE_FIELD	No	No	Contract								EXISTING_FIRM;NEEDED_FIRM
Firm	Contract	Delivery Requirements	Notes	Firm_DRNotes	sTYPE_TEXTAREA	No	No	Contract								EXISTING_FIRM;EXISTING_GLOBAL;NEEDED_FIRM;NEEDED_GLOBAL
Firm	Contract	Delivery Requirements	Page	Firm_DRPage	sTYPE_TEXT	No	No	Contract								EXISTING_FIRM;NEEDED_FIRM
Firm	Contract	Delivery Requirements	Rent Abatement	Firm_DRRentAbatement	sTYPE_CUSTOM_CODE_FIELD	No	No	Contract								EXISTING_FIRM;NEEDED_FIRM
Firm	Contract	Delivery Requirements	Section	Firm_DRSection	sTYPE_TEXT	No	No	Contract								EXISTING_FIRM;EXISTING_GLOBAL;NEEDED_FIRM;NEEDED_GLOBAL
Firm	Contract	Delivery Requirements	Termination Right Date	Firm_DRTerminationRightDate	sTYPE_DATE	No	No	Contract								EXISTING_FIRM;NEEDED_FIRM
Firm	Contract	Expense Recovery	Expense Recovery Due Date Processed	Firm_ExpenseRecoveryDueDateProcessed	sTYPE_DATE	No	No	ExpenseRecovery								EXISTING_FIRM;NEEDED_FIRM
Firm	Contract	Expense Recovery	Expense Recovery Pro Rata Share	Firm_ProRataShare	sTYPE_MONEY	No	No	ExpenseRecovery								EXISTING_FIRM;NEEDED_FIRM
Firm	Contract	Expense Recovery	Expense Recovery Pro Rata Share Amount Paid	Firm_ProRataShareAmountPaid	sTYPE_MONEY	No	No	ExpenseRecovery								EXISTING_FIRM;NEEDED_FIRM
Firm	Contract	Expense Recovery	Expense Recovery Pro Rata Share Subtotal	Firm_ExpenseRecoveryProRataShareSubtotal	sTYPE_MONEY_MATH_OPERATION	No	No	ExpenseRecovery								EXISTING_FIRM;NEEDED_FIRM
Firm	Contract	Expense Recovery	Expense Recovery Pro Rata Share Total Due	Firm_ExpenseRecoveryProRataShareTotalDue	sTYPE_MONEY_MATH_OPERATION	No	No	ExpenseRecovery								EXISTING_FIRM;NEEDED_FIRM
Firm	Contract	Expense Recovery	Expense Recovery Reviewer	Firm_ExpenseRecoveryReviewer	sTYPE_TEXT	No	No	ExpenseRecovery								EXISTING_FIRM;NEEDED_FIRM
Firm	Contract	Expense Recovery	Expense Recovery Sales Tax	Firm_ExpenseRecoverySalesTax	sTYPE_MONEY	No	No	ExpenseRecovery								EXISTING_FIRM;NEEDED_FIRM
Firm	Contract	Expense Recovery	Expense Recovery Savings	Firm_ExpenseRecoverySavings	sTYPE_MONEY	No	No	ExpenseRecovery								EXISTING_FIRM;NEEDED_FIRM
Firm	Contract	Expense Recovery	Expense Recovery Status	Firm_ExpenseRecoveryStatus	sTYPE_CUSTOM_CODE_FIELD	No	No	ExpenseRecovery								EXISTING_FIRM;NEEDED_FIRM
Firm	Contract	Expense Setup	CPI Increase	Firm_CPIIncrease	sTYPE_CHECKBOX	No	No	ExpenseSetup								EXISTING_FIRM;NEEDED_FIRM
Firm	Contract	Expense Setup	Total Current Monthly Rent	Firm_TotalCurrentMonthlyRent	sTYPE_MONEY_MATH_OPERATION	No	No	ExpenseSetup								EXISTING_FIRM;NEEDED_FIRM
Firm	Contract	Key Date	Contingency	Firm_Contingency	sTYPE_CUSTOM_CODE_FIELD	No	No	KeyDate								EXISTING_FIRM;NEEDED_FIRM
Firm	Contract	Key Date	Contingency Trigger	Firm_ContingencyTrigger	sTYPE_CUSTOM_CODE_FIELD	No	No	KeyDate								EXISTING_FIRM;NEEDED_FIRM
Firm	Contract	Key Date	Document	Firm_KeyDateDocument	sTYPE_TEXT	No	No	KeyDate								EXISTING_FIRM;EXISTING_GLOBAL;NEEDED_FIRM;NEEDED_GLOBAL
Firm	Contract	Key Date	Earliest Termination Date	Firm_KeyDateEarliestTerminationDate	sTYPE_DATE	No	No	KeyDate								EXISTING_FIRM;NEEDED_FIRM
Firm	Contract	Key Date	Fleet Review Decision	Firm_FleetReviewDecision	sTYPE_CUSTOM_CODE_FIELD	No	No	KeyDate								EXISTING_FIRM;NEEDED_FIRM
Firm	Contract	Key Date	Latest Termination Date	Firm_KeyDateLatestTerminationDate	sTYPE_DATE	No	No	KeyDate								EXISTING_FIRM;NEEDED_FIRM
Firm	Contract	Key Date	Page	Firm_KeyDatePage	sTYPE_TEXT	No	No	KeyDate								EXISTING_FIRM;NEEDED_FIRM
Firm	Contract	Key Date	REC Comments	Firm_RECComments	sTYPE_TEXTAREA	No	No	KeyDate								EXISTING_FIRM;NEEDED_FIRM
Firm	Contract	Key Date	REC Decision	Firm_RECDecision	sTYPE_TEXT	No	No	KeyDate								EXISTING_FIRM;NEEDED_FIRM
Firm	Contract	Key Date	Section	Firm_KeyDateSection	sTYPE_TEXT	No	No	KeyDate								EXISTING_FIRM;EXISTING_GLOBAL;NEEDED_FIRM;NEEDED_GLOBAL
Firm	Contract	Ongoing Co Tenancy	Alternative Rent Terms	Firm_ONCOTAlternativeRentTerms	sTYPE_TEXTAREA	No	No	Contract								EXISTING_FIRM;NEEDED_FIRM
Firm	Contract	Ongoing Co Tenancy	Document	Firm_ONCOTDocument	sTYPE_TEXT	No	No	Contract								EXISTING_FIRM;EXISTING_GLOBAL;NEEDED_FIRM;NEEDED_GLOBAL
Firm	Contract	Ongoing Co Tenancy	Frequency	Firm_ONCOTFrequency	sTYPE_CUSTOM_CODE_FIELD	No	No	Contract								EXISTING_FIRM;EXISTING_GLOBAL;NEEDED_FIRM;NEEDED_GLOBAL
Firm	Contract	Ongoing Co Tenancy	Limit Per Year	Firm_ONCOTLimitPerYear	sTYPE_TEXT	No	No	Contract								EXISTING_FIRM;NEEDED_FIRM
Firm	Contract	Ongoing Co Tenancy	Notes	Firm_ONCOTNotes	sTYPE_TEXTAREA	No	No	Contract								EXISTING_FIRM;EXISTING_GLOBAL;NEEDED_FIRM;NEEDED_GLOBAL
Firm	Contract	Ongoing Co Tenancy	Ongoing Cotenancy Clause	Firm_ONCOTClause	sTYPE_CUSTOM_CODE_FIELD	No	No	Contract								EXISTING_FIRM;NEEDED_FIRM
Firm	Contract	Ongoing Co Tenancy	Page	Firm_ONCOTPage	sTYPE_TEXT	No	No	Contract								EXISTING_FIRM;NEEDED_FIRM
Firm	Contract	Ongoing Co Tenancy	Remedy	Firm_ONCOTRemedy	sTYPE_CUSTOM_CODE_FIELD	No	No	Contract								EXISTING_FIRM;NEEDED_FIRM
Firm	Contract	Ongoing Co Tenancy	Required Number of Anchors	Firm_ONCOTRequiredNumberofAnchors	sTYPE_TEXT	No	No	Contract								EXISTING_FIRM;NEEDED_FIRM
Firm	Contract	Ongoing Co Tenancy	Required Percent of Inline Space	Firm_ONCOTRequiredPercentofInlineSpace	sTYPE_PERCENTAGE	No	No	Contract								EXISTING_FIRM;NEEDED_FIRM
Firm	Contract	Ongoing Co Tenancy	Right To Request Roster	Firm_ONCOTRightToRequestRoster	sTYPE_CUSTOM_CODE_FIELD	No	No	Contract								EXISTING_FIRM;NEEDED_FIRM
Firm	Contract	Ongoing Co Tenancy	Right to Terminate	Firm_ONCOTRighttoTerminate	sTYPE_CUSTOM_CODE_FIELD	No	No	Contract								EXISTING_FIRM;NEEDED_FIRM
Firm	Contract	Ongoing Co Tenancy	Section	Firm_ONCOTSection	sTYPE_TEXT	No	No	Contract								EXISTING_FIRM;EXISTING_GLOBAL;NEEDED_FIRM;NEEDED_GLOBAL
Firm	Contract	Opening Co Tenancy	Alternative Rent Terms	Firm_OPCOTAlternativeRentTerms	sTYPE_TEXTAREA	No	No	Contract								EXISTING_FIRM;NEEDED_FIRM
Firm	Contract	Opening Co Tenancy	Document	Firm_OPCOTDocument	sTYPE_TEXT	No	No	Contract								EXISTING_FIRM;EXISTING_GLOBAL;NEEDED_FIRM;NEEDED_GLOBAL
Firm	Contract	Opening Co Tenancy	Notes	Firm_OPCOTNotes	sTYPE_TEXTAREA	No	No	Contract								EXISTING_FIRM;EXISTING_GLOBAL;NEEDED_FIRM;NEEDED_GLOBAL
Firm	Contract	Opening Co Tenancy	Opening Cotenancy Clause	Firm_OPCOTClause	sTYPE_CUSTOM_CODE_FIELD	No	No	Contract								EXISTING_FIRM;NEEDED_FIRM
Firm	Contract	Opening Co Tenancy	Page	Firm_OPCOTPage	sTYPE_TEXT	No	No	Contract								EXISTING_FIRM;NEEDED_FIRM
Firm	Contract	Opening Co Tenancy	Required Number of Anchors	Firm_OPCOTRequiredNumberofAnchors	sTYPE_TEXT	No	No	Contract								EXISTING_FIRM;NEEDED_FIRM
Firm	Contract	Opening Co Tenancy	Required Percent of Inline Space	Firm_OPCOTRequiredPercentofInlineSpace	sTYPE_PERCENTAGE	No	No	Contract								EXISTING_FIRM;NEEDED_FIRM
Firm	Contract	Opening Co Tenancy	Right to Terminate	Firm_OPCOTRighttoTerminate	sTYPE_CUSTOM_CODE_FIELD	No	No	Contract								EXISTING_FIRM;NEEDED_FIRM
Firm	Contract	Opening Co Tenancy	Section	Firm_OPCOTSection	sTYPE_TEXT	No	No	Contract								EXISTING_FIRM;EXISTING_GLOBAL;NEEDED_FIRM;NEEDED_GLOBAL
Firm	Contract	Percentage Rent	Certified Sales	Firm_CertifiedSales	sTYPE_CHECKBOX	No	No	PercentageRent								EXISTING_FIRM;NEEDED_FIRM
Firm	Contract	Percentage Rent	Document	Firm_PercentRentDocument	sTYPE_TEXT	No	No	PercentageRent								EXISTING_FIRM;EXISTING_GLOBAL;NEEDED_FIRM;NEEDED_GLOBAL
Firm	Contract	Percentage Rent	Page	Firm_PercentRentPage	sTYPE_TEXT	No	No	PercentageRent								EXISTING_FIRM;NEEDED_FIRM
Firm	Contract	Real Estate Taxes	Administrative Fee	Firm_RETAdministrativeFee	sTYPE_CUSTOM_CODE_FIELD	No	No	Contract								EXISTING_FIRM;NEEDED_FIRM
Firm	Contract	Real Estate Taxes	Administrative Fee Exclusions	Firm_RETAdministrativeFeeExclusionsYN	sTYPE_CUSTOM_CODE_FIELD	No	No	Contract								EXISTING_FIRM;NEEDED_FIRM
Firm	Contract	Real Estate Taxes	Administrative Fee Percent	Firm_RETAdministrativeFeePercent	sTYPE_PERCENTAGE	No	No	Contract								EXISTING_FIRM;NEEDED_FIRM
Firm	Contract	Real Estate Taxes	Administrative Fee Reference	Firm_RETAdministrativeFeeReference	sTYPE_TEXT	No	No	Contract								EXISTING_FIRM;NEEDED_FIRM
Firm	Contract	Real Estate Taxes	Audit Rights	Firm_RETAuditRightsYN	sTYPE_CUSTOM_CODE_FIELD	No	No	Contract								EXISTING_FIRM;NEEDED_FIRM
Firm	Contract	Real Estate Taxes	Audit Rights Reference	Firm_RETAuditRightsReference	sTYPE_TEXT	No	No	Contract								EXISTING_FIRM;NEEDED_FIRM
Firm	Contract	Real Estate Taxes	Comment	Firm_RETComment	sTYPE_TEXT	No	No	Contract								EXISTING_FIRM;NEEDED_FIRM
Firm	Contract	Real Estate Taxes	Consulting Fee Allowed	Firm_RETConsultingFeeAllowedYN	sTYPE_CUSTOM_CODE_FIELD	No	No	Contract								EXISTING_FIRM;NEEDED_FIRM
Firm	Contract	Real Estate Taxes	Consulting Fee Reference	Firm_RETConsultingFeeReference	sTYPE_TEXT	No	No	Contract								EXISTING_FIRM;NEEDED_FIRM
Firm	Contract	Real Estate Taxes	Contributions	Firm_RETContributionsYN	sTYPE_CUSTOM_CODE_FIELD	No	No	Contract								EXISTING_FIRM;NEEDED_FIRM
Firm	Contract	Real Estate Taxes	Contributions Reference	Firm_RETContributionsReferences	sTYPE_TEXT	No	No	Contract								EXISTING_FIRM;NEEDED_FIRM
Firm	Contract	Real Estate Taxes	Document	Firm_RETDocument	sTYPE_TEXT	No	No	Contract								EXISTING_FIRM;EXISTING_GLOBAL;NEEDED_FIRM;NEEDED_GLOBAL
Firm	Contract	Real Estate Taxes	Floor Percent	Firm_RETFloorPercent	sTYPE_PERCENTAGE	No	No	Contract								EXISTING_FIRM;NEEDED_FIRM
Firm	Contract	Real Estate Taxes	GIS Link	Firm_GISLink	sTYPE_TEXT	No	No	Contract								EXISTING_FIRM;NEEDED_FIRM
Firm	Contract	Real Estate Taxes	GIS Website	Firm_GISWebsite	sTYPE_TEXT	No	No	Contract								EXISTING_FIRM;NEEDED_FIRM
Firm	Contract	Real Estate Taxes	Initial Estimate Monthly	Firm_RETInitialEstimateMonthly	sTYPE_NUMBER	No	No	Contract								EXISTING_FIRM;NEEDED_FIRM
Firm	Contract	Real Estate Taxes	Initial Estimate PSF	Firm_RETInitialEstimatePSF	sTYPE_NUMBER	No	No	Contract								EXISTING_FIRM;NEEDED_FIRM
Firm	Contract	Real Estate Taxes	Initial Estimate Reference	Firm_RETInitialEstimateReference	sTYPE_TEXT	No	No	Contract								EXISTING_FIRM;NEEDED_FIRM
Firm	Contract	Real Estate Taxes	Is RET Fixed?	Firm_RETFixedYN	sTYPE_CUSTOM_CODE_FIELD	No	No	Contract								EXISTING_FIRM;NEEDED_FIRM
Firm	Contract	Real Estate Taxes	Landlord to Provide Tax Bills	Firm_RETLandlordtoProvideTaxBillsYN	sTYPE_CUSTOM_CODE_FIELD	No	No	Contract								EXISTING_FIRM;NEEDED_FIRM
Firm	Contract	Real Estate Taxes	Lease Term Cap	Firm_RETLeaseTermCapYN	sTYPE_CUSTOM_CODE_FIELD	No	No	Contract								EXISTING_FIRM;NEEDED_FIRM
Firm	Contract	Real Estate Taxes	Lease Term Cap Comment	Firm_RETLeaseTermCapComment	sTYPE_TEXT	No	No	Contract								EXISTING_FIRM;NEEDED_FIRM
Firm	Contract	Real Estate Taxes	Lease Term Cap Percent	Firm_RETLeaseTermCapPercent	sTYPE_PERCENTAGE	No	No	Contract								EXISTING_FIRM;NEEDED_FIRM
Firm	Contract	Real Estate Taxes	Lease Term Cap Text Reference	Firm_RETLeaseTermCapTextReference	sTYPE_TEXT	No	No	Contract								EXISTING_FIRM;NEEDED_FIRM
Firm	Contract	Real Estate Taxes	Lease Term Cap Type	Firm_RETLeaseTermCapType	sTYPE_CUSTOM_CODE_FIELD	No	No	Contract								EXISTING_FIRM;NEEDED_FIRM
Firm	Contract	Real Estate Taxes	Notes	Firm_RETNotes	sTYPE_TEXTAREA	No	No	Contract								EXISTING_FIRM;EXISTING_GLOBAL;NEEDED_FIRM;NEEDED_GLOBAL
Firm	Contract	Real Estate Taxes	Page	Firm_RETPage	sTYPE_TEXT	No	No	Contract								EXISTING_FIRM;NEEDED_FIRM
Firm	Contract	Real Estate Taxes	PR Share	Firm_RETPRShare	sTYPE_TEXT	No	No	Contract								EXISTING_FIRM;NEEDED_FIRM
Firm	Contract	Real Estate Taxes	Prorata Share Status	Firm_RETPRShareStatus	sTYPE_CUSTOM_CODE_FIELD	No	No	Contract								EXISTING_FIRM;NEEDED_FIRM
Firm	Contract	Real Estate Taxes	Section	Firm_RETSection	sTYPE_TEXT	No	No	Contract								EXISTING_FIRM;EXISTING_GLOBAL;NEEDED_FIRM;NEEDED_GLOBAL
Firm	Contract	Real Estate Taxes	Starting Cap	Firm_RETStartingCapYN	sTYPE_CUSTOM_CODE_FIELD	No	No	Contract								EXISTING_FIRM;NEEDED_FIRM
Firm	Contract	Real Estate Taxes	Starting Cap Amount	Firm_RETStartingCapAmount	sTYPE_NUMBER	No	No	Contract								EXISTING_FIRM;NEEDED_FIRM
Firm	Contract	Real Estate Taxes	Starting Cap Exclusions	Firm_RETStartingCapExclusionsYN	sTYPE_CUSTOM_CODE_FIELD	No	No	Contract								EXISTING_FIRM;NEEDED_FIRM
Firm	Contract	Real Estate Taxes	Starting Cap Status	Firm_RETStartingCapStatus	sTYPE_CUSTOM_CODE_FIELD	No	No	Contract								EXISTING_FIRM;NEEDED_FIRM
Firm	Contract	Real Estate Taxes	Starting Cap Text Reference	Firm_RETStartingCapTextReference	sTYPE_TEXT	No	No	Contract								EXISTING_FIRM;NEEDED_FIRM
Firm	Contract	Real Estate Taxes	Statements Binding	Firm_RETStatementsBindingYN	sTYPE_CUSTOM_CODE_FIELD	No	No	Contract								EXISTING_FIRM;NEEDED_FIRM
Firm	Contract	Real Estate Taxes	Statements Binding Reference	Firm_RETStatementsBindingReference	sTYPE_TEXT	No	No	Contract								EXISTING_FIRM;NEEDED_FIRM
Firm	Contract	Real Estate Taxes	Statements Due	Firm_RETStatementsDue	sTYPE_TEXT	No	No	Contract								EXISTING_FIRM;NEEDED_FIRM
Firm	Contract	Real Estate Taxes	Statements Due Reference	Firm_RETStatementsDueReference	sTYPE_TEXT	No	No	Contract								EXISTING_FIRM;NEEDED_FIRM
Firm	Contract	Real Estate Taxes	Tax Link 1	Firm_TaxLink1	sTYPE_TEXT	No	No	Contract								EXISTING_FIRM;NEEDED_FIRM
Firm	Contract	Real Estate Taxes	Tax Link 2	Firm_TaxLink2	sTYPE_TEXT	No	No	Contract								EXISTING_FIRM;NEEDED_FIRM
Firm	Contract	Real Estate Taxes	Tax Website 1	Firm_TaxWebsite1	sTYPE_TEXT	No	No	Contract								EXISTING_FIRM;NEEDED_FIRM
Firm	Contract	Real Estate Taxes	Tax Website 2	Firm_TaxWebsite2	sTYPE_TEXT	No	No	Contract								EXISTING_FIRM;NEEDED_FIRM
Firm	Contract	Real Estate Taxes	Taxes For?	Firm_RETTaxesFor	sTYPE_TEXT	No	No	Contract								EXISTING_FIRM;NEEDED_FIRM
Firm	Contract	Security Deposit	Burn Down Date	Firm_SecurityBurnDownDate	sTYPE_DATE	No	No	SecurityDeposit								EXISTING_FIRM;NEEDED_FIRM
Firm	Facility	Facility Info	Space Number	Firm_SpaceNumber	sTYPE_TEXT	No	No	Facility	Facility	Firm_SpaceNumber	Space Number	facility	Firm_SpaceNumber	TEXT		EXISTING_FIRM;EXISTING_GLOBAL;NEEDED_FIRM
Firm	Location	Address Info	County	Firm_County	sTYPE_TEXT	No	No	Location	Location	Firm_County	County	location	Firm_County	TEXT		EXISTING_FIRM
Global	Location	Location Info	ASG Center ID	EDGE_ASGCenterID	sTYPE_NUMBER	No	No	Location	Location	EDGE_ASGCenterID	ASG Center ID	location	EDGE_ASGCenterID	TEXT	Foreign key (ID reference)	EXISTING_FIRM;NEEDED_FIRM
Firm	Location	Location Info	Center Name	Firm_CenterName	sTYPE_TEXT	No	No	Location	Location	Firm_CenterName	Center Name	location	Firm_CenterName	TEXT		EXISTING_FIRM;NEEDED_FIRM
Firm	Location	Location Info	Developer	Firm_Developer	sTYPE_TEXT	No	No	Location	Location	Firm_Developer	Developer	location	Firm_Developer	TEXT		EXISTING_FIRM;EXISTING_GLOBAL;NEEDED_FIRM
Firm	Location	Location Info	Grand Opening Date	Firm_GrandOpeningDate	sTYPE_DATE	No	No	Location	Location	Firm_GrandOpeningDate	Grand Opening Date	location	Firm_GrandOpeningDate	TEXT		EXISTING_FIRM
Firm	Summary Information	Custom Lists	Client Request Log	Firm_ClientRequestLog	sTYPE_CLIENT_LISTS	No	No	ProjectEntity								
Firm	Summary Information	General Summary Information	Header Logo	Firm_HeaderLogo	sTYPE_FIRM_LOGO	No	No	Firm	Firm	Firm_HeaderLogo	Header Logo	firm	Firm_HeaderLogo	TEXT		EXISTING_FIRM;NEEDED_FIRM
Firm	Summary Information	General Summary Information	Sales Report Logo	Firm_SalesReportLogo	sTYPE_FIRM_LOGO	No	No	ProjectEntity								EXISTING_FIRM;NEEDED_FIRM
Firm	Summary Information	General Summary Information	Sales Report Signature	Firm_SalesReportSignature	sTYPE_FIRM_LOGO	No	No	ProjectEntity								EXISTING_FIRM;NEEDED_FIRM
Firm	Summary Information	General Summary Information	Sales Report Signature Name	Firm_SalesReportSignatureName	sTYPE_TEXT	No	No	ProjectEntity								EXISTING_FIRM;NEEDED_FIRM
Firm	Summary Information	General Summary Information	Sales Report Signature Title	Firm_SalesReportSignatureTitle	sTYPE_TEXT	No	No	ProjectEntity								EXISTING_FIRM;NEEDED_FIRM
