Entity,Label,InternalName,FieldType,Scope,Required,ReadOnly,Default
BudgetColumn,Allow UI Edit?,AllowUIEdit,sTYPE_BOOLEAN,Global,No,No,
BudgetColumn,Bid Package,BidPackageID,sTYPE_BID_PACKAGE,Global,No,No,
BudgetColumn,Budget Column ClientID,BOMapClientRecordID,sTYPE_TEXT,Global,Yes,No,
BudgetColumn,Budget Column Name,BudgetColumnName,sTYPE_TEXT,Global,No,No,
BudgetColumn,Budget Column RecID,BudgetColumnID,sTYPE_UNFORMATTED_NUMBER,Global,No,No,
BudgetColumn,Budget Column Status,CodeBudgetColumnStatusID,sCODE_BUDGET_COLUMN_STATUS,Global,Yes,No,
BudgetColumn,Budget Column Type,BudgetColumnTypeID,sTYPE_BUDGET_COLUMN_TYPE,Global,Yes,No,
BudgetColumn,Budget Template,BudgetTemplateID,sTYPE_BUDGET_TEMPLATE,Global,Yes,No,
BudgetColumn,Created By Member,CreatedByMemberID,sTYPE_MEMBER,Global,Yes,No,
BudgetColumn,Created Date,CreatedDate,sTYPE_TIME,Global,No,No,
BudgetColumn,Description,Description,sTYPE_TEXTAREA,Global,No,No,
BudgetColumn,Initialized From Budget Column,InitializedFromBudgetColumnID,sTYPE_BUDGET_COLUMN,Global,No,No,
BudgetColumn,Is Inactive?,Inactive,sTYPE_BOOLEAN,Global,Yes,No,
BudgetColumn,Is Locked?,IsLocked,sTYPE_BOOLEAN,Global,No,No,
BudgetColumn,Is Selected?,IsSelected,sTYPE_BOOLEAN,Global,No,No,
BudgetColumn,Modified By,ModifiedByID,sTYPE_MEMBER,Global,No,No,
BudgetColumn,Modified Date,ModifiedDate,sTYPE_TIME,Global,No,No,
BudgetColumn,Sealed Bid Number,SealedBidNumber,sTYPE_UNFORMATTED_NUMBER,Global,No,No,
BudgetColumn,Sequence Number,SequenceNumber,sTYPE_UNFORMATTED_NUMBER,Global,Yes,No,
BudgetColumn,Third Party Vendor,ThirdPartyVendorID,sTYPE_EMPLOYER,Global,No,No,
BudgetIndex,Budget Index ClientID,BOMapClientRecordID,sTYPE_TEXT,Global,Yes,No,
BudgetIndex,Budget Index Description,Description,sTYPE_TEXTAREA,Global,No,No,
BudgetIndex,Budget Index Name,BudgetIndexName,sTYPE_TEXT,Global,Yes,No,
BudgetIndex,Budget Index RecID,BudgetIndexID,sTYPE_UNFORMATTED_NUMBER,Global,No,No,
BudgetIndex,Modified By,ModifiedByID,sTYPE_MEMBER,Global,No,No,
BudgetIndex,Modified Date,ModifiedDate,sTYPE_TIME,Global,No,No,
BudgetIndexValue,Budget Column Type,BudgetColumnTypeID,sTYPE_BUDGET_COLUMN_TYPE,Global,Yes,No,
BudgetIndexValue,Budget Index,BudgetIndexID,sTYPE_BUDGET_INDEX,Global,Yes,No,
BudgetIndexValue,Budget Index Value ClientID,BOMapClientRecordID,sTYPE_TEXT,Global,Yes,No,
BudgetIndexValue,Budget Index Value RecID,BudgetIndexValueID,sTYPE_UNFORMATTED_NUMBER,Global,No,No,
BudgetIndexValue,Index Value Percent,IndexValuePercent,sTYPE_PERCENTAGE,Global,Yes,No,
BudgetIndexValue,Modified By,ModifiedByID,sTYPE_MEMBER,Global,No,No,
BudgetIndexValue,Modified Date,ModifiedDate,sTYPE_TIME,Global,No,No,
BudgetColumnItemValue,Budget Column,BudgetColumnID,sTYPE_BUDGET_COLUMN,Global,Yes,No,
BudgetColumnItemValue,Budget Column ClientID,BOMapClientRecordID,sTYPE_TEXT,Global,Yes,No,
BudgetColumnItemValue,Budget Column Item Value Name,BudgetColumnItemValueName,sTYPE_TEXT,Global,No,No,
BudgetColumnItemValue,Budget Column Item Value RecID,BudgetColumnItemValueID,sTYPE_UNFORMATTED_NUMBER,Global,No,No,
BudgetColumnItemValue,Budget Line Item,BudgetLineItemID,sTYPE_BUDGET_LINE_ITEM,Global,Yes,No,
BudgetColumnItemValue,Budget Option,BudgetOptionID,sTYPE_BUDGET_OPTION,Global,No,No,
BudgetColumnItemValue,Bypass Locked Check?,BypassLockedCheck,sTYPE_BOOLEAN,Global,No,No,
BudgetColumnItemValue,Change Reason,CodeBudgetChangeReasonID,sCODE_BUDGET_CHANGE_REASON,Global,No,No,
BudgetColumnItemValue,Description,Description,sTYPE_TEXTAREA,Global,No,No,
BudgetColumnItemValue,Item Value,ItemValue,sTYPE_MONEY,Global,No,No,
BudgetColumnItemValue,Line Item Code,LineItemCode,sTYPE_TEXT,Global,No,No,
BudgetColumnItemValue,Modified By,ModifiedByID,sTYPE_MEMBER,Global,No,No,
BudgetColumnItemValue,Modified Date,ModifiedDate,sTYPE_TIME,Global,No,No,
BudgetColumnItemValue,Quantity,Quantity,sTYPE_NUMBER,Global,No,No,
BudgetColumnItemValue,Raw Item Value,RawItemValue,sTYPE_NUMBER,Global,No,No,
BudgetColumnItemValue,Total Value,GrandTotalValue,sTYPE_MONEY,Global,No,No,
BudgetColumnItemValue,Unit Cost,UnitCost,sTYPE_MONEY,Global,No,No,
BudgetColumnItemValue,Units,CodeBudgetValueUnitsID,sCODE_BUDGET_VALUE_UNITS,Global,No,No,
BudgetLineItem,Alert Enabled,AlertEnabled,sTYPE_BOOLEAN,Global,Yes,No,
BudgetLineItem,Budget Line Item ClientID,BOMapClientRecordID,sTYPE_TEXT,Global,Yes,No,
BudgetLineItem,Budget Line Item Name,BudgetLineItemName,sTYPE_TEXT,Global,Yes,No,
BudgetLineItem,Budget Line Item RecID,BudgetLineItemID,sTYPE_BUDGET_LINE_ITEM,Global,No,No,
BudgetLineItem,Budget Template ID,BudgetTemplateID,sTYPE_BUDGET_TEMPLATE,Global,No,No,
BudgetLineItem,Category Code,CategoryCode,sTYPE_TEXT,Global,No,No,
BudgetLineItem,Computed Sequence Number,ComputedSequenceNumber,sTYPE_NUMBER,Global,No,No,
BudgetLineItem,CSI Code,CodeCSIID,sCODE_CSI,Global,No,No,
BudgetLineItem,Default Amount,DefaultAmount,sTYPE_MONEY,Global,No,No,
BudgetLineItem,Defined Field #1,DefinedField1,sTYPE_TEXT,Global,No,No,
BudgetLineItem,Defined Field #2,DefinedField2,sTYPE_TEXT,Global,No,No,
BudgetLineItem,Description,Description,sTYPE_TEXTAREA,Global,No,No,
BudgetLineItem,Is Budget Line Item Group,IsBudgetLineItemGroup,sTYPE_NUMBER,Global,Yes,No,
BudgetLineItem,Is Group?,IsGroup,sTYPE_BOOLEAN,Global,No,No,
BudgetLineItem,Is Ordered?,IsOrdered,sTYPE_BOOLEAN,Global,No,No,
BudgetLineItem,Line Item Code,LineItemCode,sTYPE_TEXT,Global,Yes,No,
BudgetLineItem,Modified By,ModifiedByID,sTYPE_MEMBER,Global,No,No,
BudgetLineItem,Modified Date,ModifiedDate,sTYPE_TIME,Global,No,No,
BudgetLineItem,Order Record Name,OrderRecordName,sTYPE_TEXT,Global,No,No,
BudgetLineItem,Order Record Type,OrderRecordType,sTYPE_TEXT,Global,No,No,
BudgetLineItem,Overrun Percent,OverrunPercent,sTYPE_PERCENTAGE,Global,No,No,
BudgetLineItem,Parent Budget Line Item,ParentBudgetLineItemID,sTYPE_BUDGET_LINE_ITEM,Global,No,No,
BudgetLineItem,Parent ID,ParentID,sTYPE_UNFORMATTED_NUMBER,Global,No,No,
BudgetLineItem,Previous Budget Line Item,PreviousBudgetLineItemID,sTYPE_BUDGET_LINE_ITEM,Global,No,No,
BudgetLineItem,Previous ID,PreviousID,sTYPE_UNFORMATTED_NUMBER,Global,No,No,
BudgetOption,Bot Entity Type,BotEntityType,sTYPE_TEXT,Global,Yes,No,
BudgetOption,Budget Column,BudgetColumnID,sTYPE_BUDGET_COLUMN,Global,Yes,No,
BudgetOption,Budget Option ClientID,BOMapClientRecordID,sTYPE_TEXT,Global,Yes,No,
BudgetOption,Budget Option Name,BudgetOptionName,sTYPE_TEXT,Global,No,No,
BudgetOption,Budget Option RecID,BudgetOptionID,sTYPE_UNFORMATTED_NUMBER,Global,No,No,
BudgetOption,Budget Option Template,BudgetOptionTemplateID,sTYPE_PROJECT_ENTITY,Global,Yes,No,
BudgetOption,Budget Option Template PEID,BudgetOptionTemplatePEID,sTYPE_UNFORMATTED_NUMBER,Global,No,No,
BudgetOption,Created By Member,CreatedByMemberID,sTYPE_MEMBER,Global,Yes,No,
BudgetOption,Created Date,CreatedDate,sTYPE_TIME,Global,No,No,
BudgetOption,Initialized From Budget Column,InitializedFromBudgetColumnID,sTYPE_BUDGET_COLUMN,Global,No,No,
BudgetOption,Modified By,ModifiedByID,sTYPE_MEMBER,Global,No,No,
BudgetOption,Modified Date,ModifiedDate,sTYPE_TIME,Global,No,No,
BudgetColumnType,Allow Multi Select?,AllowMultiSelect,sTYPE_BOOLEAN,Global,Yes,No,
BudgetColumnType,Allow One Instance?,AllowOneInstance,sTYPE_BOOLEAN,Global,Yes,No,
BudgetColumnType,Budget Column Type ClientID,BOMapClientRecordID,sTYPE_TEXT,Global,Yes,No,
BudgetColumnType,Budget Column Type RecID,BudgetColumnTypeID,sTYPE_UNFORMATTED_NUMBER,Global,No,No,
BudgetColumnType,Budget Editable?,AllowUIEditForBudgetColumn,sTYPE_BOOLEAN,Global,Yes,No,
BudgetColumnType,Budget View,BudgetViewID,sTYPE_BUDGET_VIEW,Global,No,No,
BudgetColumnType,Created By,CreatedByID,sTYPE_MEMBER,Global,No,No,
BudgetColumnType,Created Date,CreatedDate,sTYPE_TIME,Global,No,No,
BudgetColumnType,Default Status,CodeStatusDefaultID,sCODE_BUDGET_COLUMN_STATUS,Global,No,No,
BudgetColumnType,Description,Description,sTYPE_TEXTAREA,Global,No,No,
BudgetColumnType,Is Bid Template,IsBidTemplate,sTYPE_BOOLEAN,Global,Yes,No,
BudgetColumnType,Is For Bid Leveling?,IsForBidLeveling,sTYPE_BOOLEAN,Global,Yes,No,
BudgetColumnType,Is For Bidding?,IsForBidding,sTYPE_BOOLEAN,Global,Yes,No,
BudgetColumnType,Modified By,ModifiedByID,sTYPE_MEMBER,Global,No,No,
BudgetColumnType,Modified Date,ModifiedDate,sTYPE_TIME,Global,No,No,
BudgetColumnType,Name,BudgetColumnTypeName,sTYPE_TEXT,Global,Yes,No,
BudgetColumnType,Report Group Available Field,ReportGroupAvailableFieldID,sTYPE_UNFORMATTED_NUMBER,Global,No,No,
BudgetColumnType,Rev Number,RevNumber,sTYPE_UNFORMATTED_NUMBER,Global,No,No,
BudgetColumnType,Status,CodeStatusSelectedID,sCODE_BUDGET_COLUMN_STATUS,Global,Yes,No,
BudgetColumnType,Use this Budget View for Edit Control,EditControllerID,sTYPE_BUDGET_VIEW,Global,No,No,
BudgetColumnType,Valid For Capital Program?,IsValidForCapProgram,sTYPE_BOOLEAN,Global,Yes,No,
BudgetColumnType,Valid For Capital Project?,IsValidForCapProject,sTYPE_BOOLEAN,Global,Yes,No,
BudgetColumnType,Valid For Equipment Contract?,IsValidForEquipContract,sTYPE_BOOLEAN,Global,Yes,No,
BudgetColumnType,Valid For Facility?,IsValidForFacility,sTYPE_BOOLEAN,Global,Yes,No,
BudgetColumnType,Valid For Location?,IsValidForLocation,sTYPE_BOOLEAN,Global,Yes,No,
BudgetColumnType,Valid For Opening Project?,IsValidForOpenProject,sTYPE_BOOLEAN,Global,Yes,No,
BudgetColumnType,Valid For Parcel?,IsValidForParcel,sTYPE_BOOLEAN,Global,Yes,No,
BudgetColumnType,Valid For Portfolio?,IsValidForPortfolio,sTYPE_BOOLEAN,Global,Yes,No,
BudgetColumnType,Valid For Prototype?,IsValidForPrototype,sTYPE_BOOLEAN,Global,Yes,No,
BudgetColumnType,Valid For RE Contract?,IsValidForContract,sTYPE_BOOLEAN,Global,Yes,No,
BudgetColumnType,Valid For Site?,IsValidForPotentialProject,sTYPE_BOOLEAN,Global,Yes,No,
BudgetView,Budget View ClientID,BOMapClientRecordID,sTYPE_TEXT,Global,Yes,No,
BudgetView,Budget View Name,BudgetViewName,sTYPE_TEXT,Global,Yes,No,
BudgetView,Budget View RecID,BudgetViewID,sTYPE_UNFORMATTED_NUMBER,Global,No,No,
BudgetView,Created By,CreatedByID,sTYPE_MEMBER,Global,No,No,
BudgetView,Created Date,CreatedDate,sTYPE_TIME,Global,No,No,
BudgetView,Description,Description,sTYPE_TEXTAREA,Global,No,No,
BudgetView,Is Budget View Edit Controller?,isEditController,sTYPE_BOOLEAN,Global,No,No,
BudgetView,Modified By,ModifiedByID,sTYPE_MEMBER,Global,No,No,
BudgetView,Modified Date,ModifiedDate,sTYPE_TIME,Global,No,No,
BudgetView,ProjectEntityID,ProjectEntityID,sTYPE_PROJECT_ENTITY,Global,No,No,
BudgetView,Rev Number,RevNumber,sTYPE_UNFORMATTED_NUMBER,Global,No,No,
VirtualTemplateBudgetOption,Budget Template Description,Description,sTYPE_TEXT,Global,No,No,
VirtualTemplateBudgetOption,Budget Template Name,TemplateName,sTYPE_TEXT,Global,No,No,
VirtualTemplateBudgetOption,Budget Template Notes,Notes,sTYPE_TEXTAREA,Global,No,No,
VirtualTemplateBudgetOption,Budget Template RecID,TemplateID,sTYPE_UNFORMATTED_NUMBER,Global,No,No,
VirtualTemplateBudgetOption,Budget Template Valid for Cap Program?,IsValidForCapProgram,sTYPE_BOOLEAN,Global,No,No,
VirtualTemplateBudgetOption,Budget Template Valid for Cap Project?,IsValidForCapProject,sTYPE_BOOLEAN,Global,No,No,
VirtualTemplateBudgetOption,Budget Template Valid for Equipment Contract?,IsValidForEquipContract,sTYPE_BOOLEAN,Global,No,No,
VirtualTemplateBudgetOption,Budget Template Valid for Facility?,IsValidForFacility,sTYPE_BOOLEAN,Global,No,No,
VirtualTemplateBudgetOption,Budget Template Valid for Location?,IsValidForLocation,sTYPE_BOOLEAN,Global,No,No,
VirtualTemplateBudgetOption,Budget Template Valid for Open Project?,IsValidForOpenProject,sTYPE_BOOLEAN,Global,No,No,
VirtualTemplateBudgetOption,Budget Template Valid for Parcel?,IsValidForParcel,sTYPE_BOOLEAN,Global,No,No,
VirtualTemplateBudgetOption,Budget Template Valid for Portfolio?,IsValidForPortfolio,sTYPE_BOOLEAN,Global,No,No,
VirtualTemplateBudgetOption,Budget Template Valid for Potential Project?,IsValidForPotentialProject,sTYPE_BOOLEAN,Global,No,No,
VirtualTemplateBudgetOption,Budget Template Valid for Prototype?,IsValidForPrototype,sTYPE_BOOLEAN,Global,No,No,
VirtualTemplateBudgetOption,Budget Template Valid for RE Contract?,IsValidForContract,sTYPE_BOOLEAN,Global,No,No,
VirtualTemplateBudgetOption,Lock All Budget Groups,LockAllBudgetGroups,sTYPE_BOOLEAN,Global,No,No,
AuditColumn,AccessorName,AccessorName,sTYPE_TEXT,Global,Yes,No,
AuditColumn,AuditAction,AuditAction,sTYPE_TEXT,Global,No,No,
AuditColumn,CodeSQLTableID,CodeSQLTableID,sCODE_SQLTABLE,Global,No,No,
AuditColumn,CreatedByID,CreatedByID,sTYPE_MEMBER,Global,No,No,
AuditColumn,CreatedDate,CreatedDate,sTYPE_TIME,Global,No,No,
AuditColumn,EntityName,EntityName,sTYPE_TEXT,Global,No,No,
AuditColumn,FieldName,FieldName,sTYPE_TEXT,Global,No,No,
AuditColumn,GroupID,GroupID,sTYPE_REPORT_GROUP_DATA,Global,No,No,
AuditColumn,NewValue,NewValue,sTYPE_TEXT,Global,No,No,
AuditColumn,ObjectID,ObjectID,sTYPE_UNFORMATTED_NUMBER,Global,No,No,
AuditColumn,OldValue,OldValue,sTYPE_TEXT,Global,No,No,
AuditColumn,ProjectEntityID,ProjectEntityID,sTYPE_PROJECT_ENTITY,Global,No,No,
AuditColumn,ScriptName,ScriptName,sTYPE_TEXT,Global,No,No,
AuditColumn,SubGroupID,SubGroupID,sTYPE_REPORT_GROUP_DATA,Global,No,No,
VirtualTemplateBudget,Budget Template Description,Description,sTYPE_TEXT,Global,No,No,
VirtualTemplateBudget,Budget Template Name,TemplateName,sTYPE_TEXT,Global,No,No,
VirtualTemplateBudget,Budget Template Notes,Notes,sTYPE_TEXTAREA,Global,No,No,
VirtualTemplateBudget,Budget Template RecID,TemplateID,sTYPE_UNFORMATTED_NUMBER,Global,No,No,
VirtualTemplateBudget,Budget Template Valid for Cap Program?,IsValidForCapProgram,sTYPE_BOOLEAN,Global,No,No,
VirtualTemplateBudget,Budget Template Valid for Cap Project?,IsValidForCapProject,sTYPE_BOOLEAN,Global,No,No,
VirtualTemplateBudget,Budget Template Valid for Equipment Contract?,IsValidForEquipContract,sTYPE_BOOLEAN,Global,No,No,
VirtualTemplateBudget,Budget Template Valid for Facility?,IsValidForFacility,sTYPE_BOOLEAN,Global,No,No,
VirtualTemplateBudget,Budget Template Valid for Location?,IsValidForLocation,sTYPE_BOOLEAN,Global,No,No,
VirtualTemplateBudget,Budget Template Valid for Open Project?,IsValidForOpenProject,sTYPE_BOOLEAN,Global,No,No,
VirtualTemplateBudget,Budget Template Valid for Parcel?,IsValidForParcel,sTYPE_BOOLEAN,Global,No,No,
VirtualTemplateBudget,Budget Template Valid for Portfolio?,IsValidForPortfolio,sTYPE_BOOLEAN,Global,No,No,
VirtualTemplateBudget,Budget Template Valid for Potential Project?,IsValidForPotentialProject,sTYPE_BOOLEAN,Global,No,No,
VirtualTemplateBudget,Budget Template Valid for Prototype?,IsValidForPrototype,sTYPE_BOOLEAN,Global,No,No,
VirtualTemplateBudget,Budget Template Valid for RE Contract?,IsValidForContract,sTYPE_BOOLEAN,Global,No,No,
VirtualTemplateBudget,Lock All Budget Groups,LockAllBudgetGroups,sTYPE_BOOLEAN,Global,No,No,
Person,Billing Rate #1,BillRate1,sTYPE_MONEY,Global,No,No,
Person,Billing Rate #2,BillRate2,sTYPE_MONEY,Global,No,No,
Person,City,City,sTYPE_TEXT,Global,No,No,
Person,Contact Type List,CodeContactTypeIDList,sTYPE_CODE_CONTACT_TYPE_LIST,Global,Yes,No,
Person,Country,CountryID,sTYPE_COUNTRY,Global,No,No,
Person,Description,Description,sTYPE_TEXTAREA,Global,No,No,
Person,Designations,Designations,sTYPE_TEXT,Global,No,No,
Person,Email #1,EMail1,sTYPE_TEXT,Global,No,No,
Person,Email #2,EMail2,sTYPE_TEXT,Global,No,No,
Person,Employer,EmployerID,sTYPE_EMPLOYER,Global,Yes,No,
Person,Fax,Fax,sTYPE_TEXT,Global,No,No,
Person,First Name,FirstName,sTYPE_TEXT,Global,Yes,No,
Person,Is Inactive?,Inactive,sTYPE_CHECKBOX,Global,Yes,No,
Person,Job Function,CodeJobFunctionID,sCODE_JOB_FUNCTION,Global,Yes,No,
Person,Job Title,CodeJobTitleID,sCODE_JOB_TITLE,Global,No,No,
Person,Job Titles,CodeJobTitleIDList,sCODE_JOB_TITLE,Global,No,No,
Person,Jurisdiction,JurisdictionID,sTYPE_JURISDICTION,Global,No,No,
Person,Last Name,LastName,sTYPE_TEXT,Global,Yes,No,
Person,Middle Name,MiddleName,sTYPE_TEXT,Global,No,No,
Person,Mobile Number,MobileNumber,sTYPE_TEXT,Global,No,No,
Person,Modified By,ModifiedByID,sTYPE_MEMBER,Global,No,No,
Person,Modified Date,ModifiedDate,sTYPE_TIME,Global,No,No,
Person,Person ClientID,BOMapClientRecordID,sTYPE_TEXT,Global,Yes,No,
Person,Person RecID,PersonID,sTYPE_UNFORMATTED_NUMBER,Global,No,No,
Person,Phone,Phone,sTYPE_TEXT,Global,No,No,
Person,Phone Extension,PhoneExtension,sTYPE_TEXT,Global,No,No,
Person,Postal Code,PostalCode,sTYPE_POSTALCODE,Global,No,No,
Person,State,IStateProvinceCountryID,sTYPE_STATE_PROVINCE,Global,No,No,
Person,Street Address #1,StreetAddress1,sTYPE_TEXT,Global,No,No,
Person,Street Address #2,StreetAddress2,sTYPE_TEXT,Global,No,No,
Person,Street Address #3,StreetAddress3,sTYPE_TEXT,Global,No,No,
Person,Street Address #4,StreetAddress4,sTYPE_TEXT,Global,No,No,
Person,Suffix,Suffix,sTYPE_TEXT,Global,No,No,
Person,Title,Title,sTYPE_TEXT,Global,No,No,
Person,Use Employer Address,UseEmployerAddress,sTYPE_CHECKBOX,Global,Yes,No,
Person,Website,WebSite,sTYPE_TEXT,Global,No,No,
Person,Wireless Email,WirelessEMail,sTYPE_TEXT,Global,No,No,
CostTrackingTemplate,Approved CO Column,ApprovedCOBudgetColTypeID,sTYPE_BUDGET_COLUMN_TYPE,Global,No,No,
CostTrackingTemplate,Cost Tracking Summary Variance Calculation,SummaryVarianceCalc,sTYPE_TEXT,Global,No,No,
CostTrackingTemplate,Cost Tracking Template Description,Description,sTYPE_TEXT,Global,No,No,
CostTrackingTemplate,Cost Tracking Template Name,TemplateName,sTYPE_TEXT,Global,No,No,
CostTrackingTemplate,Cost Tracking Template Notes,Notes,sTYPE_TEXTAREA,Global,No,No,
CostTrackingTemplate,Cost Tracking Template RecID,CostTrackingTemplateID,sTYPE_UNFORMATTED_NUMBER,Global,No,No,
CostTrackingTemplate,Cost Tracking Template Valid for Cap Program?,IsValidForCapProgram,sTYPE_BOOLEAN,Global,No,No,
CostTrackingTemplate,Cost Tracking Template Valid for Cap Project?,IsValidForCapProject,sTYPE_BOOLEAN,Global,No,No,
CostTrackingTemplate,Cost Tracking Template Valid for Equipment Contract?,IsValidForEquipContract,sTYPE_BOOLEAN,Global,No,No,
CostTrackingTemplate,Cost Tracking Template Valid for Facility?,IsValidForFacility,sTYPE_BOOLEAN,Global,No,No,
CostTrackingTemplate,Cost Tracking Template Valid for Location?,IsValidForLocation,sTYPE_BOOLEAN,Global,No,No,
CostTrackingTemplate,Cost Tracking Template Valid for Open Project?,IsValidForOpenProject,sTYPE_BOOLEAN,Global,No,No,
CostTrackingTemplate,Cost Tracking Template Valid for Parcel?,IsValidForParcel,sTYPE_BOOLEAN,Global,No,No,
CostTrackingTemplate,Cost Tracking Template Valid for Portfolio?,IsValidForPortfolio,sTYPE_BOOLEAN,Global,No,No,
CostTrackingTemplate,Cost Tracking Template Valid for Potential Project?,IsValidForPotentialProject,sTYPE_BOOLEAN,Global,No,No,
CostTrackingTemplate,Cost Tracking Template Valid for Prototype?,IsValidForPrototype,sTYPE_BOOLEAN,Global,No,No,
CostTrackingTemplate,Cost Tracking Template Valid for RE Contract?,IsValidForContract,sTYPE_BOOLEAN,Global,No,No,
CostTrackingTemplate,Created By,CreatedByID,sTYPE_MEMBER,Global,No,No,
CostTrackingTemplate,Created Date,CreatedDate,sTYPE_TIME,Global,No,No,
CostTrackingTemplate,Estimate Column,EstimateBudgetColumnTypeID,sTYPE_BUDGET_COLUMN_TYPE,Global,No,No,
CostTrackingTemplate,Invoice Column,InvoiceBudgetColTypeID,sTYPE_BUDGET_COLUMN_TYPE,Global,No,No,
CostTrackingTemplate,Modified By,ModifiedByID,sTYPE_MEMBER,Global,No,No,
CostTrackingTemplate,Modified Date,ModifiedDate,sTYPE_TIME,Global,No,No,
CostTrackingTemplate,Outstanding CO Column,OutstandingCOBudgetColTypeID,sTYPE_BUDGET_COLUMN_TYPE,Global,No,No,
CostTrackingTemplate,PO Column,POBudgetColumnTypeID,sTYPE_BUDGET_COLUMN_TYPE,Global,Yes,No,
CostTrackingTemplate,Rev Number,RevNumber,sTYPE_UNFORMATTED_NUMBER,Global,No,No,
CostTrackingTemplate,Vendor Breakdown Variance Calculation,VendorBreakdownVarianceCalc,sTYPE_TEXT,Global,No,No,
CustomCodeField,Created By,CreatedByID,sTYPE_MEMBER,Global,No,No,
CustomCodeField,Created Date,CreatedDate,sTYPE_TIME,Global,No,No,
CustomCodeField,Custom Code Field ClientID,BOMapClientRecordID,sTYPE_TEXT,Global,Yes,No,
CustomCodeField,Custom Code Field RecID,CustomCodeFieldID,sTYPE_UNFORMATTED_NUMBER,Global,No,No,
CustomCodeField,Description,Description,sTYPE_TEXTAREA,Global,No,No,
CustomCodeField,Field Name,CustomCodeFieldName,sTYPE_TEXT,Global,Yes,No,
CustomCodeField,Inactive,Inactive,sTYPE_BOOLEAN,Global,No,No,
CustomCodeField,Modified By,ModifiedByID,sTYPE_MEMBER,Global,No,No,
CustomCodeField,Modified Date,ModifiedDate,sTYPE_TIME,Global,No,No,
CustomCodeField,Parent Custom Code Field,ParentCustomCodeFieldID,sTYPE_CUSTOM_CODE_FIELD,Global,No,No,
CustomCodeField,Parent Custom Code Table,ParentCustomCodeTableID,sTYPE_CUSTOM_CODE_TABLE_REF,Global,No,No,
CustomCodeField,Rev Number,RevNumber,sTYPE_UNFORMATTED_NUMBER,Global,No,No,
CustomCodeField,Table Name,CustomCodeTableID,sTYPE_CUSTOM_CODE_TABLE_REF,Global,Yes,No,
ReportGroupData,Parent Group Name,ParentReportGroupDataID,sTYPE_REPORT_GROUP_DATA,Global,No,No,
ReportGroupData,Report Group Name,ReportGroupDataName,sTYPE_TEXT,Global,Yes,No,
ReportGroupData,RGD Created Date,CreatedDate,sTYPE_DATE,Global,No,No,
ReportGroupData,RGD Modified Date,ModifiedDate,sTYPE_DATE,Global,No,No,
ReportGroupAvailableField,Api Table Name,ApiTableName,sTYPE_TEXT,Global,No,No,
ReportGroupAvailableField,Default Value,DefaultValue,sTYPE_TEXT,Global,No,No,
ReportGroupAvailableField,Definition,Definition,sTYPE_TEXTAREA,Global,No,No,
ReportGroupAvailableField,Dropdown Table Name,DropdownTableName,sTYPE_TEXT,Global,No,No,
ReportGroupAvailableField,Field Name,AccessorName,sTYPE_TEXT,Global,No,No,
ReportGroupAvailableField,Field Type,FormFieldType,sTYPE_ALL_FORMFIELDS,Global,Yes,No,
ReportGroupAvailableField,FieldText,FieldText,sTYPE_TEXT,Global,No,No,
ReportGroupAvailableField,FirmID,FirmID,sTYPE_FIRM,Global,No,No,
ReportGroupAvailableField,Global Definition,GlobalDefinition,sTYPE_TEXTAREA,Global,No,No,
ReportGroupAvailableField,Hierarchy Name,HierarchyName,sTYPE_TEXT,Global,No,No,
ReportGroupAvailableField,Is Functional?,IsFunctional,sTYPE_BOOLEAN,Global,No,No,
ReportGroupAvailableField,Is Global Field?,IsGlobal,sTYPE_BOOLEAN,Global,No,No,
ReportGroupAvailableField,Is ReadOnly?,IsReadOnly,sTYPE_BOOLEAN,Global,No,No,
ReportGroupAvailableField,Is Required?,IsRequired,sTYPE_BOOLEAN,Global,No,No,
ReportGroupAvailableField,Is UDF Field?,IsClientExtensionField,sTYPE_BOOLEAN,Global,No,No,
ReportGroupAvailableField,Label,DefaultLabel,sTYPE_TEXT,Global,Yes,No,
ReportGroupAvailableField,Maximum Length,MaxLength,sTYPE_NUMBER,Global,No,No,
ReportGroupAvailableField,Parent Report Group,ParentReportGroupDataID,sTYPE_REPORT_GROUP_DATA,Global,No,No,
ReportGroupAvailableField,Report Field Label,UILabel,sTYPE_TEXT,Global,No,No,
ReportGroupAvailableField,Report Group,ReportGroupDataID,sTYPE_REPORT_GROUP_DATA,Global,Yes,No,
ReportGroupAvailableField,RGAF Created Date,CreatedDate,sTYPE_DATE,Global,No,No,
ReportGroupAvailableField,RGAF Modified Date,ModifiedDate,sTYPE_DATE,Global,No,No,
ReportGroupAvailableField,Script Name,ScriptName,sTYPE_TEXT,Global,No,No,
ReportGroupAvailableField,Table Detail,TableName,sTYPE_TEXT,Global,No,No,
ReportGroupAvailableField,Table Name,CodeSQLTableID,sCODE_SQLTABLE,Global,Yes,No,
ReportGroupAvailableField,Version Added,VersionAdded,sTYPE_TEXT,Global,No,No,
ReportGroupAvailableField,Version Modified,VersionModified,sTYPE_TEXT,Global,No,No,
DiscountRate,Accounting Method,CodeAccountingMethodID,sCODE_ACCOUNTING_METHOD,Global,No,No,
DiscountRate,Contract Use,CodeContractUseID,sCODE_CONTRACT_USE,Global,No,No,
DiscountRate,Country,CountryID,sTYPE_COUNTRY_ONLY,Global,No,No,
DiscountRate,Country List,CountryIDList,sTYPE_COUNTRY_ONLY,Global,No,No,
DiscountRate,Created By,CreatedByID,sTYPE_MEMBER,Global,No,No,
DiscountRate,Created Date,CreatedDate,sTYPE_TIME,Global,No,No,
DiscountRate,Discount Rate,DiscountRate,sTYPE_PERCENTAGE,Global,Yes,No,
DiscountRate,Effective End Date,EffectiveThroughDate,sTYPE_DATE,Global,Yes,No,
DiscountRate,Maximum Schedule Length (months),MaxSchedMons,sTYPE_NUMBER,Global,Yes,No,
DiscountRate,Minimum Schedule Length (months),MinSchedMons,sTYPE_NUMBER,Global,Yes,No,
DiscountRate,Modified By,ModifiedByID,sTYPE_MEMBER,Global,No,No,
DiscountRate,Modified Date,ModifiedDate,sTYPE_TIME,Global,No,No,
DiscountRate,Notes,Notes,sTYPE_TEXTAREA,Global,No,No,
DiscountRate,Program,ProgramID,sTYPE_PROGRAM,Global,No,No,
DiscountRate,Rev Number,RevNumber,sTYPE_UNFORMATTED_NUMBER,Global,No,No,
DiscountRate,State Province,StateProvinceIDList,sTYPE_STATE_PROVINCE_LIST,Global,No,No,
LinkProjectEntityVendor,Link Portfolio Vendor ClientID,BOMapClientRecordID,sTYPE_TEXT,Global,Yes,No,
LinkProjectEntityVendor,Link Portfolio Vendor RecID,LinkProjectEntityVendorID,sTYPE_UNFORMATTED_NUMBER,Global,No,No,
LinkProjectEntityVendor,Porfolio,ProjectEntityID,sTYPE_PROJECT_ENTITY,Global,Yes,No,
LinkProjectEntityVendor,Vendor,VendorID,sTYPE_EMPLOYER,Global,Yes,No,
EmployerSite,Begin Date,BeginDate,sTYPE_DATE,Global,No,No,
EmployerSite,Business Unit,BusinessUnit,sTYPE_TEXT,Global,No,No,
EmployerSite,City,City,sTYPE_TEXT,Global,No,No,
EmployerSite,Country,CountryID,sTYPE_COUNTRY,Global,No,No,
EmployerSite,Currency Type,CodeCurrencyTypeID,sCODE_CURRENCY_TYPE,Global,No,No,
EmployerSite,Employer,EmployerID,sTYPE_EMPLOYER,Global,Yes,No,
EmployerSite,End Date,EndDate,sTYPE_DATE,Global,No,No,
EmployerSite,Is Inactive?,Inactive,sTYPE_CHECKBOX,Global,Yes,No,
EmployerSite,Notes,Notes,sTYPE_TEXTAREA,Global,No,No,
EmployerSite,Phone,Phone,sTYPE_TEXT,Global,No,No,
EmployerSite,Postal Code,PostalCode,sTYPE_TEXT,Global,No,No,
EmployerSite,State,StateProvinceCountryID,sTYPE_STATE_PROVINCE,Global,No,No,
EmployerSite,Street Address #1,StreetAddress1,sTYPE_TEXT,Global,No,No,
EmployerSite,Street Address #2,StreetAddress2,sTYPE_TEXT,Global,No,No,
EmployerSite,Street Address #3,StreetAddress3,sTYPE_TEXT,Global,No,No,
EmployerSite,Street Address #4,StreetAddress4,sTYPE_TEXT,Global,No,No,
EmployerSite,Vendor Site Code,VendorSiteCode,sTYPE_TEXT,Global,No,No,
EmployerSite,Vendor Site ID,VendorSiteID,sTYPE_TEXT,Global,Yes,No,
EmployerSite,Vendor Site Name,VendorSiteName,sTYPE_TEXT,Global,No,No,
EmployerSite,Vendor Site RecID,EmployerSiteID,sTYPE_UNFORMATTED_NUMBER,Global,No,No,
Employer,Account Rep,AccountRepPersonID,sTYPE_PERSON,Global,No,No,
Employer,After Hours Contact,AfterHoursContact,sTYPE_TEXTAREA,Global,No,No,
Employer,After Hours Rate,AfterHoursRate,sTYPE_MONEY,Global,No,No,
Employer,AKA Name,NameAKA,sTYPE_TEXT,Global,No,No,
Employer,Allow Employees Upload / Download access to Employer Documents,IsSharedDocumentAccess,sTYPE_CHECKBOX,Global,No,No,
Employer,AP Vendor Number,APVendorNumber,sTYPE_TEXT,Global,No,No,
Employer,Bank Account Number,BankAccountNumber,sTYPE_TEXT,Global,No,No,
Employer,Bank Routing Number,BankRoutingNumber,sTYPE_TEXT,Global,No,No,
Employer,Business Hours,BusinessHours,sTYPE_TEXTAREA,Global,No,No,
Employer,City,City,sTYPE_TEXT,Global,No,No,
Employer,Company Information,CompanyInformation,sTYPE_TEXTAREA,Global,No,No,
Employer,Company Type,CompanyType,sTYPE_COMPANY_TYPE,Global,Yes,No,
Employer,Contact Type List,CodeContactTypeIDList,sTYPE_CODE_CONTACT_TYPE_LIST,Global,Yes,No,
Employer,Country,CountryID,sTYPE_COUNTRY,Global,No,No,
Employer,Coverage,CodeCoverageID,sCODE_COVERAGE,Global,No,No,
Employer,Created By,CreatedByID,sTYPE_MEMBER,Global,No,No,
Employer,Created Date,CreatedDate,sTYPE_TIME,Global,No,No,
Employer,Date Graded,DateGraded,sTYPE_DATE,Global,No,No,
Employer,Department,Department,sTYPE_TEXT,Global,No,No,
Employer,Early Pay Days,VendorEarlyPayDays,sTYPE_NUMBER,Global,No,No,
Employer,Early Pay Discount,VendorEarlyPayDiscount,sTYPE_PERCENTAGE,Global,No,No,
Employer,Email #1,EMail1,sTYPE_TEXT,Global,No,No,
Employer,Email #2,EMail2,sTYPE_TEXT,Global,No,No,
Employer,Employer ClientID,BOMapClientRecordID,sTYPE_TEXT,Global,Yes,No,
Employer,Employer Name,EmployerName,sTYPE_TEXT,Global,Yes,No,
Employer,Employer RecID,EmployerID,sTYPE_UNFORMATTED_NUMBER,Global,No,No,
Employer,Fax,Fax,sTYPE_TEXT,Global,No,No,
Employer,Federal Tax ID,FederalTaxID,sTYPE_TEXT,Global,No,No,
Employer,Has After Hours Support?,HasAfterHoursSupport,sTYPE_CHECKBOX,Global,No,No,
Employer,Hourly Rate,HourlyRate,sTYPE_MONEY,Global,No,No,
Employer,Is Equip Contract Vendor?,IsEquipContractVendor,sTYPE_CHECKBOX,Global,No,No,
Employer,Is Female Owned?,IsFemaleOwned,sTYPE_CHECKBOX,Global,No,No,
Employer,Is GLBT Owned?,IsGLBTOwned,sTYPE_CHECKBOX,Global,No,No,
Employer,Is Inactive?,Inactive,sTYPE_CHECKBOX,Global,Yes,No,
Employer,Is Minority Owned?,IsMinorityOwned,sTYPE_CHECKBOX,Global,No,No,
Employer,Is Preferred Vendor?,IsPreferredVendor,sTYPE_CHECKBOX,Global,No,No,
Employer,Is Primary Owner?,IsPrimaryOwner,sTYPE_CHECKBOX,Global,No,No,
Employer,Is RE Contract Vendor?,IsREContractVendor,sTYPE_CHECKBOX,Global,No,No,
Employer,Is SBA Program?,IsSBAProgram,sTYPE_CHECKBOX,Global,No,No,
Employer,Is Vendor?,IsVendor,sTYPE_CHECKBOX,Global,No,No,
Employer,Job Functions,EmpAvailableJobFunctionIDList,sTYPE_EMP_JOB_FUNCTION_LIST,Global,No,No,
Employer,Job Titles,EmpAvailableJobTitleIDList,sTYPE_EMP_JOB_TITLE_LIST,Global,No,No,
Employer,Maintenance Categories,CodeAssetCategoryIDList,sTYPE_CODE_ASSET_CATEGORY_LIST,Global,No,No,
Employer,Master Employer Group,CodeMasterEmployerGroupID,sCODE_MASTER_EMPLOYER_GROUP,Global,No,No,
Employer,Mobile Number,MobileNumber,sTYPE_TEXT,Global,No,No,
Employer,Modified By,ModifiedByID,sTYPE_MEMBER,Global,No,No,
Employer,Modified Date,ModifiedDate,sTYPE_TIME,Global,No,No,
Employer,Net Pay Days,VendorNetPayDays,sTYPE_NUMBER,Global,No,No,
Employer,Notes,Notes,sTYPE_TEXTAREA,Global,No,No,
Employer,Number of Service Trucks,NumberOfServiceTrucks,sTYPE_NUMBER,Global,No,No,
Employer,Number of States,NumberOfStates,sTYPE_NUMBER,Global,No,No,
Employer,Number of Technicians,NumberOfTechnicians,sTYPE_NUMBER,Global,No,No,
Employer,Phone,Phone,sTYPE_TEXT,Global,No,No,
Employer,Portfolio Access,PortfolioIDList,sTYPE_PORTFOLIO_LIST,Global,No,No,
Employer,Postal Code,PostalCode,sTYPE_POSTALCODE,Global,No,No,
Employer,Rev Number,RevNumber,sTYPE_UNFORMATTED_NUMBER,Global,No,No,
Employer,Self Perform?,SelfPerform,sTYPE_CHECKBOX,Global,No,No,
Employer,State,IStateProvinceCountryID,sTYPE_STATE_PROVINCE,Global,No,No,
Employer,Street Address #1,StreetAddress1,sTYPE_TEXT,Global,No,No,
Employer,Street Address #2,StreetAddress2,sTYPE_TEXT,Global,No,No,
Employer,Street Address #3,StreetAddress3,sTYPE_TEXT,Global,No,No,
Employer,Street Address #4,StreetAddress4,sTYPE_TEXT,Global,No,No,
Employer,Travel Rate,TravelRate,sTYPE_MONEY,Global,No,No,
Employer,User Classes,EmpAvailableUserClassIDList,sTYPE_EMP_USER_CLASS_LIST,Global,No,No,
Employer,Vendor Grade,CodeVendorGradeID,sCODE_VENDOR_GRADE,Global,No,No,
Employer,Website,WebSite,sTYPE_TEXT,Global,No,No,
ExchangeRate,Contract,ContractID,sTYPE_CONTRACT,Global,No,No,
ExchangeRate,Effective Date,EffectiveDate,sTYPE_DATE,Global,Yes,No,
ExchangeRate,Exchange Rate,ConversionRate,sTYPE_NUMBER_FRACTION6DIGITS,Global,Yes,No,
ExchangeRate,Exchange Rate ClientID,BOMapClientRecordID,sTYPE_TEXT,Global,Yes,No,
ExchangeRate,Exchange Rate RecID,ExchangeRateID,sTYPE_UNFORMATTED_NUMBER,Global,No,No,
ExchangeRate,Exchange Rate Type,CodeExchangeRateTypeID,sCODE_EXCHANGE_RATE_TYPE,Global,Yes,No,
ExchangeRate,From Currency,CodeFromCurrencyTypeID,sCODE_CURRENCY_TYPE,Global,Yes,No,
ExchangeRate,To Currency,CodeToCurrencyTypeID,sCODE_CURRENCY_TYPE,Global,Yes,No,
FiscalPeriod,Begin Date,BeginDate,sTYPE_DATE,Global,Yes,No,
FiscalPeriod,Days In Period,NumberDaysInPeriod,sTYPE_NUMBER,Global,No,No,
FiscalPeriod,End Date,EndDate,sTYPE_DATE,Global,Yes,No,
FiscalPeriod,Fiscal Period ClientID,BOMapClientRecordID,sTYPE_TEXT,Global,Yes,No,
FiscalPeriod,Fiscal Period Name,FiscalPeriodName,sTYPE_TEXT,Global,No,No,
FiscalPeriod,Fiscal Period RecID,FiscalPeriodID,sTYPE_UNFORMATTED_NUMBER,Global,No,No,
FiscalPeriod,Is 4 or 5 Week Period?,Is4or5WeekPeriod,sTYPE_BOOLEAN,Global,No,No,
FiscalPeriod,Matching Calendar Month,MatchingCalendarMonth,sTYPE_MONTH,Global,No,No,
FiscalPeriod,Matching Calendar Year,MatchingCalendarYear,sTYPE_NUMBER,Global,No,No,
FiscalPeriod,Modified By,ModifiedByID,sTYPE_MEMBER,Global,No,No,
FiscalPeriod,Modified Date,ModifiedDate,sTYPE_TIME,Global,No,No,
FiscalPeriod,Period,Period,sTYPE_NUMBER,Global,Yes,No,
FiscalPeriod,Portfolio,ProgramID,sTYPE_PROGRAM,Global,No,No,
FiscalPeriod,Quarter,Quarter,sTYPE_NUMBER,Global,Yes,No,
FiscalPeriod,Weeks In Period,NumberWeeksInPeriod,sTYPE_NUMBER,Global,No,No,
FiscalPeriod,Year,Year,sTYPE_NUMBER,Global,Yes,No,
VirtualTemplateFolder,Folder Template Description,Description,sTYPE_TEXT,Global,No,No,
VirtualTemplateFolder,Folder Template Name,TemplateName,sTYPE_TEXT,Global,No,No,
VirtualTemplateFolder,Folder Template Notes,Notes,sTYPE_TEXTAREA,Global,No,No,
VirtualTemplateFolder,Folder Template RecID,TemplateID,sTYPE_UNFORMATTED_NUMBER,Global,No,No,
VirtualTemplateFolder,Folder Template Valid for Cap Program?,IsValidForCapProgram,sTYPE_BOOLEAN,Global,No,No,
VirtualTemplateFolder,Folder Template Valid for Cap Project?,IsValidForCapProject,sTYPE_BOOLEAN,Global,No,No,
VirtualTemplateFolder,Folder Template Valid for Equipment Contract?,IsValidForEquipContract,sTYPE_BOOLEAN,Global,No,No,
VirtualTemplateFolder,Folder Template Valid for Facility?,IsValidForFacility,sTYPE_BOOLEAN,Global,No,No,
VirtualTemplateFolder,Folder Template Valid for Location?,IsValidForLocation,sTYPE_BOOLEAN,Global,No,No,
VirtualTemplateFolder,Folder Template Valid for Open Project?,IsValidForOpenProject,sTYPE_BOOLEAN,Global,No,No,
VirtualTemplateFolder,Folder Template Valid for Parcel?,IsValidForParcel,sTYPE_BOOLEAN,Global,No,No,
VirtualTemplateFolder,Folder Template Valid for Portfolio?,IsValidForPortfolio,sTYPE_BOOLEAN,Global,No,No,
VirtualTemplateFolder,Folder Template Valid for Potential Project?,IsValidForPotentialProject,sTYPE_BOOLEAN,Global,No,No,
VirtualTemplateFolder,Folder Template Valid for Prototype?,IsValidForPrototype,sTYPE_BOOLEAN,Global,No,No,
VirtualTemplateFolder,Folder Template Valid for RE Contract?,IsValidForContract,sTYPE_BOOLEAN,Global,No,No,
HolidayDate,Created By,CreatedByID,sTYPE_MEMBER,Global,No,No,
HolidayDate,Created Date,CreatedDate,sTYPE_TIME,Global,No,No,
HolidayDate,Day,Day,sTYPE_UNFORMATTED_NUMBER,Global,Yes,No,
HolidayDate,Holiday Date ClientID,BOMapClientRecordID,sTYPE_TEXT,Global,Yes,No,
HolidayDate,Holiday Date Name,HolidayDateName,sTYPE_TEXT,Global,Yes,No,
HolidayDate,Holiday Date RecID,HolidayDateID,sTYPE_UNFORMATTED_NUMBER,Global,No,No,
HolidayDate,Holiday Schedule,HolidayScheduleID,sTYPE_HOLIDAY_SCHEDULE,Global,Yes,No,
HolidayDate,Modified By,ModifiedByID,sTYPE_MEMBER,Global,No,No,
HolidayDate,Modified Date,ModifiedDate,sTYPE_TIME,Global,No,No,
HolidayDate,Month,Month,sTYPE_MONTH,Global,Yes,No,
HolidayDate,Rev Number,RevNumber,sTYPE_UNFORMATTED_NUMBER,Global,No,No,
HolidayDate,Year,Year,sTYPE_DROPDOWN_YEAR,Global,No,No,
HolidaySchedule,Created By,CreatedByID,sTYPE_MEMBER,Global,No,No,
HolidaySchedule,Created Date,CreatedDate,sTYPE_TIME,Global,No,No,
HolidaySchedule,Holiday Schedule ClientID,BOMapClientRecordID,sTYPE_TEXT,Global,Yes,No,
HolidaySchedule,Holiday Schedule Name,HolidayScheduleName,sTYPE_TEXT,Global,Yes,No,
HolidaySchedule,Holiday Schedule RecID,HolidayScheduleID,sTYPE_UNFORMATTED_NUMBER,Global,No,No,
HolidaySchedule,Modified By,ModifiedByID,sTYPE_MEMBER,Global,No,No,
HolidaySchedule,Modified Date,ModifiedDate,sTYPE_TIME,Global,No,No,
HolidaySchedule,Rev Number,RevNumber,sTYPE_UNFORMATTED_NUMBER,Global,No,No,
MemberAudit,Action Details,LogInfo,sTYPE_TEXT,Global,No,No,
MemberAudit,Action Name,CodeMemberActionID,sCODE_MEMBER_ACTION,Global,Yes,No,
MemberAudit,Audit Date,AuditDate,sTYPE_TIME,Global,Yes,No,
MemberAudit,Impersonating Member,ImpersonatingMemberID,sTYPE_MEMBER,Global,No,No,
MemberAudit,Login Status,CodeLockOutReasonID,sCODE_LOCK_OUT_REASON,Global,No,No,
MemberAudit,Member,MemberID,sTYPE_MEMBER,Global,Yes,No,
MemberAudit,Member Audit RecID,MemberAuditID,sTYPE_UNFORMATTED_NUMBER,Global,No,No,
MemberAudit,Modified By,ModifiedByID,sTYPE_MEMBER,Global,No,No,
MemberAudit,Modified Date,ModifiedDate,sTYPE_TIME,Global,No,No,
MemberAudit,Source IP,SrcIP,sTYPE_TEXT,Global,No,No,
MemberAudit,User Agent,UserAgent,sTYPE_TEXT,Global,No,No,
Member,Accept EULA?,AcceptEULA,sTYPE_BOOLEAN,Global,Yes,No,
Member,Address,HtmlPersonAddress,sTYPE_TEXT,Global,No,No,
Member,Always Spell Check?,AlwaysSpellCheck,sTYPE_BOOLEAN,Global,Yes,No,
Member,Approval Currency Type,CodeApprovalCurrencyTypeID,sCODE_CURRENCY_TYPE,Global,No,No,
Member,Bill Rate #1,BillRate1,sTYPE_MONEY,Global,No,No,
Member,Bill Rate #2,BillRate2,sTYPE_MONEY,Global,No,No,
Member,City,City,sTYPE_TEXT,Global,No,No,
Member,Code Analytics Role,CodeAnalyticsRoleID,sCODE_ANALYTICS_ROLE,Global,No,No,
Member,Code Job Function,CodeJobFunctionID,sCODE_JOB_FUNCTION,Global,Yes,No,
Member,Color Scheme,ColorScheme,sTYPE_TEXT,Global,No,No,
Member,Convert To Member,ConvertToMember,sTYPE_CHECKBOX,Global,No,No,
Member,Country,Country,sTYPE_TEXT,Global,No,No,
Member,Created Date,CreatedDate,sTYPE_TIME,Global,No,No,
Member,Date Pattern,DatePattern,sTYPE_DATEPATTERN,Global,No,No,
Member,Demographics Login,AnySiteLoginName,sTYPE_TEXT,Global,No,No,
Member,Demographics Password,AnySitePassword,sTYPE_PASSWORD,Global,No,No,
Member,Description,Description,sTYPE_TEXT,Global,No,No,
Member,Designations,Designations,sTYPE_TEXT,Global,No,No,
Member,Email #1,EMail1,sTYPE_TEXT,Global,No,No,
Member,Email #2,EMail2,sTYPE_TEXT,Global,No,No,
Member,Employer,EmployerID,sTYPE_EMPLOYER,Global,Yes,No,
Member,Employer Inactive?,EmployerInactive,sTYPE_BOOLEAN,Global,No,No,
Member,Equipment Contract Approval Level,CodeEquipApprovalStatusID,sCODE_APPROVAL_STATUS_MEMBER_EQUIPMENT,Global,No,No,
Member,Equipment Contract Payment Approval Amount (Maximum),EquipPaymentApprovalMaxAmount,sTYPE_MONEY,Global,No,No,
Member,Equipment Contract Payment Approval Amount (Minimum),EquipPaymentApprovalMinAmount,sTYPE_MONEY,Global,No,No,
Member,Equipment Contract Recurring Approval Amount (Maximum),EquipRecurringApprovalMaxAmount,sTYPE_MONEY,Global,No,No,
Member,Equipment Contract Recurring Approval Amount (Minimum),EquipRecurringApprovalMinAmount,sTYPE_MONEY,Global,No,No,
Member,Fax,Fax,sTYPE_TEXT,Global,No,No,
Member,First Name,FirstName,sTYPE_TEXT,Global,Yes,No,
Member,Is Administrator?,IsAdministrator,sTYPE_BOOLEAN,Global,No,No,
Member,Is Exempt from Password Expiration?,IsExemptFromPWDExpiration,sTYPE_BOOLEAN,Global,Yes,No,
Member,Is Inactive?,Inactive,sTYPE_CHECKBOX,Global,Yes,No,
Member,Is Lucernex Administrator?,IsLucernexAdministrator,sTYPE_BOOLEAN,Global,No,No,
Member,Is Master Member?,IsMasterMember,sTYPE_BOOLEAN,Global,No,No,
Member,Is Master Person?,IsMasterPerson,sTYPE_BOOLEAN,Global,No,No,
Member,Is View Private Issue Allowed?,IsViewPrivateIssueAllowed,sTYPE_BOOLEAN,Global,Yes,No,
Member,Job Title,CodeJobTitleID,sCODE_JOB_TITLE,Global,No,No,
Member,Job Titles,CodeJobTitleIDList,sCODE_JOB_TITLE,Global,Yes,No,
Member,Jurisdiction,JurisdictionID,sTYPE_JURISDICTION,Global,No,No,
Member,Language,Language,sTYPE_LANGUAGE,Global,No,No,
Member,Last Login Date,LastLoginDate,sTYPE_TIME,Global,No,No,
Member,Last Name,LastName,sTYPE_TEXT,Global,Yes,No,
Member,Login Name,LoginName,sTYPE_TEXT,Global,Yes,No,
Member,Member ClientID,BOMapClientRecordID,sTYPE_TEXT,Global,Yes,No,
Member,Member Login Status,CodeLockOutReasonID,sCODE_LOCK_OUT_REASON,Global,Yes,No,
Member,Member Name,MemberNameFirstLast,sTYPE_TEXT,Global,No,No,
Member,"Member Name - Last, First",PersonNameLastFirst,sTYPE_TEXT,Global,No,No,
Member,Member Photo,MemberPhoto,sTYPE_PHOTO,Global,No,No,
Member,Member RecID,MemberID,sTYPE_UNFORMATTED_NUMBER,Global,No,No,
Member,Middle Name,MiddleName,sTYPE_TEXT,Global,No,No,
Member,Mobile Number,MobileNumber,sTYPE_TEXT,Global,No,No,
Member,Modified By,ModifiedByID,sTYPE_MEMBER,Global,No,No,
Member,Modified Date,ModifiedDate,sTYPE_TIME,Global,No,No,
Member,Number Pattern,NumberPattern,sTYPE_NUMBERPATTERN,Global,No,No,
Member,Password,Password,sTYPE_PASSWORD,Global,Yes,No,
Member,Person RecID,PersonID,sTYPE_UNFORMATTED_NUMBER,Global,Yes,No,
Member,Phone,Phone,sTYPE_TEXT,Global,No,No,
Member,Phone Extension,PhoneExtension,sTYPE_TEXT,Global,No,No,
Member,Postal Code,PostalCode,sTYPE_TEXT,Global,No,No,
Member,RE Contract Approval Level,CodeApprovalStatusID,sCODE_APPROVAL_STATUS_MEMBER_RE,Global,No,No,
Member,RE Contract Payment Approval Amount (Maximum),PaymentApprovalMaxAmount,sTYPE_MONEY,Global,No,No,
Member,RE Contract Payment Approval Amount (Minimum),PaymentApprovalMinAmount,sTYPE_MONEY,Global,No,No,
Member,RE Contract Recurring Approval Amount (Maximum),RecurringApprovalMaxAmount,sTYPE_MONEY,Global,No,No,
Member,RE Contract Recurring Approval Amount (Minimum),RecurringApprovalMinAmount,sTYPE_MONEY,Global,No,No,
Member,State,StateProvinceCountryID,sTYPE_STATE_PROVINCE,Global,No,No,
Member,Street Address #1,StreetAddress1,sTYPE_TEXT,Global,No,No,
Member,Street Address #2,StreetAddress2,sTYPE_TEXT,Global,No,No,
Member,Street Address #3,StreetAddress3,sTYPE_TEXT,Global,No,No,
Member,Street Address #4,StreetAddress4,sTYPE_TEXT,Global,No,No,
Member,Suffix,Suffix,sTYPE_TEXT,Global,No,No,
Member,Supervisor,SupervisorID,sTYPE_MEMBER,Global,No,No,
Member,Time Zone,TimeZone,sTYPE_TIMEZONE,Global,No,No,
Member,Title,Title,sTYPE_TEXT,Global,No,No,
Member,Unassigned WorkFlow Approver,IsUnassignedWorkFlowApprover,sTYPE_CHECKBOX,Global,Yes,No,
Member,Use Employer Address?,UseEmployerAddress,sTYPE_BOOLEAN,Global,Yes,No,
Member,User Class,CodeUserClassID,sCODE_USER_CLASS,Global,Yes,No,
Member,Web Site,WebSite,sTYPE_TEXT,Global,No,No,
Member,Wireless E Mail,WirelessEMail,sTYPE_TEXT,Global,No,No,
ProcessTimelineTemplate,Always Show in Summary?,AlwaysShowInSummary,sTYPE_BOOLEAN,Global,Yes,No,
ProcessTimelineTemplate,Completed Phase Status,CompletedPhaseStatus,sTYPE_TEXT,Global,Yes,No,
ProcessTimelineTemplate,Default Task Name,DefaultTaskName,sTYPE_TEXT,Global,No,No,
ProcessTimelineTemplate,In Process Phase Status,InProcessPhaseStatus,sTYPE_TEXT,Global,Yes,No,
ProcessTimelineTemplate,Milestone Template Modified By,ModifiedByID,sTYPE_MEMBER,Global,No,No,
ProcessTimelineTemplate,Milestone Template Modified Date,ModifiedDate,sTYPE_TIME,Global,No,No,
ProcessTimelineTemplate,Milestone Template Name,ProcessTimelineTemplateName,sTYPE_TEXT,Global,Yes,No,
ProcessTimelineTemplate,Milestone Template RecID,ProcessTimelineTemplateID,sTYPE_UNFORMATTED_NUMBER,Global,No,No,
ProcessTimelineTemplate,Previous Milestone Template,PreviousProcessTimelineID,sTYPE_PROCESS_TIMELINE_TEMPLATE,Global,No,No,
ProcessTimelineTemplate,Project Phase,CodeProjectPhaseID,sCODE_PROJECT_PHASE,Global,Yes,No,
Organization,Account Number #1,AccountNumber1,sTYPE_TEXT,Global,No,No,
Organization,Account Number #2,AccountNumber2,sTYPE_TEXT,Global,No,No,
Organization,Account Number #3,AccountNumber3,sTYPE_TEXT,Global,No,No,
Organization,Account Number #4,AccountNumber4,sTYPE_TEXT,Global,No,No,
Organization,Account Number #5,AccountNumber5,sTYPE_TEXT,Global,No,No,
Organization,Account Number #6,AccountNumber6,sTYPE_TEXT,Global,No,No,
Organization,Account Number #7,AccountNumber7,sTYPE_TEXT,Global,No,No,
Organization,Account Number #8,AccountNumber8,sTYPE_TEXT,Global,No,No,
Organization,Modified By,ModifiedByID,sTYPE_MEMBER,Global,No,No,
Organization,Modified Date,ModifiedDate,sTYPE_TIME,Global,No,No,
Organization,Organization Category,CodeOrganizationCategoryID,sCODE_ORG_CATEGORY,Global,No,No,
Organization,Organization ClientID,BOMapClientRecordID,sTYPE_TEXT,Global,Yes,No,
Organization,Organization Group,CodeOrganizationGroupID,sCODE_ORG_GROUP,Global,No,No,
Organization,Organization Name,OrganizationName,sTYPE_TEXT,Global,Yes,No,
Organization,Organization RecID,OrganizationID,sTYPE_UNFORMATTED_NUMBER,Global,No,No,
Organization,Organization Type,CodeOrganizationTypeID,sCODE_ORG_TYPE,Global,No,No,
Organization,Portfolio Access,PortfolioIDList,sTYPE_PORTFOLIO_LIST,Global,No,No,
PartPackageItem,Modified By,ModifiedByID,sTYPE_MEMBER,Global,No,No,
PartPackageItem,Modified Date,ModifiedDate,sTYPE_TIME,Global,No,No,
PartPackageItem,Part,PartID,sTYPE_PART,Global,Yes,No,
PartPackageItem,Part Package,PartPackageID,sTYPE_PART_PACKAGE,Global,Yes,No,
PartPackageItem,Part Package Item ClientID,BOMapClientRecordID,sTYPE_TEXT,Global,Yes,No,
PartPackageItem,Part Package Item RecID,PartPackageItemID,sTYPE_UNFORMATTED_NUMBER,Global,No,No,
PartPackageItem,Quantity,Quantity,sTYPE_NUMBER,Global,Yes,No,
PartPackage,Modified By,ModifiedByID,sTYPE_MEMBER,Global,No,No,
PartPackage,Modified Date,ModifiedDate,sTYPE_TIME,Global,No,No,
PartPackage,Part Package ClientID,BOMapClientRecordID,sTYPE_TEXT,Global,Yes,No,
PartPackage,Part Package Name,PartPackageName,sTYPE_TEXT,Global,Yes,No,
PartPackage,Part Package RecID,PartPackageID,sTYPE_UNFORMATTED_NUMBER,Global,No,No,
PartPackage,Vendor,VendorID,sTYPE_EMPLOYER,Global,No,No,
Part,Cost,Cost,sTYPE_MONEY,Global,No,No,
Part,Maintenance Categories,CodeAssetCategoryIDList,sCODE_ASSET_CATEGORY,Global,No,No,
Part,Manufacturer,Manufacturer,sTYPE_TEXT,Global,No,No,
Part,Model Number,ModelNumber,sTYPE_TEXT,Global,No,No,
Part,Modified By,ModifiedByID,sTYPE_MEMBER,Global,No,No,
Part,Modified Date,ModifiedDate,sTYPE_TIME,Global,No,No,
Part,Order To Level,OrderToLevel,sTYPE_NUMBER,Global,No,No,
Part,Par Level,ParLevel,sTYPE_NUMBER,Global,No,No,
Part,Part ClientID,BOMapClientRecordID,sTYPE_TEXT,Global,Yes,No,
Part,Part Name,PartName,sTYPE_TEXT,Global,Yes,No,
Part,Part Photo,PartPhoto,sTYPE_PHOTO,Global,No,No,
Part,Part RecID,PartID,sTYPE_UNFORMATTED_NUMBER,Global,No,No,
Part,Quantity On Hand,QuantityOnHand,sTYPE_NUMBER,Global,No,No,
Part,Quantity On Order,QuantityOnOrder,sTYPE_NUMBER,Global,No,No,
Part,Vendor ID,VendorID,sTYPE_VENDOR,Global,No,No,
Part,Warranty Period In Days,WarrantyPeriodInDays,sTYPE_NUMBER,Global,No,No,
VirtualTemplateSchedule,Schedule Template Description,Description,sTYPE_TEXT,Global,No,No,
VirtualTemplateSchedule,Schedule Template Name,TemplateName,sTYPE_TEXT,Global,No,No,
VirtualTemplateSchedule,Schedule Template Notes,Notes,sTYPE_TEXTAREA,Global,No,No,
VirtualTemplateSchedule,Schedule Template RecID,TemplateID,sTYPE_UNFORMATTED_NUMBER,Global,No,No,
VirtualTemplateSchedule,Schedule Template Valid for Cap Program?,IsValidForCapProgram,sTYPE_BOOLEAN,Global,No,No,
VirtualTemplateSchedule,Schedule Template Valid for Cap Project?,IsValidForCapProject,sTYPE_BOOLEAN,Global,No,No,
VirtualTemplateSchedule,Schedule Template Valid for Equipment Contract?,IsValidForEquipContract,sTYPE_BOOLEAN,Global,No,No,
VirtualTemplateSchedule,Schedule Template Valid for Facility?,IsValidForFacility,sTYPE_BOOLEAN,Global,No,No,
VirtualTemplateSchedule,Schedule Template Valid for Location?,IsValidForLocation,sTYPE_BOOLEAN,Global,No,No,
VirtualTemplateSchedule,Schedule Template Valid for Open Project?,IsValidForOpenProject,sTYPE_BOOLEAN,Global,No,No,
VirtualTemplateSchedule,Schedule Template Valid for Parcel?,IsValidForParcel,sTYPE_BOOLEAN,Global,No,No,
VirtualTemplateSchedule,Schedule Template Valid for Portfolio?,IsValidForPortfolio,sTYPE_BOOLEAN,Global,No,No,
VirtualTemplateSchedule,Schedule Template Valid for Potential Project?,IsValidForPotentialProject,sTYPE_BOOLEAN,Global,No,No,
VirtualTemplateSchedule,Schedule Template Valid for Prototype?,IsValidForPrototype,sTYPE_BOOLEAN,Global,No,No,
VirtualTemplateSchedule,Schedule Template Valid for RE Contract?,IsValidForContract,sTYPE_BOOLEAN,Global,No,No,
UserClassSecurity,Budget Column Type,BudgetColumnTypeID,sTYPE_BUDGET_COLUMN_TYPE,Global,No,No,
UserClassSecurity,Dashboard Component Title,DashboardComponentTitle,sTYPE_TEXT,Global,No,No,
UserClassSecurity,Group Hierarchy,GroupHierarchyNoPrefix,sTYPE_TEXT,Global,No,No,
UserClassSecurity,Modified By,ModifiedByID,sTYPE_MEMBER,Global,No,No,
UserClassSecurity,Modified Date,ModifiedDate,sTYPE_TIME,Global,No,No,
UserClassSecurity,Name With Full Hierarchy,GroupHierarchy,sTYPE_TEXT,Global,No,No,
UserClassSecurity,Page Layout,PageLayoutID,sTYPE_PAGE_LAYOUT,Global,No,No,
UserClassSecurity,Parent Group Name,ParentGroupName,sTYPE_TEXT,Global,No,No,
UserClassSecurity,Parent Report Group,RootReportGroupDataID,sTYPE_REPORT_GROUP_DATA,Global,No,No,
UserClassSecurity,Report Group,SubReportGroupDataID,sTYPE_REPORT_GROUP_DATA,Global,No,No,
UserClassSecurity,Report Group Available Field,ReportGroupAvailableFieldID,sTYPE_REPORT_GROUP_AVAILABLE_FIELD,Global,No,No,
UserClassSecurity,Report Group Data,ReportGroupDataID,sTYPE_REPORT_GROUP_DATA,Global,No,No,
UserClassSecurity,Security Level,SecurityLevelName,sTYPE_TEXT,Global,No,No,
UserClassSecurity,Security Object Name,SecurityObjectNameText,sTYPE_TEXT,Global,No,No,
UserClassSecurity,Security Privilege,CodeSecurityPrivilegeID,sCODE_SECURITY_PRIVILEGE,Global,No,No,
UserClassSecurity,Security Type,SecurityType,sTYPE_TEXT,Global,No,No,
UserClassSecurity,SecurityLevelByteValue,SecurityLevelByteValue,sTYPE_SECURITY_LEVEL,Global,No,No,
UserClassSecurity,User Class,CodeUserClassID,sCODE_USER_CLASS,Global,Yes,No,
UserClassSecurity,User Class Security ClientID,BOMapClientRecordID,sTYPE_TEXT,Global,Yes,No,
UserClassSecurity,User Class Security RecID,UserClassSecurityID,sTYPE_UNFORMATTED_NUMBER,Global,No,No,
StateProvinceCountry,Country,Country,sTYPE_TEXT,Global,Yes,No,
StateProvinceCountry,ISO Alpha #2 Code,ISOAlpha2Code,sTYPE_TEXT,Global,Yes,No,
StateProvinceCountry,ISO Alpha #3 Code,ISOAlpha3Code,sTYPE_TEXT,Global,Yes,No,
StateProvinceCountry,Modified By,ModifiedByID,sTYPE_MEMBER,Global,No,No,
StateProvinceCountry,Modified Date,ModifiedDate,sTYPE_TIME,Global,No,No,
StateProvinceCountry,State Province Country ClientID,BOMapClientRecordID,sTYPE_TEXT,Global,Yes,No,
StateProvinceCountry,State Province Country RecID,StateProvinceCountryID,sTYPE_UNFORMATTED_NUMBER,Global,No,No,
StateProvinceCountry,State Province,StateProvince,sTYPE_TEXT,Global,Yes,No,
StateProvinceCountry,State Province Country,StateProvinceCountryName,sTYPE_TEXT,Global,No,No,
StateProvinceCountry,Tax Rate 1,TaxRate1,sTYPE_PERCENTAGE,Global,No,No,
StateProvinceCountry,Tax Rate 2,TaxRate2,sTYPE_PERCENTAGE,Global,No,No,
Firm,Capital Program Setup Page,CapProgramSetupPageLayoutID,sTYPE_PAGE_LAYOUT,Global,No,No,
Firm,Capital Project Setup Page,CapProjectSetupPageLayoutID,sTYPE_PAGE_LAYOUT,Global,No,No,
Firm,Default Folder Security,CodeDefaultFolderSecurityID,sCODE_SECURITY_TYPE,Global,Yes,No,
Firm,Equipment Contract Setup Page,EquipmentContractSetupPageLayoutID,sTYPE_PAGE_LAYOUT,Global,No,No,
Firm,Facility Setup Page,FacilitySetupPageLayoutID,sTYPE_PAGE_LAYOUT,Global,No,No,
Firm,From Email,FromEmailAddress,sTYPE_TEXT,Global,Yes,No,
Firm,JSON Configuration,JSONConfigText,sTYPE_TEXT,Global,No,No,
Firm,Location Setup Page,LocationSetupPageLayoutID,sTYPE_PAGE_LAYOUT,Global,No,No,
Firm,Modified By,ModifiedByID,sTYPE_MEMBER,Global,No,No,
Firm,Modified Date,ModifiedDate,sTYPE_TIME,Global,No,No,
Firm,Opening Project Setup Page,OpenProjectSetupPageLayoutID,sTYPE_PAGE_LAYOUT,Global,No,No,
Firm,Parcel Setup Page,ParcelSetupPageLayoutID,sTYPE_PAGE_LAYOUT,Global,No,No,
Firm,Portfolio Setup Page,PortfolioSetupPageLayoutID,sTYPE_PAGE_LAYOUT,Global,No,No,
Firm,Prototype Setup Page,PrototypeSetupPageLayoutID,sTYPE_PAGE_LAYOUT,Global,No,No,
Firm,RE Contract Setup Page,ContractSetupPageLayoutID,sTYPE_PAGE_LAYOUT,Global,No,No,
Firm,Service Channel FirmID,SvcChannelFirmID,sTYPE_TEXT,Global,No,No,
Firm,Site Setup Page,SiteSetupPageLayoutID,sTYPE_PAGE_LAYOUT,Global,No,No,
TemplateAudit,Applied Date,AppliedDate,sTYPE_TIME,Global,Yes,No,
TemplateAudit,Budget Template,BudgetEntityTemplateID,sTYPE_BUDGET_TEMPLATE,Global,No,No,
TemplateAudit,Copy Folder Structure?,CopyFolderStructure,sTYPE_CHECKBOX,Global,No,No,
TemplateAudit,Created By,CreatedByID,sTYPE_MEMBER,Global,No,No,
TemplateAudit,Created Date,CreatedDate,sTYPE_TIME,Global,No,No,
TemplateAudit,Entity Template,EntityTemplateID,sTYPE_ENTITY_TEMPLATE,Global,Yes,No,
TemplateAudit,Entity Template Type,EntityTemplateTypeName,sTYPE_TEXT,Global,No,No,
TemplateAudit,Folder Template,FolderEntityTemplateID,sTYPE_FOLDER_TEMPLATE,Global,No,No,
TemplateAudit,Folder Template Action List,CodeFolderActionIDList,sCODE_FOLDER_TEMPLATE_ACTION,Global,No,No,
TemplateAudit,Modified By,ModifiedByID,sTYPE_MEMBER,Global,No,No,
TemplateAudit,Modified Date,ModifiedDate,sTYPE_TIME,Global,No,No,
TemplateAudit,Rev Number,RevNumber,sTYPE_UNFORMATTED_NUMBER,Global,No,No,
TemplateAudit,Schedule End Date,ScheduleEndDate,sTYPE_DATE,Global,No,No,
TemplateAudit,Schedule Start Date,ScheduleStartDate,sTYPE_DATE,Global,No,No,
TemplateAudit,Task Template,TaskEntityTemplateID,sTYPE_TASK_TEMPLATE,Global,No,No,
TemplateAudit,Template Audit ClientID,BOMapClientRecordID,sTYPE_TEXT,Global,Yes,No,
TemplateAudit,Template Audit RecID,TemplateAuditID,sTYPE_UNFORMATTED_NUMBER,Global,No,No,
VendorInsurance,Aggregate Occurrence Amt,AggregateOccurrenceAmt,sTYPE_MONEY,Global,No,No,
VendorInsurance,Begin Date,BeginDate,sTYPE_DATE,Global,No,No,
VendorInsurance,Created By,CreatedByID,sTYPE_MEMBER,Global,No,No,
VendorInsurance,Created Date,CreatedDate,sTYPE_TIME,Global,No,No,
VendorInsurance,End Date,EndDate,sTYPE_DATE,Global,No,No,
VendorInsurance,Insurance Policy Type,CodeInsurancePolicyTypeID,sCODE_INSURANCE_POLICY_TYPE,Global,No,No,
VendorInsurance,Modified By,ModifiedByID,sTYPE_MEMBER,Global,No,No,
VendorInsurance,Modified Date,ModifiedDate,sTYPE_TIME,Global,No,No,
VendorInsurance,Policy,Policy,sTYPE_TEXTAREA,Global,No,No,
VendorInsurance,Rev Number,RevNumber,sTYPE_UNFORMATTED_NUMBER,Global,No,No,
VendorInsurance,Single Occurrence Amt,SingleOccurrenceAmt,sTYPE_MONEY,Global,No,No,
VendorInsurance,Vendor,VendorID,sTYPE_EMPLOYER,Global,Yes,No,
VendorInsurance,Vendor Insurance ClientID,BOMapClientRecordID,sTYPE_TEXT,Global,Yes,No,
VendorInsurance,Vendor Insurance RecID,VendorInsuranceID,sTYPE_UNFORMATTED_NUMBER,Global,No,No,
VendorInsurance,Verified Date,VerifiedDate,sTYPE_DATE,Global,No,No,
WorkFlowTemplate,Active Layout,PageLayoutID,sTYPE_FORM_PAGE_LAYOUT,Global,No,No,
WorkFlowTemplate,Associated Task,TaskName,sTYPE_TEXT,Global,No,No,
WorkFlowTemplate,Auto Assign Initiator as Ad Hoc Assignee,AutoAssignInitiator,sTYPE_BOOLEAN,Global,Yes,No,
WorkFlowTemplate,Collaborator Job Title List,CollaboratorJobTitleIDList,sCODE_JOB_TITLE,Global,No,No,
WorkFlowTemplate,Created By,CreatedByID,sTYPE_MEMBER,Global,No,No,
WorkFlowTemplate,Created Date,CreatedDate,sTYPE_TIME,Global,No,No,
WorkFlowTemplate,Default Work Flow Priority,DefaultWFCodePriorityID,sCODE_PRIORITY,Global,Yes,No,
WorkFlowTemplate,Description,Description,sTYPE_TEXT,Global,No,No,
WorkFlowTemplate,Description of KickOff,KickOffDescription,sTYPE_TEXT,Global,No,No,
WorkFlowTemplate,Enable Vendor Collaboration,EnableVendorCollaboration,sTYPE_BOOLEAN,Global,Yes,No,
WorkFlowTemplate,Javascript Source Code,IsEnabledLxJSCode,sTYPE_TEXTAREA,Global,No,No,
WorkFlowTemplate,Kick-off Method,KickOffMethod,sTYPE_TEXT,Global,No,No,
WorkFlowTemplate,Limit By Entity?,LimitByEntity,sTYPE_BOOLEAN,Global,Yes,No,
WorkFlowTemplate,Modified By,ModifiedByID,sTYPE_MEMBER,Global,No,No,
WorkFlowTemplate,Modified Date,ModifiedDate,sTYPE_TIME,Global,No,No,
WorkFlowTemplate,Notify All Approvers When Complete?,NotifyAllApproversComplete,sTYPE_BOOLEAN,Global,Yes,No,
WorkFlowTemplate,Notify All Assignees When Complete?,NotifyAllAssigneesComplete,sTYPE_BOOLEAN,Global,Yes,No,
WorkFlowTemplate,Notify Initiator When Complete?,NotifyInitiatorComplete,sTYPE_BOOLEAN,Global,Yes,No,
WorkFlowTemplate,Rev Number,RevNumber,sTYPE_NUMBER,Global,No,No,
WorkFlowTemplate,Status Change ID,StatusChangeID,sTYPE_UNFORMATTED_NUMBER,Global,No,No,
WorkFlowTemplate,Status Change Type,StatusChangeType,sTYPE_UNFORMATTED_NUMBER,Global,No,No,
WorkFlowTemplate,Work Flow Kick-off Record,KickOffID,sTYPE_UNFORMATTED_NUMBER,Global,No,No,
WorkFlowTemplate,Work Flow Template ClientID,BOMapClientRecordID,sTYPE_TEXT,Global,Yes,No,
WorkFlowTemplate,Work Flow Template Name,WorkFlowTemplateName,sTYPE_TEXT,Global,Yes,No,
WorkFlowTemplate,Work Flow Template RecID,WorkFlowTemplateID,sTYPE_UNFORMATTED_NUMBER,Global,No,No,
WorkFlowTemplateStep,Approver Job Title List,ApproverJobTitleIDList,sCODE_JOB_TITLE,Global,No,No,
WorkFlowTemplateStep,Approver Member List,ApproverMemberIDList,sTYPE_MEMBER,Global,No,No,
WorkFlowTemplateStep,Approver Type,ApproverType,sTYPE_UNFORMATTED_NUMBER,Global,No,No,
WorkFlowTemplateStep,Approver User Class List,ApproverUserClassIDList,sCODE_USER_CLASS,Global,No,No,
WorkFlowTemplateStep,Assignee Job Title List,AssigneeJobTitleIDList,sCODE_JOB_TITLE,Global,No,No,
WorkFlowTemplateStep,Assignee Member List,AssigneeMemberIDList,sTYPE_MEMBER,Global,No,No,
WorkFlowTemplateStep,Assignee Type,AssigneeType,sTYPE_UNFORMATTED_NUMBER,Global,No,No,
WorkFlowTemplateStep,Assignee User Class List,AssigneeUserClassIDList,sCODE_USER_CLASS,Global,No,No,
WorkFlowTemplateStep,Associated Task Name,TaskName,sTYPE_TEXT,Global,No,No,
WorkFlowTemplateStep,At Complete Approver 1 ID,RunAtCompleteApprover1ID,sTYPE_MEMBER,Global,No,No,
WorkFlowTemplateStep,At Complete Approver 2 ID,RunAtCompleteApprover2ID,sTYPE_MEMBER,Global,No,No,
WorkFlowTemplateStep,At Complete Scheduled Job 1 ID,runAtCompleteScheduledJob1ID,sTYPE_UNFORMATTED_NUMBER,Global,No,No,
WorkFlowTemplateStep,At Complete Scheduled Job 2 ID,runAtCompleteScheduledJob2ID,sTYPE_UNFORMATTED_NUMBER,Global,No,No,
WorkFlowTemplateStep,At Start Approver 1 ID,RunAtStartApprover1ID,sTYPE_MEMBER,Global,No,No,
WorkFlowTemplateStep,At Start Approver 2 ID,RunAtStartApprover2ID,sTYPE_MEMBER,Global,No,No,
WorkFlowTemplateStep,At Start Scheduled Job 1 ID,runAtStartScheduledJob1ID,sTYPE_UNFORMATTED_NUMBER,Global,No,No,
WorkFlowTemplateStep,At Start Scheduled Job 2 ID,runAtStartScheduledJob2ID,sTYPE_UNFORMATTED_NUMBER,Global,No,No,
WorkFlowTemplateStep,Automatically Adjust Task Dates to WF Step,AutoAdjustTaskDates,sTYPE_BOOLEAN,Global,Yes,No,
WorkFlowTemplateStep,Automatically Transition to Next Step,AutoLaunchNextStep,sTYPE_BOOLEAN,Global,Yes,No,
WorkFlowTemplateStep,Cancel Task When Step is Canceled,SetTaskCanceled,sTYPE_BOOLEAN,Global,Yes,No,
WorkFlowTemplateStep,Created By,CreatedByID,sTYPE_MEMBER,Global,No,No,
WorkFlowTemplateStep,Created Date,CreatedDate,sTYPE_TIME,Global,No,No,
WorkFlowTemplateStep,Days Until Alert Approvers,DaysUntilAlertApprovers,sTYPE_NUMBER,Global,No,No,
WorkFlowTemplateStep,Days Until Alert Assignees,DaysUntilAlertAssignees,sTYPE_NUMBER,Global,No,No,
WorkFlowTemplateStep,Days Until Notification,DaysUntilNotification,sTYPE_NUMBER,Global,No,No,
WorkFlowTemplateStep,Days Until Warn Approvers,DaysUntilWarnApprovers,sTYPE_NUMBER,Global,No,No,
WorkFlowTemplateStep,Days Until Warn Assignees,DaysUntilWarnAssignees,sTYPE_NUMBER,Global,No,No,
WorkFlowTemplateStep,Description,Description,sTYPE_TEXTAREA,Global,No,No,
WorkFlowTemplateStep,Is a Form Step (vs Task Step),IsFormStep,sTYPE_BOOLEAN,Global,No,No,
WorkFlowTemplateStep,Layout To Use With Approvers,PageLayoutApproversID,sTYPE_FORM_PAGE_LAYOUT,Global,No,No,
WorkFlowTemplateStep,Layout To Use With Assignees,PageLayoutAssigneesID,sTYPE_FORM_PAGE_LAYOUT,Global,No,No,
WorkFlowTemplateStep,Mark Task In Progress When Step Starts,SetTaskInProcess,sTYPE_BOOLEAN,Global,Yes,No,
WorkFlowTemplateStep,Modified By,ModifiedByID,sTYPE_MEMBER,Global,No,No,
WorkFlowTemplateStep,Modified Date,ModifiedDate,sTYPE_TIME,Global,No,No,
WorkFlowTemplateStep,Notifiee Job Title List,NotifieeJobTitleIDList,sCODE_JOB_TITLE,Global,No,No,
WorkFlowTemplateStep,Notifiee Member List,NotifieeMemberIDList,sTYPE_MEMBER,Global,No,No,
WorkFlowTemplateStep,Notifiee Type,NotifieeType,sTYPE_UNFORMATTED_NUMBER,Global,No,No,
WorkFlowTemplateStep,Notifiee User Class List,NotifieeUserClassIDList,sCODE_USER_CLASS,Global,No,No,
WorkFlowTemplateStep,Notify Step Approvers When Started,NotifyStepApproversStarted,sTYPE_BOOLEAN,Global,Yes,No,
WorkFlowTemplateStep,Notify Step Assignees When Started,NotifyStepAssigneesStarted,sTYPE_BOOLEAN,Global,Yes,No,
WorkFlowTemplateStep,Number of Days for Approvers to Act,DurationDaysApprovers,sTYPE_NUMBER,Global,No,No,
WorkFlowTemplateStep,Number of Days For Assignees to Act,DurationDaysAssignees,sTYPE_NUMBER,Global,No,No,
WorkFlowTemplateStep,Reassign Approvers Job Title List,ReassignApproversJobTitleIDList,sCODE_JOB_TITLE,Global,No,No,
WorkFlowTemplateStep,Reassign Assignees Job Title List,ReassignAssigneesJobTitleIDList,sCODE_JOB_TITLE,Global,No,No,
WorkFlowTemplateStep,Relative Priority,Priority,sTYPE_NUMBER,Global,No,No,
WorkFlowTemplateStep,Requires Approvers?,ComputedRequiresApprovers,sTYPE_BOOLEAN,Global,No,No,
WorkFlowTemplateStep,Requires Assignees?,ComputedRequiresAssignees,sTYPE_BOOLEAN,Global,No,No,
WorkFlowTemplateStep,Rev Number,RevNumber,sTYPE_NUMBER,Global,No,No,
WorkFlowTemplateStep,Should Alert Approvers?,EMailAlertApprovers,sTYPE_BOOLEAN,Global,No,No,
WorkFlowTemplateStep,Should Email Assignees?,EMailAlertAssignees,sTYPE_BOOLEAN,Global,No,No,
WorkFlowTemplateStep,Should Send Email?,EnableForEMail,sTYPE_BOOLEAN,Global,No,No,
WorkFlowTemplateStep,Step Enabled for Dashboard,EnableForDashboard,sTYPE_BOOLEAN,Global,No,No,
WorkFlowTemplateStep,Step Name,WorkFlowTemplateStepName,sTYPE_TEXT,Global,Yes,No,
WorkFlowTemplateStep,Step Number,StepNumber,sTYPE_UNFORMATTED_NUMBER,Global,Yes,No,
WorkFlowTemplateStep,Text of Email to Send,EMailMessage,sTYPE_TEXTAREA,Global,No,No,
WorkFlowTemplateStep,Unassigned Approver,UnassignedApproverID,sTYPE_MEMBER,Global,No,No,
WorkFlowTemplateStep,Work Flow Template,WorkFlowTemplateID,sTYPE_WORK_FLOW_TEMPLATE,Global,Yes,No,
WorkFlowTemplateStep,Work Flow Template Step ClientID,BOMapClientRecordID,sTYPE_TEXT,Global,Yes,No,
WorkFlowTemplateStep,Work Flow Template Step RecID,WorkFlowTemplateStepID,sTYPE_UNFORMATTED_NUMBER,Global,No,No,
WorkFlowTemplateStepAction,Action Comment,ActionComment,sTYPE_TEXTAREA,Global,No,No,
WorkFlowTemplateStepAction,Action Name,WorkFlowTemplateStepActionName,sTYPE_TEXT,Global,Yes,No,
WorkFlowTemplateStepAction,Action Should Close Work Flow?,CloseWorkFlow,sTYPE_BOOLEAN,Global,Yes,No,
WorkFlowTemplateStepAction,Action Should Disable Edit?,DisableEditAfterDecision,sTYPE_BOOLEAN,Global,Yes,No,
WorkFlowTemplateStepAction,Action Should Move to Next Step Number,MoveToStepNumber,sTYPE_UNFORMATTED_NUMBER,Global,No,No,
WorkFlowTemplateStepAction,Action Should Restart the Step?,RestartStep,sTYPE_BOOLEAN,Global,Yes,No,
WorkFlowTemplateStepAction,Apply FIFO Pay App Validation,FifoPayApp,sTYPE_BOOLEAN,Global,No,No,
WorkFlowTemplateStepAction,Auto Clear Amounts,AutoClearAmounts,sTYPE_BOOLEAN,Global,No,No,
WorkFlowTemplateStepAction,Auto Copy Amounts,AutoCopyAmounts,sTYPE_BOOLEAN,Global,No,No,
WorkFlowTemplateStepAction,Bid Award Approval Status,bidAwdApCodeLastActionStatusID,sCODE_LAST_ACTION_STATUS,Global,No,No,
WorkFlowTemplateStepAction,Created By,CreatedByID,sTYPE_MEMBER,Global,No,No,
WorkFlowTemplateStepAction,Created Date,CreatedDate,sTYPE_TIME,Global,No,No,
WorkFlowTemplateStepAction,Description,Description,sTYPE_TEXTAREA,Global,No,No,
WorkFlowTemplateStepAction,Generate Purchase Order Line Sequence Number,GenPurchOrderLineSeqNum,sTYPE_BOOLEAN,Global,No,No,
WorkFlowTemplateStepAction,Is Approval Action?,IsApprovalAction,sTYPE_BOOLEAN,Global,Yes,No,
WorkFlowTemplateStepAction,Javascript Source Code,IsEnabledLxJSCode,sTYPE_TEXTAREA,Global,No,No,
WorkFlowTemplateStepAction,Kick Off Description,KickOffDescription,sTYPE_TEXT,Global,No,No,
WorkFlowTemplateStepAction,Kick Off Work Flow Template,KickOffWorkFlowTemplateID,sTYPE_WORK_FLOW_TEMPLATE,Global,No,No,
WorkFlowTemplateStepAction,Kick Off Work Flow Template Trigger,KickOffTargetWFTemplateID,sTYPE_UNFORMATTED_NUMBER,Global,No,No,
WorkFlowTemplateStepAction,Last Action Status,CodeLastActionStatusID,sCODE_LAST_ACTION_STATUS,Global,No,No,
WorkFlowTemplateStepAction,Modified By,ModifiedByID,sTYPE_MEMBER,Global,No,No,
WorkFlowTemplateStepAction,Modified Date,ModifiedDate,sTYPE_TIME,Global,No,No,
WorkFlowTemplateStepAction,Notify Initiator on Complete?,NotifyInitiatorComplete,sTYPE_BOOLEAN,Global,Yes,No,
WorkFlowTemplateStepAction,Notify Prior Approvers on Complete?,NotifyPriorApproversComplete,sTYPE_BOOLEAN,Global,Yes,No,
WorkFlowTemplateStepAction,Notify Prior Assignees on Complete?,NotifyPriorAssigneesComplete,sTYPE_BOOLEAN,Global,Yes,No,
WorkFlowTemplateStepAction,Notify Step Approvers on Complete?,NotifyStepApproversComplete,sTYPE_BOOLEAN,Global,Yes,No,
WorkFlowTemplateStepAction,Notify Step Assignees on Complete?,NotifyStepAssigneesComplete,sTYPE_BOOLEAN,Global,Yes,No,
WorkFlowTemplateStepAction,Pass Adhoc Assignee To New Work Flow?,PassAdhocToNewWF,sTYPE_BOOLEAN,Global,Yes,No,
WorkFlowTemplateStepAction,Pass Priority To New Work Flow?,PassPriorityToNewWF,sTYPE_BOOLEAN,Global,Yes,No,
WorkFlowTemplateStepAction,Require All Approvers?,RequireAllApprovers,sTYPE_CHECKBOX,Global,Yes,No,
WorkFlowTemplateStepAction,Require Approver Signature,RequireApproverSig,sTYPE_BOOLEAN,Global,No,No,
WorkFlowTemplateStepAction,Rev Number,RevNumber,sTYPE_NUMBER,Global,No,No,
WorkFlowTemplateStepAction,Send Payment Info?,SendPaymentInfo,sTYPE_BOOLEAN,Global,Yes,No,
WorkFlowTemplateStepAction,WF Step Action Entity,ProjectEntityID,sTYPE_PROJECT_ENTITY,Global,No,No,
WorkFlowTemplateStepAction,Work Flow Template Kick Off,WorkFlowTemplateKickOffID,sTYPE_UNFORMATTED_NUMBER,Global,No,No,
WorkFlowTemplateStepAction,Work Flow Template Step,WorkFlowTemplateStepID,sTYPE_WORK_FLOW_TEMPLATE_STEP,Global,No,No,
WorkFlowTemplateStepAction,Work Flow Template Step Action ClientID,BOMapClientRecordID,sTYPE_TEXT,Global,Yes,No,
WorkFlowTemplateStepAction,Work Flow Template Step Action RecID,WorkFlowTemplateStepActionID,sTYPE_UNFORMATTED_NUMBER,Global,No,No,
Complex,Modified By,ModifiedByID,sTYPE_MEMBER,Global,No,No,
Complex,Modified Date,ModifiedDate,sTYPE_TIME,Global,No,No,
Complex,Building Area Unit,CodeBuildingAreaUnitID,sCODE_BUILDING_AREA_UNIT,Global,No,No,
Complex,City,City,sTYPE_TEXT,Global,No,No,
Complex,Client Number,ClientNumber,sTYPE_TEXT,Global,No,No,
Complex,Complex Class,CodeComplexClassID,sCODE_BUILDING_CLASS,Global,No,No,
Complex,Complex ClientID,BOMapClientRecordID,sTYPE_TEXT,Global,Yes,No,
Complex,Complex Name,ComplexName,sTYPE_TEXT,Global,Yes,No,
Complex,Complex RecID,ComplexID,sTYPE_UNFORMATTED_NUMBER,Global,No,No,
Complex,Complex Status,CodeComplexStatusID,sCODE_COMPLEX_STATUS,Global,No,No,
Complex,Complex Type,CodeComplexTypeID,sCODE_COMPLEX_TYPE,Global,No,No,
Complex,Country,CountryID,sTYPE_COUNTRY,Global,No,No,
Complex,Developer,DeveloperID,sTYPE_PERSON,Global,No,No,
Complex,Expansion Plan Date,ExpansionPlanDate,sTYPE_DATE,Global,No,No,
Complex,GLA Excluding Anchors,GLAExcludingAnchors,sTYPE_AREA,Global,No,No,
Complex,Gross Lease Area,GrossLeaseArea,sTYPE_AREA,Global,No,No,
Complex,Has Food Court?,HasFoodCourt,sTYPE_CHECKBOX,Global,No,No,
Complex,Hours Of Operation,HoursOfOperation,sTYPE_TEXTAREA,Global,No,No,
Complex,Is Enclosed?,IsEnclosed,sTYPE_CHECKBOX,Global,No,No,
Complex,Is Expansion Planned?,IsExpansionPlanned,sTYPE_CHECKBOX,Global,No,No,
Complex,Is Renovation Planned?,IsRenovationPlanned,sTYPE_CHECKBOX,Global,No,No,
Complex,Is Space Available?,IsSpaceAvailable,sTYPE_CHECKBOX,Global,No,No,
Complex,Jurisdiction,JurisdictionID,sTYPE_JURISDICTION,Global,No,No,
Complex,Landlord,LandlordID,sTYPE_PERSON,Global,No,No,
Complex,Last Renovated,LastRenovated,sTYPE_TEXT,Global,No,No,
Complex,Nearest Competition,NearestCompetition,sTYPE_TEXT,Global,No,No,
Complex,Notable Tenants,NotableTenants,sTYPE_TEXTAREA,Global,No,No,
Complex,Notes,Notes,sTYPE_TEXTAREA,Global,No,No,
Complex,Number Levels,NumberLevels,sTYPE_NUMBER,Global,No,No,
Complex,Number Outparcels,NumberOutparcels,sTYPE_NUMBER,Global,No,No,
Complex,Number Parking Spaces,NumberParkingSpaces,sTYPE_NUMBER,Global,No,No,
Complex,Number Stores,NumberStores,sTYPE_NUMBER,Global,No,No,
Complex,Occupancy Percentage,OccupancyPercentage,sTYPE_PERCENTAGE,Global,No,No,
Complex,Phone,Phone,sTYPE_TEXT,Global,No,No,
Complex,Postal Code,PostalCode,sTYPE_POSTALCODE,Global,No,No,
Complex,Property Manager,PropertyManagerID,sTYPE_PERSON,Global,No,No,
Complex,Renovation Plan Date,RenovationPlanDate,sTYPE_DATE,Global,No,No,
Complex,Sales Per Area,SalesPerArea,sTYPE_MONEY,Global,No,No,
Complex,State,IStateProvinceCountryID,sTYPE_STATE_PROVINCE,Global,No,No,
Complex,Street Address #1,StreetAddress1,sTYPE_TEXT,Global,No,No,
Complex,Street Address #2,StreetAddress2,sTYPE_TEXT,Global,No,No,
Complex,Street Address #3,StreetAddress3,sTYPE_TEXT,Global,No,No,
Complex,Street Address #4,StreetAddress4,sTYPE_TEXT,Global,No,No,
Complex,Vacancy Rate,VacancyRate,sTYPE_PERCENTAGE,Global,No,No,
Complex,Year Built,YearBuilt,sTYPE_UNFORMATTED_NUMBER,Global,No,No,
ContractFinancialTest,Accounting Begin Date,Topic842BeginDate,sTYPE_DATE,Global,No,No,
ContractFinancialTest,Accounting End Date,Topic842EndDate,sTYPE_DATE,Global,No,No,
ContractFinancialTest,Accounting Method,CodeAccountingMethodID,sCODE_ACCOUNTING_METHOD,Global,No,No,
ContractFinancialTest,ASC 842 Aggregate Value Of Lease,ASC842CalcAggValueOfLease,sTYPE_MONEY,Global,No,No,
ContractFinancialTest,ASC 842 Aggregate Value Of Lease Before Adjustments,ASC842CalcAggValOfLeaseNoAdj,sTYPE_MONEY,Global,No,No,
ContractFinancialTest,ASC 842 Initial Asset Balance,ASC842InitialAssetBalance,sTYPE_MONEY_MATH_OPERATION,Global,No,No,
ContractFinancialTest,ASC 842 Initial Liability Balance,ASC842InitialLiabilityBalance,sTYPE_MONEY_MATH_OPERATION,Global,No,No,
ContractFinancialTest,ASC 842 Net Lease Liability Balance,ASC842NetLeaseLiabilityBalance,sTYPE_MONEY_MATH_OPERATION,Global,No,No,
ContractFinancialTest,ASC 842 PV Of Financial Terms,ASC842CalcPVOfFinancialTerms,sTYPE_MONEY,Global,No,No,
ContractFinancialTest,ASC 842 PV Of Financial Terms Before Adjustments,ASC842CalcPVOfFinTermsNoAdj,sTYPE_MONEY,Global,No,No,
ContractFinancialTest,ASC 842 Schedule,CodeASC842ScheduleID,sCODE_ASC842_SCHEDULE,Global,No,No,
ContractFinancialTest,Asset Type Tested,CodeAssetTypeTestID,sCODE_ASSET_TYPE_TEST,Global,No,No,
ContractFinancialTest,Cancellation Option Amount,CancellationOptionAmount,sTYPE_MONEY,Global,No,No,
Contract,Contract Discount Rate,DiscountRate,sTYPE_PERCENTAGE,Global,No,No,
ContractFinancialTest,Discount Rate,DiscountRate,sTYPE_PERCENTAGE,Global,No,No,
ContractFinancialTest,Dismantling / Restoring Cost Amount,DismantlingStorageCostAmount,sTYPE_MONEY,Global,No,No,
ContractFinancialTest,Dismantling / Restoring Cost Desc,DismantlingStorageCostDesc,sTYPE_TEXT,Global,No,No,
ContractFinancialTest,IFRS 16 Aggregate Value Of Lease,IFRS16CalcAggValueOfLease,sTYPE_MONEY,Global,No,No,
ContractFinancialTest,IFRS 16 Aggregate Value Of Lease Before Adjustments,IFRS16CalcAggValOfLeaseNoAdj,sTYPE_MONEY,Global,No,No,
ContractFinancialTest,IFRS 16 Initial Asset Balance,IFRS16InitialAssetBalance,sTYPE_MONEY_MATH_OPERATION,Global,No,No,
ContractFinancialTest,IFRS 16 Initial Liability Balance,IFRS16InitialLiabilityBalance,sTYPE_MONEY_MATH_OPERATION,Global,No,No,
ContractFinancialTest,IFRS 16 Net Lease Liability Balance,IFRS16NetLeaseLiabilityBalance,sTYPE_MONEY_MATH_OPERATION,Global,No,No,
ContractFinancialTest,IFRS 16 PV Of Financial Terms,IFRS16CalcPVOfFinancialTerms,sTYPE_MONEY,Global,No,No,
ContractFinancialTest,IFRS 16 PV Of Financial Terms Before Adjustments,IFRS16CalcPVOfFinTermsNoAdj,sTYPE_MONEY,Global,No,No,
ContractFinancialTest,IFRS 16 Schedule Selector,CodeIFRS16ScheduleID,sCODE_IFRS16_SCHEDULE,Global,No,No,
ContractFinancialTest,Impairments Amount,ImpairmentsAmount,sTYPE_MONEY,Global,No,No,
ContractFinancialTest,Impairments Description,ImpairmentsDesc,sTYPE_TEXT,Global,No,No,
ContractFinancialTest,Initial Direct Costs Amount,InitialDirectCostsAmount,sTYPE_MONEY,Global,No,No,
ContractFinancialTest,Initial Direct Costs Description,InitialDirectCostsDesc,sTYPE_TEXT,Global,No,No,
ContractFinancialTest,Lease Incentives Amount,LeaseIncentivesAmount,sTYPE_MONEY,Global,No,No,
ContractFinancialTest,Lease Incentives Description,LeaseIncentivesDesc,sTYPE_TEXT,Global,No,No,
ContractFinancialTest,Other Adjustments Description,PVOfOtherAdjustmentsDesc,sTYPE_TEXT,Global,No,No,
ContractFinancialTest,Pre-Commencement Payments Amount,PreCommencePayAmount,sTYPE_MONEY,Global,No,No,
ContractFinancialTest,Pre-Commencement Payments Description,PreCommencePayDesc,sTYPE_TEXT,Global,No,No,
ContractFinancialTest,Purchase Option Amount,PurchaseOptionAmount,sTYPE_MONEY,Global,No,No,
ContractFinancialTest,PV Of Cancellation Option,PVOfCancellationOption,sTYPE_MONEY,Global,No,No,
ContractFinancialTest,PV Of Financial Terms With Adjustments,PVOfFinancialTermsWithAdjustments,sTYPE_MONEY_MATH_OPERATION,Global,No,No,
ContractFinancialTest,PV Of Other Adjustments,PVOfOtherAdjustments,sTYPE_MONEY,Global,No,No,
ContractFinancialTest,PV Of Purchase Option,PVOfPurchaseOption,sTYPE_MONEY,Global,No,No,
ContractFinancialTest,PV Of Residual Value Guarantees,PVOfResidualValueGuarantees,sTYPE_MONEY,Global,No,No,
ContractFinancialTest,PV Of Structuring Costs,PVOfStructuringCosts,sTYPE_MONEY,Global,No,No,
ContractFinancialTest,Residual Value Guarantees,ResidualValueGuarantees,sTYPE_MONEY,Global,No,No,
ContractFinancialTest,Structuring Costs Description,PVOfStructuringCostsDesc,sTYPE_TEXT,Global,No,No,
AcctingAssumptionAdjust,Accounting Assumption Adjustment Secondary Rent Schedule Allocation Percent,SecondaryRentSchedAllocPercent,sTYPE_PERCENTAGE,Global,No,No,
AcctingAssumptionAdjust,Accting Assumption Adjust ClientID,BOMapClientRecordID,sTYPE_TEXT,Global,Yes,No,
AcctingAssumptionAdjust,Accting Assumption Adjust RecID,AcctingAssumptionAdjustID,sTYPE_UNFORMATTED_NUMBER,Global,No,No,
AcctingAssumptionAdjust,Adjustment Percent,AdjustmentPercent,sTYPE_PERCENTAGE,Global,No,No,
AcctingAssumptionAdjust,Annual Amount,AnnualAmount,sTYPE_MONEY,Global,Yes,No,
AcctingAssumptionAdjust,ASC 842 Schedule,CodeASC842ScheduleID,sCODE_ASC842_SCHEDULE,Global,No,No,
AcctingAssumptionAdjust,Begin Date,BeginDate,sTYPE_DATE,Global,Yes,No,
AcctingAssumptionAdjust,Contract,ContractID,sTYPE_CONTRACT,Global,Yes,No,
AcctingAssumptionAdjust,End Date,EndDate,sTYPE_DATE,Global,Yes,No,
AcctingAssumptionAdjust,Expense Setup,ExpenseSetupID,sTYPE_EXPENSE_SETUP,Global,No,No,
AcctingAssumptionAdjust,First Payment Amount,FirstPaymentAmount,sTYPE_MONEY,Global,No,No,
AcctingAssumptionAdjust,Frequency,CodeFrequencyID,sCODE_FREQUENCY,Global,No,No,
AcctingAssumptionAdjust,IFRS 16 Schedule,CodeIFRS16ScheduleID,sCODE_IFRS16_SCHEDULE,Global,No,No,
AcctingAssumptionAdjust,Last Payment Amount,LastPaymentAmount,sTYPE_MONEY,Global,No,No,
AcctingAssumptionAdjust,Notes,Notes,sTYPE_TEXTAREA,Global,No,No,
AcctingAssumptionAdjust,Payment Amount,PaymentAmount,sTYPE_MONEY,Global,Yes,No,
AcctingAssumptionAdjust,Payment Rate,PaymentRate,sTYPE_MONEY,Global,No,No,
AcctingAssumptionAdjust,Proration Method,CodeProrationMethodID,sCODE_PRORATION_METHOD,Global,No,No,
AccrualTransaction,Account Number #1,AccountNumber1,sTYPE_TEXT,Global,No,No,
AccrualTransaction,Account Number #2,AccountNumber2,sTYPE_TEXT,Global,No,No,
AccrualTransaction,Account Number #3,AccountNumber3,sTYPE_TEXT,Global,No,No,
AccrualTransaction,Account Number #4,AccountNumber4,sTYPE_TEXT,Global,No,No,
AccrualTransaction,Account Number #5,AccountNumber5,sTYPE_TEXT,Global,No,No,
AccrualTransaction,Account Number #6,AccountNumber6,sTYPE_TEXT,Global,No,No,
AccrualTransaction,Account Number #7,AccountNumber7,sTYPE_TEXT,Global,No,No,
AccrualTransaction,Account Number #8,AccountNumber8,sTYPE_TEXT,Global,No,No,
AccrualTransaction,Accrual Message,AccrualMessage,sTYPE_TEXT,Global,No,No,
AccrualTransaction,Accrual Transaction ClientID,BOMapClientRecordID,sTYPE_TEXT,Global,Yes,No,
AccrualTransaction,Accrual Transaction RecID,AccrualTransactionID,sTYPE_UNFORMATTED_NUMBER,Global,No,No,
AccrualTransaction,AP Export Base Number,APExportBaseNumber,sTYPE_TEXT,Global,No,No,
AccrualTransaction,AP Export Prepaid Number,APExportPrepaidNumber,sTYPE_TEXT,Global,No,No,
AccrualTransaction,Contract,ContractID,sTYPE_CONTRACT,Global,Yes,No,
AccrualTransaction,Created By,CreatedByID,sTYPE_MEMBER,Global,No,No,
AccrualTransaction,Created Date,CreatedDate,sTYPE_TIME,Global,No,No,
AccrualTransaction,Currency Type,CodeCurrencyTypeID,sCODE_CURRENCY_TYPE,Global,No,No,
AccrualTransaction,Description,Description,sTYPE_TEXT,Global,No,No,
AccrualTransaction,Exp Accrual Acct #1 Number,ExpAccrualAcct1Number,sTYPE_TEXT,Global,No,No,
AccrualTransaction,Exp Accrual Acct #2 Number,ExpAccrualAcct2Number,sTYPE_TEXT,Global,No,No,
AccrualTransaction,Exp Accrual Acct #3 Number,ExpAccrualAcct3Number,sTYPE_TEXT,Global,No,No,
AccrualTransaction,Exp Accrual Acct #4 Number,ExpAccrualAcct4Number,sTYPE_TEXT,Global,No,No,
AccrualTransaction,Expense Accrual Setup,ExpenseAccrualSetupID,sTYPE_EXPENSE_ACCRUAL_SETUP,Global,No,No,
AccrualTransaction,Expense Category,CodeExpenseCategoryID,sCODE_EXPENSE_CATEGORY,Global,No,No,
AccrualTransaction,Expense Group,CodeExpenseGroupID,sCODE_EXPENSE_GROUP,Global,No,No,
AccrualTransaction,Expense Type,CodeExpenseTypeID,sCODE_EXPENSE_TYPE,Global,No,No,
AccrualTransaction,Hold?,HoldFlag,sTYPE_CHECKBOX,Global,No,No,
AccrualTransaction,Modified By,ModifiedByID,sTYPE_MEMBER,Global,No,No,
AccrualTransaction,Modified Date,ModifiedDate,sTYPE_TIME,Global,No,No,
AccrualTransaction,Notes,Notes,sTYPE_TEXTAREA,Global,No,No,
AccrualTransaction,Organization,OrganizationID,sTYPE_ORGANIZATION,Global,No,No,
AccrualTransaction,Percent Rent Accrual Acct #1,PercentRentAccrualAcct1Number,sTYPE_TEXT,Global,No,No,
AccrualTransaction,Percent Rent Accrual Acct #2,PercentRentAccrualAcct2Number,sTYPE_TEXT,Global,No,No,
AccrualTransaction,Percent Rent Accrual Acct #3,PercentRentAccrualAcct3Number,sTYPE_TEXT,Global,No,No,
AccrualTransaction,Percent Rent Accrual Acct #4,PercentRentAccrualAcct4Number,sTYPE_TEXT,Global,No,No,
AccrualTransaction,Period Amount,PeriodAmount,sTYPE_MONEY,Global,No,No,
AccrualTransaction,Period Begin Date,PeriodBeginDate,sTYPE_DATE,Global,No,No,
AccrualTransaction,Period End Date,PeriodEndDate,sTYPE_DATE,Global,No,No,
AccrualTransaction,Period Number,PeriodNumber,sTYPE_UNFORMATTED_NUMBER,Global,No,No,
AccrualTransaction,Period Year,PeriodYear,sTYPE_DROPDOWN_YEAR,Global,No,No,
AccrualTransaction,Posting Date,PostingDate,sTYPE_DATE,Global,No,No,
AccrualTransaction,Processed?,ProcessedFlag,sTYPE_CHECKBOX,Global,No,No,
AccrualTransaction,RE Tax Accrual Acct #1,RETaxAccrualAcct1Number,sTYPE_TEXT,Global,No,No,
AccrualTransaction,RE Tax Accrual Acct #2,RETaxAccrualAcct2Number,sTYPE_TEXT,Global,No,No,
AccrualTransaction,RE Tax Accrual Acct #3,RETaxAccrualAcct3Number,sTYPE_TEXT,Global,No,No,
AccrualTransaction,RE Tax Accrual Acct #4,RETaxAccrualAcct4Number,sTYPE_TEXT,Global,No,No,
AccrualTransaction,Rev Number,RevNumber,sTYPE_UNFORMATTED_NUMBER,Global,No,No,
AccrualTransaction,Source Entity Table,SourceEntityTable,sTYPE_TEXT,Global,No,No,
AccrualTransaction,Tax Amount #1,TaxAmount1,sTYPE_MONEY,Global,No,No,
AccrualTransaction,Tax Amount #2,TaxAmount2,sTYPE_MONEY,Global,No,No,
AccrualTransaction,Tax Amount #3,TaxAmount3,sTYPE_MONEY,Global,No,No,
AccrualTransaction,Tax Amount #4,TaxAmount4,sTYPE_MONEY,Global,No,No,
AccrualTransaction,Taxes Included In Amount?,TaxesIncludedFlag,sTYPE_CHECKBOX,Global,No,No,
AccrualTransaction,Total Amount,TotalAmount,sTYPE_MONEY,Global,No,No,
Allowance,Allowance ClientID,BOMapClientRecordID,sTYPE_TEXT,Global,Yes,No,
Allowance,Allowance Group,CodeAllowanceGroupID,sCODE_ALLOWANCE_GROUP,Global,No,No,
Allowance,Allowance RecID,AllowanceID,sTYPE_UNFORMATTED_NUMBER,Global,No,No,
Allowance,Allowance Type,CodeAllowanceTypeID,sCODE_ALLOWANCE_TYPE,Global,No,No,
Allowance,Amendment,AmendmentID,sTYPE_CONTRACT_AMENDMENT,Global,No,No,
Allowance,Begin Date,BeginDate,sTYPE_DATE,Global,No,No,
Allowance,Building Area Unit,CodeBuildingAreaUnitID,sCODE_BUILDING_AREA_UNIT,Global,No,No,
Allowance,Contract,ContractID,sTYPE_CONTRACT,Global,Yes,No,
Allowance,Covenant,CovenantID,sTYPE_COVENANT,Global,No,No,
Allowance,Currency Type,CodeCurrencyTypeID,sCODE_CURRENCY_TYPE,Global,No,No,
Allowance,End Date,EndDate,sTYPE_DATE,Global,No,No,
Allowance,Modified By,ModifiedByID,sTYPE_MEMBER,Global,No,No,
Allowance,Modified Date,ModifiedDate,sTYPE_TIME,Global,No,No,
Allowance,Notes,Notes,sTYPE_TEXTAREA,Global,No,No,
Allowance,Rentable Area,RentableArea,sTYPE_AREA,Global,No,No,
Allowance,Section,Section,sTYPE_TEXT,Global,No,No,
Allowance,Total Amount,TotalAmount,sTYPE_MONEY,Global,No,No,
AllowanceTransaction,Allowance,AllowanceID,sTYPE_ALLOWANCE,Global,Yes,No,
AllowanceTransaction,Allowance Transaction ClientID,BOMapClientRecordID,sTYPE_TEXT,Global,Yes,No,
AllowanceTransaction,Allowance Transaction RecID,AllowanceTransactionID,sTYPE_UNFORMATTED_NUMBER,Global,No,No,
AllowanceTransaction,Contract,ContractID,sTYPE_CONTRACT,Global,Yes,No,
AllowanceTransaction,Due Date,DueDate,sTYPE_DATE,Global,No,No,
AllowanceTransaction,Modified By,ModifiedByID,sTYPE_MEMBER,Global,No,No,
AllowanceTransaction,Modified Date,ModifiedDate,sTYPE_TIME,Global,No,No,
AllowanceTransaction,Notes,Notes,sTYPE_TEXTAREA,Global,No,No,
AllowanceTransaction,Penalty Amount,PenaltyAmount,sTYPE_MONEY,Global,No,No,
AllowanceTransaction,Receive Amount,ReceiveAmount,sTYPE_MONEY,Global,No,No,
AllowanceTransaction,Receive Date,ReceiveDate,sTYPE_DATE,Global,No,No,
AllowanceTransaction,Request Amount,RequestAmount,sTYPE_MONEY,Global,No,No,
AllowanceTransaction,Request Date,RequestDate,sTYPE_DATE,Global,No,No,
AlternateRentSchedule,Alt Rent Math,CodeAltRentMathID,sCODE_ALT_RENT_MATH,Global,No,No,
AlternateRentSchedule,Alternate Rent Schedule ClientID,BOMapClientRecordID,sTYPE_TEXT,Global,Yes,No,
AlternateRentSchedule,Alternate Rent Schedule RecID,AlternateRentScheduleID,sTYPE_UNFORMATTED_NUMBER,Global,No,No,
AlternateRentSchedule,Begin Date,BeginDate,sTYPE_DATE,Global,Yes,No,
AlternateRentSchedule,Contract,ContractID,sTYPE_CONTRACT,Global,Yes,No,
AlternateRentSchedule,Created By,CreatedByID,sTYPE_MEMBER,Global,No,No,
AlternateRentSchedule,Created Date,CreatedDate,sTYPE_TIME,Global,No,No,
AlternateRentSchedule,Deduct Exclusions?,PRDeductExclusions,sTYPE_CHECKBOX,Global,No,No,
AlternateRentSchedule,Description,Description,sTYPE_TEXT,Global,No,No,
AlternateRentSchedule,End Date,EndDate,sTYPE_DATE,Global,No,No,
AlternateRentSchedule,Expense Reduction Amount,ExpenseReductionAmount,sTYPE_MONEY,Global,No,No,
AlternateRentSchedule,Expense Reduction Percent,ExpenseReductionPercent,sTYPE_PERCENTAGE,Global,No,No,
AlternateRentSchedule,Expense Setup,ExpenseSetupID,sTYPE_EXPENSE_SETUP,Global,No,No,
AlternateRentSchedule,Modified By,ModifiedByID,sTYPE_MEMBER,Global,No,No,
AlternateRentSchedule,Modified Date,ModifiedDate,sTYPE_TIME,Global,No,No,
AlternateRentSchedule,Monthly Max Cap(Ceiling),CapAmount,sTYPE_MONEY,Global,No,No,
AlternateRentSchedule,Monthly Min Cap(Floor),FloorAmount,sTYPE_MONEY,Global,No,No,
AlternateRentSchedule,Notes,Notes,sTYPE_TEXTAREA,Global,No,No,
AlternateRentSchedule,Percent Rent Rate,PercentRentRate,sTYPE_PERCENTAGE,Global,No,No,
AlternateRentSchedule,Rev Number,RevNumber,sTYPE_UNFORMATTED_NUMBER,Global,No,No,
AlternateRentSchedule,Sales Group,CodeSalesGroupID,sCODE_SALES_GROUP,Global,No,No,
AlternateRentSchedule,Set payments for Percent Rent on Hold,SetPRHoldFlag,sTYPE_CHECKBOX,Global,No,No,
AlternateRentSchedule,Set payments for Recurring Expenses on Hold,SetExpHoldFlag,sTYPE_CHECKBOX,Global,No,No,
AlternateRentSchedule,Suspend SL?,SuspendSL,sTYPE_CHECKBOX,Global,No,No,
CodeASC842Schedule,Don't Amortize Asset Value,DontAmortizeAssetValue,sTYPE_BOOLEAN,Global,No,No,
CodeASC842Schedule,Export Account #1,ExportAcct1Number,sTYPE_TEXT,Global,No,No,
CodeASC842Schedule,Export Account #10,ExportAcct10Number,sTYPE_TEXT,Global,No,No,
CodeASC842Schedule,Export Account #11,ExportAcct11Number,sTYPE_TEXT,Global,No,No,
CodeASC842Schedule,Export Account #12,ExportAcct12Number,sTYPE_TEXT,Global,No,No,
CodeASC842Schedule,Export Account #13,ExportAcct13Number,sTYPE_TEXT,Global,No,No,
CodeASC842Schedule,Export Account #14,ExportAcct14Number,sTYPE_TEXT,Global,No,No,
CodeASC842Schedule,Export Account #15,ExportAcct15Number,sTYPE_TEXT,Global,No,No,
CodeASC842Schedule,Export Account #16,ExportAcct16Number,sTYPE_TEXT,Global,No,No,
CodeASC842Schedule,Export Account #17,ExportAcct17Number,sTYPE_TEXT,Global,No,No,
CodeASC842Schedule,Export Account #18,ExportAcct18Number,sTYPE_TEXT,Global,No,No,
CodeASC842Schedule,Export Account #19,ExportAcct19Number,sTYPE_TEXT,Global,No,No,
CodeASC842Schedule,Export Account #2,ExportAcct2Number,sTYPE_TEXT,Global,No,No,
CodeASC842Schedule,Export Account #20,ExportAcct20Number,sTYPE_TEXT,Global,No,No,
CodeASC842Schedule,Export Account #3,ExportAcct3Number,sTYPE_TEXT,Global,No,No,
CodeASC842Schedule,Export Account #4,ExportAcct4Number,sTYPE_TEXT,Global,No,No,
CodeASC842Schedule,Export Account #5,ExportAcct5Number,sTYPE_TEXT,Global,No,No,
CodeASC842Schedule,Export Account #6,ExportAcct6Number,sTYPE_TEXT,Global,No,No,
CodeASC842Schedule,Export Account #7,ExportAcct7Number,sTYPE_TEXT,Global,No,No,
CodeASC842Schedule,Export Account #8,ExportAcct8Number,sTYPE_TEXT,Global,No,No,
CodeASC842Schedule,Export Account #9,ExportAcct9Number,sTYPE_TEXT,Global,No,No,
Contract,Modified By,ModifiedByID,sTYPE_MEMBER,Global,No,No,
Contract,Modified Date,ModifiedDate,sTYPE_TIME,Global,No,No,
Contract,Aggregate NNN Base Rent NPV,AggregateNNNBaseRentNPV,sTYPE_MONEY,Global,No,No,
Contract,Automatic Renewal In Lease?,AutomaticRenewalInLease,sTYPE_CHECKBOX,Global,No,No,
Contract,Automatic Renewal Option?,AutomaticRenewalOption,sTYPE_CHECKBOX,Global,No,No,
Contract,Bargain Renewal In Lease?,BargainRenewalInLease,sTYPE_CHECKBOX,Global,No,No,
Contract,Bargain Renewal Option?,BargainRenewalOption,sTYPE_CHECKBOX,Global,No,No,
Contract,Base Year Operating Expenses,BaseYearOperatingExpenses,sTYPE_MONEY,Global,No,No,
Contract,Base Year Other Expenses,BaseYearOtherExpenses,sTYPE_MONEY,Global,No,No,
Contract,Base Year RE Tax,BaseYearRETax,sTYPE_MONEY,Global,No,No,
Contract,Contains Bargain Purchase Option?,ContainsBargainPurchaseOption,sTYPE_CHECKBOX,Global,No,No,
Contract,Does Title Revert To Tenant?,DoesTitleRevertToTenant,sTYPE_CHECKBOX,Global,No,No,
Contract,Final Result,FinalResult,sTYPE_TEXT,Global,No,No,
Contract,FMV Of Building,FMVOfBuilding,sTYPE_MONEY,Global,No,No,
Contract,FMV Of Land,FMVOfLand,sTYPE_MONEY,Global,No,No,
Contract,FMV Source,FMVSource,sTYPE_TEXT,Global,No,No,
Contract,Leased Land Area,LeasedLandArea,sTYPE_AREA,Global,No,No,
Contract,Project Land Area,ProjectLandArea,sTYPE_AREA,Global,No,No,
Contract,Ratio Lease w/ Auto Renewal To FMV,RatioLeaseAutoRenewToFMV,sTYPE_PERCENTAGE,Global,No,No,
Contract,Ratio Lease w/ Bargain Renewal To FMV,RatioLeaseBargainRenewToFMV,sTYPE_PERCENTAGE,Global,No,No,
Contract,Ratio Term w/ Auto Renewal To Life,RatioTermAutoRenewToLife,sTYPE_PERCENTAGE,Global,No,No,
Contract,Ratio Term w/ Bargain Renewal To Life,RatioTermBargainRenewToLife,sTYPE_PERCENTAGE,Global,No,No,
Contract,Remaining Life,RemainingLife,sTYPE_NUMBER,Global,No,No,
Contract,Test #1 Result,Test1Result,sTYPE_TEXT,Global,No,No,
Contract,Test #2 Result,Test2Result,sTYPE_TEXT,Global,No,No,
Contract,Test #3 Result,Test3Result,sTYPE_TEXT,Global,No,No,
Contract,Test #4 Result,Test4Result,sTYPE_TEXT,Global,No,No,
Contract,Test #5a Result,Test5aResult,sTYPE_TEXT,Global,No,No,
Contract,Test #5b Result,Test5bResult,sTYPE_TEXT,Global,No,No,
Contract,Year Built,YearBuilt,sTYPE_DROPDOWN_YEAR,Global,No,No,
CoTenancy,Amendment,AmendmentID,sTYPE_CONTRACT_AMENDMENT,Global,No,No,
CoTenancy,Anchor Name,CoTenancyName,sTYPE_TEXT,Global,No,No,
CoTenancy,Begin Date,BeginDate,sTYPE_DATE,Global,No,No,
CoTenancy,Building Area Unit,CodeBuildingAreaUnitID,sCODE_BUILDING_AREA_UNIT,Global,No,No,
CoTenancy,Co Tenancy Amount,CoTenancyAmount,sTYPE_MONEY,Global,No,No,
CoTenancy,Co Tenancy Area,CoTenancyArea,sTYPE_AREA,Global,No,No,
CoTenancy,Co Tenancy ClientID,BOMapClientRecordID,sTYPE_TEXT,Global,Yes,No,
CoTenancy,Co Tenancy Group,CodeCoTenancyGroupID,sCODE_CO_TENANCY_GROUP,Global,No,No,
CoTenancy,Co Tenancy RecID,CoTenancyID,sTYPE_UNFORMATTED_NUMBER,Global,No,No,
CoTenancy,Co Tenancy Type,CodeCoTenancyTypeID,sCODE_CO_TENANCY_TYPE,Global,No,No,
CoTenancy,Contract,ContractID,sTYPE_CONTRACT,Global,Yes,No,
CoTenancy,Covenant,CovenantID,sTYPE_COVENANT,Global,No,No,
CoTenancy,Currency Type,CodeCurrencyTypeID,sCODE_CURRENCY_TYPE,Global,No,No,
CoTenancy,Effective Date,EffectiveDate,sTYPE_DATE,Global,No,No,
CoTenancy,End Date,EndDate,sTYPE_DATE,Global,No,No,
CoTenancy,Has Right To Terminate?,HasRightToTerminate,sTYPE_CHECKBOX,Global,No,No,
CoTenancy,Modified By,ModifiedByID,sTYPE_MEMBER,Global,No,No,
CoTenancy,Modified Date,ModifiedDate,sTYPE_TIME,Global,No,No,
CoTenancy,Notes,Notes,sTYPE_TEXTAREA,Global,No,No,
CoTenancy,Occupancy Percentage,OccupancyPercentage,sTYPE_PERCENTAGE,Global,No,No,
CoTenancy,Remodel Date,RemodelDate,sTYPE_DATE,Global,No,No,
CoTenancy,Rent Account,RentAccount,sTYPE_TEXT,Global,No,No,
CoTenancy,Rent Reduction Amount,RentReductionAmount,sTYPE_MONEY,Global,No,No,
CoTenancy,Rent Reduction Percent,RentReductionPercent,sTYPE_PERCENTAGE,Global,No,No,
CoTenancy,Sales,Sales,sTYPE_MONEY,Global,No,No,
CoTenancy,Section,Section,sTYPE_TEXT,Global,No,No,
ContractAmendment,Amendment Group,CodeAmendmentGroupID,sCODE_AMENDMENT_GROUP,Global,No,No,
ContractAmendment,Amendment Number,AmendmentNumber,sTYPE_TEXT,Global,No,No,
ContractAmendment,Amendment RecID,ContractAmendmentID,sTYPE_UNFORMATTED_NUMBER,Global,No,No,
ContractAmendment,Amendment Type,CodeAmendmentTypeID,sCODE_AMENDMENT_TYPE,Global,No,No,
ContractAmendment,Base Amount Change,BaseAmountChange,sTYPE_MONEY,Global,No,No,
ContractAmendment,Building Area Unit,CodeBuildingAreaUnitID,sCODE_BUILDING_AREA_UNIT,Global,No,No,
ContractAmendment,Contract,ContractID,sTYPE_CONTRACT,Global,Yes,No,
ContractAmendment,Contract Amendment ClientID,BOMapClientRecordID,sTYPE_TEXT,Global,Yes,No,
ContractAmendment,Contract Use,CodeContractUseID,sCODE_CONTRACT_USE,Global,No,No,
ContractAmendment,Description,Description,sTYPE_TEXT,Global,No,No,
ContractAmendment,Documents,DocumentIDList,sTYPE_DOCUMENT_LIST,Global,No,No,
ContractAmendment,Effective Date,EffectiveDate,sTYPE_DATE,Global,No,No,
ContractAmendment,Frequency,CodeFrequencyID,sCODE_MONTH_FREQUENCY,Global,No,No,
ContractAmendment,Modified By,ModifiedByID,sTYPE_MEMBER,Global,No,No,
ContractAmendment,Modified Date,ModifiedDate,sTYPE_TIME,Global,No,No,
ContractAmendment,Notes,Notes,sTYPE_TEXTAREA,Global,No,No,
ContractAmendment,Rentable Area Change,RentableAreaChange,sTYPE_AREA,Global,No,No,
Contract,Actual End Date,ActualEndDate,sTYPE_DATE,Global,No,No,
Contract,Actual Start Date,ActualStartDate,sTYPE_DATE,Global,No,No,
Contract,Baseline End Date,BaselineEndDate,sTYPE_DATE,Global,No,No,
Contract,Baseline Start Date,BaselineStartDate,sTYPE_DATE,Global,No,No,
Contract,Commence Date,CommenceDate,sTYPE_DATE,Global,No,No,
Contract,Current Month/Year,CurrentMonthYear,sTYPE_TEXT,Global,No,No,
Contract,Current Year,CurrentYear,sTYPE_UNFORMATTED_NUMBER,Global,No,No,
Contract,Days to Expiration,DaysToExpiration,sTYPE_NUMBER_FRACTION0DIGITS,Global,No,No,
Contract,Execute Date,ExecuteDate,sTYPE_DATE,Global,No,No,
Contract,Expected End Date,ExpectedEndDate,sTYPE_DATE,Global,No,No,
Contract,Expire Date,ExpireDate,sTYPE_DATE,Global,No,No,
Contract,Obligation Date,ObligationDate,sTYPE_DATE,Global,No,No,
Contract,Payments Begin Date,PaymentsBeginDate,sTYPE_DATE,Global,No,No,
Contract,Payments End Date,PaymentsEndDate,sTYPE_DATE,Global,No,No,
Contract,Possession Begin Date,PossessionBeginDate,sTYPE_DATE,Global,No,No,
Contract,Possession End Date,PossessionEndDate,sTYPE_DATE,Global,No,No,
Contract,Status Effective Date,StatusEffectiveDate,sTYPE_DATE,Global,No,No,
Contract,Term Length,TermLength,sTYPE_DATE_MATH_OPERATION,Global,No,No,
Contract,Agreement Type,CodeAgreementTypeID,sCODE_AGREEMENT_TYPE,Global,No,No,
Contract,Asset Class,CodeAssetClassID,sCODE_ASSET_CLASS,Global,No,No,
Contract,Building Area Unit,CodeBuildingAreaUnitID,sCODE_BUILDING_AREA_UNIT,Global,No,No,
Contract,Computed Discount Rate,ComputedSLDiscountRate,sTYPE_PERCENTAGE,Global,No,No,
Contract,Contract Category,CodeContractCategoryID,sCODE_CONTRACT_CATEGORY,Global,No,No,
Contract,Contract Class,ContractClass,sTYPE_TEXT,Global,No,No,
Contract,Contract ClientID,BOMapClientRecordID,sTYPE_TEXT,Global,Yes,No,
Contract,Contract Group,CodeContractGroupID,sCODE_CONTRACT_GROUP,Global,No,No,
Contract,Contract ID,ClientEntityID,sTYPE_TEXT,Global,No,No,
Contract,Contract Name,ContractName,sTYPE_ENTITY_NAME,Global,Yes,No,
Contract,Contract RecID,ContractID,sTYPE_UNFORMATTED_NUMBER,Global,No,No,
Contract,Contract Status,CodeContractStatusID,sCODE_CONTRACT_STATUS,Global,No,No,
Contract,Contract Tax Rate #1,ContractTaxRate1,sTYPE_PERCENTAGE,Global,No,No,
Contract,Contract Tax Rate #2,ContractTaxRate2,sTYPE_PERCENTAGE,Global,No,No,
Contract,Contract Tax Rate #3,ContractTaxRate3,sTYPE_PERCENTAGE,Global,No,No,
Contract,Contract Tax Rate #4,ContractTaxRate4,sTYPE_PERCENTAGE,Global,No,No,
Contract,Contract Type,CodeContractTypeID,sCODE_CONTRACT_TYPE,Global,No,No,
Contract,Contract Use,CodeContractUseID,sCODE_CONTRACT_USE,Global,No,No,
Contract,Contract UUID,UUID,sTYPE_TEXT,Global,No,No,
Contract,Currency Type,CodeCurrencyTypeID,sCODE_CURRENCY_TYPE,Global,No,No,
Contract,currPaymentRate,math_currPaymentRate_9,sTYPE_MONEY_MATH_OPERATION,Global,No,No,
Contract,Description,ProjectDescription,sTYPE_TEXT,Global,No,No,
Contract,Expense Accrual Forecast Table,ExpAccrualForecastTable,sTYPE_EXPACCRUAL_FORECAST_TABLE,Global,No,No,
Contract,Expense Forecast Table,ExpenseForecastTable,sTYPE_EXPENSE_FORECAST_TABLE,Global,No,No,
Contract,Facility,FacilityID,sTYPE_FACILITY,Global,No,No,
Contract,Fair Value Threshold,FairValueThreshold,sTYPE_PERCENTAGE,Global,No,No,
Contract,Holding Interest,CodeHoldingInterestID,sCODE_HOLDING_INTEREST,Global,No,No,
Contract,In Alternate Rent?,InAlternateRent,sTYPE_BOOLEAN,Global,No,No,
Contract,Is Low Asset Value,IsLowAssetValue,sTYPE_CHECKBOX,Global,No,No,
Contract,Is Short Term,IsShortTerm,sTYPE_CHECKBOX,Global,No,No,
Contract,Is Translation,IsTranslation,sTYPE_CHECKBOX,Global,No,No,
Contract,Latest Financial Test Result,LatestFinancialTestFinalResult,sTYPE_TEXT,Global,No,No,
Contract,Likely Term End Date,LastLikelyOptionDate,sTYPE_DATE,Global,No,No,
Contract,Location,LocationID,sTYPE_LOCATION,Global,No,No,
Contract,Master Contract,MasterContractID,sTYPE_CONTRACT,Global,No,No,
Contract,Month To Month?,MonthToMonth,sTYPE_CHECKBOX,Global,No,No,
Contract,Notes,Notes,sTYPE_TEXTAREA,Global,No,No,
Contract,Open Year,OpenYear,sTYPE_DROPDOWN_YEAR,Global,No,No,
Contract,Option Description,OptionDescription,sTYPE_TEXT,Global,No,No,
Contract,Organization,OrganizationID,sTYPE_ORGANIZATION,Global,No,No,
Contract,Out Of Date Days,OutOfDateDays,sTYPE_NUMBER,Global,No,No,
Contract,Payment Rate,PaymentRate,sTYPE_PERCENTAGE,Global,No,No,
Contract,Portfolio,ProgramID,sTYPE_PROGRAM,Global,No,No,
Contract,Pro Rata Share Rate,ProRataShareRate,sTYPE_PERCENTAGE,Global,No,No,
Contract,Proration Method,CodeProrationMethodID,sCODE_PRORATION_METHOD,Global,No,No,
Contract,Remaining Economic Life Threshold,RemainingEconomicLifeThreshold,sTYPE_PERCENTAGE,Global,No,No,
Contract,Rentable Area,RentableArea,sTYPE_AREA,Global,No,No,
Contract,Schedule Behind Days,BehindScheduleDays,sTYPE_NUMBER,Global,No,No,
Contract,Schedule Creation Method,TaskCreationMethod,sTYPE_TASK_CREATION_METHOD,Global,Yes,No,
Contract,Service Channel Location ID,ScLocationID,sTYPE_TEXT,Global,No,No,
Contract,Time Zone,TimeZone,sTYPE_TIMEZONE,Global,No,No,
ContractTerm,Amendment,AmendmentID,sTYPE_CONTRACT_AMENDMENT,Global,No,No,
ContractTerm,Average Rent Per Area Unit,AvgRentPerAreaUnit,sTYPE_MONEY,Global,No,No,
ContractTerm,Building Area Unit,CodeBuildingAreaUnitID,sCODE_BUILDING_AREA_UNIT,Global,No,No,
ContractTerm,Client Number,ClientNumber,sTYPE_TEXT,Global,No,No,
ContractTerm,Contract,ContractID,sTYPE_CONTRACT,Global,Yes,No,
ContractTerm,Covenant,CovenantID,sTYPE_COVENANT,Global,No,No,
ContractTerm,Coverage Period Begin Date,BeginDate,sTYPE_DATE,Global,No,No,
ContractTerm,Coverage Period End Date,EndDate,sTYPE_DATE,Global,No,No,
ContractTerm,Description,Description,sTYPE_TEXT,Global,No,No,
ContractTerm,Include Term For Accruals?,IncludeTermForAccruals,sTYPE_CHECKBOX,Global,No,No,
ContractTerm,Length,LengthOfTerm,sTYPE_DATE_MATH_OPERATION,Global,No,No,
ContractTerm,Modified By,ModifiedByID,sTYPE_MEMBER,Global,No,No,
ContractTerm,Modified Date,ModifiedDate,sTYPE_TIME,Global,No,No,
Contract,Next Available Term,NextAvailableTermID,sTYPE_CONTRACT_TERM,Global,No,No,
Contract,Next Available Term Key Date Info,NextAvailableTermKeyDateID,sTYPE_KEY_DATE,Global,No,No,
ContractTerm,Notes,Notes,sTYPE_TEXTAREA,Global,No,No,
ContractTerm,Payment Begin Date,PaymentBeginDate,sTYPE_DATE,Global,No,No,
ContractTerm,Payment End Date,PaymentEndDate,sTYPE_DATE,Global,No,No,
Contract,Remaining Number of Terms,RemainingNumberOfTerms,sTYPE_NUMBER,Global,No,No,
ContractTerm,Rentable Area,RentableArea,sTYPE_AREA,Global,No,No,
ContractTerm,Section,Section,sTYPE_TEXT,Global,No,No,
ContractTerm,Term ClientID,BOMapClientRecordID,sTYPE_TEXT,Global,Yes,No,
ContractTerm,Term RecID,ContractTermID,sTYPE_UNFORMATTED_NUMBER,Global,No,No,
ContractTerm,Term Status,CodeTermStatusID,sCODE_TERM_STATUS,Global,No,No,
ContractTerm,Term Type,CodeTermTypeID,sCODE_TERM_TYPE,Global,No,No,
Covenant,Accounting Adjustment Type,CodeAccountingAdjustmentTypeID,sCODE_ACCOUNTING_ADJUSTMENT_TYPE,Global,No,No,
Covenant,Amendment,AmendmentID,sTYPE_CONTRACT_AMENDMENT,Global,No,No,
Covenant,ASC 842 Schedule,CodeASC842ScheduleID,sCODE_ASC842_SCHEDULE,Global,No,No,
Covenant,Associated Document,AssociatedDocumentID,sTYPE_DOCUMENT,Global,No,No,
Covenant,Building Area Unit,CodeBuildingAreaUnitID,sCODE_BUILDING_AREA_UNIT,Global,No,No,
Covenant,Contract,ContractID,sTYPE_CONTRACT,Global,Yes,No,
Covenant,Covenant Amount,CovenantAmount,sTYPE_MONEY,Global,No,No,
Covenant,Covenant Area,CovenantArea,sTYPE_AREA,Global,No,No,
Covenant,Covenant Category,CodeCovenantCategoryID,sCODE_COVENANT_CATEGORY,Global,No,No,
Covenant,Covenant ClientID,BOMapClientRecordID,sTYPE_TEXT,Global,Yes,No,
Covenant,Covenant Date,CovenantDate,sTYPE_DATE,Global,No,No,
Covenant,Covenant Group,CodeCovenantGroupID,sCODE_COVENANT_GROUP,Global,No,No,
Covenant,Covenant Group/Type Name,CovenantGroupTypeName,sTYPE_TEXT,Global,No,No,
Covenant,Covenant RecID,CovenantID,sTYPE_UNFORMATTED_NUMBER,Global,No,No,
Covenant,Covenant Secondary Rent Schedule Allocation Percent,SecondaryRentSchedAllocPercent,sTYPE_PERCENTAGE,Global,No,No,
Covenant,Covenant Status,CodeCovenantStatusID,sCODE_COVENANT_STATUS,Global,No,No,
Covenant,Covenant Template,CodeCovenantTemplateID,sCODE_COVENANT_TEMPLATE,Global,No,No,
Covenant,Covenant Type,CodeCovenantTypeID,sCODE_COVENANT_TYPE,Global,No,No,
Covenant,Currency Type,CodeCurrencyTypeID,sCODE_CURRENCY_TYPE,Global,No,No,
Covenant,Documents,DocumentIDList,sTYPE_DOCUMENT_LIST,Global,No,No,
Covenant,Exists?,ExistsFlag,sTYPE_CHECKBOX,Global,No,No,
Covenant,File Name,BaseName,sTYPE_TEXT,Global,No,No,
Covenant,Folder,FolderID,sTYPE_DOCUMENT,Global,No,No,
Covenant,Hold Amount in Rent Schedule Liability,HoldAmountInSchedLiability,sTYPE_CHECKBOX,Global,No,No,
Covenant,IFRS 16 Schedule,CodeIFRS16ScheduleID,sCODE_IFRS16_SCHEDULE,Global,No,No,
Covenant,Line Number,LineNumber,sTYPE_TEXT,Global,No,No,
Covenant,Modified By,ModifiedByID,sTYPE_MEMBER,Global,No,No,
Covenant,Modified Date,ModifiedDate,sTYPE_TIME,Global,No,No,
Covenant,Notes,Notes,sTYPE_TEXTAREA,Global,No,No,
Covenant,Page Number,PageNumber,sTYPE_TEXT,Global,No,No,
Covenant,Paragraph Number,ParagraphNumber,sTYPE_TEXT,Global,No,No,
Covenant,Portion Guaranteed By 3rd Party,ThirdPartyRVGAmount,sTYPE_MONEY,Global,No,No,
Covenant,Section Number,SectionNumber,sTYPE_TEXT,Global,No,No,
Covenant,Standard Language Version,StandardLanguageVersion,sTYPE_TEXT,Global,No,No,
Covenant,Standard Language?,StandardLanguageFlag,sTYPE_CHECKBOX,Global,No,No,
Covenant,Total Residual Value Guarantee,TotalRVGAmount,sTYPE_MONEY,Global,No,No,
CPI,Contract,ContractID,sTYPE_CONTRACT,Global,No,No,
CPI,CPI Index,CodeCPIIndexID,sCODE_CPI_INDEX,Global,No,No,
CPI,CPI RecID,CPIID,sTYPE_UNFORMATTED_NUMBER,Global,No,No,
CPI,CPI Value,CPI,sTYPE_NUMBER_FRACTION5DIGITS,Global,Yes,No,
CPI,Modified By,ModifiedByID,sTYPE_MEMBER,Global,No,No,
CPI,Modified Date,ModifiedDate,sTYPE_TIME,Global,No,No,
CPI,Month,Month,sTYPE_NUMBER,Global,Yes,No,
CPI,Published Date,PublishedDate,sTYPE_DATE,Global,No,No,
CPI,Year,Year,sTYPE_DROPDOWN_YEAR,Global,Yes,No,
ExpenseSetup,Coverage Begin Annual,CoverageBeginAnnual,sTYPE_MONTH_AND_DAY,Global,No,No,
ExpenseSetup,Coverage Begin Q1,CoverageBeginQ1,sTYPE_MONTH_AND_DAY,Global,No,No,
ExpenseSetup,Coverage Begin Q2,CoverageBeginQ2,sTYPE_MONTH_AND_DAY,Global,No,No,
ExpenseSetup,Coverage Begin Q3,CoverageBeginQ3,sTYPE_MONTH_AND_DAY,Global,No,No,
ExpenseSetup,Coverage Begin Q4,CoverageBeginQ4,sTYPE_MONTH_AND_DAY,Global,No,No,
ExpenseSetup,Coverage Begin Semi Annual 1,CoverageBeginSemiAnnual1,sTYPE_MONTH_AND_DAY,Global,No,No,
ExpenseSetup,Coverage Begin Semi Annual 2,CoverageBeginSemiAnnual2,sTYPE_MONTH_AND_DAY,Global,No,No,
ExpenseSetup,First Payment Due Date,FirstPaymentDueDate,sTYPE_DATE,Global,No,No,
ExpenseSetup,Last Payment Due Date,LastPaymentDueDate,sTYPE_DATE,Global,No,No,
ExpenseSetup,Payment Due Annual,PaymentDueAnnual,sTYPE_MONTH_AND_DAY,Global,No,No,
ExpenseSetup,Payment Due Q1,PaymentDueQ1,sTYPE_MONTH_AND_DAY,Global,No,No,
ExpenseSetup,Payment Due Q2,PaymentDueQ2,sTYPE_MONTH_AND_DAY,Global,No,No,
ExpenseSetup,Payment Due Q3,PaymentDueQ3,sTYPE_MONTH_AND_DAY,Global,No,No,
ExpenseSetup,Payment Due Q4,PaymentDueQ4,sTYPE_MONTH_AND_DAY,Global,No,No,
ExpenseSetup,Payment Due Semi Annual 1,PaymentDueSemiAnnual1,sTYPE_MONTH_AND_DAY,Global,No,No,
ExpenseSetup,Payment Due Semi Annual 2,PaymentDueSemiAnnual2,sTYPE_MONTH_AND_DAY,Global,No,No,
EscalationIndex,Effective Date,EffectiveDate,sTYPE_DATE,Global,No,No,
EscalationIndex,Escalation Index ClientID,BOMapClientRecordID,sTYPE_TEXT,Global,Yes,No,
EscalationIndex,Escalation Index Name,EscalationIndexName,sTYPE_TEXT,Global,Yes,No,
EscalationIndex,Escalation Index RecID,EscalationIndexID,sTYPE_UNFORMATTED_NUMBER,Global,No,No,
EscalationIndex,Index Amount,IndexAmount,sTYPE_PERCENTAGE,Global,No,No,
EscalationIndex,Index Group,CodeIndexGroupID,sCODE_INDEX_GROUP,Global,No,No,
EscalationIndex,Index Source,CodeIndexSourceID,sCODE_INDEX_SOURCE,Global,No,No,
EscalationIndex,Index Type,CodeIndexTypeID,sCODE_INDEX_TYPE,Global,No,No,
EscalationIndex,Modified By,ModifiedByID,sTYPE_MEMBER,Global,No,No,
EscalationIndex,Modified Date,ModifiedDate,sTYPE_TIME,Global,No,No,
EscalationIndex,Period Month,PeriodMonth,sTYPE_NUMBER,Global,No,No,
EscalationIndex,Period Year,PeriodYear,sTYPE_DROPDOWN_YEAR,Global,No,No,
VirtualExpAccrualForecastPeriod,Accrual Schedule,ExpenseAccrualScheduleID,sTYPE_EXPENSE_ACCRUAL_SCHEDULE,Global,No,No,
VirtualExpAccrualForecastPeriod,Accrual Setup,ExpenseAccrualSetupID,sTYPE_EXPENSE_ACCRUAL_SETUP,Global,No,No,
VirtualExpAccrualForecastPeriod,Accrual Type,CodeAccrualTypeID,sCODE_ACCRUAL_TYPE,Global,No,No,
VirtualExpAccrualForecastPeriod,Begin Date,BeginDate,sTYPE_DATE,Global,No,No,
VirtualExpAccrualForecastPeriod,Contract,ContractID,sTYPE_CONTRACT,Global,No,No,
VirtualExpAccrualForecastPeriod,Date Range,DateRange,sTYPE_DATE_RANGE,Global,No,No,
VirtualExpAccrualForecastPeriod,End Date,EndDate,sTYPE_DATE,Global,No,No,
VirtualExpAccrualForecastPeriod,Expense Category,CodeExpenseCategoryID,sCODE_EXPENSE_CATEGORY,Global,No,No,
VirtualExpAccrualForecastPeriod,Expense Group,CodeExpenseGroupID,sCODE_EXPENSE_GROUP,Global,No,No,
VirtualExpAccrualForecastPeriod,Expense Type,CodeExpenseTypeID,sCODE_EXPENSE_TYPE,Global,No,No,
VirtualExpAccrualForecastPeriod,Fiscal Period,Period,sTYPE_NUMBER,Global,No,No,
VirtualExpAccrualForecastPeriod,Fiscal Year,Year,sTYPE_DROPDOWN_YEAR,Global,No,No,
VirtualExpAccrualForecastPeriod,Period Amount,PeriodExpense,sTYPE_MONEY,Global,No,No,
ExpenseAccrualSchedule,Accrual Rate,AccrualRate,sTYPE_MONEY,Global,No,No,
ExpenseAccrualSchedule,Annual Amount,AnnualAmount,sTYPE_MONEY,Global,No,No,
ExpenseAccrualSchedule,Begin Period,BeginPeriod,sTYPE_DROPDOWN_PERIOD,Global,No,No,
ExpenseAccrualSchedule,Begin Period / Year,BeginPeriodName,sTYPE_PERIOD_YEAR,Global,No,No,
ExpenseAccrualSchedule,Begin Year,BeginYear,sTYPE_DROPDOWN_YEAR,Global,No,No,
ExpenseAccrualSchedule,Contract,ContractID,sTYPE_CONTRACT,Global,Yes,No,
ExpenseAccrualSchedule,Created By,CreatedByID,sTYPE_MEMBER,Global,No,No,
ExpenseAccrualSchedule,Created Date,CreatedDate,sTYPE_TIME,Global,No,No,
ExpenseAccrualSchedule,Daily Accrual Rate,DailyAccrualRate,sTYPE_MONEY,Global,No,No,
ExpenseAccrualSchedule,Description,Description,sTYPE_TEXT,Global,No,No,
ExpenseAccrualSchedule,End Period,EndPeriod,sTYPE_DROPDOWN_PERIOD,Global,No,No,
ExpenseAccrualSchedule,End Period / Year,EndPeriodName,sTYPE_PERIOD_YEAR,Global,No,No,
ExpenseAccrualSchedule,End Year,EndYear,sTYPE_DROPDOWN_YEAR,Global,No,No,
ExpenseAccrualSchedule,Expense Accrual Schedule ClientID,BOMapClientRecordID,sTYPE_TEXT,Global,Yes,No,
ExpenseAccrualSchedule,Expense Accrual Schedule RecID,ExpenseAccrualScheduleID,sTYPE_UNFORMATTED_NUMBER,Global,No,No,
ExpenseAccrualSchedule,Expense Accrual Setup,ExpenseAccrualSetupID,sTYPE_EXPENSE_ACCRUAL_SETUP,Global,Yes,No,
ExpenseAccrualSchedule,First Payment Amount,FirstPaymentAmount,sTYPE_MONEY,Global,No,No,
ExpenseAccrualSchedule,Forecast Adjustment,ForecastAdjustment,sTYPE_MONEY,Global,No,No,
ExpenseAccrualSchedule,Forecast Cap Percent,ForecastCapPercent,sTYPE_PERCENTAGE,Global,No,No,
ExpenseAccrualSchedule,Forecast Growth Percent,ForecastGrowthPercent,sTYPE_PERCENTAGE,Global,No,No,
ExpenseAccrualSchedule,Last Payment Amount,LastPaymentAmount,sTYPE_MONEY,Global,No,No,
ExpenseAccrualSchedule,Modified By,ModifiedByID,sTYPE_MEMBER,Global,No,No,
ExpenseAccrualSchedule,Modified Date,ModifiedDate,sTYPE_TIME,Global,No,No,
ExpenseAccrualSchedule,Notes,Notes,sTYPE_TEXTAREA,Global,No,No,
ExpenseAccrualSchedule,Period Amount,PeriodAmount,sTYPE_MONEY,Global,No,No,
ExpenseAccrualSchedule,Plan Adjustment,PlanAdjustment,sTYPE_MONEY,Global,No,No,
ExpenseAccrualSchedule,Plan Cap Percent,PlanCapPercent,sTYPE_PERCENTAGE,Global,No,No,
ExpenseAccrualSchedule,Plan Growth Percent,PlanGrowthPercent,sTYPE_PERCENTAGE,Global,No,No,
ExpenseAccrualSchedule,Planning and Forecasting Notes,PlanForecastNotes,sTYPE_TEXTAREA,Global,No,No,
ExpenseAccrualSchedule,Rev Number,RevNumber,sTYPE_UNFORMATTED_NUMBER,Global,No,No,
ExpenseAccrualSetup,Accrual Message,AccrualMessage,sTYPE_TEXT,Global,No,No,
ExpenseAccrualSetup,Amendment,AmendmentID,sTYPE_CONTRACT_AMENDMENT,Global,No,No,
ExpenseAccrualSetup,Begin Date,BeginDate,sTYPE_DATE,Global,No,No,
ExpenseAccrualSetup,Begin Period / Year,BeginPeriodName,sTYPE_TEXT,Global,No,No,
ExpenseAccrualSetup,Building Area Unit,CodeBuildingAreaUnitID,sCODE_BUILDING_AREA_UNIT,Global,No,No,
ExpenseAccrualSetup,Contract,ContractID,sTYPE_CONTRACT,Global,Yes,No,
ExpenseAccrualSetup,Covenant,CovenantID,sTYPE_COVENANT,Global,No,No,
ExpenseAccrualSetup,Created By,CreatedByID,sTYPE_MEMBER,Global,No,No,
ExpenseAccrualSetup,Created Date,CreatedDate,sTYPE_TIME,Global,No,No,
ExpenseAccrualSetup,Currency Type,CodeCurrencyTypeID,sCODE_CURRENCY_TYPE,Global,No,No,
ExpenseAccrualSetup,Current Annual Expense,CurrentAnnualExpense,sTYPE_MONEY,Global,No,No,
ExpenseAccrualSetup,Current Period Expense,CurrentPeriodExpense,sTYPE_MONEY,Global,No,No,
ExpenseAccrualSetup,Daily Rent,IsDailyRent,sTYPE_CHECKBOX,Global,No,No,
ExpenseAccrualSetup,Description,Description,sTYPE_TEXT,Global,No,No,
ExpenseAccrualSetup,End Date,EndDate,sTYPE_DATE,Global,No,No,
ExpenseAccrualSetup,End Period / Year,EndPeriodName,sTYPE_TEXT,Global,No,No,
ExpenseAccrualSetup,Expense Accrual Setup ClientID,BOMapClientRecordID,sTYPE_TEXT,Global,Yes,No,
ExpenseAccrualSetup,Expense Accrual Setup RecID,ExpenseAccrualSetupID,sTYPE_UNFORMATTED_NUMBER,Global,No,No,
ExpenseAccrualSetup,Expense Category,CodeExpenseCategoryID,sCODE_EXPENSE_CATEGORY,Global,No,No,
ExpenseAccrualSetup,Expense Group,CodeExpenseGroupID,sCODE_EXPENSE_GROUP,Global,No,No,
ExpenseAccrualSetup,Expense Setup,ExpenseSetupID,sTYPE_EXPENSE_SETUP,Global,No,No,
ExpenseAccrualSetup,Expense Type,CodeExpenseTypeID,sCODE_EXPENSE_TYPE,Global,No,No,
ExpenseAccrualSetup,Hold?,HoldFlag,sTYPE_CHECKBOX,Global,No,No,
ExpenseAccrualSetup,Modified By,ModifiedByID,sTYPE_MEMBER,Global,No,No,
ExpenseAccrualSetup,Modified Date,ModifiedDate,sTYPE_TIME,Global,No,No,
ExpenseAccrualSetup,Notes,Notes,sTYPE_TEXTAREA,Global,No,No,
ExpenseAccrualSetup,Record Type,CodeAccrualTypeID,sCODE_ACCRUAL_TYPE,Global,Yes,No,
ExpenseAccrualSetup,Rentable Area,RentableArea,sTYPE_AREA,Global,No,No,
ExpenseAccrualSetup,Rev Number,RevNumber,sTYPE_UNFORMATTED_NUMBER,Global,No,No,
ExpenseAccrualSetup,Section,Section,sTYPE_TEXT,Global,No,No,
ExpenseAllocation,Allocation ClientID,BOMapClientRecordID,sTYPE_TEXT,Global,Yes,No,
ExpenseAllocation,Allocation Percentage,AllocationPercentage,sTYPE_PERCENTAGE,Global,No,No,
ExpenseAllocation,Allocation RecID,ExpenseAllocationID,sTYPE_UNFORMATTED_NUMBER,Global,No,No,
ExpenseAllocation,Begin Date,BeginDate,sTYPE_DATE,Global,No,No,
ExpenseAllocation,Contract,ContractID,sTYPE_CONTRACT,Global,Yes,No,
ExpenseAllocation,Effective Date,EffectiveDate,sTYPE_DATE,Global,No,No,
ExpenseAllocation,End Date,EndDate,sTYPE_DATE,Global,No,No,
ExpenseAllocation,Equipment,AssetID,sTYPE_EQUIPMENT,Global,No,No,
ExpenseAllocation,Equipment Associated Entity,AssetAssociatedProjectEntityID,sTYPE_MIXEDENTITY,Global,No,No,
ExpenseAllocation,Expense Setup,ExpenseSetupID,sTYPE_EXPENSE_SETUP,Global,No,No,
ExpenseAllocation,Modified By,ModifiedByID,sTYPE_MEMBER,Global,No,No,
ExpenseAllocation,Modified Date,ModifiedDate,sTYPE_TIME,Global,No,No,
ExpenseAllocation,Notes,Notes,sTYPE_TEXTAREA,Global,No,No,
ExpenseAllocation,Organization,OrganizationID,sTYPE_ORGANIZATION,Global,No,No,
ExpenseEscalation,Base Amount,BaseAmount,sTYPE_MONEY,Global,No,No,
ExpenseEscalation,Base Year,BaseYear,sTYPE_TEXT,Global,No,No,
ExpenseEscalation,Begin Date,BeginDate,sTYPE_DATE,Global,No,No,
ExpenseEscalation,Cap Amount,CapAmount,sTYPE_MONEY,Global,No,No,
ExpenseEscalation,Cap Percentage,CapPercentage,sTYPE_PERCENTAGE,Global,No,No,
ExpenseEscalation,Contract,ContractID,sTYPE_CONTRACT,Global,Yes,No,
ExpenseEscalation,End Date,EndDate,sTYPE_DATE,Global,No,No,
ExpenseEscalation,Escalation Category,CodeEscalationCategoryID,sCODE_ESCALATION_CATEGORY,Global,No,No,
ExpenseEscalation,Escalation ClientID,BOMapClientRecordID,sTYPE_TEXT,Global,Yes,No,
ExpenseEscalation,Escalation Group,CodeEscalationGroupID,sCODE_ESCALATION_GROUP,Global,No,No,
ExpenseEscalation,Escalation Index,EscalationIndexID,sTYPE_ESCALATION_INDEX,Global,No,No,
ExpenseEscalation,Escalation Method,EscalationMethod,sTYPE_TEXT,Global,No,No,
ExpenseEscalation,Escalation Period,EscalationPeriod,sTYPE_NUMBER,Global,No,No,
ExpenseEscalation,Escalation RecID,ExpenseEscalationID,sTYPE_UNFORMATTED_NUMBER,Global,No,No,
ExpenseEscalation,Escalation Type,CodeEscalationTypeID,sCODE_ESCALATION_TYPE,Global,No,No,
ExpenseEscalation,Expense Setup,ExpenseSetupID,sTYPE_EXPENSE_SETUP,Global,Yes,No,
ExpenseEscalation,Fixed Amount,FixedAmount,sTYPE_MONEY,Global,No,No,
ExpenseEscalation,Frequency,CodeFrequencyID,sCODE_MONTH_FREQUENCY,Global,No,No,
ExpenseEscalation,Index Base Factor,IndexBaseFactor,sTYPE_PERCENTAGE,Global,No,No,
ExpenseEscalation,Lifetime Max Percentage,LifetimeMaxPercentage,sTYPE_PERCENTAGE,Global,No,No,
ExpenseEscalation,Lifetime Min Percentage,LifetimeMinPercentage,sTYPE_PERCENTAGE,Global,No,No,
ExpenseEscalation,Modified By,ModifiedByID,sTYPE_MEMBER,Global,No,No,
ExpenseEscalation,Modified Date,ModifiedDate,sTYPE_TIME,Global,No,No,
ExpenseEscalation,Notes,Notes,sTYPE_TEXTAREA,Global,No,No,
ExpenseEscalation,Period Max Percentage,PeriodMaxPercentage,sTYPE_PERCENTAGE,Global,No,No,
ExpenseEscalation,Period Min Percentage,PeriodMinPercentage,sTYPE_PERCENTAGE,Global,No,No,
ExpenseEscalation,Stop Amount,StopAmount,sTYPE_MONEY,Global,No,No,
VirtualExpenseForecastPeriod,Begin Date,BeginDate,sTYPE_DATE,Global,No,No,
VirtualExpenseForecastPeriod,Calendar Month,MonthName,sTYPE_TEXT,Global,No,No,
VirtualExpenseForecastPeriod,Calendar Year,CalendarYear,sTYPE_DROPDOWN_YEAR,Global,No,No,
VirtualExpenseForecastPeriod,Contract,ContractID,sTYPE_CONTRACT,Global,No,No,
VirtualExpenseForecastPeriod,End Date,EndDate,sTYPE_DATE,Global,No,No,
VirtualExpenseForecastPeriod,Expense Category,CodeExpenseCategoryID,sCODE_EXPENSE_CATEGORY,Global,No,No,
VirtualExpenseForecastPeriod,Expense Group,CodeExpenseGroupID,sCODE_EXPENSE_GROUP,Global,No,No,
VirtualExpenseForecastPeriod,Expense Setup,ExpenseSetupID,sTYPE_EXPENSE_SETUP,Global,No,No,
VirtualExpenseForecastPeriod,Expense Type,CodeExpenseTypeID,sCODE_EXPENSE_TYPE,Global,No,No,
VirtualExpenseForecastPeriod,Fiscal Period,Period,sTYPE_NUMBER,Global,No,No,
VirtualExpenseForecastPeriod,Fiscal Year,FiscalYear,sTYPE_DROPDOWN_YEAR,Global,No,No,
VirtualExpenseForecastPeriod,Ignore Alternate Rent?,IgnoreAlternateRent,sTYPE_BOOLEAN,Global,No,No,
VirtualExpenseForecastPeriod,In Alternate Rent?,InAlternateRent,sTYPE_BOOLEAN,Global,No,No,
VirtualExpenseForecastPeriod,Is CPI?,IsCPI,sTYPE_BOOLEAN,Global,No,No,
VirtualExpenseForecastPeriod,Is Fiscal Forecast?,IsFiscalForecast,sTYPE_BOOLEAN,Global,No,No,
VirtualExpenseForecastPeriod,Is Obligation?,IsObligationOnly,sTYPE_BOOLEAN,Global,No,No,
VirtualExpenseForecastPeriod,Paid / Forecast Period Amount,AdjustedPeriodExpense,sTYPE_MONEY,Global,No,No,
VirtualExpenseForecastPeriod,Period Amount,PeriodExpense,sTYPE_MONEY,Global,No,No,
VirtualExpenseForecastPeriod,Period Paid Amount,RentPaid,sTYPE_MONEY,Global,No,No,
VirtualExpenseForecastPeriod,Straight-Line Schedule,CodeSLScheduleID,sCODE_SL_SCHEDULE,Global,No,No,
VariableRentOffset,Aggregate Expense Group,CodePRAggregateExpGroupID,sCODE_EXPENSE_GROUP,Global,No,No,
VariableRentOffset,Aggregate Expense Type,CodePRAggregateExpTypeID,sCODE_EXPENSE_TYPE,Global,No,No,
VariableRentOffset,Begin Date,BeginDate,sTYPE_DATE,Global,No,No,
VariableRentOffset,Cap Amount,CapAmount,sTYPE_MONEY,Global,No,No,
VariableRentOffset,Cap Percent,CapPercent,sTYPE_PERCENTAGE,Global,No,No,
VariableRentOffset,Contract,ContractID,sTYPE_CONTRACT,Global,Yes,No,
VariableRentOffset,Currency Type,CodeCurrencyTypeID,sCODE_CURRENCY_TYPE,Global,No,No,
VariableRentOffset,End Date,EndDate,sTYPE_DATE,Global,No,No,
VariableRentOffset,Expense Group,CodeExpenseGroupID,sCODE_EXPENSE_GROUP,Global,No,No,
VariableRentOffset,Expense Type,CodeExpenseTypeID,sCODE_EXPENSE_TYPE,Global,No,No,
VariableRentOffset,Fixed Offset Amount,FixedOffsetAmount,sTYPE_MONEY,Global,No,No,
VariableRentOffset,Modified By,ModifiedByID,sTYPE_MEMBER,Global,No,No,
VariableRentOffset,Modified Date,ModifiedDate,sTYPE_TIME,Global,No,No,
VariableRentOffset,Notes,Notes,sTYPE_TEXTAREA,Global,No,No,
VariableRentOffset,Offset ClientID,BOMapClientRecordID,sTYPE_TEXT,Global,Yes,No,
VariableRentOffset,Offset Group,CodeOffsetGroupID,sCODE_OFFSET_GROUP,Global,No,No,
VariableRentOffset,Offset RecID,VariableRentOffsetID,sTYPE_UNFORMATTED_NUMBER,Global,No,No,
VariableRentOffset,Offset Type,CodeOffsetTypeID,sCODE_OFFSET_TYPE,Global,No,No,
VariableRentOffset,Sales Group,CodeSalesGroupID,sCODE_SALES_GROUP,Global,No,No,
ExpenseRecovery,Amendment,AmendmentID,sTYPE_CONTRACT_AMENDMENT,Global,No,No,
ExpenseRecovery,Approval Status,CodeApprovalStatusID,sCODE_APPROVAL_STATUS_EXPRECOVERY,Global,No,No,
ExpenseRecovery,Base Year,BaseYear,sTYPE_TEXT,Global,No,No,
ExpenseRecovery,Base Year Amount,BaseYearAmount,sTYPE_MONEY,Global,No,No,
ExpenseRecovery,Base Year Amount Type,CodeBaseYearAmountTypeID,sCODE_BASE_YEAR_AMOUNT_TYPE,Global,No,No,
ExpenseRecovery,Begin Date,BeginDate,sTYPE_DATE,Global,No,No,
ExpenseRecovery,Calculation Method,CodeCalculationMethodID,sCODE_CALCULATION_METHOD,Global,No,No,
ExpenseRecovery,Cap Amount Per-Period Change (Percent),CapAmountChangePercent,sTYPE_PERCENTAGE,Global,No,No,
ExpenseRecovery,Cap Amount Per-Period Change (Value),CapAmountChangeValue,sTYPE_MONEY,Global,No,No,
ExpenseRecovery,Cap Percentage,CapPercentage,sTYPE_PERCENTAGE,Global,No,No,
ExpenseRecovery,Cap Type,CodeCapTypeID,sCODE_CAP_TYPE,Global,No,No,
ExpenseRecovery,Catch Up Number of Months,CatchUpNumberOfMonths,sTYPE_NUMBER_FRACTION2DIGITS,Global,No,No,
ExpenseRecovery,Catch Up Payment Amount,CatchUpPaymentAmount,sTYPE_MONEY,Global,No,No,
ExpenseRecovery,Contract,ContractID,sTYPE_CONTRACT,Global,Yes,No,
ExpenseRecovery,Covenant,CovenantID,sTYPE_COVENANT,Global,No,No,
ExpenseRecovery,Created By,CreatedByID,sTYPE_MEMBER,Global,No,No,
ExpenseRecovery,Created Date,CreatedDate,sTYPE_TIME,Global,No,No,
ExpenseRecovery,Currency Type,CodeCurrencyTypeID,sCODE_CURRENCY_TYPE,Global,No,No,
ExpenseRecovery,Current Escrow Payment,CurrentEscrowPayment,sTYPE_MONEY,Global,No,No,
ExpenseRecovery,Date Received,DateReceived,sTYPE_DATE,Global,No,No,
ExpenseRecovery,Documents,DocumentIDList,sTYPE_DOCUMENT_LIST,Global,No,No,
ExpenseRecovery,End Date,EndDate,sTYPE_DATE,Global,No,No,
ExpenseRecovery,Escalation Amount Increase,EscalationAmountIncrease,sTYPE_MONEY_MATH_OPERATION,Global,No,No,
ExpenseRecovery,Escalation Payment Method,CodeEscalationPaymentMethodID,sCODE_ESCALATION_PAYMENT_METHOD,Global,No,No,
ExpenseRecovery,Escalation Percentage,EscalationPercentage,sTYPE_PERCENTAGE,Global,No,No,
ExpenseRecovery,Exp Rec Based On,CodeExpRecBasedOnID,sCODE_EXP_REC_BASED_ON,Global,No,No,
ExpenseRecovery,Expense Group,CodeExpenseGroupID,sCODE_EXPENSE_GROUP,Global,No,No,
ExpenseRecovery,Expense Recovery ClientID,BOMapClientRecordID,sTYPE_TEXT,Global,Yes,No,
ExpenseRecovery,Expense Recovery RecID,ExpenseRecoveryID,sTYPE_UNFORMATTED_NUMBER,Global,No,No,
ExpenseRecovery,Expense Type,CodeExpenseTypeID,sCODE_EXPENSE_TYPE,Global,No,No,
ExpenseRecovery,Grossup Rate,GrossupRate,sTYPE_MONEY,Global,No,No,
ExpenseRecovery,Is Escalation Non-Cumulative,IsRecoveryCapEscalationNonCum,sTYPE_CHECKBOX,Global,No,No,
ExpenseRecovery,Maximum Value,MaximumValue,sTYPE_MONEY,Global,No,No,
ExpenseRecovery,Minimum Value,MinimumValue,sTYPE_MONEY,Global,No,No,
ExpenseRecovery,Modified By,ModifiedByID,sTYPE_MEMBER,Global,No,No,
ExpenseRecovery,Modified Date,ModifiedDate,sTYPE_TIME,Global,No,No,
ExpenseRecovery,New Escalation Payment,NewEscalationPayment,sTYPE_MONEY,Global,No,No,
ExpenseRecovery,Notes,Notes,sTYPE_TEXTAREA,Global,No,No,
ExpenseRecovery,Number of Days In Period,NumDaysInRecoveryPeriod,sTYPE_DATE_MATH_OPERATION,Global,No,No,
ExpenseRecovery,Occupancy Factor,OccupancyAdjustedThreshold,sTYPE_PERCENT_MATH_OPERATION,Global,No,No,
ExpenseRecovery,Payment Frequency,CodePaymentFrequencyID,sCODE_MONTH_FREQUENCY,Global,No,No,
ExpenseRecovery,Pro Rata Share Method,CodeProRataShareMethodID,sCODE_PRO_RATA_SHARE_METHOD,Global,No,No,
ExpenseRecovery,Proposed Catch Up Payment Amount,ProposedCatchUpPaymentAmount,sTYPE_MONEY_MATH_OPERATION,Global,No,No,
ExpenseRecovery,Proposed Escalation Payment,ProposedEscalationPayment,sTYPE_MONEY_MATH_OPERATION,Global,No,No,
ExpenseRecovery,Reconciled Date,ReconciledDate,sTYPE_DATE,Global,No,No,
ExpenseRecovery,Reconciled?,ReconciledFlag,sTYPE_CHECKBOX,Global,No,No,
ExpenseRecovery,Reconciliation Frequency,CodeReconciliationFrequencyID,sCODE_MONTH_FREQUENCY,Global,No,No,
ExpenseRecovery,Recovery Exclusions,RecoveryExclusions,sTYPE_TEXTAREA,Global,No,No,
ExpenseRecovery,Recovery Group,CodeRecoveryGroupID,sCODE_RECOVERY_GROUP,Global,No,No,
ExpenseRecovery,Recovery Period,RecoveryPeriod,sTYPE_TEXT,Global,No,No,
ExpenseRecovery,Recovery Period Days,RecoveryPeriodDaysNoZeroDef,sTYPE_NUMBER,Global,No,No,
ExpenseRecovery,Recovery Type,CodeRecoveryTypeID,sCODE_RECOVERY_TYPE,Global,No,No,
ExpenseRecovery,Rev Number,RevNumber,sTYPE_UNFORMATTED_NUMBER,Global,No,No,
ExpenseRecovery,Section,Section,sTYPE_TEXT,Global,No,No,
ExpenseRecovery,Tenant Due Date,TenantDueDate,sTYPE_DATE,Global,No,No,
ExpenseRecovery,Tenant Savings Amount,TenantSavingsAmount,sTYPE_MONEY,Global,No,No,
ExpenseRecoveryItem,A-B Variance Amount,ABVarianceAmount,sTYPE_MONEY_MATH_OPERATION,Global,No,No,
ExpenseRecoveryItem,A-B Variance Percent,ABVariancePercent,sTYPE_PERCENT_MATH_OPERATION,Global,No,No,
ExpenseRecoveryItem,Admin Fee Amount,ApprovedAdminFeeAmtNoZeroDef,sTYPE_MONEY,Global,No,No,
ExpenseRecoveryItem,Admin Fee Percentage,ApprovedAdminFeePrcntNoZeroDef,sTYPE_PERCENTAGE,Global,No,No,
ExpenseRecoveryItem,A-P Variance Amount,APVarianceAmount,sTYPE_MONEY_MATH_OPERATION,Global,No,No,
ExpenseRecoveryItem,A-P Variance Percent,APVariancePercent,sTYPE_PERCENT_MATH_OPERATION,Global,No,No,
ExpenseRecoveryItem,Approval Status,CodeApprovalStatusID,sCODE_APPROVAL_STATUS_EXPRECOVERY,Global,No,No,
ExpenseRecoveryItem,Approved Amount,ApprovedAmount,sTYPE_MONEY,Global,No,No,
ExpenseRecoveryItem,Approved Pro Rata Share Rate,ApprovedProRataShareRate,sTYPE_PERCENTAGE,Global,No,No,
ExpenseRecoveryItem,B-P Variance Amount,BPVarianceAmount,sTYPE_MONEY_MATH_OPERATION,Global,No,No,
ExpenseRecoveryItem,B-P Variance Percent,BPVariancePercent,sTYPE_PERCENT_MATH_OPERATION,Global,No,No,
ExpenseRecoveryItem,Budgeted Amount,BudgetedAmount,sTYPE_MONEY,Global,No,No,
ExpenseRecoveryItem,Budgeted Amount Gross,BudgetedAmountGross,sTYPE_MONEY_MATH_OPERATION,Global,No,No,
ExpenseRecoveryItem,Budgeted Amount Net,BudgetedAmountNet,sTYPE_MONEY_MATH_OPERATION,Global,No,No,
ExpenseRecoveryItem,Budgeted Pro Rata Share Rate,BudgetedProRataShareRate,sTYPE_PERCENTAGE,Global,No,No,
ExpenseRecoveryItem,Cap Amount,ApprovedCapAmountNoZeroDef,sTYPE_MONEY,Global,No,No,
ExpenseRecoveryItem,Cap Percentage,ApprovedCapPercentNoZeroDef,sTYPE_PERCENTAGE,Global,No,No,
ExpenseRecoveryItem,Computed Admin Fee,ComputedApprovedAdminFeeNoZeroDef,sTYPE_MONEY_MATH_OPERATION,Global,No,No,
ExpenseRecoveryItem,Computed Approved Cap,ComputedApprovedCapNoZeroDef,sTYPE_MONEY_MATH_OPERATION,Global,No,No,
ExpenseRecoveryItem,Computed Total Approved Amount,ComputedApprovedTotalAmount,sTYPE_MONEY_MATH_OPERATION,Global,No,No,
ExpenseRecoveryItem,Computed Total Approved Amount Gross,ComputedApprovedTotalAmountGross,sTYPE_MONEY_MATH_OPERATION,Global,No,No,
ExpenseRecoveryItem,Computed Total Approved Amount Net,ComputedApprovedTotalAmountNet,sTYPE_MONEY_MATH_OPERATION,Global,No,No,
ExpenseRecoveryItem,Contract,ContractID,sTYPE_CONTRACT,Global,Yes,No,
ExpenseRecoveryItem,Created By,CreatedByID,sTYPE_MEMBER,Global,No,No,
ExpenseRecoveryItem,Created Date,CreatedDate,sTYPE_TIME,Global,No,No,
ExpenseRecoveryItem,Expense Recovery,ExpenseRecoveryID,sTYPE_EXPENSE_RECOVERY,Global,Yes,No,
ExpenseRecoveryItem,Expense Recovery Item ClientID,BOMapClientRecordID,sTYPE_TEXT,Global,Yes,No,
ExpenseRecoveryItem,Expense Recovery Item RecID,ExpenseRecoveryItemID,sTYPE_UNFORMATTED_NUMBER,Global,No,No,
ExpenseRecoveryItem,Modified By,ModifiedByID,sTYPE_MEMBER,Global,No,No,
ExpenseRecoveryItem,Modified Date,ModifiedDate,sTYPE_TIME,Global,No,No,
ExpenseRecoveryItem,Notes,Notes,sTYPE_TEXTAREA,Global,No,No,
ExpenseRecoveryItem,Prior Approved Amount,PriorApprovedAmountNoZeroDef,sTYPE_MONEY,Global,No,No,
ExpenseRecoveryItem,Prior Budgeted Amount,PriorBudgetedAmountNoZeroDef,sTYPE_MONEY,Global,No,No,
ExpenseRecoveryItem,Prior Reported Amount,PriorReportedAmountNoZeroDef,sTYPE_MONEY,Global,No,No,
ExpenseRecoveryItem,R-A Variance Amount,RAVarianceAmount,sTYPE_MONEY_MATH_OPERATION,Global,No,No,
ExpenseRecoveryItem,R-A Variance Percent,RAVariancePercent,sTYPE_PERCENT_MATH_OPERATION,Global,No,No,
ExpenseRecoveryItem,Recovery Item Group,CodeRecoveryItemGroupID,sCODE_RECOVERY_ITEM_GROUP,Global,No,No,
ExpenseRecoveryItem,Recovery Item Type,CodeRecoveryItemTypeID,sCODE_RECOVERY_ITEM_TYPE,Global,No,No,
ExpenseRecoveryItem,Recovery Section,CodeRecoverySectionID,sCODE_RECOVERY_SECTION,Global,Yes,No,
ExpenseRecoveryItem,Reported Amount,ReportedAmount,sTYPE_MONEY,Global,No,No,
ExpenseRecoveryItem,Reported Amount Gross,ReportedAmountGross,sTYPE_MONEY_MATH_OPERATION,Global,No,No,
ExpenseRecoveryItem,Reported Amount Net,ReportedAmountNet,sTYPE_MONEY_MATH_OPERATION,Global,No,No,
ExpenseRecoveryItem,Reported Pro Rata Share Rate,ReportedProRataShareRate,sTYPE_PERCENTAGE,Global,No,No,
ExpenseRecoveryItem,Rev Number,RevNumber,sTYPE_UNFORMATTED_NUMBER,Global,No,No,
ExpenseRecoveryItem,R-P Variance Amount,RPVarianceAmount,sTYPE_MONEY_MATH_OPERATION,Global,No,No,
ExpenseRecoveryItem,R-P Variance Percent,RPVariancePercent,sTYPE_PERCENT_MATH_OPERATION,Global,No,No,
ExpenseRecoveryItemMapping,Contract,ContractID,sTYPE_CONTRACT,Global,Yes,No,
ExpenseRecoveryItemMapping,Document,DocumentID,sTYPE_DOCUMENT,Global,Yes,No,
ExpenseRecoveryItemMapping,Expense Recovery Item,ExpenseRecoveryItemID,sTYPE_EXPENSE_RECOVERY_ITEM,Global,Yes,No,
ExpenseRecoveryItemMapping,Invoice Line Item Name,InvoiceLineItemName,sTYPE_TEXT,Global,No,No,
ExpenseRecoveryItemMapping,JSON Config,JSONConfigText,sTYPE_TEXTAREA,Global,No,No,
ExpenseSchedule,Account Period,AccountPeriod,sTYPE_NUMBER,Global,No,No,
ExpenseSchedule,Account Year,AccountYear,sTYPE_NUMBER,Global,No,No,
ExpenseSchedule,Adjustment Method,AdjustmentMethod,sTYPE_TEXT,Global,No,No,
ExpenseSchedule,Adjustment Method Type,CodeAdjustmentMethodID,sCODE_ADJUSTMENT_METHOD,Global,No,No,
ExpenseSchedule,Annual Amount,AnnualAmount,sTYPE_MONEY,Global,No,No,
ExpenseSchedule,Approval Status,CodeApprovalStatusID,sCODE_APPROVAL_STATUS,Global,No,No,
ExpenseSchedule,Begin Date,BeginDate,sTYPE_DATE,Global,Yes,No,
ExpenseSchedule,Calculated Tax Amount #1,CalculatedTaxAmount1,sTYPE_MONEY,Global,No,No,
ExpenseSchedule,Calculated Tax Amount #2,CalculatedTaxAmount2,sTYPE_MONEY,Global,No,No,
ExpenseSchedule,Calculated Tax Amount #3,CalculatedTaxAmount3,sTYPE_MONEY,Global,No,No,
ExpenseSchedule,Calculated Tax Amount #4,CalculatedTaxAmount4,sTYPE_MONEY,Global,No,No,
ExpenseSchedule,Contract,ContractID,sTYPE_CONTRACT,Global,Yes,No,
ExpenseSchedule,Contract Term,ContractTermID,sTYPE_CONTRACT_TERM,Global,No,No,
ExpenseSchedule,Daily Rent Rate,DailyRentRate,sTYPE_MONEY,Global,No,No,
ExpenseSchedule,Date Range,DateRange,sTYPE_DATE_RANGE,Global,No,No,
ExpenseSchedule,Description,Description,sTYPE_TEXT,Global,No,No,
ExpenseSchedule,End Date,EndDate,sTYPE_DATE,Global,Yes,No,
ExpenseSchedule,Equipment,AssetID,sTYPE_EQUIPMENT,Global,No,No,
ExpenseSchedule,Equipment Associated Entity,AssetAssociatedProjectEntityID,sTYPE_MIXEDENTITY,Global,No,No,
ExpenseSchedule,Expense Schedule ClientID,BOMapClientRecordID,sTYPE_TEXT,Global,Yes,No,
ExpenseSchedule,Expense Schedule RecID,ExpenseScheduleID,sTYPE_UNFORMATTED_NUMBER,Global,No,No,
ExpenseSchedule,Expense Setup,ExpenseSetupID,sTYPE_EXPENSE_SETUP,Global,Yes,No,
ExpenseSchedule,First Payment Amount,FirstPaymentAmount,sTYPE_MONEY,Global,No,No,
ExpenseSchedule,Hold?,HoldFlag,sTYPE_CHECKBOX,Global,No,No,
ExpenseSchedule,Is CPI?,IsCPI,sTYPE_CHECKBOX,Global,No,No,
ExpenseSchedule,Last Approval Change Date,LastApprovalChangeDate,sTYPE_DATE,Global,No,No,
ExpenseSchedule,Last Payment Amount,LastPaymentAmount,sTYPE_MONEY,Global,No,No,
ExpenseSchedule,Modified By,ModifiedByID,sTYPE_MEMBER,Global,No,No,
ExpenseSchedule,Modified Date,ModifiedDate,sTYPE_TIME,Global,No,No,
ExpenseSchedule,Next Annual Amount,NextAnnualAmount,sTYPE_MONEY,Global,No,No,
ExpenseSchedule,Next Payment Amount,NextPaymentAmount,sTYPE_MONEY,Global,No,No,
ExpenseSchedule,Next Schedule,NextExpenseScheduleID,sTYPE_EXPENSE_SCHEDULE,Global,No,No,
ExpenseSchedule,Notes,Notes,sTYPE_TEXTAREA,Global,No,No,
ExpenseSchedule,Option Rent?,OptionRentFlag,sTYPE_CHECKBOX,Global,No,No,
ExpenseSchedule,Payment Amount,PaymentAmount,sTYPE_MONEY,Global,No,No,
ExpenseSchedule,Payment Rate,PaymentRate,sTYPE_MONEY,Global,No,No,
ExpenseSchedule,Previous Annual Amount,PreviousAnnualAmount,sTYPE_MONEY,Global,No,No,
ExpenseSchedule,Previous Payment Amount,PreviousPaymentAmount,sTYPE_MONEY,Global,No,No,
ExpenseSchedule,Previous Schedule,PreviousExpenseScheduleID,sTYPE_EXPENSE_SCHEDULE,Global,No,No,
ExpenseSchedule,Processed Date,ProcessedDate,sTYPE_DATE,Global,No,No,
ExpenseSchedule,Processed?,ProcessedFlag,sTYPE_CHECKBOX,Global,No,No,
ExpenseSchedule,Ready For Payment?,ReadyForPaymentFlag,sTYPE_CHECKBOX,Global,No,No,
ExpenseSchedule,Tax Amount #1,TaxAmount1,sTYPE_MONEY,Global,No,No,
ExpenseSchedule,Tax Amount #2,TaxAmount2,sTYPE_MONEY,Global,No,No,
ExpenseSchedule,Tax Amount #3,TaxAmount3,sTYPE_MONEY,Global,No,No,
ExpenseSchedule,Tax Amount #4,TaxAmount4,sTYPE_MONEY,Global,No,No,
ExpenseSchedule,Tax Rate #1,CalculatedTaxRate1,sTYPE_PERCENTAGE,Global,No,No,
ExpenseSchedule,Tax Rate #2,CalculatedTaxRate2,sTYPE_PERCENTAGE,Global,No,No,
ExpenseSchedule,Tax Rate #3,CalculatedTaxRate3,sTYPE_PERCENTAGE,Global,No,No,
ExpenseSchedule,Tax Rate #4,CalculatedTaxRate4,sTYPE_PERCENTAGE,Global,No,No,
ExpenseSetup,Amendment,AmendmentID,sTYPE_CONTRACT_AMENDMENT,Global,No,No,
ExpenseSetup,Amount Decrease Cap,AmountDecreaseCap,sTYPE_MONEY,Global,No,No,
ExpenseSetup,Amount Increase Cap,AmountIncreaseCap,sTYPE_MONEY,Global,No,No,
ExpenseSetup,Apply Tax #1?,ApplyTax1Flag,sTYPE_CHECKBOX,Global,No,No,
ExpenseSetup,Apply Tax #2?,ApplyTax2Flag,sTYPE_CHECKBOX,Global,No,No,
ExpenseSetup,Apply Tax #3?,ApplyTax3Flag,sTYPE_CHECKBOX,Global,No,No,
ExpenseSetup,Apply Tax #4?,ApplyTax4Flag,sTYPE_CHECKBOX,Global,No,No,
ExpenseSetup,Bank Account Number,BankAccountNumber,sTYPE_TEXT,Global,No,No,
ExpenseSetup,Bank Routing Number,BankRoutingNumber,sTYPE_TEXT,Global,No,No,
ExpenseSetup,Begin Date,BeginDate,sTYPE_DATE,Global,No,No,
ExpenseSetup,Building Area Unit,CodeBuildingAreaUnitID,sCODE_BUILDING_AREA_UNIT,Global,No,No,
ExpenseSetup,Contract,ContractID,sTYPE_CONTRACT,Global,Yes,No,
ExpenseSetup,Covenant,CovenantID,sTYPE_COVENANT,Global,No,No,
ExpenseSetup,CPI Index,CodeCPIIndexID,sCODE_CPI_INDEX,Global,No,No,
ExpenseSetup,CPI Multiplier,CPIMultiplier,sTYPE_NUMBER,Global,No,No,
ExpenseSetup,CPI Notes,CPINotes,sTYPE_TEXTAREA,Global,No,No,
ExpenseSetup,Currency Type,CodeCurrencyTypeID,sCODE_CURRENCY_TYPE,Global,No,No,
ExpenseSetup,Current Annual Rent,CurrentAnnualRent,sTYPE_MONEY,Global,No,No,
ExpenseSetup,Current Monthly Rent,CurrentMonthlyRent,sTYPE_MONEY,Global,No,No,
ExpenseSetup,Current Monthly Tax Amount #1,CurrentTaxAmount1,sTYPE_MONEY,Global,No,No,
ExpenseSetup,Current Monthly Tax Amount #2,CurrentTaxAmount2,sTYPE_MONEY,Global,No,No,
ExpenseSetup,Current Monthly Tax Amount #3,CurrentTaxAmount3,sTYPE_MONEY,Global,No,No,
ExpenseSetup,Current Monthly Tax Amount #4,CurrentTaxAmount4,sTYPE_MONEY,Global,No,No,
ExpenseSetup,Current Period Rent,CurrentPeriodRent,sTYPE_MONEY,Global,No,No,
ExpenseSetup,Current Period Tax Amount #1,CurrentPeriodTaxAmount1,sTYPE_MONEY,Global,No,No,
ExpenseSetup,Current Period Tax Amount #2,CurrentPeriodTaxAmount2,sTYPE_MONEY,Global,No,No,
ExpenseSetup,Current Period Tax Amount #3,CurrentPeriodTaxAmount3,sTYPE_MONEY,Global,No,No,
ExpenseSetup,Current Period Tax Amount #4,CurrentPeriodTaxAmount4,sTYPE_MONEY,Global,No,No,
ExpenseSetup,Custom Payment Coverage,IsCustomPaymentCoverage,sTYPE_CHECKBOX,Global,No,No,
ExpenseSetup,Daily Rent,IsDailyRent,sTYPE_CHECKBOX,Global,No,No,
ExpenseSetup,Date Range,DateRange,sTYPE_DATE_RANGE,Global,No,No,
ExpenseSetup,Description,Description,sTYPE_TEXT,Global,No,No,
ExpenseSetup,End Date,EndDate,sTYPE_DATE,Global,No,No,
ExpenseSetup,Expense Acct,CodeExpenseAcctID,sCODE_EXPENSE_ACCT,Global,No,No,
ExpenseSetup,Expense Category,CodeExpenseCategoryID,sCODE_EXPENSE_CATEGORY,Global,No,No,
ExpenseSetup,Expense Group,CodeExpenseGroupID,sCODE_EXPENSE_GROUP,Global,No,No,
ExpenseSetup,Expense Setup ClientID,BOMapClientRecordID,sTYPE_TEXT,Global,Yes,No,
ExpenseSetup,Expense Setup RecID,ExpenseSetupID,sTYPE_UNFORMATTED_NUMBER,Global,No,No,
ExpenseSetup,Expense Type,CodeExpenseTypeID,sCODE_EXPENSE_TYPE,Global,No,No,
ExpenseSetup,Forecast Adjustment,ForecastAdjustment,sTYPE_MONEY,Global,No,No,
ExpenseSetup,Forecast Cap Percent,ForecastCapPercent,sTYPE_PERCENTAGE,Global,No,No,
ExpenseSetup,Forecast Growth Percent,ForecastGrowthPercent,sTYPE_PERCENTAGE,Global,No,No,
ExpenseSetup,Frequency,CodeFrequencyID,sCODE_MONTH_FREQUENCY,Global,Yes,No,
ExpenseSetup,Hold?,HoldFlag,sTYPE_CHECKBOX,Global,No,No,
ExpenseSetup,Include in Planning and Forecasting,IncludeInPlanForecast,sTYPE_CHECKBOX,Global,No,No,
ExpenseSetup,Internal Reference Number,InternalReferenceNumber,sTYPE_TEXT,Global,No,No,
ExpenseSetup,Is CPI Compounding?,IsCPICompounding,sTYPE_CHECKBOX,Global,No,No,
ExpenseSetup,Is Receivable?,IsReceivable,sTYPE_CHECKBOX,Global,No,No,
ExpenseSetup,Modified By,ModifiedByID,sTYPE_MEMBER,Global,No,No,
ExpenseSetup,Modified Date,ModifiedDate,sTYPE_TIME,Global,No,No,
ExpenseSetup,Notes,Notes,sTYPE_TEXTAREA,Global,No,No,
ExpenseSetup,Number Of Payments,NumberOfPayments,sTYPE_NUMBER,Global,No,No,
ExpenseSetup,Pay in Arrears?,IsPayArrears,sTYPE_CHECKBOX,Global,No,No,
ExpenseSetup,Payment Due Day,PaymentDueDay,sTYPE_NUMBER,Global,No,No,
ExpenseSetup,Payment Method,CodePaymentMethodID,sCODE_PAYMENT_METHOD,Global,No,No,
ExpenseSetup,Payment Rate,PaymentRate,sTYPE_PERCENTAGE,Global,No,No,
ExpenseSetup,Percent Decrease Cap,PercentDecreaseCap,sTYPE_PERCENTAGE,Global,No,No,
ExpenseSetup,Percent Increase Cap,PercentIncreaseCap,sTYPE_PERCENTAGE,Global,No,No,
ExpenseSetup,Plan Adjustment,PlanAdjustment,sTYPE_MONEY,Global,No,No,
ExpenseSetup,Plan Cap Percent,PlanCapPercent,sTYPE_PERCENTAGE,Global,No,No,
ExpenseSetup,Plan Growth Percent,PlanGrowthPercent,sTYPE_PERCENTAGE,Global,No,No,
ExpenseSetup,Plan/Forecast Based On,CodePlanForecastBasedOnID,sCODE_PLAN_FORECAST_BASED_ON,Global,No,No,
ExpenseSetup,Plan/Forecast Group,CodePlanForecastGroupID,sCODE_PLAN_FORECAST_GROUP,Global,No,No,
ExpenseSetup,Planning and Forecasting Notes,PlanForecastNotes,sTYPE_TEXTAREA,Global,No,No,
ExpenseSetup,Pro Rata Share Rate,ProRataShareRate,sTYPE_PERCENTAGE,Global,No,No,
ExpenseSetup,Proration Method,CodeProrationMethodID,sCODE_PRORATION_METHOD,Global,No,No,
ExpenseSetup,Ready For Payment?,ReadyForPaymentFlag,sTYPE_CHECKBOX,Global,No,No,
ExpenseSetup,Reconcilable Expense?,ReconcilableExpense,sTYPE_CHECKBOX,Global,No,No,
ExpenseSetup,Remit Message,RemitMessage,sTYPE_TEXT,Global,No,No,
ExpenseSetup,Rentable Area,RentableArea,sTYPE_AREA,Global,No,No,
ExpenseSetup,Secondary Rent Schedule Allocation Amount,SecondaryRentSchedAllocAmount,sTYPE_MONEY,Global,No,No,
ExpenseSetup,Secondary Rent Schedule Allocation Percent,SecondaryRentSchedAllocPercent,sTYPE_PERCENTAGE,Global,No,No,
ExpenseSetup,Section,Section,sTYPE_TEXT,Global,No,No,
ExpenseSetup,Taxes Included In Amount?,TaxesIncludedFlag,sTYPE_CHECKBOX,Global,No,No,
ExpenseSetup,Vendor,VendorID,sTYPE_VENDOR,Global,No,No,
ExpenseSetup,Vendor Account Number,VendorAccountNumber,sTYPE_TEXT,Global,No,No,
ExpenseSetup,Vendor Allocation List,VendorAllocationList,sTYPE_TEXT,Global,No,No,
CodeExpenseType,AP Export Base Number,APExportBaseNumber,sTYPE_TEXT,Global,No,No,
CodeExpenseType,AP Export Prepaid Number,APExportPrepaidNumber,sTYPE_TEXT,Global,No,No,
CodeExpenseType,AP Export Tax #1,APExportTax1Number,sTYPE_TEXT,Global,No,No,
CodeExpenseType,AP Export Tax #2,APExportTax2Number,sTYPE_TEXT,Global,No,No,
CodeExpenseType,AP Export Tax #3,APExportTax3Number,sTYPE_TEXT,Global,No,No,
CodeExpenseType,AP Export Tax #4,APExportTax4Number,sTYPE_TEXT,Global,No,No,
CodeExpenseType,ASC 842 Schedule,CodeASC842ScheduleID,sCODE_ASC842_SCHEDULE,Global,No,No,
CodeExpenseType,Description,LongDescription,sTYPE_TEXT,Global,No,No,
CodeExpenseType,Expense Accrual Acct #1,ExpAccrualAcct1Number,sTYPE_TEXT,Global,No,No,
CodeExpenseType,Expense Accrual Acct #2,ExpAccrualAcct2Number,sTYPE_TEXT,Global,No,No,
CodeExpenseType,Expense Accrual Acct #3,ExpAccrualAcct3Number,sTYPE_TEXT,Global,No,No,
CodeExpenseType,Expense Accrual Acct #4,ExpAccrualAcct4Number,sTYPE_TEXT,Global,No,No,
CodeExpenseType,Expense Category,CodeExpenseCategoryID,sCODE_EXPENSE_CATEGORY,Global,No,No,
CodeExpenseType,Expense Type RecID,CodeID,sTYPE_UNFORMATTED_NUMBER,Global,No,No,
CodeExpenseType,IFRS 16 Schedule,CodeIFRS16ScheduleID,sCODE_IFRS16_SCHEDULE,Global,No,No,
CodeExpenseType,Modified By,ModifiedByID,sTYPE_MEMBER,Global,No,No,
CodeExpenseType,Modified Date,ModifiedDate,sTYPE_TIME,Global,No,No,
CodeExpenseType,Name,ShortName,sTYPE_TEXT,Global,Yes,No,
CodeExpenseType,Parent Expense Group,ParentID,sCODE_EXPENSE_GROUP,Global,No,No,
CodeExpenseType,Parent Group,ParentCodeExpenseGroupID,sCODE_EXPENSE_GROUP,Global,Yes,No,
CodeExpenseType,Percent Rent Accrual Acct #1,PercentRentAccrualAcct1Number,sTYPE_TEXT,Global,No,No,
CodeExpenseType,Percent Rent Accrual Acct #2,PercentRentAccrualAcct2Number,sTYPE_TEXT,Global,No,No,
CodeExpenseType,Percent Rent Accrual Acct #3,PercentRentAccrualAcct3Number,sTYPE_TEXT,Global,No,No,
CodeExpenseType,Percent Rent Accrual Acct #4,PercentRentAccrualAcct4Number,sTYPE_TEXT,Global,No,No,
CodeExpenseType,RE Tax Accrual Acct #1,RETaxAccrualAcct1Number,sTYPE_TEXT,Global,No,No,
CodeExpenseType,RE Tax Accrual Acct #2,RETaxAccrualAcct2Number,sTYPE_TEXT,Global,No,No,
CodeExpenseType,RE Tax Accrual Acct #3,RETaxAccrualAcct3Number,sTYPE_TEXT,Global,No,No,
CodeExpenseType,RE Tax Accrual Acct #4,RETaxAccrualAcct4Number,sTYPE_TEXT,Global,No,No,
CodeExpenseType,Straight-Line Schedule,CodeSLScheduleID,sCODE_SL_SCHEDULE,Global,No,No,
ExpenseVendorAllocation,AP Vendor Number,APVendorNumber,sTYPE_TEXT,Global,No,No,
ExpenseVendorAllocation,Begin Date,BeginDate,sTYPE_DATE,Global,No,No,
ExpenseVendorAllocation,Contract,ContractID,sTYPE_CONTRACT,Global,Yes,No,
ExpenseVendorAllocation,Created By,CreatedByID,sTYPE_MEMBER,Global,No,No,
ExpenseVendorAllocation,Created Date,CreatedDate,sTYPE_TIME,Global,No,No,
ExpenseVendorAllocation,End Date,EndDate,sTYPE_DATE,Global,No,No,
ExpenseVendorAllocation,Expense Setup,ExpenseSetupID,sTYPE_EXPENSE_SETUP,Global,Yes,No,
ExpenseVendorAllocation,Modified By,ModifiedByID,sTYPE_MEMBER,Global,No,No,
ExpenseVendorAllocation,Modified Date,ModifiedDate,sTYPE_TIME,Global,No,No,
ExpenseVendorAllocation,Notes,Notes,sTYPE_TEXTAREA,Global,No,No,
ExpenseVendorAllocation,Payment Percentage,PaymentPercentage,sTYPE_PERCENTAGE,Global,No,No,
ExpenseVendorAllocation,Rev Number,RevNumber,sTYPE_UNFORMATTED_NUMBER,Global,No,No,
ExpenseVendorAllocation,Vendor,VendorID,sTYPE_VENDOR,Global,Yes,No,
ExpenseVendorAllocation,Vendor Allocation ClientID,BOMapClientRecordID,sTYPE_TEXT,Global,Yes,No,
ExpenseVendorAllocation,Vendor Allocation RecID,ExpenseVendorAllocationID,sTYPE_UNFORMATTED_NUMBER,Global,No,No,
Contract,Aggregate Base Rent,AggregateBaseRent,sTYPE_MONEY,Global,No,No,
Contract,Aggregate Total Rent,AggregateTotalRent,sTYPE_MONEY,Global,No,No,
Contract,Beyond Fifth Calendar Year Base Rent,BeyondFifthYearBaseRent,sTYPE_MONEY,Global,No,No,
Contract,Beyond Fifth Calendar Year Total Rent,BeyondFifthYearTotalRent,sTYPE_MONEY,Global,No,No,
Contract,Beyond Sixth Calendar Year Base Rent,BeyondSixthYearBaseRent,sTYPE_MONEY,Global,No,No,
Contract,Beyond Sixth Calendar Year Total Rent,BeyondSixthYearTotalRent,sTYPE_MONEY,Global,No,No,
Contract,Current Annual Calendar Base Rent,CurrentAnnualBaseRent,sTYPE_MONEY,Global,No,No,
Contract,Current Annual Calendar Total Rent,CurrentAnnualTotalRent,sTYPE_MONEY,Global,No,No,
Contract,Current Calendar Q1 Base Rent,CurrentCalendarYearQ1BaseRent,sTYPE_MONEY,Global,No,No,
Contract,Current Calendar Q1 Total Rent,CurrentCalendarYearQ1TotalRent,sTYPE_MONEY,Global,No,No,
Contract,Current Calendar Q2 Base Rent,CurrentCalendarYearQ2BaseRent,sTYPE_MONEY,Global,No,No,
Contract,Current Calendar Q2 Total Rent,CurrentCalendarYearQ2TotalRent,sTYPE_MONEY,Global,No,No,
Contract,Current Calendar Q3 Base Rent,CurrentCalendarYearQ3BaseRent,sTYPE_MONEY,Global,No,No,
Contract,Current Calendar Q3 Total Rent,CurrentCalendarYearQ3TotalRent,sTYPE_MONEY,Global,No,No,
Contract,Current Calendar Q4 Base Rent,CurrentCalendarYearQ4BaseRent,sTYPE_MONEY,Global,No,No,
Contract,Current Calendar Q4 Total Rent,CurrentCalendarYearQ4TotalRent,sTYPE_MONEY,Global,No,No,
Contract,Current Calendar Year Gross Sales,CurrentCalendarYearGrossSales,sTYPE_MONEY,Global,No,No,
Contract,Current Monthly Base Rent,CurrentMonthlyBaseRent,sTYPE_MONEY,Global,No,No,
Contract,Current Monthly Total Rent,CurrentMonthlyTotalRent,sTYPE_MONEY,Global,No,No,
Contract,Current Straight Line Asset Balance,CurrentStraightLineAssetBalance,sTYPE_MONEY,Global,No,No,
Contract,Current Straight Line Liability Balance,CurrentStraightLineLiabilityBalance,sTYPE_MONEY,Global,No,No,
Contract,Fifth Calendar Year Base Rent,FifthYearBaseRent,sTYPE_MONEY,Global,No,No,
Contract,Fifth Calendar Year Total Rent,FifthYearTotalRent,sTYPE_MONEY,Global,No,No,
Contract,Fourth Calendar Year Base Rent,FourthYearBaseRent,sTYPE_MONEY,Global,No,No,
Contract,Fourth Calendar Year Total Rent,FourthYearTotalRent,sTYPE_MONEY,Global,No,No,
Contract,Next Calendar Year Base Rent,NextYearBaseRent,sTYPE_MONEY,Global,No,No,
Contract,Next Calendar Year Total Rent,NextYearTotalRent,sTYPE_MONEY,Global,No,No,
Contract,Prior Calendar Year Gross Sales,PriorCalendarYearGrossSales,sTYPE_MONEY,Global,No,No,
Contract,Remaining Base Rent Obligation,RemainingObligationBaseRent,sTYPE_MONEY,Global,No,No,
Contract,Remaining Total Rent Obligation,RemainingObligationTotalRent,sTYPE_MONEY,Global,No,No,
Contract,Sixth Calendar Year Base Rent,SixthYearBaseRent,sTYPE_MONEY,Global,No,No,
Contract,Sixth Calendar Year Total Rent,SixthYearTotalRent,sTYPE_MONEY,Global,No,No,
Contract,Third Calendar Year Base Rent,ThirdYearBaseRent,sTYPE_MONEY,Global,No,No,
Contract,Third Calendar Year Total Rent,ThirdYearTotalRent,sTYPE_MONEY,Global,No,No,
Contract,Aggregate Base Rent w/ Tax,AggregateBaseRentWithTax,sTYPE_MONEY,Global,No,No,
Contract,Aggregate Total Rent w/ Tax,AggregateTotalRentWithTax,sTYPE_MONEY,Global,No,No,
Contract,Beyond Fifth Calendar Year Base Rent w/ Tax,BeyondFifthYearBaseRentWithTax,sTYPE_MONEY,Global,No,No,
Contract,Beyond Fifth Calendar Year Total Rent w/ Tax,BeyondFifthYearTotalRentWithTax,sTYPE_MONEY,Global,No,No,
Contract,Beyond Sixth Calendar Year Base Rent w/ Tax,BeyondSixthYearBaseRentWithTax,sTYPE_MONEY,Global,No,No,
Contract,Beyond Sixth Calendar Year Total Rent w/ Tax,BeyondSixthYearTotalRentWithTax,sTYPE_MONEY,Global,No,No,
Contract,Current Annual Calendar Base Rent w/ Tax,CurrentAnnualBaseRentWithTax,sTYPE_MONEY,Global,No,No,
Contract,Current Annual Calendar Total Rent w/ Tax,CurrentAnnualTotalRentWithTax,sTYPE_MONEY,Global,No,No,
Contract,Current Calendar Q1 Base Rent w/ Tax,CurrentCalendarYearQ1BaseRentWithTax,sTYPE_MONEY,Global,No,No,
Contract,Current Calendar Q1 Total Rent w/ Tax,CurrentCalendarYearQ1TotalRentWithTax,sTYPE_MONEY,Global,No,No,
Contract,Current Calendar Q2 Base Rent w/ Tax,CurrentCalendarYearQ2BaseRentWithTax,sTYPE_MONEY,Global,No,No,
Contract,Current Calendar Q2 Total Rent w/ Tax,CurrentCalendarYearQ2TotalRentWithTax,sTYPE_MONEY,Global,No,No,
Contract,Current Calendar Q3 Base Rent w/ Tax,CurrentCalendarYearQ3BaseRentWithTax,sTYPE_MONEY,Global,No,No,
Contract,Current Calendar Q3 Total Rent w/ Tax,CurrentCalendarYearQ3TotalRentWithTax,sTYPE_MONEY,Global,No,No,
Contract,Current Calendar Q4 Base Rent w/ Tax,CurrentCalendarYearQ4BaseRentWithTax,sTYPE_MONEY,Global,No,No,
Contract,Current Calendar Q4 Total Rent w/ Tax,CurrentCalendarYearQ4TotalRentWithTax,sTYPE_MONEY,Global,No,No,
Contract,Current Monthly Base Rent w/ Tax,CurrentMonthlyBaseRentWithTax,sTYPE_MONEY,Global,No,No,
Contract,Current Monthly Total Rent w/ Tax,CurrentMonthlyTotalRentWithTax,sTYPE_MONEY,Global,No,No,
Contract,Fifth Calendar Year Base Rent w/ Tax,FifthYearBaseRentWithTax,sTYPE_MONEY,Global,No,No,
Contract,Fifth Calendar Year Total Rent w/ Tax,FifthYearTotalRentWithTax,sTYPE_MONEY,Global,No,No,
Contract,Fourth Calendar Year Base Rent w/ Tax,FourthYearBaseRentWithTax,sTYPE_MONEY,Global,No,No,
Contract,Fourth Calendar Year Total Rent w/ Tax,FourthYearTotalRentWithTax,sTYPE_MONEY,Global,No,No,
Contract,Next Calendar Year Base Rent w/ Tax,NextYearBaseRentWithTax,sTYPE_MONEY,Global,No,No,
Contract,Next Calendar Year Total Rent w/ Tax,NextYearTotalRentWithTax,sTYPE_MONEY,Global,No,No,
Contract,Remaining Base Rent Obligation w/ Tax,RemainingObligationBaseRentWithTax,sTYPE_MONEY,Global,No,No,
Contract,Remaining Total Rent Obligation w/ Tax,RemainingObligationTotalRentWithTax,sTYPE_MONEY,Global,No,No,
Contract,Sixth Calendar Year Base Rent w/ Tax,SixthYearBaseRentWithTax,sTYPE_MONEY,Global,No,No,
Contract,Sixth Calendar Year Total Rent w/ Tax,SixthYearTotalRentWithTax,sTYPE_MONEY,Global,No,No,
Contract,Third Calendar Year Base Rent w/ Tax,ThirdYearBaseRentWithTax,sTYPE_MONEY,Global,No,No,
Contract,Third Calendar Year Total Rent w/ Tax,ThirdYearTotalRentWithTax,sTYPE_MONEY,Global,No,No,
Contract,Beyond Fifth Fiscal Year Base Rent,BeyondFifthFiscalYearBaseRent,sTYPE_MONEY,Global,No,No,
Contract,Beyond Fifth Fiscal Year Total Rent,BeyondFifthFiscalYearTotalRent,sTYPE_MONEY,Global,No,No,
Contract,Beyond Sixth Fiscal Year Base Rent,BeyondSixthFiscalYearBaseRent,sTYPE_MONEY,Global,No,No,
Contract,Beyond Sixth Fiscal Year Total Rent,BeyondSixthFiscalYearTotalRent,sTYPE_MONEY,Global,No,No,
Contract,Current Annual Fiscal Base Rent,CurrentAnnualFiscalBaseRent,sTYPE_MONEY,Global,No,No,
Contract,Current Annual Fiscal Total Rent,CurrentAnnualFiscalTotalRent,sTYPE_MONEY,Global,No,No,
Contract,Current Fiscal Q1 Base Rent,CurrentFiscalYearQ1BaseRent,sTYPE_MONEY,Global,No,No,
Contract,Current Fiscal Q1 Total Rent,CurrentFiscalYearQ1TotalRent,sTYPE_MONEY,Global,No,No,
Contract,Current Fiscal Q2 Base Rent,CurrentFiscalYearQ2BaseRent,sTYPE_MONEY,Global,No,No,
Contract,Current Fiscal Q2 Total Rent,CurrentFiscalYearQ2TotalRent,sTYPE_MONEY,Global,No,No,
Contract,Current Fiscal Q3 Base Rent,CurrentFiscalYearQ3BaseRent,sTYPE_MONEY,Global,No,No,
Contract,Current Fiscal Q3 Total Rent,CurrentFiscalYearQ3TotalRent,sTYPE_MONEY,Global,No,No,
Contract,Current Fiscal Q4 Base Rent,CurrentFiscalYearQ4BaseRent,sTYPE_MONEY,Global,No,No,
Contract,Current Fiscal Q4 Total Rent,CurrentFiscalYearQ4TotalRent,sTYPE_MONEY,Global,No,No,
Contract,Current Period Base Rent,CurrentPeriodBaseRent,sTYPE_MONEY,Global,No,No,
Contract,Current Period Total Rent,CurrentPeriodTotalRent,sTYPE_MONEY,Global,No,No,
Contract,Fifth Fiscal Year Base Rent,FifthFiscalYearBaseRent,sTYPE_MONEY,Global,No,No,
Contract,Fifth Fiscal Year Total Rent,FifthFiscalYearTotalRent,sTYPE_MONEY,Global,No,No,
Contract,Fourth Fiscal Year Base Rent,FourthFiscalYearBaseRent,sTYPE_MONEY,Global,No,No,
Contract,Fourth Fiscal Year Total Rent,FourthFiscalYearTotalRent,sTYPE_MONEY,Global,No,No,
Contract,Next Fiscal Year Base Rent,NextFiscalYearBaseRent,sTYPE_MONEY,Global,No,No,
Contract,Next Fiscal Year Total Rent,NextFiscalYearTotalRent,sTYPE_MONEY,Global,No,No,
Contract,Remaining Base Rent Obligation(Fiscal Year),RemainingFiscalObligationBaseRent,sTYPE_MONEY,Global,No,No,
Contract,Remaining Total Rent Obligation(Fiscal Year),RemainingFiscalObligationTotalRent,sTYPE_MONEY,Global,No,No,
Contract,Sixth Fiscal Year Base Rent,SixthFiscalYearBaseRent,sTYPE_MONEY,Global,No,No,
Contract,Sixth Fiscal Year Total Rent,SixthFiscalYearTotalRent,sTYPE_MONEY,Global,No,No,
Contract,Third Fiscal Year Base Rent,ThirdFiscalYearBaseRent,sTYPE_MONEY,Global,No,No,
Contract,Third Fiscal Year Total Rent,ThirdFiscalYearTotalRent,sTYPE_MONEY,Global,No,No,
Contract,Beyond Fifth Fiscal Year Base Rent w/ Tax,BeyondFifthFiscalYearBaseRentWithTax,sTYPE_MONEY,Global,No,No,
Contract,Beyond Fifth Fiscal Year Total Rent w/ Tax,BeyondFifthFiscalYearTotalRentWithTax,sTYPE_MONEY,Global,No,No,
Contract,Beyond Sixth Fiscal Year Base Rent w/ Tax,BeyondSixthFiscalYearBaseRentWithTax,sTYPE_MONEY,Global,No,No,
Contract,Beyond Sixth Fiscal Year Total Rent w/ Tax,BeyondSixthFiscalYearTotalRentWithTax,sTYPE_MONEY,Global,No,No,
Contract,Current Annual Fiscal Base Rent w/ Tax,CurrentAnnualFiscalBaseRentWithTax,sTYPE_MONEY,Global,No,No,
Contract,Current Annual Fiscal Total Rent w/ Tax,CurrentAnnualFiscalTotalRentWithTax,sTYPE_MONEY,Global,No,No,
Contract,Current Fiscal Q1 Base Rent w/ Tax,CurrentFiscalYearQ1BaseRentWithTax,sTYPE_MONEY,Global,No,No,
Contract,Current Fiscal Q1 Total Rent w/ Tax,CurrentFiscalYearQ1TotalRentWithTax,sTYPE_MONEY,Global,No,No,
Contract,Current Fiscal Q2 Base Rent w/ Tax,CurrentFiscalYearQ2BaseRentWithTax,sTYPE_MONEY,Global,No,No,
Contract,Current Fiscal Q2 Total Rent w/ Tax,CurrentFiscalYearQ2TotalRentWithTax,sTYPE_MONEY,Global,No,No,
Contract,Current Fiscal Q3 Base Rent w/ Tax,CurrentFiscalYearQ3BaseRentWithTax,sTYPE_MONEY,Global,No,No,
Contract,Current Fiscal Q3 Total Rent w/ Tax,CurrentFiscalYearQ3TotalRentWithTax,sTYPE_MONEY,Global,No,No,
Contract,Current Fiscal Q4 Base Rent w/ Tax,CurrentFiscalYearQ4BaseRentWithTax,sTYPE_MONEY,Global,No,No,
Contract,Current Fiscal Q4 Total Rent w/ Tax,CurrentFiscalYearQ4TotalRentWithTax,sTYPE_MONEY,Global,No,No,
Contract,Current Period Base Rent w/ Tax,CurrentPeriodBaseRentWithTax,sTYPE_MONEY,Global,No,No,
Contract,Current Period Total Rent w/ Tax,CurrentPeriodTotalRentWithTax,sTYPE_MONEY,Global,No,No,
Contract,Fifth Fiscal Year Base Rent w/ Tax,FifthFiscalYearBaseRentWithTax,sTYPE_MONEY,Global,No,No,
Contract,Fifth Fiscal Year Total Rent w/ Tax,FifthFiscalYearTotalRentWithTax,sTYPE_MONEY,Global,No,No,
Contract,Fourth Fiscal Year Base Rent w/ Tax,FourthFiscalYearBaseRentWithTax,sTYPE_MONEY,Global,No,No,
Contract,Fourth Fiscal Year Total Rent w/ Tax,FourthFiscalYearTotalRentWithTax,sTYPE_MONEY,Global,No,No,
Contract,Next Fiscal Year Base Rent w/ Tax,NextFiscalYearBaseRentWithTax,sTYPE_MONEY,Global,No,No,
Contract,Next Fiscal Year Total Rent w/ Tax,NextFiscalYearTotalRentWithTax,sTYPE_MONEY,Global,No,No,
Contract,Remaining Base Rent Obligation(Fiscal Year) w/ Tax,RemainingFiscalObligationBaseRentWithTax,sTYPE_MONEY,Global,No,No,
Contract,Remaining Total Rent Obligation(Fiscal Year) w/ Tax,RemainingFiscalObligationTotalRentWithTax,sTYPE_MONEY,Global,No,No,
Contract,Sixth Fiscal Year Base Rent w/ Tax,SixthFiscalYearBaseRentWithTax,sTYPE_MONEY,Global,No,No,
Contract,Sixth Fiscal Year Total Rent w/ Tax,SixthFiscalYearTotalRentWithTax,sTYPE_MONEY,Global,No,No,
Contract,Third Fiscal Year Base Rent w/ Tax,ThirdFiscalYearBaseRentWithTax,sTYPE_MONEY,Global,No,No,
Contract,Third Fiscal Year Total Rent w/ Tax,ThirdFiscalYearTotalRentWithTax,sTYPE_MONEY,Global,No,No,
SLSummary,Beyond Fifth Fiscal Year Cash Expense,BeyondFifthFiscalYearCashExpense,sTYPE_MONEY,Global,No,No,
SLSummary,Beyond Sixth Fiscal Year Cash Expense,BeyondSixthFiscalYearCashExpense,sTYPE_MONEY,Global,No,No,
SLSummary,Current Fiscal Year Cash Expense,CurrentFiscalYearCashExpense,sTYPE_MONEY,Global,No,No,
SLSummary,Current Fiscal Year and Beyond Cash Expense,BeyondCurrentFiscalYearCashExpense,sTYPE_MONEY,Global,No,No,
SLSummary,Current Fiscal Year and Beyond Interest Expense,BeyondCurrentFiscalYearInterestExpense,sTYPE_MONEY,Global,No,No,
SLSummary,Current Fiscal Year Q1 Cash Expense,CurrentFiscalYearQ1CashExpense,sTYPE_MONEY,Global,No,No,
SLSummary,Current Fiscal Year Q2 Cash Expense,CurrentFiscalYearQ2CashExpense,sTYPE_MONEY,Global,No,No,
SLSummary,Current Fiscal Year Q3 Cash Expense,CurrentFiscalYearQ3CashExpense,sTYPE_MONEY,Global,No,No,
SLSummary,Current Fiscal Year Q4 Cash Expense,CurrentFiscalYearQ4CashExpense,sTYPE_MONEY,Global,No,No,
SLSummary,Fifth Fiscal Year Cash Expense,FifthFiscalYearCashExpense,sTYPE_MONEY,Global,No,No,
SLSummary,Fourth Fiscal Year Cash Expense,FourthFiscalYearCashExpense,sTYPE_MONEY,Global,No,No,
SLSummary,Next Fiscal Year Cash Expense,NextFiscalYearCashExpense,sTYPE_MONEY,Global,No,No,
SLSummary,Sixth Fiscal Year Cash Expense,SixthFiscalYearCashExpense,sTYPE_MONEY,Global,No,No,
SLSummary,Third Fiscal Year Cash Expense,ThirdFiscalYearCashExpense,sTYPE_MONEY,Global,No,No,
FinancialAdjustment,Accounting Adjustment Type,CodeAccountingAdjustmentTypeID,sCODE_ACCOUNTING_ADJUSTMENT_TYPE,Global,No,No,
FinancialAdjustment,Amount,Amount,sTYPE_MONEY,Global,No,No,
FinancialAdjustment,Asset,AssetID,sTYPE_ASSET,Global,Yes,No,
FinancialAdjustment,Asset Associated Entity,AssetAssociatedProjectEntityID,sTYPE_MIXEDENTITY,Global,No,No,
FinancialAdjustment,Contract,ContractID,sTYPE_CONTRACT,Global,Yes,No,
FinancialAdjustment,Covenant,CovenantID,sTYPE_COVENANT,Global,No,No,
FinancialAdjustment,Created By,CreatedByID,sTYPE_MEMBER,Global,No,No,
FinancialAdjustment,Created Date,CreatedDate,sTYPE_TIME,Global,No,No,
FinancialAdjustment,Effective Date,EffectiveDate,sTYPE_DATE,Global,No,No,
FinancialAdjustment,Financial Adjustment ClientID,BOMapClientRecordID,sTYPE_TEXT,Global,Yes,No,
FinancialAdjustment,Financial Adjustment RecID,FinancialAdjustmentID,sTYPE_UNFORMATTED_NUMBER,Global,No,No,
FinancialAdjustment,Financial Adjustment Status,CodeFinancialAdjustmentStatusID,sCODE_FINANCIAL_ADJUSTMENT_STATUS,Global,No,No,
FinancialAdjustment,Modified By,ModifiedByID,sTYPE_MEMBER,Global,No,No,
FinancialAdjustment,Modified Date,ModifiedDate,sTYPE_TIME,Global,No,No,
FinancialAdjustment,Notes,Notes,sTYPE_TEXTAREA,Global,No,No,
FinancialAdjustment,Portion Guaranteed By 3rd Party,ThirdPartyRVGAmount,sTYPE_MONEY,Global,No,No,
FinancialAdjustment,Rev Number,RevNumber,sTYPE_UNFORMATTED_NUMBER,Global,No,No,
FinancialAdjustment,Total Residual Value Guarantee,TotalRVGAmount,sTYPE_MONEY,Global,No,No,
ContractFinancialTest,Accounting Type Override,CodeAcctMethodOverrideID,sCODE_ACCOUNTING_METHOD,Global,No,No,
ContractFinancialTest,Asset,AssetID,sTYPE_ASSET,Global,No,No,
ContractFinancialTest,Asset Associated Entity,AssetAssociatedProjectEntityID,sTYPE_MIXEDENTITY,Global,No,No,
ContractFinancialTest,Associated Document,AssociatedDocumentID,sTYPE_DOCUMENT,Global,No,No,
ContractFinancialTest,Auto Computed?,AutoComputed,sTYPE_CHECKBOX,Global,No,No,
ContractFinancialTest,Base Name,BaseName,sTYPE_TEXT,Global,No,No,
ContractFinancialTest,Commence Date,CommenceDate,sTYPE_DATE,Global,No,No,
ContractFinancialTest,Contains Bargain Purchase Option?,ContainsBargainPurchaseOption,sTYPE_CHECKBOX,Global,No,No,
ContractFinancialTest,Contract,ContractID,sTYPE_CONTRACT,Global,Yes,No,
ContractFinancialTest,Contract Financial Test ClientID,BOMapClientRecordID,sTYPE_TEXT,Global,Yes,No,
ContractFinancialTest,Contract Financial Test RecID,ContractFinancialTestID,sTYPE_UNFORMATTED_NUMBER,Global,No,No,
ContractFinancialTest,Created By,CreatedByID,sTYPE_MEMBER,Global,No,No,
ContractFinancialTest,Created Date,CreatedDate,sTYPE_TIME,Global,No,No,
ContractFinancialTest,Does Ownership Revert To Tenant?,DoesTitleRevertToTenant,sTYPE_CHECKBOX,Global,No,No,
ContractFinancialTest,Expire Date,ExpireDate,sTYPE_DATE,Global,No,No,
ContractFinancialTest,Fair Value Controlled,FairValueControlled,sTYPE_MONEY_MATH_OPERATION,Global,No,No,
ContractFinancialTest,Fair Value Of Asset,FairValueOfAsset,sTYPE_MONEY,Global,No,No,
ContractFinancialTest,Fair Value Source,FairValueSource,sTYPE_TEXT,Global,No,No,
ContractFinancialTest,Fair Value Threshold,FairValueThreshold,sTYPE_PERCENTAGE,Global,No,No,
ContractFinancialTest,Final Result,FinalResult,sTYPE_TEXT,Global,No,No,
ContractFinancialTest,Folder,FolderID,sTYPE_DOCUMENT,Global,No,No,
ContractFinancialTest,Initial Liability Balance Adjustment,InitialLiabilityBalanceAdjust,sTYPE_MONEY,Global,No,No,
ContractFinancialTest,Initial Liability Balance to Threshold Fair Value Controlled,InitLiabilityBalToThreshFairValueCtrld,sTYPE_PERCENT_MATH_OPERATION,Global,No,No,
ContractFinancialTest,Is Asset Too Specialized For Lessor?,IsAssetTooSpecializedForLessor,sTYPE_CHECKBOX,Global,No,No,
ContractFinancialTest,Is Locked?,IsLocked,sTYPE_CHECKBOX,Global,No,No,
ContractFinancialTest,Is the lease commencement at or near the end of the economic life of the asset?,IsLeaseNearEnd,sTYPE_CHECKBOX,Global,No,No,
ContractFinancialTest,Last Likely Option Date,LastLikelyOptionDate,sTYPE_DATE,Global,No,No,
ContractFinancialTest,Likely Term Length,LikelyTermLength,sTYPE_DATE_MATH_OPERATION,Global,No,No,
ContractFinancialTest,Line Number,LineNumber,sTYPE_TEXT,Global,No,No,
ContractFinancialTest,Modified By,ModifiedByID,sTYPE_MEMBER,Global,No,No,
ContractFinancialTest,Modified Date,ModifiedDate,sTYPE_TIME,Global,No,No,
ContractFinancialTest,Notes,Notes,sTYPE_TEXTAREA,Global,No,No,
ContractFinancialTest,Page Number,PageNumber,sTYPE_TEXT,Global,No,No,
ContractFinancialTest,Paragraph Number,ParagraphNumber,sTYPE_TEXT,Global,No,No,
ContractFinancialTest,Portion Of Asset Controlled,PortionOfAssetControlled,sTYPE_PERCENTAGE,Global,No,No,
ContractFinancialTest,Remaining Economic Life Threshold,RemainingEconomicLifeThreshold,sTYPE_PERCENTAGE,Global,No,No,
ContractFinancialTest,Remaining Life,RemainingLife,sTYPE_NUMBER_FRACTION2DIGITS,Global,No,No,
ContractFinancialTest,Remaining Life Freq Unit,CodeRemainingLifeFreqUnitID,sCODE_FREQUENCY_UNIT,Global,No,No,
ContractFinancialTest,Rev Number,RevNumber,sTYPE_UNFORMATTED_NUMBER,Global,No,No,
ContractFinancialTest,Section Number,SectionNumber,sTYPE_TEXT,Global,No,No,
ContractFinancialTest,Term Length,TermLength,sTYPE_DATE_MATH_OPERATION,Global,No,No,
ContractFinancialTest,Test #1 Result,Test1Result,sTYPE_PASS_FAIL,Global,No,No,
ContractFinancialTest,Test #2 Result,Test2Result,sTYPE_PASS_FAIL,Global,No,No,
ContractFinancialTest,Test #3 Result,Test3Result,sTYPE_PASS_FAIL,Global,No,No,
ContractFinancialTest,Test #4 Result,Test4Result,sTYPE_PASS_FAIL,Global,No,No,
ContractFinancialTest,Test #5 Result,Test5Result,sTYPE_PASS_FAIL,Global,No,No,
ContractFinancialTest,Test Term Length,TestTermLength,sTYPE_DATE_MATH_OPERATION,Global,No,No,
ContractFinancialTest,Test Term Length to Remaining Life,ComputedTestTermLengthToRemainingLife,sTYPE_PERCENTAGE,Global,No,No,
ContractFinancialTest,Threshold Fair Value Controlled,ThresholdFairValueControlled,sTYPE_MONEY_MATH_OPERATION,Global,No,No,
ContractFinancialTest,Year Built,YearBuilt,sTYPE_DROPDOWN_YEAR,Global,No,No,
CodeIFRS16Schedule,Don't Amortize Asset Value,DontAmortizeAssetValue,sTYPE_BOOLEAN,Global,No,No,
CodeIFRS16Schedule,Export Account #1,ExportAcct1Number,sTYPE_TEXT,Global,No,No,
CodeIFRS16Schedule,Export Account #10,ExportAcct10Number,sTYPE_TEXT,Global,No,No,
CodeIFRS16Schedule,Export Account #11,ExportAcct11Number,sTYPE_TEXT,Global,No,No,
CodeIFRS16Schedule,Export Account #12,ExportAcct12Number,sTYPE_TEXT,Global,No,No,
CodeIFRS16Schedule,Export Account #13,ExportAcct13Number,sTYPE_TEXT,Global,No,No,
CodeIFRS16Schedule,Export Account #14,ExportAcct14Number,sTYPE_TEXT,Global,No,No,
CodeIFRS16Schedule,Export Account #15,ExportAcct15Number,sTYPE_TEXT,Global,No,No,
CodeIFRS16Schedule,Export Account #16,ExportAcct16Number,sTYPE_TEXT,Global,No,No,
CodeIFRS16Schedule,Export Account #17,ExportAcct17Number,sTYPE_TEXT,Global,No,No,
CodeIFRS16Schedule,Export Account #18,ExportAcct18Number,sTYPE_TEXT,Global,No,No,
CodeIFRS16Schedule,Export Account #19,ExportAcct19Number,sTYPE_TEXT,Global,No,No,
CodeIFRS16Schedule,Export Account #2,ExportAcct2Number,sTYPE_TEXT,Global,No,No,
CodeIFRS16Schedule,Export Account #20,ExportAcct20Number,sTYPE_TEXT,Global,No,No,
CodeIFRS16Schedule,Export Account #3,ExportAcct3Number,sTYPE_TEXT,Global,No,No,
CodeIFRS16Schedule,Export Account #4,ExportAcct4Number,sTYPE_TEXT,Global,No,No,
CodeIFRS16Schedule,Export Account #5,ExportAcct5Number,sTYPE_TEXT,Global,No,No,
CodeIFRS16Schedule,Export Account #6,ExportAcct6Number,sTYPE_TEXT,Global,No,No,
CodeIFRS16Schedule,Export Account #7,ExportAcct7Number,sTYPE_TEXT,Global,No,No,
CodeIFRS16Schedule,Export Account #8,ExportAcct8Number,sTYPE_TEXT,Global,No,No,
CodeIFRS16Schedule,Export Account #9,ExportAcct9Number,sTYPE_TEXT,Global,No,No,
Insurance,Agent Also Named Insured?,AgentAlsoNamedInsuredFlag,sTYPE_CHECKBOX,Global,No,No,
Insurance,Amendment,AmendmentID,sTYPE_CONTRACT_AMENDMENT,Global,No,No,
Insurance,Begin Date,BeginDate,sTYPE_DATE,Global,No,No,
Insurance,Certificate Received Date,CertificateReceivedDate,sTYPE_DATE,Global,No,No,
Insurance,Certificate Request Date,CertificateRequestDate,sTYPE_DATE,Global,No,No,
Insurance,Certificate Required?,CertificateRequiredFlag,sTYPE_CHECKBOX,Global,No,No,
Insurance,Contact,ContactID,sTYPE_PERSON,Global,No,No,
Insurance,Contract,ContractID,sTYPE_CONTRACT,Global,Yes,No,
Insurance,Covenant,CovenantID,sTYPE_COVENANT,Global,No,No,
Insurance,Coverage Amount,CoverageAmount,sTYPE_MONEY,Global,No,No,
Insurance,Currency Type,CodeCurrencyTypeID,sCODE_CURRENCY_TYPE,Global,No,No,
Insurance,End Date,EndDate,sTYPE_DATE,Global,No,No,
Insurance,Insurance Category,CodeInsuranceCategoryID,sCODE_INSURANCE_CATEGORY,Global,No,No,
Insurance,Insurance ClientID,BOMapClientRecordID,sTYPE_TEXT,Global,Yes,No,
Insurance,Insurance Group,CodeInsuranceGroupID,sCODE_INSURANCE_GROUP,Global,No,No,
Insurance,Insurance RecID,InsuranceID,sTYPE_UNFORMATTED_NUMBER,Global,No,No,
Insurance,Insurance Type,CodeInsuranceTypeID,sCODE_INSURANCE_TYPE,Global,No,No,
Insurance,Landlord Also Named Insured?,LandlordAlsoNamedInsuredFlag,sTYPE_CHECKBOX,Global,No,No,
Insurance,Modified By,ModifiedByID,sTYPE_MEMBER,Global,No,No,
Insurance,Modified Date,ModifiedDate,sTYPE_TIME,Global,No,No,
Insurance,Notes,Notes,sTYPE_TEXTAREA,Global,No,No,
Insurance,Policy Number,PolicyNumber,sTYPE_TEXT,Global,No,No,
Insurance,Policy Required?,PolicyRequiredFlag,sTYPE_CHECKBOX,Global,No,No,
Insurance,Section,Section,sTYPE_TEXT,Global,No,No,
Insurance,Self Insured?,SelfInsuredFlag,sTYPE_CHECKBOX,Global,No,No,
Insurance,Single Occurance Amount,SingleOccuranceAmount,sTYPE_MONEY,Global,No,No,
KeyDate,Action Date,ActionDate,sTYPE_DATE,Global,No,No,
KeyDate,Action Period,ActionPeriod,sTYPE_DATE_DAYS_MATH_OPERATION,Global,No,No,
KeyDate,Action Period Unit,CodeActionPeriodUnitID,sCODE_TIME_UNIT,Global,No,No,
KeyDate,Contract,ContractID,sTYPE_CONTRACT,Global,Yes,No,
KeyDate,Contract Term,ContractTermID,sTYPE_CONTRACT_TERM,Global,No,No,
KeyDate,Covenant,CovenantID,sTYPE_COVENANT,Global,No,No,
KeyDate,Coverage Period Begin Date,BeginDate,sTYPE_DATE,Global,No,No,
KeyDate,Coverage Period End Date,EndDate,sTYPE_DATE,Global,No,No,
KeyDate,Description,Description,sTYPE_TEXT,Global,No,No,
KeyDate,Earliest Notice Date,NoticeBeginDate,sTYPE_DATE,Global,No,No,
KeyDate,Earliest Notice Period,FirstNoticePeriod,sTYPE_DATE_DAYS_MATH_OPERATION,Global,No,No,
KeyDate,Earliest Notice Period Unit,CodeFirstNoticePeriodUnitID,sCODE_TIME_UNIT,Global,No,No,
KeyDate,First Event Begin Date,FirstEventBeginDate,sTYPE_DATE,Global,No,No,
KeyDate,Frequency,CodeFrequencyID,sCODE_MONTH_FREQUENCY,Global,No,No,
KeyDate,Is Action Complete?,ActionComplete,sTYPE_CHECKBOX,Global,No,No,
KeyDate,Key Date Action,CodeKeyDateActionID,sCODE_KEY_DATE_ACTION,Global,No,No,
KeyDate,Key Date ClientID,BOMapClientRecordID,sTYPE_TEXT,Global,Yes,No,
KeyDate,Key Date Event Table,KeyDateEventTable,sTYPE_TEXT,Global,No,No,
KeyDate,Key Date Group,CodeKeyDateGroupID,sCODE_KEY_DATE_GROUP,Global,No,No,
KeyDate,Key Date RecID,KeyDateID,sTYPE_UNFORMATTED_NUMBER,Global,No,No,
KeyDate,Key Date Type,CodeKeyDateTypeID,sCODE_KEY_DATE_TYPE,Global,No,No,
KeyDate,Last Notice Date,NoticeEndDate,sTYPE_DATE,Global,No,No,
KeyDate,Last Notice Period,NoticePeriod,sTYPE_DATE_DAYS_MATH_OPERATION,Global,No,No,
KeyDate,Last Notice Period Unit,CodeNoticePeriodUnitID,sCODE_TIME_UNIT,Global,No,No,
KeyDate,Length,LengthOfTerm,sTYPE_DATE_MATH_OPERATION,Global,No,No,
KeyDate,Modified By,ModifiedByID,sTYPE_MEMBER,Global,No,No,
KeyDate,Modified Date,ModifiedDate,sTYPE_TIME,Global,No,No,
KeyDate,Notes,Notes,sTYPE_TEXTAREA,Global,No,No,
KeyDate,Notice Received?,NoticeReceivedFlag,sTYPE_CHECKBOX,Global,No,No,
KeyDate,Notice Sent?,NoticeSentFlag,sTYPE_CHECKBOX,Global,No,No,
KeyDate,Tickler Last Notice Date,TicklerDate,sTYPE_DATE,Global,No,No,
LandlordInvoice,Amount Allocated,AmountAllocated,sTYPE_MONEY,Global,No,No,
LandlordInvoice,Amount Not Allocated,AmountNotAllocated,sTYPE_MONEY,Global,No,No,
LandlordInvoice,Contract,ContractID,sTYPE_CONTRACT,Global,Yes,No,
LandlordInvoice,Coverage Begin Date,ServicePeriodStartDate,sTYPE_DATE,Global,No,No,
LandlordInvoice,Coverage End Date,ServicePeriodEndDate,sTYPE_DATE,Global,No,No,
LandlordInvoice,Created By,CreatedByID,sTYPE_MEMBER,Global,No,No,
LandlordInvoice,Created Date,CreatedDate,sTYPE_TIME,Global,No,No,
LandlordInvoice,Currency Type,CodeCurrencyTypeID,sCODE_CURRENCY_TYPE,Global,No,No,
LandlordInvoice,Customer Address,CustomerAddress,sTYPE_TEXT,Global,No,No,
LandlordInvoice,Customer Address Recipient,CustomerAddressRecipient,sTYPE_TEXT,Global,No,No,
LandlordInvoice,Customer Name,CustomerName,sTYPE_TEXT,Global,No,No,
LandlordInvoice,Customer Tax ID,CustomerTaxID,sTYPE_TEXT,Global,No,No,
LandlordInvoice,CustomerID,CustomerID,sTYPE_TEXT,Global,No,No,
LandlordInvoice,Document,AssociatedDocumentID,sTYPE_DOCUMENT,Global,No,No,
LandlordInvoice,Due Date,DueDate,sTYPE_DATE,Global,No,No,
LandlordInvoice,Folder,FolderID,sTYPE_DOCUMENT,Global,No,No,
LandlordInvoice,Invoice Date,InvoiceDate,sTYPE_DATE,Global,No,No,
LandlordInvoice,Invoice Number,InvoiceNumber,sTYPE_TEXT,Global,No,No,
LandlordInvoice,Invoice Total,InvoiceTotal,sTYPE_MONEY,Global,No,No,
LandlordInvoice,Modified By,ModifiedByID,sTYPE_MEMBER,Global,No,No,
LandlordInvoice,Modified Date,ModifiedDate,sTYPE_TIME,Global,No,No,
LandlordInvoice,Notes,Notes,sTYPE_TEXT,Global,No,No,
LandlordInvoice,Payment Term,PaymentTerm,sTYPE_TEXT,Global,No,No,
LandlordInvoice,Project Entity,ProjectEntityID,sTYPE_PROJECT_ENTITY,Global,Yes,No,
LandlordInvoice,Sub Total,SubTotal,sTYPE_MONEY,Global,No,No,
LandlordInvoice,Total Tax,TotalTax,sTYPE_MONEY,Global,No,No,
LandlordInvoice,Vendor,EmployerID,sTYPE_EMPLOYER,Global,No,No,
LandlordInvoice,Vendor Address,VendorAddress,sTYPE_TEXT,Global,No,No,
LandlordInvoice,Vendor Address Recipient,VendorAddressRecipient,sTYPE_TEXT,Global,No,No,
LandlordInvoice,Vendor Name,VendorName,sTYPE_TEXT,Global,No,No,
LandlordInvoice,Vendor Tax ID,VendorTaxID,sTYPE_TEXT,Global,No,No,
LinkLandlordInvPaymentTxn,Allocation Amount,AllocationAmount,sTYPE_MONEY,Global,Yes,No,
LinkLandlordInvPaymentTxn,Allocation Date,AllocationDate,sTYPE_DATE,Global,Yes,No,
LinkLandlordInvPaymentTxn,Created By,CreatedByID,sTYPE_MEMBER,Global,No,No,
LinkLandlordInvPaymentTxn,Created Date,CreatedDate,sTYPE_TIME,Global,No,No,
LinkLandlordInvPaymentTxn,Landlord Invoice Item,LandlordInvoiceItemID,sTYPE_LANDLORD_INVOICE_ITEM,Global,Yes,No,
LinkLandlordInvPaymentTxn,Modified By,ModifiedByID,sTYPE_MEMBER,Global,No,No,
LinkLandlordInvPaymentTxn,Modified Date,ModifiedDate,sTYPE_TIME,Global,No,No,
LinkLandlordInvPaymentTxn,Notes,Notes,sTYPE_TEXT,Global,No,No,
LinkLandlordInvPaymentTxn,Payment Transaction,PaymentTransactionID,sTYPE_PAYMENT_TRANSACTION,Global,Yes,No,
LinkLandlordInvPaymentTxn,Project Entity,ProjectEntityID,sTYPE_PROJECT_ENTITY,Global,Yes,No,
LinkLandlordInvPaymentTxn,Reconciliation Status,ReconciliationStatus,sTYPE_TEXT,Global,Yes,No,
LinkLandlordInvPaymentTxn,Variance Amount,VarianceAmount,sTYPE_MONEY,Global,No,No,
LinkLandlordInvPaymentTxn,Variance Reason,VarianceReason,sTYPE_TEXT,Global,No,No,
LandlordInvoiceItem,Amount Allocated,LinkAmountAllocated,sTYPE_TEXT,Global,No,No,
LandlordInvoiceItem,Amount Not Allocated,AmountNotAllocated,sTYPE_MONEY,Global,No,No,
LandlordInvoiceItem,Comments,Comments,sTYPE_TEXT,Global,No,No,
LandlordInvoiceItem,Contract,ContractID,sTYPE_CONTRACT,Global,Yes,No,
LandlordInvoiceItem,Created By,CreatedByID,sTYPE_MEMBER,Global,No,No,
LandlordInvoiceItem,Created Date,CreatedDate,sTYPE_TIME,Global,No,No,
LandlordInvoiceItem,Expense Category,CodeExpenseCategoryID,sCODE_EXPENSE_CATEGORY,Global,No,No,
LandlordInvoiceItem,Expense Group,CodeExpenseGroupID,sCODE_EXPENSE_GROUP,Global,No,No,
LandlordInvoiceItem,Expense Type,CodeExpenseTypeID,sCODE_EXPENSE_TYPE,Global,No,No,
LandlordInvoiceItem,Item Date,ItemDate,sTYPE_DATE,Global,No,No,
LandlordInvoiceItem,Landlord Invoice,LandlordInvoiceID,sTYPE_LANDLORD_INVOICE,Global,Yes,No,
LandlordInvoiceItem,Line Item Amount,LineItemAmount,sTYPE_MONEY,Global,Yes,No,
LandlordInvoiceItem,Line Item Description,LineItemDescription,sTYPE_TEXT,Global,No,No,
LandlordInvoiceItem,Modified By,ModifiedByID,sTYPE_MEMBER,Global,No,No,
LandlordInvoiceItem,Modified Date,ModifiedDate,sTYPE_TIME,Global,No,No,
LandlordInvoiceItem,Payment Transaction Effective Date,PayTransEffectiveDate,sTYPE_TEXT,Global,No,No,
LandlordInvoiceItem,Payment Transaction Expense Category,PayTransCategory,sTYPE_TEXT,Global,No,No,
LandlordInvoiceItem,Payment Transaction Expense Group,PayTransExpenseGroup,sTYPE_TEXT,Global,No,No,
LandlordInvoiceItem,Payment Transaction Expense Type,PayTransExpenseType,sTYPE_TEXT,Global,No,No,
LandlordInvoiceItem,Payment Transaction Is Receivable,PayTransIsReceivable,sTYPE_TEXT,Global,No,No,
LandlordInvoiceItem,Payment Transaction Total Amount,PayTransTotalAmount,sTYPE_TEXT,Global,No,No,
LandlordInvoiceItem,Payment Transaction Vendor,PayTransVendor,sTYPE_TEXT,Global,No,No,
LandlordInvoiceItem,Project Entity,ProjectEntityID,sTYPE_PROJECT_ENTITY,Global,Yes,No,
LandlordInvoiceItem,Remit Message,RemitMessage,sTYPE_TEXT,Global,No,No,
LandlordInvoiceItem,Sequence Number,SequenceNumber,sTYPE_NUMBER,Global,No,No,
LandlordInvoiceItem,Tax Amount,TaxAmount,sTYPE_MONEY,Global,No,No,
LandlordInvoiceItem,Tax Rate,TaxRate,sTYPE_PERCENTAGE,Global,No,No,
LandlordInvoiceItem,Total Amount,TotalAmount,sTYPE_MONEY,Global,Yes,No,
Party,Company,CompanyID,sTYPE_EMPLOYER,Global,No,No,
Party,Contact,ContactID,sTYPE_PERSON,Global,No,No,
Party,Contract,ContractID,sTYPE_CONTRACT,Global,Yes,No,
Party,Modified By,ModifiedByID,sTYPE_MEMBER,Global,No,No,
Party,Modified Date,ModifiedDate,sTYPE_TIME,Global,No,No,
Party,Notes,Notes,sTYPE_TEXTAREA,Global,No,No,
Party,Party ClientID,BOMapClientRecordID,sTYPE_TEXT,Global,Yes,No,
Party,Party Group,CodePartyGroupID,sCODE_PARTY_GROUP,Global,No,No,
Party,Party RecID,PartyID,sTYPE_UNFORMATTED_NUMBER,Global,No,No,
Party,Party Type,CodePartyTypeID,sCODE_PARTY_TYPE,Global,No,No,
Party,Primary?,PrimaryFlag,sTYPE_CHECKBOX,Global,No,No,
PaymentReceipt,Amount Allocated,AmountAllocated,sTYPE_MONEY,Global,No,No,
PaymentReceipt,Amount Not Allocated,AmountNotAllocated,sTYPE_MONEY,Global,No,No,
PaymentReceipt,Bank Account Number,BankAccountNumber,sTYPE_TEXT,Global,No,No,
PaymentReceipt,Bank Routing Number,BankRoutingNumber,sTYPE_TEXT,Global,No,No,
PaymentReceipt,Contract,ContractID,sTYPE_CONTRACT,Global,Yes,No,
PaymentReceipt,Currency Type,CodeCurrencyTypeID,sCODE_CURRENCY_TYPE,Global,No,No,
PaymentReceipt,Documents,DocumentIDList,sTYPE_DOCUMENT_LIST,Global,No,No,
PaymentReceipt,Effective Date,EffectiveDate,sTYPE_DATE,Global,No,No,
PaymentReceipt,Modified By,ModifiedByID,sTYPE_MEMBER,Global,No,No,
PaymentReceipt,Modified Date,ModifiedDate,sTYPE_TIME,Global,No,No,
PaymentReceipt,Notes,Notes,sTYPE_TEXTAREA,Global,No,No,
PaymentReceipt,Payment Receipt ClientID,BOMapClientRecordID,sTYPE_TEXT,Global,Yes,No,
PaymentReceipt,Payment Receipt RecID,PaymentReceiptID,sTYPE_UNFORMATTED_NUMBER,Global,No,No,
PaymentReceipt,Period Month,PeriodMonth,sTYPE_NUMBER,Global,No,No,
PaymentReceipt,Period Year,PeriodYear,sTYPE_DROPDOWN_YEAR,Global,No,No,
PaymentReceipt,Posting Date,PostingDate,sTYPE_DATE,Global,No,No,
PaymentReceipt,Receipt Date,ReceiptDate,sTYPE_DATE,Global,No,No,
PaymentReceipt,Receipt Number,ReceiptNumber,sTYPE_TEXT,Global,No,No,
PaymentReceipt,Receipt Type,CodeReceiptTypeID,sCODE_RECEIPT_TYPE,Global,No,No,
PaymentReceipt,Received Amount,ReceivedAmount,sTYPE_MONEY,Global,No,No,
PaymentTransaction,Account Number #1,AccountNumber1,sTYPE_TEXT,Global,No,No,
PaymentTransaction,Account Number #2,AccountNumber2,sTYPE_TEXT,Global,No,No,
PaymentTransaction,Account Number #3,AccountNumber3,sTYPE_TEXT,Global,No,No,
PaymentTransaction,Account Number #4,AccountNumber4,sTYPE_TEXT,Global,No,No,
PaymentTransaction,Account Number #5,AccountNumber5,sTYPE_TEXT,Global,No,No,
PaymentTransaction,Account Number #6,AccountNumber6,sTYPE_TEXT,Global,No,No,
PaymentTransaction,Account Number #7,AccountNumber7,sTYPE_TEXT,Global,No,No,
PaymentTransaction,Account Number #8,AccountNumber8,sTYPE_TEXT,Global,No,No,
PaymentTransaction,Alternate Rent Schedule,AlternateRentScheduleID,sTYPE_ALTERNATE_RENT_SCHEDULE,Global,No,No,
PaymentTransaction,Amount Allocated,AmountAllocated,sTYPE_MONEY,Global,No,No,
PaymentTransaction,Amount Invoiced,AmountInvoiced,sTYPE_TEXT,Global,No,No,
PaymentTransaction,Amount Not Allocated,AmountNotAllocated,sTYPE_MONEY,Global,No,No,
PaymentTransaction,Amount Received,AmountReceived,sTYPE_TEXT,Global,No,No,
PaymentTransaction,AP Export Base Number,APExportBaseNumber,sTYPE_TEXT,Global,No,No,
PaymentTransaction,AP Export Prepaid Number,APExportPrepaidNumber,sTYPE_TEXT,Global,No,No,
PaymentTransaction,AP Export Tax #1,APExportTax1Number,sTYPE_TEXT,Global,No,No,
PaymentTransaction,AP Export Tax #2,APExportTax2Number,sTYPE_TEXT,Global,No,No,
PaymentTransaction,AP Export Tax #3,APExportTax3Number,sTYPE_TEXT,Global,No,No,
PaymentTransaction,AP Export Tax #4,APExportTax4Number,sTYPE_TEXT,Global,No,No,
PaymentTransaction,Applied to Transaction,AppliedToPayTranID,sTYPE_PAYMENT_TRANSACTION,Global,No,No,
PaymentTransaction,Approval Status,CodeApprovalStatusID,sCODE_APPROVAL_STATUS,Global,No,No,
PaymentTransaction,Associated Document,AssociatedDocumentID,sTYPE_DOCUMENT,Global,No,No,
PaymentTransaction,Bank Account Number,BankAccountNumber,sTYPE_TEXT,Global,No,No,
PaymentTransaction,Bank Routing Number,BankRoutingNumber,sTYPE_TEXT,Global,No,No,
PaymentTransaction,Billing Date,BillingDate,sTYPE_DATE,Global,No,No,
PaymentTransaction,Check Amount,CheckAmount,sTYPE_MONEY,Global,No,No,
PaymentTransaction,Check Currency Type,CodeCheckCurrencyTypeID,sCODE_CURRENCY_TYPE,Global,No,No,
PaymentTransaction,Check Date,CheckDate,sTYPE_DATE,Global,No,No,
PaymentTransaction,Check Number,CheckNumber,sTYPE_TEXT,Global,No,No,
PaymentTransaction,Client Amount #1,ClientAmount1,sTYPE_MONEY,Global,No,No,
PaymentTransaction,Client Amount #2,ClientAmount2,sTYPE_MONEY,Global,No,No,
PaymentTransaction,Client Amount #3,ClientAmount3,sTYPE_MONEY,Global,No,No,
PaymentTransaction,Client Date #1,ClientDate1,sTYPE_DATE,Global,No,No,
PaymentTransaction,Client Date #2,ClientDate2,sTYPE_DATE,Global,No,No,
PaymentTransaction,Client Date #3,ClientDate3,sTYPE_DATE,Global,No,No,
PaymentTransaction,Client Reference Number,VendorRefNumber,sTYPE_TEXT,Global,No,No,
PaymentTransaction,Client Text #1,ClientText1,sTYPE_TEXTAREA,Global,No,No,
PaymentTransaction,Client Text #2,ClientText2,sTYPE_TEXTAREA,Global,No,No,
PaymentTransaction,Client Text #3,ClientText3,sTYPE_TEXTAREA,Global,No,No,
PaymentTransaction,Confirmed?,ConfirmedFlag,sTYPE_CHECKBOX,Global,No,No,
PaymentTransaction,Contract,ContractID,sTYPE_CONTRACT,Global,Yes,No,
PaymentTransaction,Coverage Begin Date,CoverageBeginDate,sTYPE_DATE,Global,No,No,
PaymentTransaction,Coverage End Date,CoverageEndDate,sTYPE_DATE,Global,No,No,
PaymentTransaction,Credit?,CreditFlag,sTYPE_CHECKBOX,Global,No,No,
PaymentTransaction,Currency Type,CodeCurrencyTypeID,sCODE_CURRENCY_TYPE,Global,No,No,
PaymentTransaction,Description,Description,sTYPE_TEXT,Global,No,No,
PaymentTransaction,Documents,DocumentIDList,sTYPE_DOCUMENT_LIST,Global,No,No,
PaymentTransaction,Due Date,DueDate,sTYPE_DATE,Global,No,No,
PaymentTransaction,Effective Date,EffectiveDate,sTYPE_DATE,Global,No,No,
PaymentTransaction,Equipment,AssetID,sTYPE_EQUIPMENT,Global,No,No,
PaymentTransaction,Equipment Associated Entity,AssetAssociatedProjectEntityID,sTYPE_MIXEDENTITY,Global,No,No,
PaymentTransaction,Expense Accrual Acct #1,ExpAccrualAcct1Number,sTYPE_TEXT,Global,No,No,
PaymentTransaction,Expense Accrual Acct #2,ExpAccrualAcct2Number,sTYPE_TEXT,Global,No,No,
PaymentTransaction,Expense Accrual Acct #3,ExpAccrualAcct3Number,sTYPE_TEXT,Global,No,No,
PaymentTransaction,Expense Accrual Acct #4,ExpAccrualAcct4Number,sTYPE_TEXT,Global,No,No,
PaymentTransaction,Expense Category,CodeExpenseCategoryID,sCODE_EXPENSE_CATEGORY,Global,No,No,
PaymentTransaction,Expense Group,CodeExpenseGroupID,sCODE_EXPENSE_GROUP,Global,No,No,
PaymentTransaction,Expense Recovery,ExpenseRecoveryID,sTYPE_EXPENSE_RECOVERY,Global,No,No,
PaymentTransaction,Expense Setup,ExpenseSetupID,sTYPE_EXPENSE_SETUP,Global,No,No,
PaymentTransaction,Expense Type,CodeExpenseTypeID,sCODE_EXPENSE_TYPE,Global,No,No,
PaymentTransaction,Export Batch Number,ExportBatchNumber,sTYPE_TEXT,Global,No,No,
PaymentTransaction,File Name,BaseName,sTYPE_TEXT,Global,No,No,
PaymentTransaction,Folder,FolderID,sTYPE_DOCUMENT,Global,No,No,
PaymentTransaction,Freight Amount,FreightAmount,sTYPE_MONEY,Global,No,No,
PaymentTransaction,Hold?,HoldFlag,sTYPE_CHECKBOX,Global,No,No,
PaymentTransaction,In Alternate Rent?,InAlternateRent,sTYPE_BOOLEAN,Global,No,No,
PaymentTransaction,Internal Reference Number,InternalRefNumber,sTYPE_TEXT,Global,No,No,
PaymentTransaction,Invoice Amount,InvoiceAmount,sTYPE_MONEY,Global,No,No,
PaymentTransaction,Invoice Amount Allocated,InvoiceAmountAllocated,sTYPE_MONEY,Global,No,No,
PaymentTransaction,Invoice Amount Not Allocated,InvoiceAmountNotAllocated,sTYPE_MONEY,Global,No,No,
PaymentTransaction,Invoice Date,InvoiceDate,sTYPE_DATE,Global,No,No,
PaymentTransaction,Invoice Number,InvoiceNumber,sTYPE_TEXT,Global,No,No,
PaymentTransaction,Is Invoice Reconciled?,IsInvoiceReconciled,sTYPE_BOOLEAN,Global,No,No,
PaymentTransaction,Is Receivable?,IsReceivable,sTYPE_CHECKBOX,Global,No,No,
PaymentTransaction,Last Approval Change Date,LastApprovalChangeDate,sTYPE_DATE,Global,No,No,
PaymentTransaction,Misc Amount,MiscAmount,sTYPE_MONEY,Global,No,No,
PaymentTransaction,Modified By,ModifiedByID,sTYPE_MEMBER,Global,No,No,
PaymentTransaction,Modified Date,ModifiedDate,sTYPE_TIME,Global,No,No,
PaymentTransaction,Notes,Notes,sTYPE_TEXTAREA,Global,No,No,
PaymentTransaction,One Time?,OneTimeFlag,sTYPE_CHECKBOX,Global,No,No,
PaymentTransaction,Organization,OrganizationID,sTYPE_ORGANIZATION,Global,No,No,
PaymentTransaction,Payment Method,CodePaymentMethodID,sCODE_PAYMENT_METHOD,Global,No,No,
PaymentTransaction,Payment Transaction ClientID,BOMapClientRecordID,sTYPE_TEXT,Global,Yes,No,
PaymentTransaction,Payment Transaction RecID,PaymentTransactionID,sTYPE_UNFORMATTED_NUMBER,Global,No,No,
PaymentTransaction,Percent Rent Accrual Acct #1,PercentRentAccrualAcct1Number,sTYPE_TEXT,Global,No,No,
PaymentTransaction,Percent Rent Accrual Acct #2,PercentRentAccrualAcct2Number,sTYPE_TEXT,Global,No,No,
PaymentTransaction,Percent Rent Accrual Acct #3,PercentRentAccrualAcct3Number,sTYPE_TEXT,Global,No,No,
PaymentTransaction,Percent Rent Accrual Acct #4,PercentRentAccrualAcct4Number,sTYPE_TEXT,Global,No,No,
PaymentTransaction,Percentage Rent,PercentageRentID,sTYPE_PERCENTAGE_RENT,Global,No,No,
PaymentTransaction,Posting Date,PostingDate,sTYPE_DATE,Global,No,No,
PaymentTransaction,Pre-Alternate Rent Invoice Amount,PreAltRentInvoiceAmount,sTYPE_MONEY,Global,No,No,
PaymentTransaction,Prepaid?,PrepaidFlag,sTYPE_CHECKBOX,Global,No,No,
PaymentTransaction,Processed?,ProcessedFlag,sTYPE_CHECKBOX,Global,No,No,
PaymentTransaction,Property Tax Bill,PropertyTaxBillID,sTYPE_PROPERTY_TAX_BILL,Global,No,No,
PaymentTransaction,RE Tax Accrual Acct #1,RETaxAccrualAcct1Number,sTYPE_TEXT,Global,No,No,
PaymentTransaction,RE Tax Accrual Acct #2,RETaxAccrualAcct2Number,sTYPE_TEXT,Global,No,No,
PaymentTransaction,RE Tax Accrual Acct #3,RETaxAccrualAcct3Number,sTYPE_TEXT,Global,No,No,
PaymentTransaction,RE Tax Accrual Acct #4,RETaxAccrualAcct4Number,sTYPE_TEXT,Global,No,No,
PaymentTransaction,Remit Message,RemitMessage,sTYPE_TEXT,Global,No,No,
PaymentTransaction,Scheduled Offset,ScheduledOffsetID,sTYPE_SCHEDULED_OFFSET,Global,No,No,
PaymentTransaction,Source Entity,CodeSourceEntityID,sCODE_SOURCE_ENTITY,Global,No,No,
PaymentTransaction,Source Entity Table,SourceEntityTable,sTYPE_TEXT,Global,No,No,
PaymentTransaction,Tax Amount #1,TaxAmount1,sTYPE_MONEY,Global,No,No,
PaymentTransaction,Tax Amount #2,TaxAmount2,sTYPE_MONEY,Global,No,No,
PaymentTransaction,Tax Amount #3,TaxAmount3,sTYPE_MONEY,Global,No,No,
PaymentTransaction,Tax Amount #4,TaxAmount4,sTYPE_MONEY,Global,No,No,
PaymentTransaction,Taxes Included In Amount?,TaxesIncludedFlag,sTYPE_CHECKBOX,Global,No,No,
PaymentTransaction,Total Amount,TotalAmount,sTYPE_MONEY,Global,No,No,
PaymentTransaction,Total Amount (0-30 days),AgingAmountForMonth1,sTYPE_MONEY,Global,No,No,
PaymentTransaction,Total Amount (31-60 days),AgingAmountForMonth2,sTYPE_MONEY,Global,No,No,
PaymentTransaction,Total Amount (61-90 days),AgingAmountForMonth3,sTYPE_MONEY,Global,No,No,
PaymentTransaction,Total Amount (Due Date 0-30 days),DueDateAgingAmountForMonth1,sTYPE_MONEY,Global,No,No,
PaymentTransaction,Total Amount (Due Date 31-60 days),DueDateAgingAmountForMonth2,sTYPE_MONEY,Global,No,No,
PaymentTransaction,Total Amount (Due Date 61-90 days),DueDateAgingAmountForMonth3,sTYPE_MONEY,Global,No,No,
PaymentTransaction,Total Amount (Due Date over 90 days),DueDateAgingAmountRemainder,sTYPE_MONEY,Global,No,No,
PaymentTransaction,Total Amount (over 90 days),AgingAmountRemainder,sTYPE_MONEY,Global,No,No,
PaymentTransaction,Vendor,VendorID,sTYPE_VENDOR,Global,No,No,
PercentageRent,Amendment,AmendmentID,sTYPE_CONTRACT_AMENDMENT,Global,No,No,
PercentageRent,Annual Report Due Days,AnnualReportDueDays,sTYPE_NUMBER,Global,No,No,
PercentageRent,Annualize Rent,AnnualizeRent,sTYPE_CHECKBOX,Global,No,No,
PercentageRent,Audit Right?,AuditRightFlag,sTYPE_CHECKBOX,Global,No,No,
PercentageRent,Begin Date,BeginDate,sTYPE_DATE,Global,No,No,
PercentageRent,Billing Frequency,CodeBillingFrequencyID,sCODE_PR_FREQUENCY,Global,No,No,
PercentageRent,Cap Amount,CapAmount,sTYPE_MONEY,Global,No,No,
PercentageRent,Cap Frequency,CodeCapFrequencyID,sCODE_MONTH_FREQUENCY,Global,No,No,
PercentageRent,Contract,ContractID,sTYPE_CONTRACT,Global,Yes,No,
PercentageRent,Covenant,CovenantID,sTYPE_COVENANT,Global,No,No,
PercentageRent,Cumulative?,CumulativeFlag,sTYPE_CHECKBOX,Global,No,No,
PercentageRent,Currency Type,CodeCurrencyTypeID,sCODE_CURRENCY_TYPE,Global,No,No,
PercentageRent,Description,Description,sTYPE_TEXT,Global,No,No,
PercentageRent,Due Date,DueDate,sTYPE_DATE,Global,No,No,
PercentageRent,End Date,EndDate,sTYPE_DATE,Global,No,No,
PercentageRent,Expense Group,CodeExpenseGroupID,sCODE_EXPENSE_GROUP,Global,No,No,
PercentageRent,Expense Type,CodeExpenseTypeID,sCODE_EXPENSE_TYPE,Global,No,No,
PercentageRent,Extend Final Period to Lease Expiration Date,ExtFinalPeriodToLeaseExpDt,sTYPE_CHECKBOX,Global,No,No,
PercentageRent,Floor Amount,FloorAmount,sTYPE_MONEY,Global,No,No,
PercentageRent,Is Mid Month?,IsMidMonth,sTYPE_CHECKBOX,Global,No,No,
PercentageRent,Is Partial Term?,IsPartialTerm,sTYPE_CHECKBOX,Global,No,No,
PercentageRent,Last Payment Due Offset Days,AnnualPaymentDueDays,sTYPE_NUMBER,Global,No,No,
PercentageRent,Modified By,ModifiedByID,sTYPE_MEMBER,Global,No,No,
PercentageRent,Modified Date,ModifiedDate,sTYPE_TIME,Global,No,No,
PercentageRent,Natural Breakpoint?,NaturalBreakpointFlag,sTYPE_CHECKBOX,Global,No,No,
PercentageRent,Notes,Notes,sTYPE_TEXTAREA,Global,No,No,
PercentageRent,Offset Amount,OffsetAmount,sTYPE_MONEY,Global,No,No,
PercentageRent,Percentage Rent ClientID,BOMapClientRecordID,sTYPE_TEXT,Global,Yes,No,
PercentageRent,Percentage Rent RecID,PercentageRentID,sTYPE_UNFORMATTED_NUMBER,Global,No,No,
PercentageRent,Percentage Rent Type,CodePercentageRentTypeID,sCODE_PERCENTAGE_RENT_TYPE,Global,No,No,
PercentageRent,Period Payment Due Offset Days,PeriodPaymentDueDays,sTYPE_NUMBER,Global,No,No,
PercentageRent,Period Report Due Days,PeriodReportDueDays,sTYPE_NUMBER,Global,No,No,
PercentageRent,Proration Method,CodeProrationMethodID,sCODE_PRORATION_METHOD,Global,No,No,
PercentageRent,Rent Year Start Month,RentYearStartMonth,sTYPE_MONTH,Global,No,No,
PercentageRent,Reporting Frequency,CodeReportingFrequencyID,sCODE_PR_FREQUENCY,Global,No,No,
PercentageRent,Sales Group,CodeSalesGroupID,sCODE_SALES_GROUP,Global,No,No,
PercentageRent,Sales Year End Date,SalesYearEndDate,sTYPE_DATE,Global,No,No,
PercentageRent,Section,Section,sTYPE_TEXT,Global,No,No,
PercentageRent,Store Type,CodeStoreTypeID,sCODE_STORE_TYPE,Global,No,No,
PercentageRent,Use Count Based Rate?,UseCountBasedRate,sTYPE_CHECKBOX,Global,No,No,
PercentageRent,Use Trailing #12 Month Sales?,UseTrailing12MonthSales,sTYPE_CHECKBOX,Global,No,No,
VirtualPRAccrualPeriod,Accrual Amount Prior Periods,AccrualAmountPriorPeriods,sTYPE_MONEY,Global,No,No,
VirtualPRAccrualPeriod,Accrual Amount This Period,AccrualAmountThisPeriod,sTYPE_MONEY,Global,No,No,
VirtualPRAccrualPeriod,Accrual Amount Total,AccrualAmountTotal,sTYPE_MONEY,Global,No,No,
VirtualPRAccrualPeriod,Begin Date,BeginDate,sTYPE_DATE,Global,No,No,
VirtualPRAccrualPeriod,Contract,ContractID,sTYPE_CONTRACT,Global,No,No,
VirtualPRAccrualPeriod,End Date,EndDate,sTYPE_DATE,Global,No,No,
VirtualPRAccrualPeriod,Fiscal Period,Period,sTYPE_UNFORMATTED_NUMBER,Global,No,No,
VirtualPRAccrualPeriod,Fiscal Period Year,FiscalPeriodName,sTYPE_TEXT,Global,No,No,
VirtualPRAccrualPeriod,Fiscal Period/Year Sort,FiscalPeriodNameSort,sTYPE_PERIOD_YEAR,Global,No,No,
VirtualPRAccrualPeriod,Fiscal Year,Year,sTYPE_DROPDOWN_YEAR,Global,No,No,
VirtualPRAccrualPeriod,Is Posted?,IsPosted,sTYPE_BOOLEAN,Global,No,No,
VirtualPRAccrualPeriod,Matching Calendar Month,MatchingCalendarMonth,sTYPE_MONTH,Global,No,No,
VirtualPRAccrualPeriod,Matching Calendar Year,MatchingCalendarYear,sTYPE_DROPDOWN_YEAR,Global,No,No,
VirtualPRAccrualPeriod,Number Days In Period,NumberDaysInPeriod,sTYPE_NUMBER,Global,No,No,
VirtualPRAccrualPeriod,Number Weeks In Period,NumberWeeksInPeriod,sTYPE_NUMBER,Global,No,No,
VirtualPRAccrualPeriod,Posted Accrual Amount Prior Periods,PostedAccrualAmountPriorPeriods,sTYPE_MONEY,Global,No,No,
VirtualPRAccrualPeriod,Posted Accrual Amount This Period,PostedAccrualAmountThisPeriod,sTYPE_MONEY,Global,No,No,
VirtualPRAccrualPeriod,Posted Accrual Amount Total,PostedAccrualAmountTotal,sTYPE_MONEY,Global,No,No,
VirtualPRAccrualPeriod,Quarter,Quarter,sTYPE_NUMBER,Global,No,No,
PercentageRentBreakpoint,Begin Date,BeginDate,sTYPE_DATE,Global,No,No,
PercentageRentBreakpoint,Breakpoint Amount #1,BreakpointAmount1,sTYPE_MONEY,Global,No,No,
PercentageRentBreakpoint,Breakpoint Amount #2,BreakpointAmount2,sTYPE_MONEY,Global,No,No,
PercentageRentBreakpoint,Breakpoint Amount #3,BreakpointAmount3,sTYPE_MONEY,Global,No,No,
PercentageRentBreakpoint,Breakpoint Amount #4,BreakpointAmount4,sTYPE_MONEY,Global,No,No,
PercentageRentBreakpoint,Breakpoint Amount #5,BreakpointAmount5,sTYPE_MONEY,Global,No,No,
PercentageRentBreakpoint,Breakpoint Amount #6,BreakpointAmount6,sTYPE_MONEY,Global,No,No,
PercentageRentBreakpoint,Breakpoint Amount #7,BreakpointAmount7,sTYPE_MONEY,Global,No,No,
PercentageRentBreakpoint,Breakpoint Amount #8,BreakpointAmount8,sTYPE_MONEY,Global,No,No,
PercentageRentBreakpoint,Breakpoint Count #1,BreakpointCount1,sTYPE_NUMBER,Global,No,No,
PercentageRentBreakpoint,Breakpoint Count #2,BreakpointCount2,sTYPE_NUMBER,Global,No,No,
PercentageRentBreakpoint,Breakpoint Count #3,BreakpointCount3,sTYPE_NUMBER,Global,No,No,
PercentageRentBreakpoint,Breakpoint Count #4,BreakpointCount4,sTYPE_NUMBER,Global,No,No,
PercentageRentBreakpoint,Breakpoint Count #5,BreakpointCount5,sTYPE_NUMBER,Global,No,No,
PercentageRentBreakpoint,Breakpoint Count #6,BreakpointCount6,sTYPE_NUMBER,Global,No,No,
PercentageRentBreakpoint,Breakpoint Count #7,BreakpointCount7,sTYPE_NUMBER,Global,No,No,
PercentageRentBreakpoint,Breakpoint Count #8,BreakpointCount8,sTYPE_NUMBER,Global,No,No,
PercentageRentBreakpoint,Breakpoint Rate #1,BreakpointRate1,sTYPE_PERCENTAGE,Global,No,No,
PercentageRentBreakpoint,Breakpoint Rate #2,BreakpointRate2,sTYPE_PERCENTAGE,Global,No,No,
PercentageRentBreakpoint,Breakpoint Rate #3,BreakpointRate3,sTYPE_PERCENTAGE,Global,No,No,
PercentageRentBreakpoint,Breakpoint Rate #4,BreakpointRate4,sTYPE_PERCENTAGE,Global,No,No,
PercentageRentBreakpoint,Breakpoint Rate #5,BreakpointRate5,sTYPE_PERCENTAGE,Global,No,No,
PercentageRentBreakpoint,Breakpoint Rate #6,BreakpointRate6,sTYPE_PERCENTAGE,Global,No,No,
PercentageRentBreakpoint,Breakpoint Rate #7,BreakpointRate7,sTYPE_PERCENTAGE,Global,No,No,
PercentageRentBreakpoint,Breakpoint Rate #8,BreakpointRate8,sTYPE_PERCENTAGE,Global,No,No,
PercentageRentBreakpoint,Contract,ContractID,sTYPE_CONTRACT,Global,Yes,No,
PercentageRentBreakpoint,Created By,CreatedByID,sTYPE_MEMBER,Global,No,No,
PercentageRentBreakpoint,Created Date,CreatedDate,sTYPE_TIME,Global,No,No,
PercentageRentBreakpoint,Description,Description,sTYPE_TEXT,Global,No,No,
PercentageRentBreakpoint,End Date,EndDate,sTYPE_DATE,Global,No,No,
PercentageRentBreakpoint,Modified By,ModifiedByID,sTYPE_MEMBER,Global,No,No,
PercentageRentBreakpoint,Modified Date,ModifiedDate,sTYPE_TIME,Global,No,No,
PercentageRentBreakpoint,Natural Breakpoint Rate,NaturalBreakpointRate,sTYPE_PERCENTAGE,Global,No,No,
PercentageRentBreakpoint,Notes,Notes,sTYPE_TEXTAREA,Global,No,No,
PercentageRentBreakpoint,Percentage Rent Breakpoint ClientID,BOMapClientRecordID,sTYPE_TEXT,Global,Yes,No,
PercentageRentBreakpoint,Percentage Rent Breakpoint RecID,PercentageRentBreakpointID,sTYPE_UNFORMATTED_NUMBER,Global,No,No,
PercentageRentBreakpoint,Portioned Sales Group,CodePortionedSalesGroupID,sCODE_SALES_GROUP,Global,No,No,
PercentageRentBreakpoint,Rev Number,RevNumber,sTYPE_UNFORMATTED_NUMBER,Global,No,No,
PercentageRentBreakpoint,Sales Group,CodeSalesGroupID,sCODE_SALES_GROUP,Global,No,No,
VirtualPercentageRentPeriod,Breakpoint Amount #1,BreakpointAmount1,sTYPE_MONEY,Global,No,No,
VirtualPercentageRentPeriod,Breakpoint Amount #2,BreakpointAmount2,sTYPE_MONEY,Global,No,No,
VirtualPercentageRentPeriod,Breakpoint Amount #3,BreakpointAmount3,sTYPE_MONEY,Global,No,No,
VirtualPercentageRentPeriod,Breakpoint Amount #4,BreakpointAmount4,sTYPE_MONEY,Global,No,No,
VirtualPercentageRentPeriod,Breakpoint Amount #5,BreakpointAmount5,sTYPE_MONEY,Global,No,No,
VirtualPercentageRentPeriod,Breakpoint Amount #6,BreakpointAmount6,sTYPE_MONEY,Global,No,No,
VirtualPercentageRentPeriod,Breakpoint Amount #7,BreakpointAmount7,sTYPE_MONEY,Global,No,No,
VirtualPercentageRentPeriod,Breakpoint Amount #8,BreakpointAmount8,sTYPE_MONEY,Global,No,No,
VirtualPercentageRentPeriod,Breakpoint Count #1,BreakpointCount1,sTYPE_NUMBER,Global,No,No,
VirtualPercentageRentPeriod,Breakpoint Count #2,BreakpointCount2,sTYPE_NUMBER,Global,No,No,
VirtualPercentageRentPeriod,Breakpoint Count #3,BreakpointCount3,sTYPE_NUMBER,Global,No,No,
VirtualPercentageRentPeriod,Breakpoint Count #4,BreakpointCount4,sTYPE_NUMBER,Global,No,No,
VirtualPercentageRentPeriod,Breakpoint Count #5,BreakpointCount5,sTYPE_NUMBER,Global,No,No,
VirtualPercentageRentPeriod,Breakpoint Count #6,BreakpointCount6,sTYPE_NUMBER,Global,No,No,
VirtualPercentageRentPeriod,Breakpoint Count #7,BreakpointCount7,sTYPE_NUMBER,Global,No,No,
VirtualPercentageRentPeriod,Breakpoint Count #8,BreakpointCount8,sTYPE_NUMBER,Global,No,No,
VirtualPercentageRentPeriod,Breakpoint Rate #1,BreakpointRate1,sTYPE_PERCENTAGE,Global,No,No,
VirtualPercentageRentPeriod,Breakpoint Rate #2,BreakpointRate2,sTYPE_PERCENTAGE,Global,No,No,
VirtualPercentageRentPeriod,Breakpoint Rate #3,BreakpointRate3,sTYPE_PERCENTAGE,Global,No,No,
VirtualPercentageRentPeriod,Breakpoint Rate #4,BreakpointRate4,sTYPE_PERCENTAGE,Global,No,No,
VirtualPercentageRentPeriod,Breakpoint Rate #5,BreakpointRate5,sTYPE_PERCENTAGE,Global,No,No,
VirtualPercentageRentPeriod,Breakpoint Rate #6,BreakpointRate6,sTYPE_PERCENTAGE,Global,No,No,
VirtualPercentageRentPeriod,Breakpoint Rate #7,BreakpointRate7,sTYPE_PERCENTAGE,Global,No,No,
VirtualPercentageRentPeriod,Breakpoint Rate #8,BreakpointRate8,sTYPE_PERCENTAGE,Global,No,No,
VirtualPercentageRentPeriod,Cap Amount,CapAmount,sTYPE_MONEY,Global,No,No,
VirtualPercentageRentPeriod,Cap Frequency,CodeCapFrequencyID,sCODE_MONTH_FREQUENCY,Global,No,No,
VirtualPercentageRentPeriod,Configured Breakpoint Rate #1,ConfiguredBreakpointRate1,sTYPE_PERCENTAGE,Global,No,No,
VirtualPercentageRentPeriod,Contract,ContractID,sTYPE_CONTRACT,Global,No,No,
VirtualPercentageRentPeriod,Current Net Sales Amount,ActualNetSalesAmount,sTYPE_MONEY,Global,No,No,
VirtualPercentageRentPeriod,Floor Amount,FloorAmount,sTYPE_MONEY,Global,No,No,
VirtualPercentageRentPeriod,Is Partial Term?,IsPartialTerm,sTYPE_CHECKBOX,Global,No,No,
VirtualPercentageRentPeriod,Natural Breakpoint Rate,NaturalBreakpointRate,sTYPE_PERCENTAGE,Global,No,No,
VirtualPercentageRentPeriod,Period Begin Date,PeriodBeginDate,sTYPE_DATE,Global,No,No,
VirtualPercentageRentPeriod,Period Date Range,PeriodDateRange,sTYPE_DATE_RANGE,Global,No,No,
VirtualPercentageRentPeriod,Period End Date,PeriodEndDate,sTYPE_DATE,Global,No,No,
VirtualPercentageRentPeriod,Sales Group,CodeSalesGroupID,sCODE_SALES_GROUP,Global,No,No,
VirtualPercentageRentPeriod,Trailing Sales Multiplier,TrailingSalesMultiplier,sTYPE_NUMBER_FRACTION6DIGITS,Global,No,No,
VirtualPRPAggregate,Billing Frequency,CodeBillingFrequencyID,sCODE_PR_FREQUENCY,Global,No,No,
VirtualPRPAggregate,Contract,ContractID,sTYPE_CONTRACT,Global,No,No,
VirtualPRPAggregate,Current Offset Amount,VariableRentOffsetAmount,sTYPE_MONEY,Global,No,No,
VirtualPRPAggregate,Current Percentage Rent,CurrentRentDue,sTYPE_MONEY,Global,No,No,
VirtualPRPAggregate,Current Percentage Rent Obligation,CurrentRentObligation,sTYPE_MONEY,Global,No,No,
VirtualPRPAggregate,Current Percentage Rent Paid,CurrentRentPaid,sTYPE_MONEY,Global,No,No,
VirtualPRPAggregate,Expense Group,CodeExpenseGroupID,sCODE_EXPENSE_GROUP,Global,No,No,
VirtualPRPAggregate,Expense Type,CodeExpenseTypeID,sCODE_EXPENSE_TYPE,Global,No,No,
VirtualPRPAggregate,Net Percentage Rent Due,NetSalesRentDue,sTYPE_MONEY,Global,No,No,
VirtualPRPAggregate,Percentage Rent Type,CodePercentageRentTypeID,sCODE_PERCENTAGE_RENT_TYPE,Global,No,No,
VirtualPRPAggregate,Period Begin Date,PeriodBeginDate,sTYPE_DATE,Global,No,No,
VirtualPRPAggregate,Period End Date,PeriodEndDate,sTYPE_DATE,Global,No,No,
VirtualPRPAggregate,Rent Year Begin Date,RentYearBeginDate,sTYPE_DATE,Global,No,No,
VirtualPRPAggregate,Rent Year End Date,RentYearEndDate,sTYPE_DATE,Global,No,No,
VirtualPRPAggregate,Rent Year Has Alternate Rent?,RentYearHasAltRent,sTYPE_BOOLEAN,Global,No,No,
RecalcOverrideNotes,Created By,CreatedByID,sTYPE_MEMBER,Global,No,No,
RecalcOverrideNotes,Date of entry,CreatedDate,sTYPE_TIME,Global,No,No,
RecalcOverrideNotes,Modified By,ModifiedByID,sTYPE_MEMBER,Global,No,No,
RecalcOverrideNotes,Modified Date,ModifiedDate,sTYPE_TIME,Global,No,No,
RecalcOverrideNotes,Override Note,Notes,sTYPE_TEXTAREA,Global,Yes,No,
RecalcOverrideNotes,Straight Line Summary,SLSummaryID,sTYPE_SL_SUMMARY,Global,Yes,No,
LinkReceiptTransaction,Allocation Amount,AllocationAmount,sTYPE_MONEY,Global,No,No,
LinkReceiptTransaction,Created By,CreatedByID,sTYPE_MEMBER,Global,No,No,
LinkReceiptTransaction,Created Date,CreatedDate,sTYPE_TIME,Global,No,No,
LinkReceiptTransaction,Link Receipt Transaction ClientID,BOMapClientRecordID,sTYPE_TEXT,Global,Yes,No,
LinkReceiptTransaction,Link Receipt Transaction RecID,LinkReceiptTransactionID,sTYPE_UNFORMATTED_NUMBER,Global,No,No,
LinkReceiptTransaction,Modified By,ModifiedByID,sTYPE_MEMBER,Global,No,No,
LinkReceiptTransaction,Modified Date,ModifiedDate,sTYPE_TIME,Global,No,No,
LinkReceiptTransaction,Notes,Notes,sTYPE_TEXTAREA,Global,No,No,
LinkReceiptTransaction,Payment Receipt,PaymentReceiptID,sTYPE_PAYMENT_RECEIPT,Global,Yes,No,
LinkReceiptTransaction,Payment Transaction,PaymentTransactionID,sTYPE_PAYMENT_TRANSACTION,Global,Yes,No,
LinkReceiptTransaction,Rev Number,RevNumber,sTYPE_UNFORMATTED_NUMBER,Global,No,No,
Responsibility,Amendment,AmendmentID,sTYPE_CONTRACT_AMENDMENT,Global,No,No,
Responsibility,Cap Amount,CapAmount,sTYPE_MONEY,Global,No,No,
Responsibility,Cap Percent,CapPercent,sTYPE_PERCENTAGE,Global,No,No,
Responsibility,Contract,ContractID,sTYPE_CONTRACT,Global,Yes,No,
Responsibility,Contract Responsibility Amount,ContractResponsibilityAmount,sTYPE_MONEY,Global,No,No,
Responsibility,Covenant,CovenantID,sTYPE_COVENANT,Global,No,No,
Responsibility,Effective Date,EffectiveDate,sTYPE_DATE,Global,No,No,
Responsibility,End Date,EndDate,sTYPE_DATE,Global,No,No,
Responsibility,Included In Rent?,IncludedInRentFlag,sTYPE_CHECKBOX,Global,No,No,
Responsibility,Maintenance Category,CodeAssetCategoryID,sCODE_ASSET_CATEGORY,Global,No,No,
Responsibility,Maintenance Contact,MaintenancePersonID,sTYPE_PERSON,Global,No,No,
Responsibility,Maintenance Responsibility,CodeMaintenanceResponsibilityID,sCODE_RESPONSIBLE_PARTY,Global,No,No,
Responsibility,Modified By,ModifiedByID,sTYPE_MEMBER,Global,No,No,
Responsibility,Modified Date,ModifiedDate,sTYPE_TIME,Global,No,No,
Responsibility,Notes,Notes,sTYPE_TEXTAREA,Global,No,No,
Responsibility,Pass Through Type,CodePassThroughTypeID,sCODE_PASS_THROUGH_TYPE,Global,No,No,
Responsibility,Photos,Photos,sTYPE_PHOTO,Global,No,No,
Responsibility,Repairs Contact,ExecutionPersonID,sTYPE_PERSON,Global,No,No,
Responsibility,Repairs Responsibility,CodeExecutionResponsibilityID,sCODE_RESPONSIBLE_PARTY,Global,No,No,
Responsibility,Replace Contact,FinancialPersonID,sTYPE_PERSON,Global,No,No,
Responsibility,Replace Responsibility,CodeFinancialResponsibilityID,sCODE_RESPONSIBLE_PARTY,Global,No,No,
Responsibility,Response Time,CodeResponseTimeID,sCODE_RESPONSE_TIME,Global,No,No,
Responsibility,Responsibility ClientID,BOMapClientRecordID,sTYPE_TEXT,Global,Yes,No,
Responsibility,Responsibility Group,CodeResponsibilityGroupID,sCODE_RESPONSIBILITY_GROUP,Global,No,No,
Responsibility,Responsibility RecID,ResponsibilityID,sTYPE_UNFORMATTED_NUMBER,Global,No,No,
Responsibility,Responsibility Type,CodeResponsibilityTypeID,sCODE_RESPONSIBILITY_TYPE,Global,No,No,
Responsibility,Responsible Party,ResponsibilePartyVal,sTYPE_TEXT,Global,No,No,
Responsibility,Section,Section,sTYPE_TEXT,Global,No,No,
Responsibility,Service Contact,ServicePersonID,sTYPE_PERSON,Global,No,No,
Responsibility,Service Level,ServiceLevel,sTYPE_TEXT,Global,No,No,
Responsibility,Service Responsibility,CodeServiceResponsibilityID,sCODE_RESPONSIBLE_PARTY,Global,No,No,
CodeResponsibleParty,Responsible Party Value,CodeResponsiblePartySystemID,sCODE_RESPONSIBLE_PARTY_SYSTEM,Global,No,No,
SLSummary,Accumulated Amortization Balance Prior to Impairment,AccumulatedAmortizationBalancePriorToImpairment,sTYPE_MONEY,Global,No,No,
SLSummary,Asset Amortization Expense,AssetAmortizationExpense,sTYPE_MONEY,Global,No,No,
SLSummary,Ending Accumulated Amortization Balance,EndingAccumulatedAmortizationBalance,sTYPE_MONEY,Global,No,No,
SLSummary,Ending Gross Asset Balance,EndingGrossAssetBalance,sTYPE_MONEY,Global,No,No,
SLSummary,Ending Lease Liability Balance,EndingLeaseLiabilityBalance,sTYPE_MONEY,Global,No,No,
SLSummary,Impairments and Accumulated Amortization Reset,ImpairmentsAndAccumulatedAmortizationReset,sTYPE_MONEY,Global,No,No,
SLSummary,Interest Expense,InterestExpense,sTYPE_MONEY,Global,No,No,
SLSummary,Is Include in Roll Forward Report?,IsIncludeInRollForwardReport,sTYPE_BOOLEAN,Global,No,No,
SLSummary,Lease Expiration Accumulated Amortization Impact,LeaseExpirationAccumulatedAmortizationImpact,sTYPE_MONEY,Global,No,No,
SLSummary,Lease Expiration Gross Asset Balance,LeaseExpirationGrossAssetBalance,sTYPE_MONEY,Global,No,No,
SLSummary,Lease Liability Payment Impact,LeaseLiabilityPaymentImpact,sTYPE_MONEY,Global,No,No,
SLSummary,Lease Remeasurement Accumulated Amortization Impact,LeaseRemeasurementAccumulatedAmortizationImpact,sTYPE_MONEY,Global,No,No,
SLSummary,Lease Remeasurement Lease Liability Impact,LeaseRemeasurementLeaseLiabilityImpact,sTYPE_MONEY,Global,No,No,
SLSummary,New Gross Asset Balances,NewGrossAssetBalances,sTYPE_MONEY,Global,No,No,
SLSummary,New Lease Liabilities,NewLeaseLiabilities,sTYPE_MONEY,Global,No,No,
SLSummary,Prior Period Accumulated Amortization Balance,PriorPeriodAccumulatedAmortizationBalance,sTYPE_MONEY,Global,No,No,
SLSummary,Prior Period Gross Asset Balance,PriorPeriodGrossAssetBalance,sTYPE_MONEY,Global,No,No,
SLSummary,Prior Period Lease Liability,PriorPeriodLeaseLiability,sTYPE_MONEY,Global,No,No,
SLSummary,Reclass Accumulated Amortization Impact,ReclassAccumulatedAmortizationImpact,sTYPE_MONEY,Global,No,No,
SLSummary,Reclass Gross Asset Balance Impact,ReclassGrossAssetBalanceImpact,sTYPE_MONEY,Global,No,No,
SLSummary,Reclass Lease Liability Impact,ReclassLeaseLiabilityImpact,sTYPE_MONEY,Global,No,No,
SLSummary,Reclassification Accumulated Amortization Impact,ReclassificationAccumulatedAmortizationImpact,sTYPE_MONEY,Global,No,No,
SLSummary,Reclassification Lease Liability Impact,ReclassificationLeaseLiabilityImpact,sTYPE_MONEY,Global,No,No,
SLSummary,Reclassification of Gross Asset Balance,ReclassificationOfGrossAssetBalance,sTYPE_MONEY,Global,No,No,
SLSummary,Remeasurement Gross Asset Balance Impact,RemeasurementGrossAssetBalanceImpact,sTYPE_MONEY,Global,No,No,
Sales,Client Sales ID,ClientSalesID,sTYPE_TEXT,Global,No,No,
Sales,Contract,ContractID,sTYPE_CONTRACT,Global,Yes,No,
Sales,Currency Type,CodeCurrencyTypeID,sCODE_CURRENCY_TYPE,Global,No,No,
Sales,Effective Date,EffectiveDate,sTYPE_DATE,Global,No,No,
Sales,Fiscal Period,SalesPeriod,sTYPE_NUMBER,Global,No,No,
Sales,Fiscal Year,SalesYear,sTYPE_DROPDOWN_YEAR,Global,No,No,
Sales,Gross Sales Amount,GrossSalesAmount,sTYPE_MONEY,Global,No,No,
Sales,Matching Calendar Month,MatchingCalendarMonthText,sTYPE_TEXT,Global,No,No,
Sales,Matching Calendar Month / Year,MatchingCalendarMonthYearText,sTYPE_TEXT,Global,No,No,
Sales,Matching Calendar Year,MatchingCalendarYear,sTYPE_UNFORMATTED_NUMBER,Global,No,No,
Sales,Modified By,ModifiedByID,sTYPE_MEMBER,Global,No,No,
Sales,Modified Date,ModifiedDate,sTYPE_TIME,Global,No,No,
Sales,Net Sales Amount,NetSalesAmount,sTYPE_MONEY,Global,No,No,
Sales,Posting Date,PostingDate,sTYPE_DATE,Global,No,No,
Sales,Sales Adjustment #1,SalesAdjustment1,sTYPE_MONEY,Global,No,No,
Sales,Sales Adjustment #2,SalesAdjustment2,sTYPE_MONEY,Global,No,No,
Sales,Sales Adjustment #3,SalesAdjustment3,sTYPE_MONEY,Global,No,No,
Sales,Sales Adjustment #4,SalesAdjustment4,sTYPE_MONEY,Global,No,No,
Sales,Sales Adjustment #5,SalesAdjustment5,sTYPE_MONEY,Global,No,No,
Sales,Sales Adjustment #6,SalesAdjustment6,sTYPE_MONEY,Global,No,No,
Sales,Sales Category,CodeSalesCategoryID,sCODE_SALES_CATEGORY,Global,No,No,
Sales,Sales ClientID,BOMapClientRecordID,sTYPE_TEXT,Global,Yes,No,
Sales,Sales Group,CodeSalesGroupID,sCODE_SALES_GROUP,Global,No,No,
Sales,Sales RecID,SalesID,sTYPE_UNFORMATTED_NUMBER,Global,No,No,
Sales,Sales Type,CodeSalesTypeID,sCODE_SALES_TYPE,Global,No,No,
Sales,Unit Sales Count,UnitSalesCount,sTYPE_NUMBER,Global,No,No,
Sales,Unit Sales Type,CodeUnitSalesTypeID,sCODE_UNIT_SALES_TYPE,Global,No,No,
SalesExclusion,Begin Date,BeginDate,sTYPE_DATE,Global,No,No,
SalesExclusion,Cap Amount,CapAmount,sTYPE_MONEY,Global,No,No,
SalesExclusion,Cap Percent,CapPercent,sTYPE_PERCENTAGE,Global,No,No,
SalesExclusion,Contract,ContractID,sTYPE_CONTRACT,Global,Yes,No,
SalesExclusion,Created By,CreatedByID,sTYPE_MEMBER,Global,No,No,
SalesExclusion,Created Date,CreatedDate,sTYPE_TIME,Global,No,No,
SalesExclusion,Currency Type,CodeCurrencyTypeID,sCODE_CURRENCY_TYPE,Global,No,No,
SalesExclusion,End Date,EndDate,sTYPE_DATE,Global,No,No,
SalesExclusion,Exclusion ClientID,BOMapClientRecordID,sTYPE_TEXT,Global,Yes,No,
SalesExclusion,Exclusion Group Cap,ExclusionGroupCapID,sTYPE_SALES_EXCLUSION_CAP,Global,No,No,
SalesExclusion,Exclusion Rate,ExclusionRate,sTYPE_PERCENTAGE,Global,No,No,
SalesExclusion,Exclusion RecID,SalesExclusionID,sTYPE_UNFORMATTED_NUMBER,Global,No,No,
SalesExclusion,Modified By,ModifiedByID,sTYPE_MEMBER,Global,No,No,
SalesExclusion,Modified Date,ModifiedDate,sTYPE_TIME,Global,No,No,
SalesExclusion,Notes,Notes,sTYPE_TEXTAREA,Global,No,No,
SalesExclusion,Rev Number,RevNumber,sTYPE_UNFORMATTED_NUMBER,Global,No,No,
SalesExclusion,Sales Group,CodeSalesGroupID,sCODE_SALES_GROUP,Global,No,No,
SalesExclusion,Sales Type,CodeSalesTypeID,sCODE_SALES_TYPE,Global,No,No,
SalesExclusionCap,Begin Date,BeginDate,sTYPE_DATE,Global,No,No,
SalesExclusionCap,Cap Amount,CapAmount,sTYPE_MONEY,Global,No,No,
SalesExclusionCap,Cap Percent,CapPercent,sTYPE_PERCENTAGE,Global,No,No,
SalesExclusionCap,Contract,ContractID,sTYPE_CONTRACT,Global,Yes,No,
SalesExclusionCap,Created By,CreatedByID,sTYPE_MEMBER,Global,No,No,
SalesExclusionCap,Created Date,CreatedDate,sTYPE_TIME,Global,No,No,
SalesExclusionCap,Currency Type,CodeCurrencyTypeID,sCODE_CURRENCY_TYPE,Global,No,No,
SalesExclusionCap,End Date,EndDate,sTYPE_DATE,Global,No,No,
SalesExclusionCap,Exclusion Cap,CodeExclusionCapID,sCODE_EXCLUSION_CAP,Global,Yes,No,
SalesExclusionCap,Exclusion Cap ClientID,BOMapClientRecordID,sTYPE_TEXT,Global,Yes,No,
SalesExclusionCap,Exclusion Cap RecID,SalesExclusionCapID,sTYPE_UNFORMATTED_NUMBER,Global,No,No,
SalesExclusionCap,Modified By,ModifiedByID,sTYPE_MEMBER,Global,No,No,
SalesExclusionCap,Modified Date,ModifiedDate,sTYPE_TIME,Global,No,No,
SalesExclusionCap,Notes,Notes,sTYPE_TEXTAREA,Global,No,No,
SalesExclusionCap,PRP Computed Cap Amount,PRPComputedCapAmount,sTYPE_NUMBER,Global,No,No,
SalesExclusionCap,PRP Excess Excluded Amount,PRPExcessExcludedAmount,sTYPE_NUMBER,Global,No,No,
SalesExclusionCap,PRP Gross Excluded Amount,PRPGrossExcludedAmount,sTYPE_NUMBER,Global,No,No,
SalesExclusionCap,PRP Gross Sales Amount,PRPGrossSalesAmount,sTYPE_NUMBER,Global,No,No,
SalesExclusionCap,PRP Net Excluded Amount,PRPNetExcludedAmount,sTYPE_NUMBER,Global,No,No,
SalesExclusionCap,Rev Number,RevNumber,sTYPE_UNFORMATTED_NUMBER,Global,No,No,
SalesExclusionCap,Sales Group,CodeSalesGroupID,sCODE_SALES_GROUP,Global,No,No,
SalesExclusionCap,SP Excluded Amount,SPExcludedAmount,sTYPE_NUMBER,Global,No,No,
VirtualSalesPeriod,Breakpoint Amount #1,PRPBreakpointAmount1,sTYPE_MONEY,Global,No,No,
VirtualSalesPeriod,Breakpoint Amount #2,PRPBreakpointAmount2,sTYPE_MONEY,Global,No,No,
VirtualSalesPeriod,Breakpoint Amount #3,PRPBreakpointAmount3,sTYPE_MONEY,Global,No,No,
VirtualSalesPeriod,Breakpoint Amount #4,PRPBreakpointAmount4,sTYPE_MONEY,Global,No,No,
VirtualSalesPeriod,Breakpoint Amount #5,PRPBreakpointAmount5,sTYPE_MONEY,Global,No,No,
VirtualSalesPeriod,Breakpoint Amount #6,PRPBreakpointAmount6,sTYPE_MONEY,Global,No,No,
VirtualSalesPeriod,Breakpoint Amount #7,PRPBreakpointAmount7,sTYPE_MONEY,Global,No,No,
VirtualSalesPeriod,Breakpoint Amount #8,PRPBreakpointAmount8,sTYPE_MONEY,Global,No,No,
VirtualSalesPeriod,Breakpoint Rate #1,PRPBreakpointRate1,sTYPE_PERCENTAGE,Global,No,No,
VirtualSalesPeriod,Breakpoint Rate #2,PRPBreakpointRate2,sTYPE_PERCENTAGE,Global,No,No,
VirtualSalesPeriod,Breakpoint Rate #3,PRPBreakpointRate3,sTYPE_PERCENTAGE,Global,No,No,
VirtualSalesPeriod,Breakpoint Rate #4,PRPBreakpointRate4,sTYPE_PERCENTAGE,Global,No,No,
VirtualSalesPeriod,Breakpoint Rate #5,PRPBreakpointRate5,sTYPE_PERCENTAGE,Global,No,No,
VirtualSalesPeriod,Breakpoint Rate #6,PRPBreakpointRate6,sTYPE_PERCENTAGE,Global,No,No,
VirtualSalesPeriod,Breakpoint Rate #7,PRPBreakpointRate7,sTYPE_PERCENTAGE,Global,No,No,
VirtualSalesPeriod,Breakpoint Rate #8,PRPBreakpointRate8,sTYPE_PERCENTAGE,Global,No,No,
VirtualSalesPeriod,Breakpoint Rent,PRPBreakpointRent,sTYPE_MONEY,Global,No,No,
VirtualSalesPeriod,Calendar Month,SalesMonth,sTYPE_TEXT,Global,No,No,
VirtualSalesPeriod,Calendar Month/Year,SalesMonthYearText,sTYPE_TEXT,Global,No,No,
VirtualSalesPeriod,Calendar Month/Year Date,SalesMonthYearSort,sTYPE_MONTHS_YEAR,Global,No,No,
VirtualSalesPeriod,Calendar Year,SalesYear,sTYPE_DROPDOWN_YEAR,Global,No,No,
VirtualSalesPeriod,Cap / Floor Adjusted Rent,PRPCapFloorAdjustedRent,sTYPE_MONEY,Global,No,No,
VirtualSalesPeriod,Contract,ContractID,sTYPE_CONTRACT,Global,No,No,
VirtualSalesPeriod,Excluded Sales Amount,ExcludedSalesPeriodAmount,sTYPE_MONEY,Global,No,No,
VirtualSalesPeriod,Excluded Sales Count,ExcludedSalesPeriodCount,sTYPE_NUMBER_FRACTION0DIGITS,Global,No,No,
VirtualSalesPeriod,Fiscal Period Year,SalesPeriodSort,sTYPE_PERIOD_YEAR,Global,No,No,
VirtualSalesPeriod,Gross Sales Amount,GrossSalesPeriodAmount,sTYPE_MONEY,Global,No,No,
VirtualSalesPeriod,Gross Sales Count,GrossSalesPeriodCount,sTYPE_NUMBER_FRACTION0DIGITS,Global,No,No,
VirtualSalesPeriod,Is Actual?,IsActual,sTYPE_BOOLEAN,Global,No,No,
VirtualSalesPeriod,Matching Fiscal Period/Year,SalesPeriodText,sTYPE_TEXT,Global,No,No,
VirtualSalesPeriod,Net Sales Amount,NetSalesPeriodAmount,sTYPE_MONEY,Global,No,No,
VirtualSalesPeriod,Net Sales Count,NetSalesPeriodCount,sTYPE_NUMBER_FRACTION0DIGITS,Global,No,No,
VirtualSalesPeriod,Period Rent Paid,SalesPeriodRentPaid,sTYPE_MONEY,Global,No,No,
VirtualSalesPeriod,Rent Due #1,PRPBreakpointRentDue1,sTYPE_MONEY,Global,No,No,
VirtualSalesPeriod,Rent Due #2,PRPBreakpointRentDue2,sTYPE_MONEY,Global,No,No,
VirtualSalesPeriod,Rent Due #3,PRPBreakpointRentDue3,sTYPE_MONEY,Global,No,No,
VirtualSalesPeriod,Rent Due #4,PRPBreakpointRentDue4,sTYPE_MONEY,Global,No,No,
VirtualSalesPeriod,Rent Due #5,PRPBreakpointRentDue5,sTYPE_MONEY,Global,No,No,
VirtualSalesPeriod,Rent Due #6,PRPBreakpointRentDue6,sTYPE_MONEY,Global,No,No,
VirtualSalesPeriod,Rent Due #7,PRPBreakpointRentDue7,sTYPE_MONEY,Global,No,No,
VirtualSalesPeriod,Rent Due #8,PRPBreakpointRentDue8,sTYPE_MONEY,Global,No,No,
VirtualSalesPeriod,Rent Period Begin Date,BillingBucketBeginDate,sTYPE_DATE,Global,No,No,
VirtualSalesPeriod,Rent Period Cap Amount,BillingBucketCapAmount,sTYPE_MONEY,Global,No,No,
VirtualSalesPeriod,Rent Period End Date,BillingBucketEndDate,sTYPE_DATE,Global,No,No,
VirtualSalesPeriod,Rent Period Floor Amount,BillingBucketFloorAmount,sTYPE_MONEY,Global,No,No,
VirtualSalesPeriod,Rent Period Payment Due Date,BillingBucketDueDate,sTYPE_DATE,Global,No,No,
VirtualSalesPeriod,Rent Period Sales Amount,PRPSalesAmount,sTYPE_MONEY,Global,No,No,
VirtualSalesPeriod,Rent Period Sales Count,PRPSalesCount,sTYPE_NUMBER_FRACTION0DIGITS,Global,No,No,
VirtualSalesPeriod,Reporting Period Begin Date,ReportingBucketBeginDate,sTYPE_DATE,Global,No,No,
VirtualSalesPeriod,Reporting Period Due Date,ReportingBucketDueDate,sTYPE_DATE,Global,No,No,
VirtualSalesPeriod,Reporting Period End Date,ReportingBucketEndDate,sTYPE_DATE,Global,No,No,
VirtualSalesPeriod,Reporting Period Gross Sales Amount,ReportingBucketGrossSalesAmount,sTYPE_MONEY,Global,No,No,
VirtualSalesPeriod,Reporting Period Net Sales Amount,ReportingBucketNetSalesAmount,sTYPE_MONEY,Global,No,No,
VirtualSalesPeriod,Sales Group,CodeSalesGroupID,sCODE_SALES_GROUP,Global,No,No,
VirtualSalesPeriod,Sales Past Breakpoint #1,PRPSalesPastBreakpoint1,sTYPE_MONEY,Global,No,No,
VirtualSalesPeriod,Sales Past Breakpoint #2,PRPSalesPastBreakpoint2,sTYPE_MONEY,Global,No,No,
VirtualSalesPeriod,Sales Past Breakpoint #3,PRPSalesPastBreakpoint3,sTYPE_MONEY,Global,No,No,
VirtualSalesPeriod,Sales Past Breakpoint #4,PRPSalesPastBreakpoint4,sTYPE_MONEY,Global,No,No,
VirtualSalesPeriod,Sales Past Breakpoint #5,PRPSalesPastBreakpoint5,sTYPE_MONEY,Global,No,No,
VirtualSalesPeriod,Sales Past Breakpoint #6,PRPSalesPastBreakpoint6,sTYPE_MONEY,Global,No,No,
VirtualSalesPeriod,Sales Past Breakpoint #7,PRPSalesPastBreakpoint7,sTYPE_MONEY,Global,No,No,
VirtualSalesPeriod,Sales Past Breakpoint #8,PRPSalesPastBreakpoint8,sTYPE_MONEY,Global,No,No,
VirtualSalesPeriod,Sales Period Begin Date,PeriodBeginDate,sTYPE_DATE,Global,No,No,
VirtualSalesPeriod,Sales Period End Date,PeriodEndDate,sTYPE_DATE,Global,No,No,
VirtualSalesPeriod,Total Rent,PRPTotalRent,sTYPE_MONEY,Global,No,No,
VirtualSalesPeriod,Total Rent Due,PRPRentDue,sTYPE_MONEY,Global,No,No,
LinkSchedOffsetExpGrpType,Contract,ContractID,sTYPE_CONTRACT,Global,Yes,No,
LinkSchedOffsetExpGrpType,Created By,CreatedByID,sTYPE_MEMBER,Global,No,No,
LinkSchedOffsetExpGrpType,Created Date,CreatedDate,sTYPE_TIME,Global,No,No,
LinkSchedOffsetExpGrpType,Expense Group,CodeExpenseGroupID,sCODE_EXPENSE_GROUP,Global,No,No,
LinkSchedOffsetExpGrpType,Expense Type,CodeExpenseTypeID,sCODE_EXPENSE_TYPE,Global,No,No,
LinkSchedOffsetExpGrpType,Modified By,ModifiedByID,sTYPE_MEMBER,Global,No,No,
LinkSchedOffsetExpGrpType,Modified Date,ModifiedDate,sTYPE_TIME,Global,No,No,
LinkSchedOffsetExpGrpType,Rev Number,RevNumber,sTYPE_UNFORMATTED_NUMBER,Global,No,No,
LinkSchedOffsetExpGrpType,Scheduled Offset,ScheduledOffsetID,sTYPE_SCHEDULED_OFFSET,Global,Yes,No,
LinkSchedOffsetExpGrpType,Scheduled Offset Expense Type ClientID,BOMapClientRecordID,sTYPE_TEXT,Global,Yes,No,
LinkSchedOffsetExpGrpType,Scheduled Offset Expense Type RecID,LinkSchedOffsetExpGrpTypeID,sTYPE_UNFORMATTED_NUMBER,Global,No,No,
ScheduledOffset,Amount Allocated,AmountAllocated,sTYPE_MONEY,Global,No,No,
ScheduledOffset,Amount Not Allocated,AmountNotAllocated,sTYPE_MONEY,Global,No,No,
ScheduledOffset,Begin Date,BeginDate,sTYPE_DATE,Global,No,No,
ScheduledOffset,Cap Amount Per Month,CapAmountPerMonth,sTYPE_MONEY,Global,No,No,
ScheduledOffset,Cap Percent,CapPercent,sTYPE_PERCENTAGE,Global,No,No,
ScheduledOffset,Contract,ContractID,sTYPE_CONTRACT,Global,Yes,No,
ScheduledOffset,Created By,CreatedByID,sTYPE_MEMBER,Global,No,No,
ScheduledOffset,Created Date,CreatedDate,sTYPE_TIME,Global,No,No,
ScheduledOffset,Currency Type,CodeCurrencyTypeID,sCODE_CURRENCY_TYPE,Global,No,No,
ScheduledOffset,End Date,EndDate,sTYPE_DATE,Global,No,No,
ScheduledOffset,Modified By,ModifiedByID,sTYPE_MEMBER,Global,No,No,
ScheduledOffset,Modified Date,ModifiedDate,sTYPE_TIME,Global,No,No,
ScheduledOffset,Notes,Notes,sTYPE_TEXTAREA,Global,No,No,
ScheduledOffset,Rev Number,RevNumber,sTYPE_UNFORMATTED_NUMBER,Global,No,No,
ScheduledOffset,Scheduled Offset ClientID,BOMapClientRecordID,sTYPE_TEXT,Global,Yes,No,
ScheduledOffset,Scheduled Offset RecID,ScheduledOffsetID,sTYPE_UNFORMATTED_NUMBER,Global,No,No,
ScheduledOffset,Total Amount,TotalAmount,sTYPE_MONEY,Global,No,No,
ScheduledOffset,Vendor,VendorID,sTYPE_VENDOR,Global,No,No,
SecurityDeposit,Account Number,AccountNumber,sTYPE_TEXT,Global,No,No,
SecurityDeposit,Amendment,AmendmentID,sTYPE_CONTRACT_AMENDMENT,Global,No,No,
SecurityDeposit,Begin Date,BeginDate,sTYPE_DATE,Global,No,No,
SecurityDeposit,Contract,ContractID,sTYPE_CONTRACT,Global,Yes,No,
SecurityDeposit,Covenant,CovenantID,sTYPE_COVENANT,Global,No,No,
SecurityDeposit,Deposit Amount,DepositAmount,sTYPE_MONEY,Global,No,No,
SecurityDeposit,Deposit Currency,CodeCurrencyTypeID,sCODE_CURRENCY_TYPE,Global,No,No,
SecurityDeposit,End Date,EndDate,sTYPE_DATE,Global,No,No,
SecurityDeposit,Guarantee Type,CodeGuaranteeTypeID,sCODE_GUARANTEE_TYPE,Global,No,No,
SecurityDeposit,Interest Bearing?,InterestBearingFlag,sTYPE_CHECKBOX,Global,No,No,
SecurityDeposit,Interest Rate,InterestRate,sTYPE_PERCENTAGE,Global,No,No,
SecurityDeposit,Modified By,ModifiedByID,sTYPE_MEMBER,Global,No,No,
SecurityDeposit,Modified Date,ModifiedDate,sTYPE_TIME,Global,No,No,
SecurityDeposit,Notes,Notes,sTYPE_TEXTAREA,Global,No,No,
SecurityDeposit,Party,PartyID,sTYPE_EMPLOYER,Global,No,No,
SecurityDeposit,Required?,RequiredFlag,sTYPE_CHECKBOX,Global,No,No,
SecurityDeposit,Return Deposit Currency,CodePayBackCurrencyTypeID,sCODE_CURRENCY_TYPE,Global,No,No,
SecurityDeposit,Section,Section,sTYPE_TEXT,Global,No,No,
SecurityDeposit,Security Deposit ClientID,BOMapClientRecordID,sTYPE_TEXT,Global,Yes,No,
SecurityDeposit,Security Deposit Group,CodeSecurityDepositGroupID,sCODE_SECURITY_DEPOSIT_GROUP,Global,No,No,
SecurityDeposit,Security Deposit RecID,SecurityDepositID,sTYPE_UNFORMATTED_NUMBER,Global,No,No,
SecurityDeposit,Security Deposit Status,CodeSecurityDepositStatusID,sCODE_SECURITY_DEPOSIT_STATUS,Global,No,No,
SecurityDeposit,Security Deposit Type,CodeSecurityDepositTypeID,sCODE_SECURITY_DEPOSIT_TYPE,Global,No,No,
SecurityDeposit,Separate Account?,SeparateAccountFlag,sTYPE_CHECKBOX,Global,No,No,
CodeSLSchedule,Don't Amortize Asset Value,DontAmortizeAssetValue,sTYPE_BOOLEAN,Global,No,No,
CodeSLSchedule,Export Account #1,ExportAcct1Number,sTYPE_TEXT,Global,No,No,
CodeSLSchedule,Export Account #10,ExportAcct10Number,sTYPE_TEXT,Global,No,No,
CodeSLSchedule,Export Account #11,ExportAcct11Number,sTYPE_TEXT,Global,No,No,
CodeSLSchedule,Export Account #12,ExportAcct12Number,sTYPE_TEXT,Global,No,No,
CodeSLSchedule,Export Account #13,ExportAcct13Number,sTYPE_TEXT,Global,No,No,
CodeSLSchedule,Export Account #14,ExportAcct14Number,sTYPE_TEXT,Global,No,No,
CodeSLSchedule,Export Account #15,ExportAcct15Number,sTYPE_TEXT,Global,No,No,
CodeSLSchedule,Export Account #16,ExportAcct16Number,sTYPE_TEXT,Global,No,No,
CodeSLSchedule,Export Account #17,ExportAcct17Number,sTYPE_TEXT,Global,No,No,
CodeSLSchedule,Export Account #18,ExportAcct18Number,sTYPE_TEXT,Global,No,No,
CodeSLSchedule,Export Account #19,ExportAcct19Number,sTYPE_TEXT,Global,No,No,
CodeSLSchedule,Export Account #2,ExportAcct2Number,sTYPE_TEXT,Global,No,No,
CodeSLSchedule,Export Account #20,ExportAcct20Number,sTYPE_TEXT,Global,No,No,
CodeSLSchedule,Export Account #3,ExportAcct3Number,sTYPE_TEXT,Global,No,No,
CodeSLSchedule,Export Account #4,ExportAcct4Number,sTYPE_TEXT,Global,No,No,
CodeSLSchedule,Export Account #5,ExportAcct5Number,sTYPE_TEXT,Global,No,No,
CodeSLSchedule,Export Account #6,ExportAcct6Number,sTYPE_TEXT,Global,No,No,
CodeSLSchedule,Export Account #7,ExportAcct7Number,sTYPE_TEXT,Global,No,No,
CodeSLSchedule,Export Account #8,ExportAcct8Number,sTYPE_TEXT,Global,No,No,
CodeSLSchedule,Export Account #9,ExportAcct9Number,sTYPE_TEXT,Global,No,No,
ExpenseRecovery,Approved Additions,ApprovedAdditionsGross,sTYPE_MONEY,Global,No,No,
ExpenseRecovery,Approved Admin Fee Percentage Amount,ApprovedAdminFeePercentageAmountGross,sTYPE_MONEY_MATH_OPERATION,Global,No,No,
ExpenseRecovery,Approved Administration Fees,ApprovedAdministrationFeesGross,sTYPE_MONEY,Global,No,No,
ExpenseRecovery,Approved Controllable Expenses,ApprovedControllableExpensesGross,sTYPE_MONEY,Global,No,No,
ExpenseRecovery,Approved Deductions,ApprovedDeductionsGross,sTYPE_MONEY,Global,No,No,
ExpenseRecovery,Approved Net Amount Due (NPT-PP),ApprovedNetAmountDueGross,sTYPE_MONEY_MATH_OPERATION,Global,No,No,
ExpenseRecovery,Approved Net Pass-Through (ST2*PRS*Occ),ApprovedNetPassThroughGross,sTYPE_MONEY_MATH_OPERATION,Global,No,No,
ExpenseRecovery,Approved Net Pass-Through (ST2*PRS*Occ) Duplicate,ApprovedNetPassThroughCOREFirmOnlyGross,sTYPE_MONEY_MATH_OPERATION,Global,No,No,
ExpenseRecovery,Approved Non-Controllable Expenses,ApprovedNonControllableExpensesGross,sTYPE_MONEY,Global,No,No,
ExpenseRecovery,Approved Pass-Through (ST1+AF%+AF+A),ApprovedPassThroughGross,sTYPE_MONEY_MATH_OPERATION,Global,No,No,
ExpenseRecovery,Approved Recoveries,ApprovedRecoveriesGross,sTYPE_MONEY,Global,No,No,
ExpenseRecovery,Approved Revised Amount Due (Net+Adj),ApprovedRevisedNetAmountDueGross,sTYPE_MONEY_MATH_OPERATION,Global,No,No,
ExpenseRecovery,Approved Sub Total #1 (C+NC-D),ApprovedSubTotal1Gross,sTYPE_MONEY_MATH_OPERATION,Global,No,No,
ExpenseRecovery,Approved Sub Total #2 (PT-R),ApprovedSubTotal2Gross,sTYPE_MONEY_MATH_OPERATION,Global,No,No,
ExpenseRecovery,Approved Adjustment Amount,ApprovedAdjustmentAmount,sTYPE_MONEY,Global,No,No,
ExpenseRecovery,Approved Admin Fee Percentage,ApprovedAdminFeePercentage,sTYPE_PERCENTAGE,Global,No,No,
ExpenseRecovery,Approved Cap Amount,ApprovedCapAmountNoZeroDef,sTYPE_MONEY,Global,No,No,
ExpenseRecovery,Approved GLA,ApprovedGLA,sTYPE_AREA,Global,No,No,
ExpenseRecovery,Approved Pre Paid Amount,ApprovedPrePaidAmount,sTYPE_MONEY,Global,No,No,
ExpenseRecovery,Approved Pro Rata Share Rate,ApprovedProRataShareRate,sTYPE_PERCENTAGE,Global,No,No,
ExpenseRecovery,Approved Rentable Area,ApprovedRentableArea,sTYPE_AREA,Global,No,No,
ExpenseRecovery,Approved Additions,ApprovedAdditionsNet,sTYPE_MONEY,Global,No,No,
ExpenseRecovery,Approved Admin Fee Percentage Amount,ApprovedAdminFeePercentageAmountNet,sTYPE_MONEY_MATH_OPERATION,Global,No,No,
ExpenseRecovery,Approved Administration Fees,ApprovedAdministrationFeesNet,sTYPE_MONEY,Global,No,No,
ExpenseRecovery,Approved Controllable Expenses,ApprovedControllableExpensesNet,sTYPE_MONEY,Global,No,No,
ExpenseRecovery,Approved Deductions,ApprovedDeductionsNet,sTYPE_MONEY,Global,No,No,
ExpenseRecovery,Approved Net Amount Due (NPT-PP),ApprovedNetAmountDueNet,sTYPE_MONEY_MATH_OPERATION,Global,No,No,
ExpenseRecovery,Approved Net Pass-Through (ST2*PRS*Occ),ApprovedNetPassThroughNet,sTYPE_MONEY_MATH_OPERATION,Global,No,No,
ExpenseRecovery,Approved Net Pass-Through (ST2*PRS*Occ) Duplicate,ApprovedNetPassThroughCOREFirmOnlyNet,sTYPE_MONEY_MATH_OPERATION,Global,No,No,
ExpenseRecovery,Approved Non-Controllable Expenses,ApprovedNonControllableExpensesNet,sTYPE_MONEY,Global,No,No,
ExpenseRecovery,Approved Pass-Through (ST1+AF%+AF+A),ApprovedPassThroughNet,sTYPE_MONEY_MATH_OPERATION,Global,No,No,
ExpenseRecovery,Approved Recoveries,ApprovedRecoveriesNet,sTYPE_MONEY,Global,No,No,
ExpenseRecovery,Approved Revised Amount Due (Net+Adj),ApprovedRevisedNetAmountDueNet,sTYPE_MONEY_MATH_OPERATION,Global,No,No,
ExpenseRecovery,Approved Sub Total #1 (C+NC-D),ApprovedSubTotal1Net,sTYPE_MONEY_MATH_OPERATION,Global,No,No,
ExpenseRecovery,Approved Sub Total #2 (PT-R),ApprovedSubTotal2Net,sTYPE_MONEY_MATH_OPERATION,Global,No,No,
ExpenseRecovery,A-B Variance - Additions,ABVarianceAdditionsGross,sTYPE_MONEY_MATH_OPERATION,Global,No,No,
ExpenseRecovery,A-B Variance - Admin Fee Percentage,ABVarianceAdminFeePercentageGross,sTYPE_PERCENT_MATH_OPERATION,Global,No,No,
ExpenseRecovery,A-B Variance - Admin Fee Percentage Amount,ABVarianceAdminFeePercentageAmountGross,sTYPE_MONEY_MATH_OPERATION,Global,No,No,
ExpenseRecovery,A-B Variance - Administration Fees,ABVarianceAdministrationFeesGross,sTYPE_MONEY_MATH_OPERATION,Global,No,No,
ExpenseRecovery,A-B Variance - Cap Amount,ABVarianceCapAmountGross,sTYPE_MONEY_MATH_OPERATION,Global,No,No,
ExpenseRecovery,A-B Variance - Controllable Expenses,ABVarianceControllableExpensesGross,sTYPE_MONEY_MATH_OPERATION,Global,No,No,
ExpenseRecovery,A-B Variance - Deductions,ABVarianceDeductionsGross,sTYPE_MONEY_MATH_OPERATION,Global,No,No,
ExpenseRecovery,A-B Variance - GLA,ABVarianceGLAGross,sTYPE_MATH_OPERATION,Global,No,No,
ExpenseRecovery,A-B Variance - Net Amount Due (NPT-PP),ABVarianceNetAmountDueGross,sTYPE_MONEY_MATH_OPERATION,Global,No,No,
ExpenseRecovery,A-B Variance - Net Pass-Through (ST2*PRR),ABVarianceNetPassThroughGross,sTYPE_MONEY_MATH_OPERATION,Global,No,No,
ExpenseRecovery,A-B Variance - Non-Controllable Expenses,ABVarianceNonControllableExpensesGross,sTYPE_MONEY_MATH_OPERATION,Global,No,No,
ExpenseRecovery,A-B Variance - Pass-Through (ST1+AF%+AF+A),ABVariancePassThroughGross,sTYPE_MONEY_MATH_OPERATION,Global,No,No,
ExpenseRecovery,A-B Variance - Pre Paid Amount,ABVariancePrePaidAmountGross,sTYPE_MONEY_MATH_OPERATION,Global,No,No,
ExpenseRecovery,A-B Variance - Pro Rata Share Rate,ABVarianceProRataShareRateGross,sTYPE_PERCENT_MATH_OPERATION,Global,No,No,
ExpenseRecovery,A-B Variance - Recoveries,ABVarianceRecoveriesGross,sTYPE_MONEY_MATH_OPERATION,Global,No,No,
ExpenseRecovery,A-B Variance - Rentable Area,ABVarianceRentableAreaGross,sTYPE_MATH_OPERATION,Global,No,No,
ExpenseRecovery,A-B Variance - Sub Total #1 (C+NC-D),ABVarianceSubTotal1Gross,sTYPE_MONEY_MATH_OPERATION,Global,No,No,
ExpenseRecovery,A-B Variance - Sub Total #2 (PT-R),ABVarianceSubTotal2Gross,sTYPE_MONEY_MATH_OPERATION,Global,No,No,
ExpenseRecovery,A-B Variance - Additions,ABVarianceAdditionsNet,sTYPE_MONEY_MATH_OPERATION,Global,No,No,
ExpenseRecovery,A-B Variance - Admin Fee Percentage,ABVarianceAdminFeePercentageNet,sTYPE_PERCENT_MATH_OPERATION,Global,No,No,
ExpenseRecovery,A-B Variance - Admin Fee Percentage Amount,ABVarianceAdminFeePercentageAmountNet,sTYPE_MONEY_MATH_OPERATION,Global,No,No,
ExpenseRecovery,A-B Variance - Administration Fees,ABVarianceAdministrationFeesNet,sTYPE_MONEY_MATH_OPERATION,Global,No,No,
ExpenseRecovery,A-B Variance - Cap Amount,ABVarianceCapAmountNet,sTYPE_MONEY_MATH_OPERATION,Global,No,No,
ExpenseRecovery,A-B Variance - Controllable Expenses,ABVarianceControllableExpensesNet,sTYPE_MONEY_MATH_OPERATION,Global,No,No,
ExpenseRecovery,A-B Variance - Deductions,ABVarianceDeductionsNet,sTYPE_MONEY_MATH_OPERATION,Global,No,No,
ExpenseRecovery,A-B Variance - GLA,ABVarianceGLANet,sTYPE_MATH_OPERATION,Global,No,No,
ExpenseRecovery,A-B Variance - Net Amount Due (NPT-PP),ABVarianceNetAmountDueNet,sTYPE_MONEY_MATH_OPERATION,Global,No,No,
ExpenseRecovery,A-B Variance - Net Pass-Through (ST2*PRR),ABVarianceNetPassThroughNet,sTYPE_MONEY_MATH_OPERATION,Global,No,No,
ExpenseRecovery,A-B Variance - Non-Controllable Expenses,ABVarianceNonControllableExpensesNet,sTYPE_MONEY_MATH_OPERATION,Global,No,No,
ExpenseRecovery,A-B Variance - Pass-Through (ST1+AF%+AF+A),ABVariancePassThroughNet,sTYPE_MONEY_MATH_OPERATION,Global,No,No,
ExpenseRecovery,A-B Variance - Pre Paid Amount,ABVariancePrePaidAmountNet,sTYPE_MONEY_MATH_OPERATION,Global,No,No,
ExpenseRecovery,A-B Variance - Pro Rata Share Rate,ABVarianceProRataShareRateNet,sTYPE_PERCENT_MATH_OPERATION,Global,No,No,
ExpenseRecovery,A-B Variance - Recoveries,ABVarianceRecoveriesNet,sTYPE_MONEY_MATH_OPERATION,Global,No,No,
ExpenseRecovery,A-B Variance - Rentable Area,ABVarianceRentableAreaNet,sTYPE_MATH_OPERATION,Global,No,No,
ExpenseRecovery,A-B Variance - Sub Total #1 (C+NC-D),ABVarianceSubTotal1Net,sTYPE_MONEY_MATH_OPERATION,Global,No,No,
ExpenseRecovery,A-B Variance - Sub Total #2 (PT-R),ABVarianceSubTotal2Net,sTYPE_MONEY_MATH_OPERATION,Global,No,No,
ExpenseRecovery,A-P Variance % - Additions,APVariancePctAdditionsGross,sTYPE_PERCENT_MATH_OPERATION,Global,No,No,
ExpenseRecovery,A-P Variance % - Admin Fee Percentage,APVariancePctAdminFeePercentageGross,sTYPE_PERCENT_MATH_OPERATION,Global,No,No,
ExpenseRecovery,A-P Variance % - Admin Fee Percentage Amount,APVariancePctAdminFeePercentageAmountGross,sTYPE_PERCENT_MATH_OPERATION,Global,No,No,
ExpenseRecovery,A-P Variance % - Administration Fees,APVariancePctAdministrationFeesGross,sTYPE_PERCENT_MATH_OPERATION,Global,No,No,
ExpenseRecovery,A-P Variance % - Cap Amount,APVariancePctCapAmountGross,sTYPE_PERCENT_MATH_OPERATION,Global,No,No,
ExpenseRecovery,A-P Variance % - Controllable Expenses,APVariancePctControllableExpensesGross,sTYPE_PERCENT_MATH_OPERATION,Global,No,No,
ExpenseRecovery,A-P Variance % - Deductions,APVariancePctDeductionsGross,sTYPE_PERCENT_MATH_OPERATION,Global,No,No,
ExpenseRecovery,A-P Variance % - GLA,APVariancePctGLAGross,sTYPE_PERCENT_MATH_OPERATION,Global,No,No,
ExpenseRecovery,A-P Variance % - Net Amount Due (NPT-PP),APVariancePctNetAmountDueGross,sTYPE_PERCENT_MATH_OPERATION,Global,No,No,
ExpenseRecovery,A-P Variance % - Net Pass-Through (ST2*PRR),APVariancePctNetPassThroughGross,sTYPE_PERCENT_MATH_OPERATION,Global,No,No,
ExpenseRecovery,A-P Variance % - Non-Controllable Expenses,APVariancePctNonControllableExpensesGross,sTYPE_PERCENT_MATH_OPERATION,Global,No,No,
ExpenseRecovery,A-P Variance % - Pass-Through (ST1+AF%+AF+A),APVariancePctPassThroughGross,sTYPE_PERCENT_MATH_OPERATION,Global,No,No,
ExpenseRecovery,A-P Variance % - Pre Paid Amount,APVariancePctPrePaidAmountGross,sTYPE_PERCENT_MATH_OPERATION,Global,No,No,
ExpenseRecovery,A-P Variance % - Pro Rata Share Rate,APVariancePctProRataShareRateGross,sTYPE_PERCENT_MATH_OPERATION,Global,No,No,
ExpenseRecovery,A-P Variance % - Recoveries,APVariancePctRecoveriesGross,sTYPE_PERCENT_MATH_OPERATION,Global,No,No,
ExpenseRecovery,A-P Variance % - Rentable Area,APVariancePctRentableAreaGross,sTYPE_PERCENT_MATH_OPERATION,Global,No,No,
ExpenseRecovery,A-P Variance % - Sub Total #1 (C+NC-D),APVariancePctSubTotal1Gross,sTYPE_PERCENT_MATH_OPERATION,Global,No,No,
ExpenseRecovery,A-P Variance % - Sub Total #2 (PT-R),APVariancePctSubTotal2Gross,sTYPE_MONEY_MATH_OPERATION,Global,No,No,
ExpenseRecovery,A-P Variance % - Additions,APVariancePctAdditionsNet,sTYPE_PERCENT_MATH_OPERATION,Global,No,No,
ExpenseRecovery,A-P Variance % - Admin Fee Percentage,APVariancePctAdminFeePercentageNet,sTYPE_PERCENT_MATH_OPERATION,Global,No,No,
ExpenseRecovery,A-P Variance % - Admin Fee Percentage Amount,APVariancePctAdminFeePercentageAmountNet,sTYPE_PERCENT_MATH_OPERATION,Global,No,No,
ExpenseRecovery,A-P Variance % - Administration Fees,APVariancePctAdministrationFeesNet,sTYPE_PERCENT_MATH_OPERATION,Global,No,No,
ExpenseRecovery,A-P Variance % - Cap Amount,APVariancePctCapAmountNet,sTYPE_PERCENT_MATH_OPERATION,Global,No,No,
ExpenseRecovery,A-P Variance % - Controllable Expenses,APVariancePctControllableExpensesNet,sTYPE_PERCENT_MATH_OPERATION,Global,No,No,
ExpenseRecovery,A-P Variance % - Deductions,APVariancePctDeductionsNet,sTYPE_PERCENT_MATH_OPERATION,Global,No,No,
ExpenseRecovery,A-P Variance % - GLA,APVariancePctGLANet,sTYPE_PERCENT_MATH_OPERATION,Global,No,No,
ExpenseRecovery,A-P Variance % - Net Amount Due (NPT-PP),APVariancePctNetAmountDueNet,sTYPE_PERCENT_MATH_OPERATION,Global,No,No,
ExpenseRecovery,A-P Variance % - Net Pass-Through (ST2*PRR),APVariancePctNetPassThroughNet,sTYPE_PERCENT_MATH_OPERATION,Global,No,No,
ExpenseRecovery,A-P Variance % - Non-Controllable Expenses,APVariancePctNonControllableExpensesNet,sTYPE_PERCENT_MATH_OPERATION,Global,No,No,
ExpenseRecovery,A-P Variance % - Pass-Through (ST1+AF%+AF+A),APVariancePctPassThroughNet,sTYPE_PERCENT_MATH_OPERATION,Global,No,No,
ExpenseRecovery,A-P Variance % - Pre Paid Amount,APVariancePctPrePaidAmountNet,sTYPE_PERCENT_MATH_OPERATION,Global,No,No,
ExpenseRecovery,A-P Variance % - Pro Rata Share Rate,APVariancePctProRataShareRateNet,sTYPE_PERCENT_MATH_OPERATION,Global,No,No,
ExpenseRecovery,A-P Variance % - Recoveries,APVariancePctRecoveriesNet,sTYPE_PERCENT_MATH_OPERATION,Global,No,No,
ExpenseRecovery,A-P Variance % - Rentable Area,APVariancePctRentableAreaNet,sTYPE_PERCENT_MATH_OPERATION,Global,No,No,
ExpenseRecovery,A-P Variance % - Sub Total #1 (C+NC-D),APVariancePctSubTotal1Net,sTYPE_PERCENT_MATH_OPERATION,Global,No,No,
ExpenseRecovery,A-P Variance % - Sub Total #2 (PT-R),APVariancePctSubTotal2Net,sTYPE_MONEY_MATH_OPERATION,Global,No,No,
ExpenseRecovery,A-P Variance - Additions,APVarianceAdditionsGross,sTYPE_MONEY_MATH_OPERATION,Global,No,No,
ExpenseRecovery,A-P Variance - Admin Fee Percentage,APVarianceAdminFeePercentageGross,sTYPE_PERCENT_MATH_OPERATION,Global,No,No,
ExpenseRecovery,A-P Variance - Admin Fee Percentage Amount,APVarianceAdminFeePercentageAmountGross,sTYPE_MONEY_MATH_OPERATION,Global,No,No,
ExpenseRecovery,A-P Variance - Administration Fees,APVarianceAdministrationFeesGross,sTYPE_MONEY_MATH_OPERATION,Global,No,No,
ExpenseRecovery,A-P Variance - Cap Amount,APVarianceCapAmountGross,sTYPE_MONEY_MATH_OPERATION,Global,No,No,
ExpenseRecovery,A-P Variance - Controllable Expenses,APVarianceControllableExpensesGross,sTYPE_MONEY_MATH_OPERATION,Global,No,No,
ExpenseRecovery,A-P Variance - Deductions,APVarianceDeductionsGross,sTYPE_MONEY_MATH_OPERATION,Global,No,No,
ExpenseRecovery,A-P Variance - GLA,APVarianceGLAGross,sTYPE_MATH_OPERATION,Global,No,No,
ExpenseRecovery,A-P Variance - Net Amount Due (NPT-PP),APVarianceNetAmountDueGross,sTYPE_MONEY_MATH_OPERATION,Global,No,No,
ExpenseRecovery,A-P Variance - Net Pass-Through (ST2*PRR),APVarianceNetPassThroughGross,sTYPE_MONEY_MATH_OPERATION,Global,No,No,
ExpenseRecovery,A-P Variance - Non-Controllable Expenses,APVarianceNonControllableExpensesGross,sTYPE_MONEY_MATH_OPERATION,Global,No,No,
ExpenseRecovery,A-P Variance - Pass-Through (ST1+AF%+AF+A),APVariancePassThroughGross,sTYPE_MONEY_MATH_OPERATION,Global,No,No,
ExpenseRecovery,A-P Variance - Pre Paid Amount,APVariancePrePaidAmountGross,sTYPE_MONEY_MATH_OPERATION,Global,No,No,
ExpenseRecovery,A-P Variance - Pro Rata Share Rate,APVarianceProRataShareRateGross,sTYPE_PERCENT_MATH_OPERATION,Global,No,No,
ExpenseRecovery,A-P Variance - Recoveries,APVarianceRecoveriesGross,sTYPE_MONEY_MATH_OPERATION,Global,No,No,
ExpenseRecovery,A-P Variance - Rentable Area,APVarianceRentableAreaGross,sTYPE_MATH_OPERATION,Global,No,No,
ExpenseRecovery,A-P Variance - Sub Total #1 (C+NC-D),APVarianceSubTotal1Gross,sTYPE_MONEY_MATH_OPERATION,Global,No,No,
ExpenseRecovery,A-P Variance - Sub Total #2 (PT-R),APVarianceSubTotal2Gross,sTYPE_MONEY_MATH_OPERATION,Global,No,No,
ExpenseRecovery,A-P Variance - Additions,APVarianceAdditionsNet,sTYPE_MONEY_MATH_OPERATION,Global,No,No,
ExpenseRecovery,A-P Variance - Admin Fee Percentage,APVarianceAdminFeePercentageNet,sTYPE_PERCENT_MATH_OPERATION,Global,No,No,
ExpenseRecovery,A-P Variance - Admin Fee Percentage Amount,APVarianceAdminFeePercentageAmountNet,sTYPE_MONEY_MATH_OPERATION,Global,No,No,
ExpenseRecovery,A-P Variance - Administration Fees,APVarianceAdministrationFeesNet,sTYPE_MONEY_MATH_OPERATION,Global,No,No,
ExpenseRecovery,A-P Variance - Cap Amount,APVarianceCapAmountNet,sTYPE_MONEY_MATH_OPERATION,Global,No,No,
ExpenseRecovery,A-P Variance - Controllable Expenses,APVarianceControllableExpensesNet,sTYPE_MONEY_MATH_OPERATION,Global,No,No,
ExpenseRecovery,A-P Variance - Deductions,APVarianceDeductionsNet,sTYPE_MONEY_MATH_OPERATION,Global,No,No,
ExpenseRecovery,A-P Variance - GLA,APVarianceGLANet,sTYPE_MATH_OPERATION,Global,No,No,
ExpenseRecovery,A-P Variance - Net Amount Due (NPT-PP),APVarianceNetAmountDueNet,sTYPE_MONEY_MATH_OPERATION,Global,No,No,
ExpenseRecovery,A-P Variance - Net Pass-Through (ST2*PRR),APVarianceNetPassThroughNet,sTYPE_MONEY_MATH_OPERATION,Global,No,No,
ExpenseRecovery,A-P Variance - Non-Controllable Expenses,APVarianceNonControllableExpensesNet,sTYPE_MONEY_MATH_OPERATION,Global,No,No,
ExpenseRecovery,A-P Variance - Pass-Through (ST1+AF%+AF+A),APVariancePassThroughNet,sTYPE_MONEY_MATH_OPERATION,Global,No,No,
ExpenseRecovery,A-P Variance - Pre Paid Amount,APVariancePrePaidAmountNet,sTYPE_MONEY_MATH_OPERATION,Global,No,No,
ExpenseRecovery,A-P Variance - Pro Rata Share Rate,APVarianceProRataShareRateNet,sTYPE_PERCENT_MATH_OPERATION,Global,No,No,
ExpenseRecovery,A-P Variance - Recoveries,APVarianceRecoveriesNet,sTYPE_MONEY_MATH_OPERATION,Global,No,No,
ExpenseRecovery,A-P Variance - Rentable Area,APVarianceRentableAreaNet,sTYPE_MATH_OPERATION,Global,No,No,
ExpenseRecovery,A-P Variance - Sub Total #1 (C+NC-D),APVarianceSubTotal1Net,sTYPE_MONEY_MATH_OPERATION,Global,No,No,
ExpenseRecovery,A-P Variance - Sub Total #2 (PT-R),APVarianceSubTotal2Net,sTYPE_MONEY_MATH_OPERATION,Global,No,No,
ExpenseRecovery,Budgeted Additions,BudgetedAdditionsGross,sTYPE_MONEY,Global,No,No,
ExpenseRecovery,Budgeted Admin Fee Percentage Amount,BudgetedAdminFeePercentageAmountGross,sTYPE_MONEY_MATH_OPERATION,Global,No,No,
ExpenseRecovery,Budgeted Administration Fees,BudgetedAdministrationFeesGross,sTYPE_MONEY,Global,No,No,
ExpenseRecovery,Budgeted Controllable Expenses,BudgetedControllableExpensesGross,sTYPE_MONEY,Global,No,No,
ExpenseRecovery,Budgeted Deductions,BudgetedDeductionsGross,sTYPE_MONEY,Global,No,No,
ExpenseRecovery,Budgeted Net Amount Due (NPT-PP),BudgetedNetAmountDueGross,sTYPE_MONEY_MATH_OPERATION,Global,No,No,
ExpenseRecovery,Budgeted Net Pass-Through (ST2*PRR),BudgetedNetPassThroughGross,sTYPE_MONEY_MATH_OPERATION,Global,No,No,
ExpenseRecovery,Budgeted Non-Controllable Expenses,BudgetedNonControllableExpensesGross,sTYPE_MONEY,Global,No,No,
ExpenseRecovery,Budgeted Pass-Through (ST1+AF%+AF+A),BudgetedPassThroughGross,sTYPE_MONEY_MATH_OPERATION,Global,No,No,
ExpenseRecovery,Budgeted Recoveries,BudgetedRecoveriesGross,sTYPE_MONEY,Global,No,No,
ExpenseRecovery,Budgeted Sub Total #1 (C+NC-D),BudgetedSubTotal1Gross,sTYPE_MONEY_MATH_OPERATION,Global,No,No,
ExpenseRecovery,Budgeted Sub Total #2 (PT-R),BudgetedSubTotal2Gross,sTYPE_MONEY_MATH_OPERATION,Global,No,No,
ExpenseRecovery,Budgeted Admin Fee Percentage,BudgetedAdminFeePercentage,sTYPE_PERCENTAGE,Global,No,No,
ExpenseRecovery,Budgeted Cap Amount,BudgetedCapAmountNoZeroDef,sTYPE_MONEY,Global,No,No,
ExpenseRecovery,Budgeted GLA,BudgetedGLA,sTYPE_AREA,Global,No,No,
ExpenseRecovery,Budgeted Pre Paid Amount,BudgetedPrePaidAmount,sTYPE_MONEY,Global,No,No,
ExpenseRecovery,Budgeted Pro Rata Share Rate,BudgetedProRataShareRate,sTYPE_PERCENTAGE,Global,No,No,
ExpenseRecovery,Budgeted Rentable Area,BudgetedRentableArea,sTYPE_AREA,Global,No,No,
ExpenseRecovery,Budgeted Additions,BudgetedAdditionsNet,sTYPE_MONEY,Global,No,No,
ExpenseRecovery,Budgeted Admin Fee Percentage Amount,BudgetedAdminFeePercentageAmountNet,sTYPE_MONEY_MATH_OPERATION,Global,No,No,
ExpenseRecovery,Budgeted Administration Fees,BudgetedAdministrationFeesNet,sTYPE_MONEY,Global,No,No,
ExpenseRecovery,Budgeted Controllable Expenses,BudgetedControllableExpensesNet,sTYPE_MONEY,Global,No,No,
ExpenseRecovery,Budgeted Deductions,BudgetedDeductionsNet,sTYPE_MONEY,Global,No,No,
ExpenseRecovery,Budgeted Net Amount Due (NPT-PP),BudgetedNetAmountDueNet,sTYPE_MONEY_MATH_OPERATION,Global,No,No,
ExpenseRecovery,Budgeted Net Pass-Through (ST2*PRR),BudgetedNetPassThroughNet,sTYPE_MONEY_MATH_OPERATION,Global,No,No,
ExpenseRecovery,Budgeted Non-Controllable Expenses,BudgetedNonControllableExpensesNet,sTYPE_MONEY,Global,No,No,
ExpenseRecovery,Budgeted Pass-Through (ST1+AF%+AF+A),BudgetedPassThroughNet,sTYPE_MONEY_MATH_OPERATION,Global,No,No,
ExpenseRecovery,Budgeted Recoveries,BudgetedRecoveriesNet,sTYPE_MONEY,Global,No,No,
ExpenseRecovery,Budgeted Sub Total #1 (C+NC-D),BudgetedSubTotal1Net,sTYPE_MONEY_MATH_OPERATION,Global,No,No,
ExpenseRecovery,Budgeted Sub Total #2 (PT-R),BudgetedSubTotal2Net,sTYPE_MONEY_MATH_OPERATION,Global,No,No,
ExpenseRecovery,B-P Variance % - Additions,BPVariancePctAdditionsGross,sTYPE_PERCENT_MATH_OPERATION,Global,No,No,
ExpenseRecovery,B-P Variance % - Admin Fee Percentage Amount,BPVariancePctAdminFeePercentageAmountGross,sTYPE_PERCENT_MATH_OPERATION,Global,No,No,
ExpenseRecovery,B-P Variance % - Administration Fees,BPVariancePctAdministrationFeesGross,sTYPE_PERCENT_MATH_OPERATION,Global,No,No,
ExpenseRecovery,B-P Variance % - Cap Amount,BPVariancePctCapAmountGross,sTYPE_PERCENT_MATH_OPERATION,Global,No,No,
ExpenseRecovery,B-P Variance % - Controllable Expenses,BPVariancePctControllableExpensesGross,sTYPE_PERCENT_MATH_OPERATION,Global,No,No,
ExpenseRecovery,B-P Variance % - Deductions,BPVariancePctDeductionsGross,sTYPE_PERCENT_MATH_OPERATION,Global,No,No,
ExpenseRecovery,B-P Variance % - GLA,BPVariancePctGLAGross,sTYPE_PERCENT_MATH_OPERATION,Global,No,No,
ExpenseRecovery,B-P Variance % - Net Amount Due (NPT-PP),BPVariancePctNetAmountDueGross,sTYPE_PERCENT_MATH_OPERATION,Global,No,No,
ExpenseRecovery,B-P Variance % - Net Pass-Through (ST2*PRR),BPVariancePctNetPassThroughGross,sTYPE_PERCENT_MATH_OPERATION,Global,No,No,
ExpenseRecovery,B-P Variance % - Non-Controllable Expenses,BPVariancePctNonControllableExpensesGross,sTYPE_PERCENT_MATH_OPERATION,Global,No,No,
ExpenseRecovery,B-P Variance % - Pass-Through (ST1+AF%+AF+A),BPVariancePctPassThroughGross,sTYPE_PERCENT_MATH_OPERATION,Global,No,No,
ExpenseRecovery,B-P Variance % - Pre Paid Amount,BPVariancePctPrePaidAmountGross,sTYPE_PERCENT_MATH_OPERATION,Global,No,No,
ExpenseRecovery,B-P Variance % - Pro Rata Share Rate,BPVariancePctProRataShareRateGross,sTYPE_PERCENT_MATH_OPERATION,Global,No,No,
ExpenseRecovery,B-P Variance % - Recoveries,BPVariancePctRecoveriesGross,sTYPE_PERCENT_MATH_OPERATION,Global,No,No,
ExpenseRecovery,B-P Variance % - Rentable Area,BPVariancePctRentableAreaGross,sTYPE_PERCENT_MATH_OPERATION,Global,No,No,
ExpenseRecovery,B-P Variance % - Sub Total #1 (C+NC-D),BPVariancePctSubTotal1Gross,sTYPE_PERCENT_MATH_OPERATION,Global,No,No,
ExpenseRecovery,B-P Variance % - Sub Total #2 (PT-R),BPVariancePctSubTotal2Gross,sTYPE_PERCENT_MATH_OPERATION,Global,No,No,
ExpenseRecovery,B-P Variance% - Admin Fee Percentage,BPVariancePctAdminFeePercentageGross,sTYPE_PERCENT_MATH_OPERATION,Global,No,No,
ExpenseRecovery,B-P Variance % - Additions,BPVariancePctAdditionsNet,sTYPE_PERCENT_MATH_OPERATION,Global,No,No,
ExpenseRecovery,B-P Variance % - Admin Fee Percentage Amount,BPVariancePctAdminFeePercentageAmountNet,sTYPE_PERCENT_MATH_OPERATION,Global,No,No,
ExpenseRecovery,B-P Variance % - Administration Fees,BPVariancePctAdministrationFeesNet,sTYPE_PERCENT_MATH_OPERATION,Global,No,No,
ExpenseRecovery,B-P Variance % - Cap Amount,BPVariancePctCapAmountNet,sTYPE_PERCENT_MATH_OPERATION,Global,No,No,
ExpenseRecovery,B-P Variance % - Controllable Expenses,BPVariancePctControllableExpensesNet,sTYPE_PERCENT_MATH_OPERATION,Global,No,No,
ExpenseRecovery,B-P Variance % - Deductions,BPVariancePctDeductionsNet,sTYPE_PERCENT_MATH_OPERATION,Global,No,No,
ExpenseRecovery,B-P Variance % - GLA,BPVariancePctGLANet,sTYPE_PERCENT_MATH_OPERATION,Global,No,No,
ExpenseRecovery,B-P Variance % - Net Amount Due (NPT-PP),BPVariancePctNetAmountDueNet,sTYPE_PERCENT_MATH_OPERATION,Global,No,No,
ExpenseRecovery,B-P Variance % - Net Pass-Through (ST2*PRR),BPVariancePctNetPassThroughNet,sTYPE_PERCENT_MATH_OPERATION,Global,No,No,
ExpenseRecovery,B-P Variance % - Non-Controllable Expenses,BPVariancePctNonControllableExpensesNet,sTYPE_PERCENT_MATH_OPERATION,Global,No,No,
ExpenseRecovery,B-P Variance % - Pass-Through (ST1+AF%+AF+A),BPVariancePctPassThroughNet,sTYPE_PERCENT_MATH_OPERATION,Global,No,No,
ExpenseRecovery,B-P Variance % - Pre Paid Amount,BPVariancePctPrePaidAmountNet,sTYPE_PERCENT_MATH_OPERATION,Global,No,No,
ExpenseRecovery,B-P Variance % - Pro Rata Share Rate,BPVariancePctProRataShareRateNet,sTYPE_PERCENT_MATH_OPERATION,Global,No,No,
ExpenseRecovery,B-P Variance % - Recoveries,BPVariancePctRecoveriesNet,sTYPE_PERCENT_MATH_OPERATION,Global,No,No,
ExpenseRecovery,B-P Variance % - Rentable Area,BPVariancePctRentableAreaNet,sTYPE_PERCENT_MATH_OPERATION,Global,No,No,
ExpenseRecovery,B-P Variance % - Sub Total #1 (C+NC-D),BPVariancePctSubTotal1Net,sTYPE_PERCENT_MATH_OPERATION,Global,No,No,
ExpenseRecovery,B-P Variance % - Sub Total #2 (PT-R),BPVariancePctSubTotal2Net,sTYPE_PERCENT_MATH_OPERATION,Global,No,No,
ExpenseRecovery,B-P Variance% - Admin Fee Percentage,BPVariancePctAdminFeePercentageNet,sTYPE_PERCENT_MATH_OPERATION,Global,No,No,
ExpenseRecovery,B-P Variance - Additions,BPVarianceAdditionsGross,sTYPE_MONEY_MATH_OPERATION,Global,No,No,
ExpenseRecovery,B-P Variance - Admin Fee Percentage,BPVarianceAdminFeePercentageGross,sTYPE_PERCENT_MATH_OPERATION,Global,No,No,
ExpenseRecovery,B-P Variance - Admin Fee Percentage Amount,BPVarianceAdminFeePercentageAmountGross,sTYPE_MONEY_MATH_OPERATION,Global,No,No,
ExpenseRecovery,B-P Variance - Administration Fees,BPVarianceAdministrationFeesGross,sTYPE_MONEY_MATH_OPERATION,Global,No,No,
ExpenseRecovery,B-P Variance - Cap Amount,BPVarianceCapAmountGross,sTYPE_MONEY_MATH_OPERATION,Global,No,No,
ExpenseRecovery,B-P Variance - Controllable Expenses,BPVarianceControllableExpensesGross,sTYPE_MONEY_MATH_OPERATION,Global,No,No,
ExpenseRecovery,B-P Variance - Deductions,BPVarianceDeductionsGross,sTYPE_MONEY_MATH_OPERATION,Global,No,No,
ExpenseRecovery,B-P Variance - GLA,BPVarianceGLAGross,sTYPE_MATH_OPERATION,Global,No,No,
ExpenseRecovery,B-P Variance - Net Amount Due (NPT-PP),BPVarianceNetAmountDueGross,sTYPE_MONEY_MATH_OPERATION,Global,No,No,
ExpenseRecovery,B-P Variance - Net Pass-Through (ST2*PRR),BPVarianceNetPassThroughGross,sTYPE_MONEY_MATH_OPERATION,Global,No,No,
ExpenseRecovery,B-P Variance - Non-Controllable Expenses,BPVarianceNonControllableExpensesGross,sTYPE_MONEY_MATH_OPERATION,Global,No,No,
ExpenseRecovery,B-P Variance - Pass-Through (ST1+AF%+AF+A),BPVariancePassThroughGross,sTYPE_MONEY_MATH_OPERATION,Global,No,No,
ExpenseRecovery,B-P Variance - Pre Paid Amount,BPVariancePrePaidAmountGross,sTYPE_MONEY_MATH_OPERATION,Global,No,No,
ExpenseRecovery,B-P Variance - Pro Rata Share Rate,BPVarianceProRataShareRateGross,sTYPE_PERCENT_MATH_OPERATION,Global,No,No,
ExpenseRecovery,B-P Variance - Recoveries,BPVarianceRecoveriesGross,sTYPE_MONEY_MATH_OPERATION,Global,No,No,
ExpenseRecovery,B-P Variance - Rentable Area,BPVarianceRentableAreaGross,sTYPE_MATH_OPERATION,Global,No,No,
ExpenseRecovery,B-P Variance - Sub Total #1 (C+NC-D),BPVarianceSubTotal1Gross,sTYPE_MONEY_MATH_OPERATION,Global,No,No,
ExpenseRecovery,B-P Variance - Sub Total #2 (PT-R),BPVarianceSubTotal2Gross,sTYPE_MONEY_MATH_OPERATION,Global,No,No,
ExpenseRecovery,B-P Variance - Additions,BPVarianceAdditionsNet,sTYPE_MONEY_MATH_OPERATION,Global,No,No,
ExpenseRecovery,B-P Variance - Admin Fee Percentage,BPVarianceAdminFeePercentageNet,sTYPE_PERCENT_MATH_OPERATION,Global,No,No,
ExpenseRecovery,B-P Variance - Admin Fee Percentage Amount,BPVarianceAdminFeePercentageAmountNet,sTYPE_MONEY_MATH_OPERATION,Global,No,No,
ExpenseRecovery,B-P Variance - Administration Fees,BPVarianceAdministrationFeesNet,sTYPE_MONEY_MATH_OPERATION,Global,No,No,
ExpenseRecovery,B-P Variance - Cap Amount,BPVarianceCapAmountNet,sTYPE_MONEY_MATH_OPERATION,Global,No,No,
ExpenseRecovery,B-P Variance - Controllable Expenses,BPVarianceControllableExpensesNet,sTYPE_MONEY_MATH_OPERATION,Global,No,No,
ExpenseRecovery,B-P Variance - Deductions,BPVarianceDeductionsNet,sTYPE_MONEY_MATH_OPERATION,Global,No,No,
ExpenseRecovery,B-P Variance - GLA,BPVarianceGLANet,sTYPE_MATH_OPERATION,Global,No,No,
ExpenseRecovery,B-P Variance - Net Amount Due (NPT-PP),BPVarianceNetAmountDueNet,sTYPE_MONEY_MATH_OPERATION,Global,No,No,
ExpenseRecovery,B-P Variance - Net Pass-Through (ST2*PRR),BPVarianceNetPassThroughNet,sTYPE_MONEY_MATH_OPERATION,Global,No,No,
ExpenseRecovery,B-P Variance - Non-Controllable Expenses,BPVarianceNonControllableExpensesNet,sTYPE_MONEY_MATH_OPERATION,Global,No,No,
ExpenseRecovery,B-P Variance - Pass-Through (ST1+AF%+AF+A),BPVariancePassThroughNet,sTYPE_MONEY_MATH_OPERATION,Global,No,No,
ExpenseRecovery,B-P Variance - Pre Paid Amount,BPVariancePrePaidAmountNet,sTYPE_MONEY_MATH_OPERATION,Global,No,No,
ExpenseRecovery,B-P Variance - Pro Rata Share Rate,BPVarianceProRataShareRateNet,sTYPE_PERCENT_MATH_OPERATION,Global,No,No,
ExpenseRecovery,B-P Variance - Recoveries,BPVarianceRecoveriesNet,sTYPE_MONEY_MATH_OPERATION,Global,No,No,
ExpenseRecovery,B-P Variance - Rentable Area,BPVarianceRentableAreaNet,sTYPE_MATH_OPERATION,Global,No,No,
ExpenseRecovery,B-P Variance - Sub Total #1 (C+NC-D),BPVarianceSubTotal1Net,sTYPE_MONEY_MATH_OPERATION,Global,No,No,
ExpenseRecovery,B-P Variance - Sub Total #2 (PT-R),BPVarianceSubTotal2Net,sTYPE_MONEY_MATH_OPERATION,Global,No,No,
ExpenseRecovery,Prior Approved Additions,PriorApprovedAdditionsGross,sTYPE_MONEY,Global,No,No,
ExpenseRecovery,Prior Approved Admin Fee Percentage,PriorApprovedAdminFeePercentageGross,sTYPE_PERCENTAGE,Global,No,No,
ExpenseRecovery,Prior Approved Admin Fee Percentage Amount,PriorApprovedAdminFeePercentageAmountGrossNoZeroDef,sTYPE_MONEY_MATH_OPERATION,Global,No,No,
ExpenseRecovery,Prior Approved Administration Fees,PriorApprovedAdministrationFeesGross,sTYPE_MONEY,Global,No,No,
ExpenseRecovery,Prior Approved Cap Amount,PriorApprovedCapAmountGrossNoZeroDef,sTYPE_MONEY,Global,No,No,
ExpenseRecovery,Prior Approved Controllable Expenses,PriorApprovedControllableExpensesGross,sTYPE_MONEY,Global,No,No,
ExpenseRecovery,Prior Approved Deductions,PriorApprovedDeductionsGross,sTYPE_MONEY,Global,No,No,
ExpenseRecovery,Prior Approved GLA,PriorApprovedGLAGross,sTYPE_AREA,Global,No,No,
ExpenseRecovery,Prior Approved Net Amount Due (NPT-PP),PriorApprovedNetAmountDueGrossNoZeroDef,sTYPE_MONEY_MATH_OPERATION,Global,No,No,
ExpenseRecovery,Prior Approved Net Pass-Through (ST2*PRR),PriorApprovedNetPassThroughGrossNoZeroDef,sTYPE_MONEY_MATH_OPERATION,Global,No,No,
ExpenseRecovery,Prior Approved Net Pass-Through (ST2*PRR) Duplicate,PriorApprovedNetPassThroughCOREFirmOnlyGrossNoZeroDef,sTYPE_MONEY_MATH_OPERATION,Global,No,No,
ExpenseRecovery,Prior Approved Non-Controllable Expenses,PriorApprovedNonControllableExpensesGross,sTYPE_MONEY,Global,No,No,
ExpenseRecovery,Prior Approved Pass-Through (ST1+AF%+AF+A),PriorApprovedPassThroughGrossNoZeroDef,sTYPE_MONEY_MATH_OPERATION,Global,No,No,
ExpenseRecovery,Prior Approved Pre Paid Amount,PriorApprovedPrePaidAmountGross,sTYPE_MONEY,Global,No,No,
ExpenseRecovery,Prior Approved Pro Rata Share Rate,PriorApprovedProRataShareRateGross,sTYPE_PERCENTAGE,Global,No,No,
ExpenseRecovery,Prior Approved Recoveries,PriorApprovedRecoveriesGross,sTYPE_MONEY,Global,No,No,
ExpenseRecovery,Prior Approved Rentable Area,PriorApprovedRentableAreaGross,sTYPE_AREA,Global,No,No,
ExpenseRecovery,Prior Approved Sub Total #1 (C+NC-D),PriorApprovedSubTotal1GrossNoZeroDef,sTYPE_MONEY_MATH_OPERATION,Global,No,No,
ExpenseRecovery,Prior Approved Sub Total #2 (PT-R),PriorApprovedSubTotal2GrossNoZeroDef,sTYPE_MONEY_MATH_OPERATION,Global,No,No,
ExpenseRecovery,Prior Approved Additions,PriorApprovedAdditionsNet,sTYPE_MONEY,Global,No,No,
ExpenseRecovery,Prior Approved Admin Fee Percentage,PriorApprovedAdminFeePercentageNet,sTYPE_PERCENTAGE,Global,No,No,
ExpenseRecovery,Prior Approved Admin Fee Percentage Amount,PriorApprovedAdminFeePercentageAmountNetNoZeroDef,sTYPE_MONEY_MATH_OPERATION,Global,No,No,
ExpenseRecovery,Prior Approved Administration Fees,PriorApprovedAdministrationFeesNet,sTYPE_MONEY,Global,No,No,
ExpenseRecovery,Prior Approved Cap Amount,PriorApprovedCapAmountNetNoZeroDef,sTYPE_MONEY,Global,No,No,
ExpenseRecovery,Prior Approved Controllable Expenses,PriorApprovedControllableExpensesNet,sTYPE_MONEY,Global,No,No,
ExpenseRecovery,Prior Approved Deductions,PriorApprovedDeductionsNet,sTYPE_MONEY,Global,No,No,
ExpenseRecovery,Prior Approved GLA,PriorApprovedGLANet,sTYPE_AREA,Global,No,No,
ExpenseRecovery,Prior Approved Net Amount Due (NPT-PP),PriorApprovedNetAmountDueNetNoZeroDef,sTYPE_MONEY_MATH_OPERATION,Global,No,No,
ExpenseRecovery,Prior Approved Net Pass-Through (ST2*PRR),PriorApprovedNetPassThroughNetNoZeroDef,sTYPE_MONEY_MATH_OPERATION,Global,No,No,
ExpenseRecovery,Prior Approved Net Pass-Through (ST2*PRR) Duplicate,PriorApprovedNetPassThroughCOREFirmOnlyNetNoZeroDef,sTYPE_MONEY_MATH_OPERATION,Global,No,No,
ExpenseRecovery,Prior Approved Non-Controllable Expenses,PriorApprovedNonControllableExpensesNet,sTYPE_MONEY,Global,No,No,
ExpenseRecovery,Prior Approved Pass-Through (ST1+AF%+AF+A),PriorApprovedPassThroughNetNoZeroDef,sTYPE_MONEY_MATH_OPERATION,Global,No,No,
ExpenseRecovery,Prior Approved Pre Paid Amount,PriorApprovedPrePaidAmountNet,sTYPE_MONEY,Global,No,No,
ExpenseRecovery,Prior Approved Pro Rata Share Rate,PriorApprovedProRataShareRateNet,sTYPE_PERCENTAGE,Global,No,No,
ExpenseRecovery,Prior Approved Recoveries,PriorApprovedRecoveriesNet,sTYPE_MONEY,Global,No,No,
ExpenseRecovery,Prior Approved Rentable Area,PriorApprovedRentableAreaNet,sTYPE_AREA,Global,No,No,
ExpenseRecovery,Prior Approved Sub Total #1 (C+NC-D),PriorApprovedSubTotal1NetNoZeroDef,sTYPE_MONEY_MATH_OPERATION,Global,No,No,
ExpenseRecovery,Prior Approved Sub Total #2 (PT-R),PriorApprovedSubTotal2NetNoZeroDef,sTYPE_MONEY_MATH_OPERATION,Global,No,No,
ExpenseRecovery,Prior Budgeted Additions,PriorBudgetedAdditionsGross,sTYPE_MONEY,Global,No,No,
ExpenseRecovery,Prior Budgeted Admin Fee Percentage,PriorBudgetedAdminFeePercentageGross,sTYPE_PERCENTAGE,Global,No,No,
ExpenseRecovery,Prior Budgeted Admin Fee Percentage Amount,PriorBudgetedAdminFeePercentageAmountGrossNoZeroDef,sTYPE_MONEY_MATH_OPERATION,Global,No,No,
ExpenseRecovery,Prior Budgeted Administration Fees,PriorBudgetedAdministrationFeesGross,sTYPE_MONEY,Global,No,No,
ExpenseRecovery,Prior Budgeted Cap Amount,PriorBudgetedCapAmountGrossNoZeroDef,sTYPE_MONEY,Global,No,No,
ExpenseRecovery,Prior Budgeted Controllable Expenses,PriorBudgetedControllableExpensesGross,sTYPE_MONEY,Global,No,No,
ExpenseRecovery,Prior Budgeted Deductions,PriorBudgetedDeductionsGross,sTYPE_MONEY,Global,No,No,
ExpenseRecovery,Prior Budgeted GLA,PriorBudgetedGLAGross,sTYPE_AREA,Global,No,No,
ExpenseRecovery,Prior Budgeted Net Amount Due (NPT-PP),PriorBudgetedNetAmountDueGrossNoZeroDef,sTYPE_MONEY_MATH_OPERATION,Global,No,No,
ExpenseRecovery,Prior Budgeted Net Pass-Through (ST2*PRR),PriorBudgetedNetPassThroughGrossNoZeroDef,sTYPE_MONEY_MATH_OPERATION,Global,No,No,
ExpenseRecovery,Prior Budgeted Net Pass-Through (ST2*PRR) Duplicate,PriorBudgetedNetPassThroughCOREFirmOnlyGrossNoZeroDef,sTYPE_MONEY_MATH_OPERATION,Global,No,No,
ExpenseRecovery,Prior Budgeted Non-Controllable Expenses,PriorBudgetedNonControllableExpensesGross,sTYPE_MONEY,Global,No,No,
ExpenseRecovery,Prior Budgeted Pass-Through (ST1+AF%+AF+A),PriorBudgetedPassThroughGrossNoZeroDef,sTYPE_MONEY_MATH_OPERATION,Global,No,No,
ExpenseRecovery,Prior Budgeted Pre Paid Amount,PriorBudgetedPrePaidAmountGross,sTYPE_MONEY,Global,No,No,
ExpenseRecovery,Prior Budgeted Pro Rata Share Rate,PriorBudgetedProRataShareRateGross,sTYPE_PERCENTAGE,Global,No,No,
ExpenseRecovery,Prior Budgeted Recoveries,PriorBudgetedRecoveriesGross,sTYPE_MONEY,Global,No,No,
ExpenseRecovery,Prior Budgeted Rentable Area,PriorBudgetedRentableAreaGross,sTYPE_AREA,Global,No,No,
ExpenseRecovery,Prior Budgeted Sub Total #1 (C+NC-D),PriorBudgetedSubTotal1GrossNoZeroDef,sTYPE_MONEY_MATH_OPERATION,Global,No,No,
ExpenseRecovery,Prior Budgeted Sub Total #2 (PT-R),PriorBudgetedSubTotal2GrossNoZeroDef,sTYPE_MONEY_MATH_OPERATION,Global,No,No,
ExpenseRecovery,Prior Budgeted Additions,PriorBudgetedAdditionsNet,sTYPE_MONEY,Global,No,No,
ExpenseRecovery,Prior Budgeted Admin Fee Percentage,PriorBudgetedAdminFeePercentageNet,sTYPE_PERCENTAGE,Global,No,No,
ExpenseRecovery,Prior Budgeted Admin Fee Percentage Amount,PriorBudgetedAdminFeePercentageAmountNetNoZeroDef,sTYPE_MONEY_MATH_OPERATION,Global,No,No,
ExpenseRecovery,Prior Budgeted Administration Fees,PriorBudgetedAdministrationFeesNet,sTYPE_MONEY,Global,No,No,
ExpenseRecovery,Prior Budgeted Cap Amount,PriorBudgetedCapAmountNetNoZeroDef,sTYPE_MONEY,Global,No,No,
ExpenseRecovery,Prior Budgeted Controllable Expenses,PriorBudgetedControllableExpensesNet,sTYPE_MONEY,Global,No,No,
ExpenseRecovery,Prior Budgeted Deductions,PriorBudgetedDeductionsNet,sTYPE_MONEY,Global,No,No,
ExpenseRecovery,Prior Budgeted GLA,PriorBudgetedGLANet,sTYPE_AREA,Global,No,No,
ExpenseRecovery,Prior Budgeted Net Amount Due (NPT-PP),PriorBudgetedNetAmountDueNetNoZeroDef,sTYPE_MONEY_MATH_OPERATION,Global,No,No,
ExpenseRecovery,Prior Budgeted Net Pass-Through (ST2*PRR),PriorBudgetedNetPassThroughNetNoZeroDef,sTYPE_MONEY_MATH_OPERATION,Global,No,No,
ExpenseRecovery,Prior Budgeted Net Pass-Through (ST2*PRR) Duplicate,PriorBudgetedNetPassThroughCOREFirmOnlyNetNoZeroDef,sTYPE_MONEY_MATH_OPERATION,Global,No,No,
ExpenseRecovery,Prior Budgeted Non-Controllable Expenses,PriorBudgetedNonControllableExpensesNet,sTYPE_MONEY,Global,No,No,
ExpenseRecovery,Prior Budgeted Pass-Through (ST1+AF%+AF+A),PriorBudgetedPassThroughNetNoZeroDef,sTYPE_MONEY_MATH_OPERATION,Global,No,No,
ExpenseRecovery,Prior Budgeted Pre Paid Amount,PriorBudgetedPrePaidAmountNet,sTYPE_MONEY,Global,No,No,
ExpenseRecovery,Prior Budgeted Pro Rata Share Rate,PriorBudgetedProRataShareRateNet,sTYPE_PERCENTAGE,Global,No,No,
ExpenseRecovery,Prior Budgeted Recoveries,PriorBudgetedRecoveriesNet,sTYPE_MONEY,Global,No,No,
ExpenseRecovery,Prior Budgeted Rentable Area,PriorBudgetedRentableAreaNet,sTYPE_AREA,Global,No,No,
ExpenseRecovery,Prior Budgeted Sub Total #1 (C+NC-D),PriorBudgetedSubTotal1NetNoZeroDef,sTYPE_MONEY_MATH_OPERATION,Global,No,No,
ExpenseRecovery,Prior Budgeted Sub Total #2 (PT-R),PriorBudgetedSubTotal2NetNoZeroDef,sTYPE_MONEY_MATH_OPERATION,Global,No,No,
ExpenseRecovery,Prior Reported Additions,PriorReportedAdditionsGross,sTYPE_MONEY,Global,No,No,
ExpenseRecovery,Prior Reported Admin Fee Percentage,PriorReportedAdminFeePercentageGross,sTYPE_PERCENTAGE,Global,No,No,
ExpenseRecovery,Prior Reported Admin Fee Percentage Amount,PriorReportedAdminFeePercentageAmountGrossNoZeroDef,sTYPE_MONEY_MATH_OPERATION,Global,No,No,
ExpenseRecovery,Prior Reported Administration Fees,PriorReportedAdministrationFeesGross,sTYPE_MONEY,Global,No,No,
ExpenseRecovery,Prior Reported Cap Amount,PriorReportedCapAmountGrossNoZeroDef,sTYPE_MONEY,Global,No,No,
ExpenseRecovery,Prior Reported Controllable Expenses,PriorReportedControllableExpensesGross,sTYPE_MONEY,Global,No,No,
ExpenseRecovery,Prior Reported Deductions,PriorReportedDeductionsGross,sTYPE_MONEY,Global,No,No,
ExpenseRecovery,Prior Reported GLA,PriorReportedGLAGross,sTYPE_AREA,Global,No,No,
ExpenseRecovery,Prior Reported Net Amount Due (NPT-PP),PriorReportedNetAmountDueGrossNoZeroDef,sTYPE_MONEY_MATH_OPERATION,Global,No,No,
ExpenseRecovery,Prior Reported Net Pass-Through (ST2*PRR),PriorReportedNetPassThroughGrossNoZeroDef,sTYPE_MONEY_MATH_OPERATION,Global,No,No,
ExpenseRecovery,Prior Reported Net Pass-Through (ST2*PRR) Duplicate,PriorReportedNetPassThroughCOREFirmOnlyGrossNoZeroDef,sTYPE_MONEY_MATH_OPERATION,Global,No,No,
ExpenseRecovery,Prior Reported Non-Controllable Expenses,PriorReportedNonControllableExpensesGross,sTYPE_MONEY,Global,No,No,
ExpenseRecovery,Prior Reported Pass-Through (ST1+AF%+AF+A),PriorReportedPassThroughGrossNoZeroDef,sTYPE_MONEY_MATH_OPERATION,Global,No,No,
ExpenseRecovery,Prior Reported Pre Paid Amount,PriorReportedPrePaidAmountGross,sTYPE_MONEY,Global,No,No,
ExpenseRecovery,Prior Reported Pro Rata Share Rate,PriorReportedProRataShareRateGross,sTYPE_PERCENTAGE,Global,No,No,
ExpenseRecovery,Prior Reported Recoveries,PriorReportedRecoveriesGross,sTYPE_MONEY,Global,No,No,
ExpenseRecovery,Prior Reported Rentable Area,PriorReportedRentableAreaGross,sTYPE_AREA,Global,No,No,
ExpenseRecovery,Prior Reported Sub Total #1 (C+NC-D),PriorReportedSubTotal1GrossNoZeroDef,sTYPE_MONEY_MATH_OPERATION,Global,No,No,
ExpenseRecovery,Prior Reported Sub Total #2 (PT-R),PriorReportedSubTotal2GrossNoZeroDef,sTYPE_MONEY_MATH_OPERATION,Global,No,No,
ExpenseRecovery,Prior Reported Additions,PriorReportedAdditionsNet,sTYPE_MONEY,Global,No,No,
ExpenseRecovery,Prior Reported Admin Fee Percentage,PriorReportedAdminFeePercentageNet,sTYPE_PERCENTAGE,Global,No,No,
ExpenseRecovery,Prior Reported Admin Fee Percentage Amount,PriorReportedAdminFeePercentageAmountNetNoZeroDef,sTYPE_MONEY_MATH_OPERATION,Global,No,No,
ExpenseRecovery,Prior Reported Administration Fees,PriorReportedAdministrationFeesNet,sTYPE_MONEY,Global,No,No,
ExpenseRecovery,Prior Reported Cap Amount,PriorReportedCapAmountNetNoZeroDef,sTYPE_MONEY,Global,No,No,
ExpenseRecovery,Prior Reported Controllable Expenses,PriorReportedControllableExpensesNet,sTYPE_MONEY,Global,No,No,
ExpenseRecovery,Prior Reported Deductions,PriorReportedDeductionsNet,sTYPE_MONEY,Global,No,No,
ExpenseRecovery,Prior Reported GLA,PriorReportedGLANet,sTYPE_AREA,Global,No,No,
ExpenseRecovery,Prior Reported Net Amount Due (NPT-PP),PriorReportedNetAmountDueNetNoZeroDef,sTYPE_MONEY_MATH_OPERATION,Global,No,No,
ExpenseRecovery,Prior Reported Net Pass-Through (ST2*PRR),PriorReportedNetPassThroughNetNoZeroDef,sTYPE_MONEY_MATH_OPERATION,Global,No,No,
ExpenseRecovery,Prior Reported Net Pass-Through (ST2*PRR) Duplicate,PriorReportedNetPassThroughCOREFirmOnlyNetNoZeroDef,sTYPE_MONEY_MATH_OPERATION,Global,No,No,
ExpenseRecovery,Prior Reported Non-Controllable Expenses,PriorReportedNonControllableExpensesNet,sTYPE_MONEY,Global,No,No,
ExpenseRecovery,Prior Reported Pass-Through (ST1+AF%+AF+A),PriorReportedPassThroughNetNoZeroDef,sTYPE_MONEY_MATH_OPERATION,Global,No,No,
ExpenseRecovery,Prior Reported Pre Paid Amount,PriorReportedPrePaidAmountNet,sTYPE_MONEY,Global,No,No,
ExpenseRecovery,Prior Reported Pro Rata Share Rate,PriorReportedProRataShareRateNet,sTYPE_PERCENTAGE,Global,No,No,
ExpenseRecovery,Prior Reported Recoveries,PriorReportedRecoveriesNet,sTYPE_MONEY,Global,No,No,
ExpenseRecovery,Prior Reported Rentable Area,PriorReportedRentableAreaNet,sTYPE_AREA,Global,No,No,
ExpenseRecovery,Prior Reported Sub Total #1 (C+NC-D),PriorReportedSubTotal1NetNoZeroDef,sTYPE_MONEY_MATH_OPERATION,Global,No,No,
ExpenseRecovery,Prior Reported Sub Total #2 (PT-R),PriorReportedSubTotal2NetNoZeroDef,sTYPE_MONEY_MATH_OPERATION,Global,No,No,
ExpenseRecovery,Reported Additions,ReportedAdditionsGross,sTYPE_MONEY,Global,No,No,
ExpenseRecovery,Reported Admin Fee Percentage Amount,ReportedAdminFeePercentageAmountGross,sTYPE_MONEY_MATH_OPERATION,Global,No,No,
ExpenseRecovery,Reported Administration Fees,ReportedAdministrationFeesGross,sTYPE_MONEY,Global,No,No,
ExpenseRecovery,Reported Controllable Expenses,ReportedControllableExpensesGross,sTYPE_MONEY,Global,No,No,
ExpenseRecovery,Reported Deductions,ReportedDeductionsGross,sTYPE_MONEY,Global,No,No,
ExpenseRecovery,Reported Net Amount Due (NPT-PP),ReportedNetAmountDueGross,sTYPE_MONEY_MATH_OPERATION,Global,No,No,
ExpenseRecovery,Reported Net Pass-Through (ST2*PRR),ReportedNetPassThroughGross,sTYPE_MONEY_MATH_OPERATION,Global,No,No,
ExpenseRecovery,Reported Net Pass-Through (ST2*PRR) Duplicate,ReportedNetPassThroughCOREFirmOnlyGross,sTYPE_MONEY_MATH_OPERATION,Global,No,No,
ExpenseRecovery,Reported Non-Controllable Expenses,ReportedNonControllableExpensesGross,sTYPE_MONEY,Global,No,No,
ExpenseRecovery,Reported Pass-Through (ST1+AF%+AF+A),ReportedPassThroughGross,sTYPE_MONEY_MATH_OPERATION,Global,No,No,
ExpenseRecovery,Reported Recoveries,ReportedRecoveriesGross,sTYPE_MONEY,Global,No,No,
ExpenseRecovery,Reported Revised Amount Due (Net+Adj),ReportedRevisedNetAmountDueGross,sTYPE_MONEY_MATH_OPERATION,Global,No,No,
ExpenseRecovery,Reported Sub Total #1 (C+NC-D),ReportedSubTotal1Gross,sTYPE_MONEY_MATH_OPERATION,Global,No,No,
ExpenseRecovery,Reported Sub Total #2 (PT-R),ReportedSubTotal2Gross,sTYPE_MONEY_MATH_OPERATION,Global,No,No,
ExpenseRecovery,Reported Adjustment Amount,ReportedAdjustmentAmount,sTYPE_MONEY,Global,No,No,
ExpenseRecovery,Reported Admin Fee Percentage,ReportedAdminFeePercentage,sTYPE_PERCENTAGE,Global,No,No,
ExpenseRecovery,Reported Cap Amount,ReportedCapAmountNoZeroDef,sTYPE_MONEY,Global,No,No,
ExpenseRecovery,Reported GLA,ReportedGLA,sTYPE_AREA,Global,No,No,
ExpenseRecovery,Reported Pre Paid Amount,ReportedPrePaidAmount,sTYPE_MONEY,Global,No,No,
ExpenseRecovery,Reported Pro Rata Share Rate,ReportedProRataShareRate,sTYPE_PERCENTAGE,Global,No,No,
ExpenseRecovery,Reported Rentable Area,ReportedRentableArea,sTYPE_AREA,Global,No,No,
ExpenseRecovery,Reported Additions,ReportedAdditionsNet,sTYPE_MONEY,Global,No,No,
ExpenseRecovery,Reported Admin Fee Percentage Amount,ReportedAdminFeePercentageAmountNet,sTYPE_MONEY_MATH_OPERATION,Global,No,No,
ExpenseRecovery,Reported Administration Fees,ReportedAdministrationFeesNet,sTYPE_MONEY,Global,No,No,
ExpenseRecovery,Reported Controllable Expenses,ReportedControllableExpensesNet,sTYPE_MONEY,Global,No,No,
ExpenseRecovery,Reported Deductions,ReportedDeductionsNet,sTYPE_MONEY,Global,No,No,
ExpenseRecovery,Reported Net Amount Due (NPT-PP),ReportedNetAmountDueNet,sTYPE_MONEY_MATH_OPERATION,Global,No,No,
ExpenseRecovery,Reported Net Pass-Through (ST2*PRR),ReportedNetPassThroughNet,sTYPE_MONEY_MATH_OPERATION,Global,No,No,
ExpenseRecovery,Reported Net Pass-Through (ST2*PRR) Duplicate,ReportedNetPassThroughCOREFirmOnlyNet,sTYPE_MONEY_MATH_OPERATION,Global,No,No,
ExpenseRecovery,Reported Non-Controllable Expenses,ReportedNonControllableExpensesNet,sTYPE_MONEY,Global,No,No,
ExpenseRecovery,Reported Pass-Through (ST1+AF%+AF+A),ReportedPassThroughNet,sTYPE_MONEY_MATH_OPERATION,Global,No,No,
ExpenseRecovery,Reported Recoveries,ReportedRecoveriesNet,sTYPE_MONEY,Global,No,No,
ExpenseRecovery,Reported Revised Amount Due (Net+Adj),ReportedRevisedNetAmountDueNet,sTYPE_MONEY_MATH_OPERATION,Global,No,No,
ExpenseRecovery,Reported Sub Total #1 (C+NC-D),ReportedSubTotal1Net,sTYPE_MONEY_MATH_OPERATION,Global,No,No,
ExpenseRecovery,Reported Sub Total #2 (PT-R),ReportedSubTotal2Net,sTYPE_MONEY_MATH_OPERATION,Global,No,No,
ExpenseRecovery,R-A Variance - Additions,RAVarianceAdditionsGross,sTYPE_MONEY_MATH_OPERATION,Global,No,No,
ExpenseRecovery,R-A Variance - Admin Fee Percentage,RAVarianceAdminFeePercentageGross,sTYPE_PERCENT_MATH_OPERATION,Global,No,No,
ExpenseRecovery,R-A Variance - Admin Fee Percentage Amount,RAVarianceAdminFeePercentageAmountGross,sTYPE_MONEY_MATH_OPERATION,Global,No,No,
ExpenseRecovery,R-A Variance - Administration Fees,RAVarianceAdministrationFeesGross,sTYPE_MONEY_MATH_OPERATION,Global,No,No,
ExpenseRecovery,R-A Variance - Cap Amount,RAVarianceCapAmountGross,sTYPE_MONEY_MATH_OPERATION,Global,No,No,
ExpenseRecovery,R-A Variance - Controllable Expenses,RAVarianceControllableExpensesGross,sTYPE_MONEY_MATH_OPERATION,Global,No,No,
ExpenseRecovery,R-A Variance - Deductions,RAVarianceDeductionsGross,sTYPE_MONEY_MATH_OPERATION,Global,No,No,
ExpenseRecovery,R-A Variance - GLA,RAVarianceGLAGross,sTYPE_MATH_OPERATION,Global,No,No,
ExpenseRecovery,R-A Variance - Net Amount Due (NPT-PP),RAVarianceNetAmountDueGross,sTYPE_MONEY_MATH_OPERATION,Global,No,No,
ExpenseRecovery,R-A Variance - Net Pass-Through (ST2*PRR),RAVarianceNetPassThroughGross,sTYPE_MONEY_MATH_OPERATION,Global,No,No,
ExpenseRecovery,R-A Variance - Non-Controllable Expenses,RAVarianceNonControllableExpensesGross,sTYPE_MONEY_MATH_OPERATION,Global,No,No,
ExpenseRecovery,R-A Variance - Pass-Through (ST1+AF%+AF+A),RAVariancePassThroughGross,sTYPE_MONEY_MATH_OPERATION,Global,No,No,
ExpenseRecovery,R-A Variance - Pre Paid Amount,RAVariancePrePaidAmountGross,sTYPE_MONEY_MATH_OPERATION,Global,No,No,
ExpenseRecovery,R-A Variance - Pro Rata Share Rate,RAVarianceProRataShareRateGross,sTYPE_PERCENT_MATH_OPERATION,Global,No,No,
ExpenseRecovery,R-A Variance - Recoveries,RAVarianceRecoveriesGross,sTYPE_MONEY_MATH_OPERATION,Global,No,No,
ExpenseRecovery,R-A Variance - Rentable Area,RAVarianceRentableAreaGross,sTYPE_MATH_OPERATION,Global,No,No,
ExpenseRecovery,R-A Variance - Sub Total #1 (C+NC-D),RAVarianceSubTotal1Gross,sTYPE_MONEY_MATH_OPERATION,Global,No,No,
ExpenseRecovery,R-A Variance - Sub Total #2 (PT-R),RAVarianceSubTotal2Gross,sTYPE_MONEY_MATH_OPERATION,Global,No,No,
ExpenseRecovery,R-A Variance - Additions,RAVarianceAdditionsNet,sTYPE_MONEY_MATH_OPERATION,Global,No,No,
ExpenseRecovery,R-A Variance - Admin Fee Percentage,RAVarianceAdminFeePercentageNet,sTYPE_PERCENT_MATH_OPERATION,Global,No,No,
ExpenseRecovery,R-A Variance - Admin Fee Percentage Amount,RAVarianceAdminFeePercentageAmountNet,sTYPE_MONEY_MATH_OPERATION,Global,No,No,
ExpenseRecovery,R-A Variance - Administration Fees,RAVarianceAdministrationFeesNet,sTYPE_MONEY_MATH_OPERATION,Global,No,No,
ExpenseRecovery,R-A Variance - Cap Amount,RAVarianceCapAmountNet,sTYPE_MONEY_MATH_OPERATION,Global,No,No,
ExpenseRecovery,R-A Variance - Controllable Expenses,RAVarianceControllableExpensesNet,sTYPE_MONEY_MATH_OPERATION,Global,No,No,
ExpenseRecovery,R-A Variance - Deductions,RAVarianceDeductionsNet,sTYPE_MONEY_MATH_OPERATION,Global,No,No,
ExpenseRecovery,R-A Variance - GLA,RAVarianceGLANet,sTYPE_MATH_OPERATION,Global,No,No,
ExpenseRecovery,R-A Variance - Net Amount Due (NPT-PP),RAVarianceNetAmountDueNet,sTYPE_MONEY_MATH_OPERATION,Global,No,No,
ExpenseRecovery,R-A Variance - Net Pass-Through (ST2*PRR),RAVarianceNetPassThroughNet,sTYPE_MONEY_MATH_OPERATION,Global,No,No,
ExpenseRecovery,R-A Variance - Non-Controllable Expenses,RAVarianceNonControllableExpensesNet,sTYPE_MONEY_MATH_OPERATION,Global,No,No,
ExpenseRecovery,R-A Variance - Pass-Through (ST1+AF%+AF+A),RAVariancePassThroughNet,sTYPE_MONEY_MATH_OPERATION,Global,No,No,
ExpenseRecovery,R-A Variance - Pre Paid Amount,RAVariancePrePaidAmountNet,sTYPE_MONEY_MATH_OPERATION,Global,No,No,
ExpenseRecovery,R-A Variance - Pro Rata Share Rate,RAVarianceProRataShareRateNet,sTYPE_PERCENT_MATH_OPERATION,Global,No,No,
ExpenseRecovery,R-A Variance - Recoveries,RAVarianceRecoveriesNet,sTYPE_MONEY_MATH_OPERATION,Global,No,No,
ExpenseRecovery,R-A Variance - Rentable Area,RAVarianceRentableAreaNet,sTYPE_MATH_OPERATION,Global,No,No,
ExpenseRecovery,R-A Variance - Sub Total #1 (C+NC-D),RAVarianceSubTotal1Net,sTYPE_MONEY_MATH_OPERATION,Global,No,No,
ExpenseRecovery,R-A Variance - Sub Total #2 (PT-R),RAVarianceSubTotal2Net,sTYPE_MONEY_MATH_OPERATION,Global,No,No,
ExpenseRecovery,R-P Variance % - Additions,RPVariancePctAdditionsGross,sTYPE_PERCENT_MATH_OPERATION,Global,No,No,
ExpenseRecovery,R-P Variance % - Admin Fee Percentage,RPVariancePctAdminFeePercentageGross,sTYPE_PERCENT_MATH_OPERATION,Global,No,No,
ExpenseRecovery,R-P Variance % - Admin Fee Percentage Amount,RPVariancePctAdminFeePercentageAmountGross,sTYPE_PERCENT_MATH_OPERATION,Global,No,No,
ExpenseRecovery,R-P Variance % - Administration Fees,RPVariancePctAdministrationFeesGross,sTYPE_PERCENT_MATH_OPERATION,Global,No,No,
ExpenseRecovery,R-P Variance % - Cap Amount,RPVariancePctCapAmountGross,sTYPE_PERCENT_MATH_OPERATION,Global,No,No,
ExpenseRecovery,R-P Variance % - Controllable Expenses,RPVariancePctControllableExpensesGross,sTYPE_PERCENT_MATH_OPERATION,Global,No,No,
ExpenseRecovery,R-P Variance % - Deductions,RPVariancePctDeductionsGross,sTYPE_PERCENT_MATH_OPERATION,Global,No,No,
ExpenseRecovery,R-P Variance % - GLA,RPVariancePctGLAGross,sTYPE_PERCENT_MATH_OPERATION,Global,No,No,
ExpenseRecovery,R-P Variance % - Net Amount Due (NPT-PP),RPVariancePctNetAmountDueGross,sTYPE_PERCENT_MATH_OPERATION,Global,No,No,
ExpenseRecovery,R-P Variance % - Net Pass-Through (ST2*PRR),RPVariancePctNetPassThroughGross,sTYPE_PERCENT_MATH_OPERATION,Global,No,No,
ExpenseRecovery,R-P Variance % - Non-Controllable Expenses,RPVariancePctNonControllableExpensesGross,sTYPE_PERCENT_MATH_OPERATION,Global,No,No,
ExpenseRecovery,R-P Variance % - Pass-Through (ST1+AF%+AF+A),RPVariancePctPassThroughGross,sTYPE_PERCENT_MATH_OPERATION,Global,No,No,
ExpenseRecovery,R-P Variance % - Pre Paid Amount,RPVariancePctPrePaidAmountGross,sTYPE_PERCENT_MATH_OPERATION,Global,No,No,
ExpenseRecovery,R-P Variance % - Pro Rata Share Rate,RPVariancePctProRataShareRateGross,sTYPE_PERCENT_MATH_OPERATION,Global,No,No,
ExpenseRecovery,R-P Variance % - Recoveries,RPVariancePctRecoveriesGross,sTYPE_PERCENT_MATH_OPERATION,Global,No,No,
ExpenseRecovery,R-P Variance % - Rentable Area,RPVariancePctRentableAreaGross,sTYPE_PERCENT_MATH_OPERATION,Global,No,No,
ExpenseRecovery,R-P Variance % - Sub Total #1 (C+NC-D),RPVariancePctSubTotal1Gross,sTYPE_PERCENT_MATH_OPERATION,Global,No,No,
ExpenseRecovery,R-P Variance % - Sub Total #2 (PT-R),RPVariancePctSubTotal2Gross,sTYPE_PERCENT_MATH_OPERATION,Global,No,No,
ExpenseRecovery,R-P Variance % - Additions,RPVariancePctAdditionsNet,sTYPE_PERCENT_MATH_OPERATION,Global,No,No,
ExpenseRecovery,R-P Variance % - Admin Fee Percentage,RPVariancePctAdminFeePercentageNet,sTYPE_PERCENT_MATH_OPERATION,Global,No,No,
ExpenseRecovery,R-P Variance % - Admin Fee Percentage Amount,RPVariancePctAdminFeePercentageAmountNet,sTYPE_PERCENT_MATH_OPERATION,Global,No,No,
ExpenseRecovery,R-P Variance % - Administration Fees,RPVariancePctAdministrationFeesNet,sTYPE_PERCENT_MATH_OPERATION,Global,No,No,
ExpenseRecovery,R-P Variance % - Cap Amount,RPVariancePctCapAmountNet,sTYPE_PERCENT_MATH_OPERATION,Global,No,No,
ExpenseRecovery,R-P Variance % - Controllable Expenses,RPVariancePctControllableExpensesNet,sTYPE_PERCENT_MATH_OPERATION,Global,No,No,
ExpenseRecovery,R-P Variance % - Deductions,RPVariancePctDeductionsNet,sTYPE_PERCENT_MATH_OPERATION,Global,No,No,
ExpenseRecovery,R-P Variance % - GLA,RPVariancePctGLANet,sTYPE_PERCENT_MATH_OPERATION,Global,No,No,
ExpenseRecovery,R-P Variance % - Net Amount Due (NPT-PP),RPVariancePctNetAmountDueNet,sTYPE_PERCENT_MATH_OPERATION,Global,No,No,
ExpenseRecovery,R-P Variance % - Net Pass-Through (ST2*PRR),RPVariancePctNetPassThroughNet,sTYPE_PERCENT_MATH_OPERATION,Global,No,No,
ExpenseRecovery,R-P Variance % - Non-Controllable Expenses,RPVariancePctNonControllableExpensesNet,sTYPE_PERCENT_MATH_OPERATION,Global,No,No,
ExpenseRecovery,R-P Variance % - Pass-Through (ST1+AF%+AF+A),RPVariancePctPassThroughNet,sTYPE_PERCENT_MATH_OPERATION,Global,No,No,
ExpenseRecovery,R-P Variance % - Pre Paid Amount,RPVariancePctPrePaidAmountNet,sTYPE_PERCENT_MATH_OPERATION,Global,No,No,
ExpenseRecovery,R-P Variance % - Pro Rata Share Rate,RPVariancePctProRataShareRateNet,sTYPE_PERCENT_MATH_OPERATION,Global,No,No,
ExpenseRecovery,R-P Variance % - Recoveries,RPVariancePctRecoveriesNet,sTYPE_PERCENT_MATH_OPERATION,Global,No,No,
ExpenseRecovery,R-P Variance % - Rentable Area,RPVariancePctRentableAreaNet,sTYPE_PERCENT_MATH_OPERATION,Global,No,No,
ExpenseRecovery,R-P Variance % - Sub Total #1 (C+NC-D),RPVariancePctSubTotal1Net,sTYPE_PERCENT_MATH_OPERATION,Global,No,No,
ExpenseRecovery,R-P Variance % - Sub Total #2 (PT-R),RPVariancePctSubTotal2Net,sTYPE_PERCENT_MATH_OPERATION,Global,No,No,
ExpenseRecovery,R-P Variance - Additions,RPVarianceAdditionsGross,sTYPE_MONEY_MATH_OPERATION,Global,No,No,
ExpenseRecovery,R-P Variance - Admin Fee Percentage,RPVarianceAdminFeePercentageGross,sTYPE_PERCENT_MATH_OPERATION,Global,No,No,
ExpenseRecovery,R-P Variance - Admin Fee Percentage Amount,RPVarianceAdminFeePercentageAmountGross,sTYPE_MONEY_MATH_OPERATION,Global,No,No,
ExpenseRecovery,R-P Variance - Administration Fees,RPVarianceAdministrationFeesGross,sTYPE_MONEY_MATH_OPERATION,Global,No,No,
ExpenseRecovery,R-P Variance - Cap Amount,RPVarianceCapAmountGross,sTYPE_MONEY_MATH_OPERATION,Global,No,No,
ExpenseRecovery,R-P Variance - Controllable Expenses,RPVarianceControllableExpensesGross,sTYPE_MONEY_MATH_OPERATION,Global,No,No,
ExpenseRecovery,R-P Variance - Deductions,RPVarianceDeductionsGross,sTYPE_MONEY_MATH_OPERATION,Global,No,No,
ExpenseRecovery,R-P Variance - GLA,RPVarianceGLAGross,sTYPE_MATH_OPERATION,Global,No,No,
ExpenseRecovery,R-P Variance - Net Amount Due (NPT-PP),RPVarianceNetAmountDueGross,sTYPE_MONEY_MATH_OPERATION,Global,No,No,
ExpenseRecovery,R-P Variance - Net Pass-Through (ST2*PRR),RPVarianceNetPassThroughGross,sTYPE_MONEY_MATH_OPERATION,Global,No,No,
ExpenseRecovery,R-P Variance - Non-Controllable Expenses,RPVarianceNonControllableExpensesGross,sTYPE_MONEY_MATH_OPERATION,Global,No,No,
ExpenseRecovery,R-P Variance - Pass-Through (ST1+AF%+AF+A),RPVariancePassThroughGross,sTYPE_MONEY_MATH_OPERATION,Global,No,No,
ExpenseRecovery,R-P Variance - Pre Paid Amount,RPVariancePrePaidAmountGross,sTYPE_MONEY_MATH_OPERATION,Global,No,No,
ExpenseRecovery,R-P Variance - Pro Rata Share Rate,RPVarianceProRataShareRateGross,sTYPE_PERCENT_MATH_OPERATION,Global,No,No,
ExpenseRecovery,R-P Variance - Recoveries,RPVarianceRecoveriesGross,sTYPE_MONEY_MATH_OPERATION,Global,No,No,
ExpenseRecovery,R-P Variance - Rentable Area,RPVarianceRentableAreaGross,sTYPE_MATH_OPERATION,Global,No,No,
ExpenseRecovery,R-P Variance - Sub Total #1 (C+NC-D),RPVarianceSubTotal1Gross,sTYPE_MONEY_MATH_OPERATION,Global,No,No,
ExpenseRecovery,R-P Variance - Sub Total #2 (PT-R),RPVarianceSubTotal2Gross,sTYPE_MONEY_MATH_OPERATION,Global,No,No,
ExpenseRecovery,R-P Variance - Additions,RPVarianceAdditionsNet,sTYPE_MONEY_MATH_OPERATION,Global,No,No,
ExpenseRecovery,R-P Variance - Admin Fee Percentage,RPVarianceAdminFeePercentageNet,sTYPE_PERCENT_MATH_OPERATION,Global,No,No,
ExpenseRecovery,R-P Variance - Admin Fee Percentage Amount,RPVarianceAdminFeePercentageAmountNet,sTYPE_MONEY_MATH_OPERATION,Global,No,No,
ExpenseRecovery,R-P Variance - Administration Fees,RPVarianceAdministrationFeesNet,sTYPE_MONEY_MATH_OPERATION,Global,No,No,
ExpenseRecovery,R-P Variance - Cap Amount,RPVarianceCapAmountNet,sTYPE_MONEY_MATH_OPERATION,Global,No,No,
ExpenseRecovery,R-P Variance - Controllable Expenses,RPVarianceControllableExpensesNet,sTYPE_MONEY_MATH_OPERATION,Global,No,No,
ExpenseRecovery,R-P Variance - Deductions,RPVarianceDeductionsNet,sTYPE_MONEY_MATH_OPERATION,Global,No,No,
ExpenseRecovery,R-P Variance - GLA,RPVarianceGLANet,sTYPE_MATH_OPERATION,Global,No,No,
ExpenseRecovery,R-P Variance - Net Amount Due (NPT-PP),RPVarianceNetAmountDueNet,sTYPE_MONEY_MATH_OPERATION,Global,No,No,
ExpenseRecovery,R-P Variance - Net Pass-Through (ST2*PRR),RPVarianceNetPassThroughNet,sTYPE_MONEY_MATH_OPERATION,Global,No,No,
ExpenseRecovery,R-P Variance - Non-Controllable Expenses,RPVarianceNonControllableExpensesNet,sTYPE_MONEY_MATH_OPERATION,Global,No,No,
ExpenseRecovery,R-P Variance - Pass-Through (ST1+AF%+AF+A),RPVariancePassThroughNet,sTYPE_MONEY_MATH_OPERATION,Global,No,No,
ExpenseRecovery,R-P Variance - Pre Paid Amount,RPVariancePrePaidAmountNet,sTYPE_MONEY_MATH_OPERATION,Global,No,No,
ExpenseRecovery,R-P Variance - Pro Rata Share Rate,RPVarianceProRataShareRateNet,sTYPE_PERCENT_MATH_OPERATION,Global,No,No,
ExpenseRecovery,R-P Variance - Recoveries,RPVarianceRecoveriesNet,sTYPE_MONEY_MATH_OPERATION,Global,No,No,
ExpenseRecovery,R-P Variance - Rentable Area,RPVarianceRentableAreaNet,sTYPE_MATH_OPERATION,Global,No,No,
ExpenseRecovery,R-P Variance - Sub Total #1 (C+NC-D),RPVarianceSubTotal1Net,sTYPE_MONEY_MATH_OPERATION,Global,No,No,
ExpenseRecovery,R-P Variance - Sub Total #2 (PT-R),RPVarianceSubTotal2Net,sTYPE_MONEY_MATH_OPERATION,Global,No,No,
SLPeriod,12-Month Forward Change in Asset Balance,Forward12MonthAssetChange,sTYPE_MONEY,Global,No,No,
SLPeriod,12-Month Forward Change in Liability Balance,Forward12MonthLiabilityChange,sTYPE_MONEY,Global,No,No,
SLPeriod,Accumulated Amortization Balance,CumulativeAssetAmortExpense,sTYPE_MONEY,Global,No,No,
SLPeriod,Allocations,SLPeriodAllocations,sTYPE_TEXT,Global,No,No,
SLPeriod,Asset Amortization Expense - Translated,AssetAmortizationExpenseTranslated,sTYPE_MONEY,Global,No,No,
SLPeriod,Asset Balance,AssetAmount,sTYPE_MONEY,Global,No,No,
SLPeriod,Asset Balance - Translated,AssetAmountTranslated,sTYPE_MONEY,Global,No,No,
SLPeriod,Asset Translation Adjustment,AssetTranslationAdjustment,sTYPE_MONEY,Global,No,No,
SLPeriod,Begin Date,BeginDate,sTYPE_DATE,Global,No,No,
SLPeriod,Cash Payment - Translated,CashPaymentTranslated,sTYPE_MONEY,Global,No,No,
SLPeriod,Cash Rate,ConversionRateMonthEnd,sTYPE_NUMBER_FRACTION6DIGITS,Global,No,No,
SLPeriod,Contract,ContractID,sTYPE_CONTRACT,Global,Yes,No,
SLPeriod,Created By,CreatedByID,sTYPE_MEMBER,Global,No,No,
SLPeriod,Created Date,CreatedDate,sTYPE_TIME,Global,No,No,
SLPeriod,Cumulative Deferred Balance,CumulativeDeferredBalance,sTYPE_MONEY,Global,No,No,
SLPeriod,Cumulative Period Number,CumulativePeriodNumber,sTYPE_UNFORMATTED_NUMBER,Global,No,No,
SLPeriod,Cumulative Translation Adjustment,CumulativeTranslationAdjustment,sTYPE_MONEY,Global,No,No,
SLPeriod,End Date,EndDate,sTYPE_DATE,Global,No,No,
SLPeriod,Equipment,AssetID,sTYPE_EQUIPMENT,Global,No,No,
SLPeriod,Equipment Associated Entity,AssetAssociatedProjectEntityID,sTYPE_MIXEDENTITY,Global,No,No,
SLPeriod,Fiscal Period,FiscalPeriod,sTYPE_NUMBER,Global,No,No,
SLPeriod,Fiscal Period Year,FiscalPeriodYear,sTYPE_DROPDOWN_YEAR,Global,No,No,
SLPeriod,FX Gain (Loss),FXGainLoss,sTYPE_MONEY,Global,No,No,
SLPeriod,Gross Asset Balance,GrossAssetBalance,sTYPE_MONEY,Global,No,No,
SLPeriod,Initial Asset Balance,InitialAssetBalance,sTYPE_MONEY,Global,No,No,
SLPeriod,Initial Liability Balance,InitialLiabilityBalance,sTYPE_MONEY,Global,No,No,
SLPeriod,Interest - Translated,InterestTranslated,sTYPE_MONEY,Global,No,No,
SLPeriod,Lease Liability - Translated,LeaseLiabilityTranslated,sTYPE_MONEY,Global,No,No,
SLPeriod,Liability Balance,LiabilityAmount,sTYPE_MONEY,Global,No,No,
SLPeriod,Liability FX Impact,LiabilityFXImpact,sTYPE_MONEY,Global,No,No,
SLPeriod,Liability Translation Adjustment,LiabilityTranslationAdjustment,sTYPE_MONEY,Global,No,No,
SLPeriod,Long Term Liability,LongTermLiability,sTYPE_MONEY,Global,No,No,
SLPeriod,Long Term Rent Expense,LongTermRentExpense,sTYPE_MONEY,Global,No,No,
SLPeriod,Modified By,ModifiedByID,sTYPE_MEMBER,Global,No,No,
SLPeriod,Modified Date,ModifiedDate,sTYPE_TIME,Global,No,No,
SLPeriod,Number Days,NumberDays,sTYPE_NUMBER,Global,No,No,
SLPeriod,Period Asset Amortization Expense,PeriodAssetAmortizationExpense,sTYPE_MONEY,Global,No,No,
SLPeriod,Period Average Rate,ConversionRateAverage,sTYPE_NUMBER_FRACTION6DIGITS,Global,No,No,
SLPeriod,Period Cash Amount,PeriodCashAmount,sTYPE_MONEY,Global,No,No,
SLPeriod,Period Deferred Amount,PeriodDeferredAmount,sTYPE_MONEY,Global,No,No,
SLPeriod,Period Expense Amount,PeriodExpenseAmount,sTYPE_MONEY,Global,No,No,
SLPeriod,Period Interest Amount,PeriodInterestAmount,sTYPE_MONEY,Global,No,No,
SLPeriod,Period Liability Amortization Expense,PeriodLiabilityAmortizationExpense,sTYPE_MONEY,Global,No,No,
SLPeriod,Posted Date,PostedDate,sTYPE_DATE,Global,No,No,
SLPeriod,PV Of Period Cash Amount,PVOfPeriodCashAmount,sTYPE_MONEY,Global,No,No,
SLPeriod,Record Status,RecordStatus,sTYPE_TEXT,Global,Yes,No,
SLPeriod,Rev Number,RevNumber,sTYPE_UNFORMATTED_NUMBER,Global,No,No,
SLPeriod,Schedule Asset Amortization,ScheduleCumulativeAmortExpense,sTYPE_MONEY,Global,No,No,
SLPeriod,Schedule Export Account #1,ExportAcct1Number,sTYPE_TEXT,Global,No,No,
SLPeriod,Schedule Export Account #10,ExportAcct10Number,sTYPE_TEXT,Global,No,No,
SLPeriod,Schedule Export Account #11,ExportAcct11Number,sTYPE_TEXT,Global,No,No,
SLPeriod,Schedule Export Account #12,ExportAcct12Number,sTYPE_TEXT,Global,No,No,
SLPeriod,Schedule Export Account #13,ExportAcct13Number,sTYPE_TEXT,Global,No,No,
SLPeriod,Schedule Export Account #14,ExportAcct14Number,sTYPE_TEXT,Global,No,No,
SLPeriod,Schedule Export Account #15,ExportAcct15Number,sTYPE_TEXT,Global,No,No,
SLPeriod,Schedule Export Account #16,ExportAcct16Number,sTYPE_TEXT,Global,No,No,
SLPeriod,Schedule Export Account #17,ExportAcct17Number,sTYPE_TEXT,Global,No,No,
SLPeriod,Schedule Export Account #18,ExportAcct18Number,sTYPE_TEXT,Global,No,No,
SLPeriod,Schedule Export Account #19,ExportAcct19Number,sTYPE_TEXT,Global,No,No,
SLPeriod,Schedule Export Account #2,ExportAcct2Number,sTYPE_TEXT,Global,No,No,
SLPeriod,Schedule Export Account #20,ExportAcct20Number,sTYPE_TEXT,Global,No,No,
SLPeriod,Schedule Export Account #3,ExportAcct3Number,sTYPE_TEXT,Global,No,No,
SLPeriod,Schedule Export Account #4,ExportAcct4Number,sTYPE_TEXT,Global,No,No,
SLPeriod,Schedule Export Account #5,ExportAcct5Number,sTYPE_TEXT,Global,No,No,
SLPeriod,Schedule Export Account #6,ExportAcct6Number,sTYPE_TEXT,Global,No,No,
SLPeriod,Schedule Export Account #7,ExportAcct7Number,sTYPE_TEXT,Global,No,No,
SLPeriod,Schedule Export Account #8,ExportAcct8Number,sTYPE_TEXT,Global,No,No,
SLPeriod,Schedule Export Account #9,ExportAcct9Number,sTYPE_TEXT,Global,No,No,
SLPeriod,Short Term Liability (Amortization Based),Forward12MonthLiabilityAmortBased,sTYPE_MONEY,Global,No,No,
SLPeriod,Short Term Liability (PV Based),Forward12MonthLiabilityPVBased,sTYPE_MONEY,Global,No,No,
SLPeriod,Short Term Rent Expense,ShortTermRentExpense,sTYPE_MONEY,Global,No,No,
SLPeriod,SL Schedule Export Account #1,SLExportAcct1Number,sTYPE_TEXT,Global,No,No,
SLPeriod,SL Schedule Export Account #2,SLExportAcct2Number,sTYPE_TEXT,Global,No,No,
SLPeriod,SL Schedule Export Account #3,SLExportAcct3Number,sTYPE_TEXT,Global,No,No,
SLPeriod,Straight Line Period ClientID,BOMapClientRecordID,sTYPE_TEXT,Global,Yes,No,
SLPeriod,Straight Line Period RecID,SLPeriodID,sTYPE_UNFORMATTED_NUMBER,Global,No,No,
SLPeriod,Straight Line Schedule,CodeSLScheduleID,sCODE_SL_SCHEDULE,Global,No,No,
SLPeriod,Straight Line Summary,SLSummaryID,sTYPE_SL_SUMMARY,Global,Yes,No,
SLSummary,12-Month Forward Change in Asset Balance,Forward12MonthAssetChange,sTYPE_MONEY,Global,No,No,
SLSummary,12-Month Forward Change in Liability Balance,Forward12MonthLiabilityChange,sTYPE_MONEY,Global,No,No,
SLSummary,Accounting Method,CodeAccountingMethodID,sCODE_ACCOUNTING_METHOD,Global,No,No,
SLSummary,Aggregate Value Of Lease,CalcAggregateValueOfLease,sTYPE_MONEY,Global,No,No,
SLSummary,Aggregate Value Of Lease Before Adjustments,CalcAggValueOfLeaseNoAdjust,sTYPE_MONEY,Global,No,No,
SLSummary,ASC 842 Schedule,CodeASC842ScheduleID,sCODE_ASC842_SCHEDULE,Global,No,No,
SLSummary,Asset Amortization Expense Adjustment,AssetAmortExpenseAdjustment,sTYPE_MONEY,Global,No,No,
SLSummary,Associated Expense Setup IDs,AssociatedExpenseSetupIDs,sTYPE_TEXT,Global,No,No,
SLSummary,Balance Forward,BalanceForward,sTYPE_MONEY,Global,No,No,
SLSummary,Balance Sheet Impact,RemeasurementBalanceForward,sTYPE_MONEY,Global,No,No,
SLSummary,Begin Date,BeginDate,sTYPE_DATE,Global,No,No,
SLSummary,Cancellation Option Amount,CancellationOptionAmount,sTYPE_MONEY,Global,No,No,
SLSummary,Cash Expense Adjustment,CashExpenseAdjustment,sTYPE_MONEY,Global,No,No,
SLSummary,Contract,ContractID,sTYPE_CONTRACT,Global,Yes,No,
SLSummary,Created By,CreatedByID,sTYPE_MEMBER,Global,No,No,
SLSummary,Created Date,CreatedDate,sTYPE_TIME,Global,No,No,
SLSummary,Currency Type,CodeCurrencyTypeID,sCODE_CURRENCY_TYPE,Global,No,No,
SLSummary,Current Period Asset Balance,CurrentAssetBalance,sTYPE_MONEY,Global,No,No,
SLSummary,Current Period Liability Balance,CurrentLiabilityBalance,sTYPE_MONEY,Global,No,No,
SLSummary,Current Remaining Balance Lease Payments,CurrentRemainingCashBalance,sTYPE_MONEY,Global,No,No,
SLSummary,Current Remaining Cash Balance After Report End,CurrentRemainingCashBalanceAfterReportEnd,sTYPE_MONEY,Global,No,No,
SLSummary,Date Range,DateRange,sTYPE_DATE_RANGE,Global,No,No,
SLSummary,Discount Rate,DiscountRate,sTYPE_PERCENTAGE,Global,No,No,
SLSummary,Dismantling / Restoring Cost Amount,DismantlingStorageCostAmount,sTYPE_MONEY,Global,No,No,
SLSummary,End Date,EndDate,sTYPE_DATE,Global,No,No,
SLSummary,Equipment,AssetID,sTYPE_EQUIPMENT,Global,No,No,
SLSummary,Equipment Associated Entity,AssetAssociatedProjectEntityID,sTYPE_MIXEDENTITY,Global,No,No,
SLSummary,Final Asset Amount,FinalAssetAmount,sTYPE_MONEY,Global,No,No,
SLSummary,Final Asset Amount Allocation Percentage,FinalAssetAllocPercent,sTYPE_PERCENTAGE,Global,No,No,
SLSummary,Final Asset Amount Date,FinalAssetDate,sTYPE_DATE,Global,No,No,
SLSummary,IFRS 16 Schedule,CodeIFRS16ScheduleID,sCODE_IFRS16_SCHEDULE,Global,No,No,
SLSummary,Impairment Amount,ImpairmentAmount,sTYPE_MONEY,Global,No,No,
SLSummary,Inactive Date,InactiveDate,sTYPE_DATE,Global,No,No,
SLSummary,Initial Asset Balance,InitialAssetBalance,sTYPE_MONEY,Global,No,No,
SLSummary,Initial Asset Balance Adjustment,InitialAssetBalanceAdjust,sTYPE_MONEY,Global,No,No,
SLSummary,Initial Asset Balance Currency Rate,InitialAssetBalanceCurrencyRate,sTYPE_NUMBER_FRACTION6DIGITS,Global,No,No,
SLSummary,Initial Direct Cost Amount,InitialDirectCostAmount,sTYPE_MONEY,Global,No,No,
SLSummary,Initial Liability Balance,InitialLiabilityBalance,sTYPE_MONEY,Global,No,No,
SLSummary,Initial Liability Balance Adjustment,InitialLiabilityBalanceAdjust,sTYPE_MONEY,Global,No,No,
SLSummary,Initial Liability Balance Currency Rate,InitialLiabilityBalanceCurrencyRate,sTYPE_NUMBER_FRACTION6DIGITS,Global,No,No,
SLSummary,Interest Before Mid-period Remeasurement,InterestBeforeMidRemeasure,sTYPE_MONEY,Global,No,No,
SLSummary,Interest Expense Adjustment,InterestExpenseAdjustment,sTYPE_MONEY,Global,No,No,
SLSummary,Is Approved?,IsApproved,sTYPE_CHECKBOX,Global,No,No,
SLSummary,Is ASC 842 Schedule?,IsASC842Schedule,sTYPE_CHECKBOX,Global,No,No,
SLSummary,Is IFRS 16 Schedule?,IsIFRS16Schedule,sTYPE_CHECKBOX,Global,No,No,
SLSummary,Is Inactive?,Inactive,sTYPE_CHECKBOX,Global,Yes,No,
SLSummary,Is SL Schedule?,IsSLSchedule,sTYPE_CHECKBOX,Global,No,No,
SLSummary,Last Balance Posted,LastBalancePosted,sTYPE_MONEY,Global,No,No,
SLSummary,Last Posted Balance Sheet Impact,LastPostedBalanceSheetImpact,sTYPE_MONEY,Global,No,No,
SLSummary,Last Posted Date,LastPostedDate,sTYPE_DATE,Global,No,No,
SLSummary,Last Posted End Date,LastPostedEndDate,sTYPE_DATE,Global,No,No,
SLSummary,Lease Incentive Amount,LeaseIncentiveAmount,sTYPE_MONEY,Global,No,No,
SLSummary,Modified By,ModifiedByID,sTYPE_MEMBER,Global,No,No,
SLSummary,Modified Date,ModifiedDate,sTYPE_TIME,Global,No,No,
SLSummary,Needs Recalc Modified by Last Member,NeedsRecalcModifiedByLastMember,sTYPE_MEMBER,Global,No,No,
SLSummary,Needs Recalc Modified by Member List,NeedsRecalcModifiedByMemberIDList,sTYPE_MEMBER,Global,No,No,
SLSummary,Needs Recalculation,NeedsRecalculation,sTYPE_CHECKBOX,Global,No,No,
SLSummary,Notes,Notes,sTYPE_TEXTAREA,Global,No,No,
SLSummary,Period Amount,PeriodAmount,sTYPE_MONEY,Global,No,No,
SLSummary,Posted End Date,PostedEndDate,sTYPE_DATE,Global,No,No,
SLSummary,Posted Initial Asset Adjustment for Mod Effective Date,PostedInitAssetAdj,sTYPE_MONEY,Global,No,No,
SLSummary,Posted Initial Liability Adjustment for Mod Effective Date,PostedInitLiabilityAdj,sTYPE_MONEY,Global,No,No,
SLSummary,Posted Total Asset Adjustment at Mod Input Date,PostedAssetAdjustment,sTYPE_MONEY,Global,No,No,
SLSummary,Posted Total Liability Adjustment at Mod Input Date,PostedLiabilityAdjustment,sTYPE_MONEY,Global,No,No,
SLSummary,Pre Commence Pay Amount,PreCommencePayAmount,sTYPE_MONEY,Global,No,No,
SLSummary,Prior Accumulated Amortization Balance,PriorAccumulatedAmortizationBalance,sTYPE_MONEY,Global,No,No,
SLSummary,Prior Schedule Last Posted Period,PriorLastPostedPeriodID,sTYPE_UNFORMATTED_NUMBER,Global,No,No,
SLSummary,Profit And Loss Impact,ProfitAndLossImpact,sTYPE_MONEY,Global,No,No,
SLSummary,Purchase Option Amount,PurchaseOptionAmount,sTYPE_MONEY,Global,No,No,
SLSummary,PV Of Cancellation Option,PVOfCancellationOption,sTYPE_MONEY,Global,No,No,
SLSummary,PV Of Financial Terms,CalcPVOfFinancialTerms,sTYPE_MONEY,Global,No,No,
SLSummary,PV Of Financial Terms Before Adjustments,CalcPVOfFinancialTermsNoAdjust,sTYPE_MONEY,Global,No,No,
SLSummary,PV Of Other Adjustments,PVOfOtherAdjustments,sTYPE_MONEY,Global,No,No,
SLSummary,PV Of Purchase Option,PVOfPurchaseOption,sTYPE_MONEY,Global,No,No,
SLSummary,PV Of Residual Value Guarantees,PVOfResidualValueGuarantees,sTYPE_MONEY,Global,No,No,
SLSummary,PV Of Structuring Costs,PVOfStructuringCosts,sTYPE_MONEY,Global,No,No,
SLSummary,Recalc Override Notes,RecalcOverrideNotesIDList,sTYPE_RECALC_NOTES,Global,No,No,
SLSummary,Recalculation Trigger Date,RecalcTriggerDate,sTYPE_DATE,Global,No,No,
SLSummary,Remaining Asset Balance,SLRemainingAssetBalance,sTYPE_PERCENT_OR_AMOUNT,Global,No,No,
SLSummary,Residual Value Guarantees,ResidualValueGuarantees,sTYPE_MONEY,Global,No,No,
SLSummary,Rev Number,RevNumber,sTYPE_UNFORMATTED_NUMBER,Global,No,No,
SLSummary,Schedule Creation Reason,CodeScheduleCreationReasonID,sCODE_SCHEDULE_CREATION_REASON,Global,No,No,
SLSummary,Shortened Lease Liability Diff,ShortenedLeaseLiabilityDiff,sTYPE_MONEY,Global,No,No,
SLSummary,Shortened Schedule Initial Liability Balance,ShortenedSchedInitLiabilityBal,sTYPE_MONEY,Global,No,No,
SLSummary,Shortened Term Asset Diff,ShortenedTermAssetDiff,sTYPE_MONEY,Global,No,No,
SLSummary,Shortened Term Rent Diff,ShortenedTermRentDiff,sTYPE_MONEY,Global,No,No,
SLSummary,Single Lease Expense Adjustment,SingleLeaseExpenseAdjustment,sTYPE_MONEY,Global,No,No,
SLSummary,Straight Line Expense Before Mid-period Remeasurement,SleBeforeMidRemeasure,sTYPE_MONEY,Global,No,No,
SLSummary,Straight Line Schedule,CodeSLScheduleID,sCODE_SL_SCHEDULE,Global,No,No,
SLSummary,Straight Line Summary ClientID,BOMapClientRecordID,sTYPE_TEXT,Global,Yes,No,
SLSummary,Straight Line Summary RecID,SLSummaryID,sTYPE_UNFORMATTED_NUMBER,Global,No,No,
SLSummary,Straight Line Term Length,SLTermLength,sTYPE_NUMBER_FRACTION2DIGITS,Global,No,No,
SLSummary,Total Commitment,TotalCommitment,sTYPE_MONEY,Global,No,No,
SLSummary,Total Impairment Impact,TotalImpairmentImpact,sTYPE_MONEY,Global,No,No,
SLSummary,Translated Initial Asset Balance,TranslatedInitialAssetBalance,sTYPE_MONEY,Global,No,No,
SLSummary,Translated Initial Liability Balance,TranslatedInitialLiabilityBalance,sTYPE_MONEY,Global,No,No,
Usage,Contract,ContractID,sTYPE_CONTRACT,Global,Yes,No,
Usage,Effective Date,EffectiveDate,sTYPE_DATE,Global,No,No,
Usage,Modified By,ModifiedByID,sTYPE_MEMBER,Global,No,No,
Usage,Modified Date,ModifiedDate,sTYPE_TIME,Global,No,No,
Usage,Posting Date,PostingDate,sTYPE_DATE,Global,No,No,
Usage,Usage Category,CodeUsageCategoryID,sCODE_USAGE_CATEGORY,Global,No,No,
Usage,Usage ClientID,BOMapClientRecordID,sTYPE_TEXT,Global,Yes,No,
Usage,Usage Count,UsageCount,sTYPE_NUMBER,Global,No,No,
Usage,Usage Group,CodeUsageGroupID,sCODE_USAGE_GROUP,Global,No,No,
Usage,Usage RecID,UsageID,sTYPE_UNFORMATTED_NUMBER,Global,No,No,
Usage,Usage Share,UsageShare,sTYPE_PERCENTAGE,Global,No,No,
Usage,Usage Type,CodeUsageTypeID,sCODE_USAGE_TYPE,Global,No,No,
Usage,Usage Unit Type,CodeUsageUnitTypeID,sCODE_USAGE_UNIT_TYPE,Global,No,No,
VirtualUsagePeriod,Breakpoint Amount #1,UBRPBreakpointAmount1,sTYPE_NUMBER_FRACTION6DIGITS,Global,No,No,
VirtualUsagePeriod,Breakpoint Amount #2,UBRPBreakpointAmount2,sTYPE_NUMBER_FRACTION6DIGITS,Global,No,No,
VirtualUsagePeriod,Breakpoint Amount #3,UBRPBreakpointAmount3,sTYPE_NUMBER_FRACTION6DIGITS,Global,No,No,
VirtualUsagePeriod,Breakpoint Amount #4,UBRPBreakpointAmount4,sTYPE_NUMBER_FRACTION6DIGITS,Global,No,No,
VirtualUsagePeriod,Breakpoint Amount #5,UBRPBreakpointAmount5,sTYPE_NUMBER_FRACTION6DIGITS,Global,No,No,
VirtualUsagePeriod,Breakpoint Amount #6,UBRPBreakpointAmount6,sTYPE_NUMBER_FRACTION6DIGITS,Global,No,No,
VirtualUsagePeriod,Breakpoint Amount #7,UBRPBreakpointAmount7,sTYPE_NUMBER_FRACTION6DIGITS,Global,No,No,
VirtualUsagePeriod,Breakpoint Amount #8,UBRPBreakpointAmount8,sTYPE_NUMBER_FRACTION6DIGITS,Global,No,No,
VirtualUsagePeriod,Breakpoint Cost #1,UBRPBreakpointCost1,sTYPE_MONEY,Global,No,No,
VirtualUsagePeriod,Breakpoint Cost #2,UBRPBreakpointCost2,sTYPE_MONEY,Global,No,No,
VirtualUsagePeriod,Breakpoint Cost #3,UBRPBreakpointCost3,sTYPE_MONEY,Global,No,No,
VirtualUsagePeriod,Breakpoint Cost #4,UBRPBreakpointCost4,sTYPE_MONEY,Global,No,No,
VirtualUsagePeriod,Breakpoint Cost #5,UBRPBreakpointCost5,sTYPE_MONEY,Global,No,No,
VirtualUsagePeriod,Breakpoint Cost #6,UBRPBreakpointCost6,sTYPE_MONEY,Global,No,No,
VirtualUsagePeriod,Breakpoint Cost #7,UBRPBreakpointCost7,sTYPE_MONEY,Global,No,No,
VirtualUsagePeriod,Breakpoint Cost #8,UBRPBreakpointCost8,sTYPE_MONEY,Global,No,No,
VirtualUsagePeriod,Breakpoint Rent,UBRPBreakpointRent,sTYPE_MONEY,Global,No,No,
VirtualUsagePeriod,Calendar Month,UsageMonth,sTYPE_TEXT,Global,No,No,
VirtualUsagePeriod,Calendar Month/Year,UsageMonthYearText,sTYPE_TEXT,Global,No,No,
VirtualUsagePeriod,Calendar Month/Year Date,UsageMonthYearSort,sTYPE_MONTHS_YEAR,Global,No,No,
VirtualUsagePeriod,Calendar Year,UsageYear,sTYPE_DROPDOWN_YEAR,Global,No,No,
VirtualUsagePeriod,Cap / Floor Adjusted Rent,UBRPCapFloorAdjustedRent,sTYPE_MONEY,Global,No,No,
VirtualUsagePeriod,Contract,ContractID,sTYPE_CONTRACT,Global,No,No,
VirtualUsagePeriod,Is Actual?,IsActual,sTYPE_BOOLEAN,Global,No,No,
VirtualUsagePeriod,Matching Fiscal Period/Year,UsagePeriodText,sTYPE_TEXT,Global,No,No,
VirtualUsagePeriod,Net Usage Amount,NetUsagePeriodAmount,sTYPE_MONEY,Global,No,No,
VirtualUsagePeriod,Net Usage Count,NetUsagePeriodCount,sTYPE_NUMBER_FRACTION6DIGITS,Global,No,No,
VirtualUsagePeriod,Net Usage Share,NetUsagePeriodShare,sTYPE_NUMBER_FRACTION6DIGITS,Global,No,No,
VirtualUsagePeriod,Period Rent Paid,UsagePeriodRentPaid,sTYPE_MONEY,Global,No,No,
VirtualUsagePeriod,Rent Due #1,UBRPBreakpointRentDue1,sTYPE_MONEY,Global,No,No,
VirtualUsagePeriod,Rent Due #2,UBRPBreakpointRentDue2,sTYPE_MONEY,Global,No,No,
VirtualUsagePeriod,Rent Due #3,UBRPBreakpointRentDue3,sTYPE_MONEY,Global,No,No,
VirtualUsagePeriod,Rent Due #4,UBRPBreakpointRentDue4,sTYPE_MONEY,Global,No,No,
VirtualUsagePeriod,Rent Due #5,UBRPBreakpointRentDue5,sTYPE_MONEY,Global,No,No,
VirtualUsagePeriod,Rent Due #6,UBRPBreakpointRentDue6,sTYPE_MONEY,Global,No,No,
VirtualUsagePeriod,Rent Due #7,UBRPBreakpointRentDue7,sTYPE_MONEY,Global,No,No,
VirtualUsagePeriod,Rent Due #8,UBRPBreakpointRentDue8,sTYPE_MONEY,Global,No,No,
VirtualUsagePeriod,Rent Period Begin Date,BillingBucketBeginDate,sTYPE_DATE,Global,No,No,
VirtualUsagePeriod,Rent Period Cap Amount,BillingBucketCapAmount,sTYPE_MONEY,Global,No,No,
VirtualUsagePeriod,Rent Period End Date,BillingBucketEndDate,sTYPE_DATE,Global,No,No,
VirtualUsagePeriod,Rent Period Payment Due Date,BillingBucketDueDate,sTYPE_DATE,Global,No,No,
VirtualUsagePeriod,Rent Period Usage Amount,UBRPUsageAmount,sTYPE_MONEY,Global,No,No,
VirtualUsagePeriod,Rent Period Usage Count,UBRPUsageCount,sTYPE_NUMBER_FRACTION0DIGITS,Global,No,No,
VirtualUsagePeriod,Rent Period Usage Share,UBRPUsageShare,sTYPE_NUMBER_FRACTION0DIGITS,Global,No,No,
VirtualUsagePeriod,Reporting Period Begin Date,ReportingBucketBeginDate,sTYPE_DATE,Global,No,No,
VirtualUsagePeriod,Reporting Period Due Date,ReportingBucketDueDate,sTYPE_DATE,Global,No,No,
VirtualUsagePeriod,Reporting Period End Date,ReportingBucketEndDate,sTYPE_DATE,Global,No,No,
VirtualUsagePeriod,Reporting Period Net Usage Amount,ReportingBucketNetUsageAmount,sTYPE_MONEY,Global,No,No,
VirtualUsagePeriod,Reporting Period Usage Amount,ReportingBucketGrossUsageAmount,sTYPE_MONEY,Global,No,No,
VirtualUsagePeriod,Total Rent,UBRPTotalRent,sTYPE_MONEY,Global,No,No,
VirtualUsagePeriod,Total Rent Due,UBRPRentDue,sTYPE_MONEY,Global,No,No,
VirtualUsagePeriod,Usage Amount,GrossUsagePeriodAmount,sTYPE_MONEY,Global,No,No,
VirtualUsagePeriod,Usage Count,GrossUsagePeriodCount,sTYPE_NUMBER_FRACTION6DIGITS,Global,No,No,
VirtualUsagePeriod,Usage Group,CodeUsageGroupID,sCODE_USAGE_GROUP,Global,No,No,
VirtualUsagePeriod,Usage Past Breakpoint #1,UBRPUsagePastBreakpoint1,sTYPE_NUMBER_FRACTION6DIGITS,Global,No,No,
VirtualUsagePeriod,Usage Past Breakpoint #2,UBRPUsagePastBreakpoint2,sTYPE_NUMBER_FRACTION6DIGITS,Global,No,No,
VirtualUsagePeriod,Usage Past Breakpoint #3,UBRPUsagePastBreakpoint3,sTYPE_NUMBER_FRACTION6DIGITS,Global,No,No,
VirtualUsagePeriod,Usage Past Breakpoint #4,UBRPUsagePastBreakpoint4,sTYPE_NUMBER_FRACTION6DIGITS,Global,No,No,
VirtualUsagePeriod,Usage Past Breakpoint #5,UBRPUsagePastBreakpoint5,sTYPE_NUMBER_FRACTION6DIGITS,Global,No,No,
VirtualUsagePeriod,Usage Past Breakpoint #6,UBRPUsagePastBreakpoint6,sTYPE_NUMBER_FRACTION6DIGITS,Global,No,No,
VirtualUsagePeriod,Usage Past Breakpoint #7,UBRPUsagePastBreakpoint7,sTYPE_NUMBER_FRACTION6DIGITS,Global,No,No,
VirtualUsagePeriod,Usage Past Breakpoint #8,UBRPUsagePastBreakpoint8,sTYPE_NUMBER_FRACTION6DIGITS,Global,No,No,
VirtualUsagePeriod,Usage Period Begin Date,PeriodBeginDate,sTYPE_DATE,Global,No,No,
VirtualUsagePeriod,Usage Period End Date,PeriodEndDate,sTYPE_DATE,Global,No,No,
VirtualUsagePeriod,Usage Share,GrossUsagePeriodShare,sTYPE_NUMBER_FRACTION6DIGITS,Global,No,No,
VirtualUsagePeriod,Usage Unit Type,CodeUsageUnitTypeID,sCODE_USAGE_UNIT_TYPE,Global,No,No,
UseBasedRent,Amendment,AmendmentID,sTYPE_CONTRACT_AMENDMENT,Global,No,No,
UseBasedRent,Begin Date,BeginDate,sTYPE_DATE,Global,No,No,
UseBasedRent,Billing Frequency,CodeBillingFrequencyID,sCODE_FREQUENCY,Global,No,No,
UseBasedRent,Contract,ContractID,sTYPE_CONTRACT,Global,Yes,No,
UseBasedRent,Covenant,CovenantID,sTYPE_COVENANT,Global,No,No,
UseBasedRent,Currency Type,CodeCurrencyTypeID,sCODE_CURRENCY_TYPE,Global,No,No,
UseBasedRent,Description,Description,sTYPE_TEXT,Global,No,No,
UseBasedRent,End Date,EndDate,sTYPE_DATE,Global,No,No,
UseBasedRent,Expense Group,CodeExpenseGroupID,sCODE_EXPENSE_GROUP,Global,No,No,
UseBasedRent,Expense Type,CodeExpenseTypeID,sCODE_EXPENSE_TYPE,Global,No,No,
UseBasedRent,Model Type,CodeUseRentModelTypeID,sCODE_USE_RENT_MODEL_TYPE,Global,Yes,No,
UseBasedRent,Modified By,ModifiedByID,sTYPE_MEMBER,Global,No,No,
UseBasedRent,Modified Date,ModifiedDate,sTYPE_TIME,Global,No,No,
UseBasedRent,Notes,Notes,sTYPE_TEXTAREA,Global,No,No,
UseBasedRent,Period Payment Due Days,PeriodPaymentDueDays,sTYPE_NUMBER,Global,No,No,
UseBasedRent,Period Report Due Days,PeriodReportDueDays,sTYPE_NUMBER,Global,No,No,
UseBasedRent,Rent Year Start Month,RentYearStartMonth,sTYPE_MONTH,Global,No,No,
UseBasedRent,Reporting Frequency,CodeReportingFrequencyID,sCODE_FREQUENCY,Global,No,No,
UseBasedRent,Usage Group,CodeUsageGroupID,sCODE_USAGE_GROUP,Global,No,No,
UseBasedRent,Usage Unit Type,CodeUsageUnitTypeID,sCODE_USAGE_UNIT_TYPE,Global,No,No,
UseBasedRent,Use Based Rent ClientID,BOMapClientRecordID,sTYPE_TEXT,Global,Yes,No,
UseBasedRent,Use Based Rent RecID,UseBasedRentID,sTYPE_UNFORMATTED_NUMBER,Global,No,No,
UseBasedRentBreakpoint,Begin Date,BeginDate,sTYPE_DATE,Global,No,No,
UseBasedRentBreakpoint,Breakpoint Cost #1,BreakpointCost1,sTYPE_MONEY,Global,No,No,
UseBasedRentBreakpoint,Breakpoint Cost #2,BreakpointCost2,sTYPE_MONEY,Global,No,No,
UseBasedRentBreakpoint,Breakpoint Cost #3,BreakpointCost3,sTYPE_MONEY,Global,No,No,
UseBasedRentBreakpoint,Breakpoint Cost #4,BreakpointCost4,sTYPE_MONEY,Global,No,No,
UseBasedRentBreakpoint,Breakpoint Cost #5,BreakpointCost5,sTYPE_MONEY,Global,No,No,
UseBasedRentBreakpoint,Breakpoint Cost #6,BreakpointCost6,sTYPE_MONEY,Global,No,No,
UseBasedRentBreakpoint,Breakpoint Cost #7,BreakpointCost7,sTYPE_MONEY,Global,No,No,
UseBasedRentBreakpoint,Breakpoint Cost #8,BreakpointCost8,sTYPE_MONEY,Global,No,No,
UseBasedRentBreakpoint,Breakpoint Count #1,BreakpointCount1,sTYPE_NUMBER,Global,No,No,
UseBasedRentBreakpoint,Breakpoint Count #2,BreakpointCount2,sTYPE_NUMBER,Global,No,No,
UseBasedRentBreakpoint,Breakpoint Count #3,BreakpointCount3,sTYPE_NUMBER,Global,No,No,
UseBasedRentBreakpoint,Breakpoint Count #4,BreakpointCount4,sTYPE_NUMBER,Global,No,No,
UseBasedRentBreakpoint,Breakpoint Count #5,BreakpointCount5,sTYPE_NUMBER,Global,No,No,
UseBasedRentBreakpoint,Breakpoint Count #6,BreakpointCount6,sTYPE_NUMBER,Global,No,No,
UseBasedRentBreakpoint,Breakpoint Count #7,BreakpointCount7,sTYPE_NUMBER,Global,No,No,
UseBasedRentBreakpoint,Breakpoint Count #8,BreakpointCount8,sTYPE_NUMBER,Global,No,No,
UseBasedRentBreakpoint,Contract,ContractID,sTYPE_CONTRACT,Global,Yes,No,
UseBasedRentBreakpoint,Created By,CreatedByID,sTYPE_MEMBER,Global,No,No,
UseBasedRentBreakpoint,Created Date,CreatedDate,sTYPE_TIME,Global,No,No,
UseBasedRentBreakpoint,Description,Description,sTYPE_TEXT,Global,No,No,
UseBasedRentBreakpoint,End Date,EndDate,sTYPE_DATE,Global,No,No,
UseBasedRentBreakpoint,Modified By,ModifiedByID,sTYPE_MEMBER,Global,No,No,
UseBasedRentBreakpoint,Modified Date,ModifiedDate,sTYPE_TIME,Global,No,No,
UseBasedRentBreakpoint,Notes,Notes,sTYPE_TEXTAREA,Global,No,No,
UseBasedRentBreakpoint,Rev Number,RevNumber,sTYPE_UNFORMATTED_NUMBER,Global,No,No,
UseBasedRentBreakpoint,Usage Group,CodeUsageGroupID,sCODE_USAGE_GROUP,Global,No,No,
UseBasedRentBreakpoint,Usage Unit Type,CodeUsageUnitTypeID,sCODE_USAGE_UNIT_TYPE,Global,No,No,
UseBasedRentBreakpoint,Use Based Rent Breakpoint ClientID,BOMapClientRecordID,sTYPE_TEXT,Global,Yes,No,
UseBasedRentBreakpoint,Use Based Rent Breakpoint RecID,UseBasedRentBreakpointID,sTYPE_UNFORMATTED_NUMBER,Global,No,No,
VirtualUseBasedRentPeriod,Breakpoint Cost #1,BreakpointCost1,sTYPE_MONEY,Global,No,No,
VirtualUseBasedRentPeriod,Breakpoint Cost #2,BreakpointCost2,sTYPE_MONEY,Global,No,No,
VirtualUseBasedRentPeriod,Breakpoint Cost #3,BreakpointCost3,sTYPE_MONEY,Global,No,No,
VirtualUseBasedRentPeriod,Breakpoint Cost #4,BreakpointCost4,sTYPE_MONEY,Global,No,No,
VirtualUseBasedRentPeriod,Breakpoint Cost #5,BreakpointCost5,sTYPE_MONEY,Global,No,No,
VirtualUseBasedRentPeriod,Breakpoint Cost #6,BreakpointCost6,sTYPE_MONEY,Global,No,No,
VirtualUseBasedRentPeriod,Breakpoint Cost #7,BreakpointCost7,sTYPE_MONEY,Global,No,No,
VirtualUseBasedRentPeriod,Breakpoint Cost #8,BreakpointCost8,sTYPE_MONEY,Global,No,No,
VirtualUseBasedRentPeriod,Breakpoint Count #1,BreakpointCount1,sTYPE_NUMBER,Global,No,No,
VirtualUseBasedRentPeriod,Breakpoint Count #2,BreakpointCount2,sTYPE_NUMBER,Global,No,No,
VirtualUseBasedRentPeriod,Breakpoint Count #3,BreakpointCount3,sTYPE_NUMBER,Global,No,No,
VirtualUseBasedRentPeriod,Breakpoint Count #4,BreakpointCount4,sTYPE_NUMBER,Global,No,No,
VirtualUseBasedRentPeriod,Breakpoint Count #5,BreakpointCount5,sTYPE_NUMBER,Global,No,No,
VirtualUseBasedRentPeriod,Breakpoint Count #6,BreakpointCount6,sTYPE_NUMBER,Global,No,No,
VirtualUseBasedRentPeriod,Breakpoint Count #7,BreakpointCount7,sTYPE_NUMBER,Global,No,No,
VirtualUseBasedRentPeriod,Breakpoint Count #8,BreakpointCount8,sTYPE_NUMBER,Global,No,No,
VirtualUseBasedRentPeriod,Contract,ContractID,sTYPE_CONTRACT,Global,No,No,
VirtualUseBasedRentPeriod,Period Begin Date,PeriodBeginDate,sTYPE_DATE,Global,No,No,
VirtualUseBasedRentPeriod,Period Date Range,PeriodDateRange,sTYPE_DATE_RANGE,Global,No,No,
VirtualUseBasedRentPeriod,Period End Date,PeriodEndDate,sTYPE_DATE,Global,No,No,
VirtualUseBasedRentPeriod,Usage Group,CodeUsageGroupID,sCODE_USAGE_GROUP,Global,No,No,
VirtualUseBasedRentPeriod,Usage Unit Type,CodeUsageUnitTypeID,sCODE_USAGE_UNIT_TYPE,Global,No,No,
VirtualUBRPAggregate,Billing Frequency,CodeBillingFrequencyID,sCODE_FREQUENCY,Global,No,No,
VirtualUBRPAggregate,Contract,ContractID,sTYPE_CONTRACT,Global,No,No,
VirtualUBRPAggregate,Current Use Based Rent,CurrentRentDue,sTYPE_MONEY,Global,No,No,
VirtualUBRPAggregate,Current Use Based Rent Paid,CurrentRentPaid,sTYPE_MONEY,Global,No,No,
VirtualUBRPAggregate,Expense Group,CodeExpenseGroupID,sCODE_EXPENSE_GROUP,Global,No,No,
VirtualUBRPAggregate,Expense Type,CodeExpenseTypeID,sCODE_EXPENSE_TYPE,Global,No,No,
VirtualUBRPAggregate,Model Type,CodeUseRentModelTypeID,sCODE_USE_RENT_MODEL_TYPE,Global,No,No,
VirtualUBRPAggregate,Net Use Based Rent Due,NetUseBasedRentDue,sTYPE_MONEY,Global,No,No,
VirtualUBRPAggregate,Period Begin Date,PeriodBeginDate,sTYPE_DATE,Global,No,No,
VirtualUBRPAggregate,Period End Date,PeriodEndDate,sTYPE_DATE,Global,No,No,
VirtualUBRPAggregate,Rent Year Begin Date,RentYearBeginDate,sTYPE_DATE,Global,No,No,
VirtualUBRPAggregate,Rent Year End Date,RentYearEndDate,sTYPE_DATE,Global,No,No,
VirtualUBRPAggregate,Total Use Based Rent,CurrentRentObligation,sTYPE_MONEY,Global,No,No,
DemographicReport,Modified By,ModifiedByID,sTYPE_MEMBER,Global,No,No,
DemographicReport,Modified Date,ModifiedDate,sTYPE_TIME,Global,No,No,
DemographicFact,Computed Sequence Number,ComputedSequenceNumber,sTYPE_NUMBER,Global,No,No,
DemographicFact,Demographic Fact ClientID,BOMapClientRecordID,sTYPE_TEXT,Global,Yes,No,
DemographicFact,Demographic Fact RecID,DemographicFactID,sTYPE_UNFORMATTED_NUMBER,Global,No,No,
DemographicFact,Is Ordered?,IsOrdered,sTYPE_BOOLEAN,Global,No,No,
DemographicFact,Market Demographics,CodeMarketDemographicsID,sCODE_MARKET_DEMOGRAPHICS,Global,Yes,No,
DemographicFact,Order Record Name,OrderRecordName,sTYPE_TEXT,Global,No,No,
DemographicFact,Order Record Type,OrderRecordType,sTYPE_TEXT,Global,No,No,
DemographicFact,Parent ID,ParentID,sTYPE_UNFORMATTED_NUMBER,Global,No,No,
DemographicFact,Previous ID,PreviousID,sTYPE_UNFORMATTED_NUMBER,Global,No,No,
DemographicFact,Weighting,Weighting,sTYPE_UNFORMATTED_NUMBER,Global,No,No,
DemographicResults,Demographic Results ClientID,BOMapClientRecordID,sTYPE_TEXT,Global,Yes,No,
DemographicResults,Demographic Results Description,Description,sTYPE_TEXTAREA,Global,No,No,
DemographicResults,Demographic Results Document,DocumentID,sTYPE_DOCUMENT,Global,No,No,
DemographicResults,Demographic Results Name,DemographicResultsName,sTYPE_TEXT,Global,No,No,
DemographicResults,Demographic Results RecID,DemographicResultsID,sTYPE_UNFORMATTED_NUMBER,Global,No,No,
DemographicResults,Demographic Results Type,CodeDemographicResultsTypeID,sCODE_DEMOGRAPHIC_RESULTS_TYPE,Global,Yes,No,
DemographicResults,Results Status,CodeResultsStatusID,sCODE_RESULTS_STATUS,Global,Yes,No,
DemographicResults,Temp Location,TempLocation,sTYPE_TEXT,Global,No,No,
DemographicResults,Third Party Vendor,CodeThirdPartyVendorID,sCODE_THIRD_PARTY_VENDOR,Global,No,No,
DemographicResults,Time Finished,TimeFinished,sTYPE_TIME,Global,No,No,
DemographicResults,Time Initiated,TimeInitiated,sTYPE_TIME,Global,No,No,
DemographicStudyArea,Area Drive Time In Minutes,AreaDriveTimeInMinutes,sTYPE_NUMBER,Global,No,No,
DemographicStudyArea,Area Radius,AreaRadius,sTYPE_NUMBER,Global,No,No,
DemographicStudyArea,Demographic Study Area ClientID,BOMapClientRecordID,sTYPE_TEXT,Global,Yes,No,
DemographicStudyArea,Demographic Study Area Name,DemographicStudyAreaName,sTYPE_TEXT,Global,Yes,No,
DemographicStudyArea,Demographic Study Area RecID,DemographicStudyAreaID,sTYPE_UNFORMATTED_NUMBER,Global,No,No,
DemographicStudyArea,Radius Unit,CodeRadiusUnitID,sCODE_DISTANCE_UNIT,Global,No,No,
DemographicReport,Demographic Report ClientID,BOMapClientRecordID,sTYPE_TEXT,Global,Yes,No,
DemographicReport,Demographic Report RecID,DemographicReportID,sTYPE_UNFORMATTED_NUMBER,Global,No,No,
DemographicReport,Market Area,CodeMarketAreaID,sCODE_MARKET_AREA,Global,No,No,
DemographicReport,Market Type,CodeMarketTypeID,sCODE_MARKET_TYPE,Global,No,No,
DemographicReport,Name,DemographicReportName,sTYPE_TEXT,Global,Yes,No,
DemographicReport,Prototype,PrototypeID,sTYPE_PROTOTYPE,Global,No,No,
DemographicReport,Region,RegionID,sTYPE_REGION,Global,No,No,
DemographicReport,Trade Area,TradeArea,sTYPE_TEXT,Global,No,No,
DocumentAudit,Action,CodeDocumentActionID,sCODE_DOCUMENT_ACTION,Global,Yes,No,
DocumentAudit,Action By Member,ActionByMemberID,sTYPE_MEMBER,Global,Yes,No,
DocumentAudit,Audit Date,AuditDate,sTYPE_DATE,Global,Yes,No,
DocumentAudit,Document,DocumentID,sTYPE_DOCUMENT,Global,Yes,No,
DocumentAudit,Entity,ProjectEntityID,sTYPE_PROJECT_ENTITY,Global,Yes,No,
DocumentAudit,Folder,ParentFolderID,sTYPE_FOLDER,Global,No,No,
Document,Modified By,ModifiedByID,sTYPE_MEMBER,Global,No,No,
Document,Modified Date,ModifiedDate,sTYPE_TIME,Global,No,No,
LinkSecurity,Folder,FolderID,sTYPE_FOLDER,Global,No,No,
LinkSecurity,Security Setting,CodeFolderSecurityTypeID,sCODE_SECURITY_TYPE,Global,No,No,
LinkSecurity,User Class,CodeUserClassID,sCODE_USER_CLASS,Global,Yes,No,
Folder,Description,Description,sTYPE_TEXTAREA,Global,No,No,
Folder,Downloadable,IsFolderDownloadableByMember,sTYPE_BOOLEAN,Global,No,No,
Folder,Folder ClientID,BOMapClientRecordID,sTYPE_TEXT,Global,Yes,No,
Folder,Folder RecID,FolderID,sTYPE_UNFORMATTED_NUMBER,Global,No,No,
Folder,Folder Template Name,FolderTemplateName,sTYPE_TEXT,Global,No,No,
Folder,Full Folder List,SubFolderPath,sTYPE_FULL_FOLDER_LIST,Global,No,No,
Folder,Modified By,ModifiedByID,sTYPE_MEMBER,Global,No,No,
Folder,Modified Date,ModifiedDate,sTYPE_TIME,Global,No,No,
Folder,Name,FolderName,sTYPE_TEXT,Global,Yes,No,
Folder,Parent Folder,ParentFolderID,sTYPE_FOLDER,Global,No,No,
Folder,Path Name,SubFolderPath,sTYPE_TEXT,Global,No,No,
Folder,Previous Folder,PreviousFolderID,sTYPE_FOLDER,Global,No,No,
Folder,Readable,IsFolderReadableByMember,sTYPE_BOOLEAN,Global,No,No,
Folder,Subscriber Job Titles,SubscriptionCodeJobTitleIDList,sCODE_JOB_TITLE,Global,No,No,
Folder,Uploadable,IsFolderUploadableByMember,sTYPE_BOOLEAN,Global,No,No,
Folder,Uploadable Only,IsFolderUploadOnlyByMember,sTYPE_BOOLEAN,Global,No,No,
Document,Author,AuthoredByPersonID,sTYPE_PERSON,Global,No,No,
Document,Author Name,AuthorName,sTYPE_TEXT,Global,No,No,
Document,Checked Out By Member,CheckedOutByMemberID,sTYPE_MEMBER,Global,No,No,
Document,Checked Out Date,CheckedOutDate,sTYPE_DATE,Global,No,No,
Document,Conversion Status,CodeDocumentConvertStatusID,sCODE_DOCUMENT_CONVERT_STATUS,Global,Yes,No,
Document,Description,Description,sTYPE_TEXT,Global,No,No,
Document,Document RecID,DocumentID,sTYPE_UNFORMATTED_NUMBER,Global,No,No,
Document,Document Type,CodeDocumentTypeID,sCODE_DOCUMENT_TYPE,Global,Yes,No,
Document,Download Link,DownloadLink,sTYPE_DOCUMENT_VIEWLINK,Global,No,No,
Document,File Created Date,FileCreatedDate,sTYPE_TIME,Global,Yes,No,
Document,File Name,BaseName,sTYPE_TEXT,Global,Yes,No,
Document,File Size,FileSize,sTYPE_NUMBER,Global,No,No,
Document,Folder,SubFolderPath,sTYPE_TEXT,Global,No,No,
Document,Has Markups?,HasMarkups,sTYPE_BOOLEAN,Global,No,No,
Document,Is Checked Out?,IsCheckedOut,sTYPE_BOOLEAN,Global,No,No,
Document,Is Latest Version?,IsLatestVersion,sTYPE_BOOLEAN,Global,No,No,
Document,Parent Folder,ParentFolderID,sTYPE_FOLDER,Global,Yes,No,
Document,Parent Folder Name,ParentFolderName,sTYPE_TEXT,Global,No,No,
Document,Released?,ReadyForRelease,sTYPE_CHECKBOX,Global,Yes,No,
Document,Version,Version,sTYPE_NUMBER,Global,Yes,No,
Asset,Accounting Begin Date,AccountingBeginDate,sTYPE_DATE,Global,No,No,
Asset,Accounting End Date,AccountingEndDate,sTYPE_DATE,Global,No,No,
Asset,Accounting Method Override,CodeAccountingMethodOverrideID,sCODE_ACCOUNTING_METHOD,Global,No,No,
Asset,Asset Sale Price,AssetSalePrice,sTYPE_MONEY,Global,No,No,
Asset,Compounding Frequency,CodeCompoundingFrequencyID,sCODE_MONTH_FREQUENCY,Global,No,No,
Asset,Current Annual Payment,CurrentAnnualPayment,sTYPE_MONEY,Global,No,No,
Asset,Current Monthly Payment,CurrentMonthlyPayment,sTYPE_MONEY,Global,No,No,
Asset,Depreciation End Date,DepreciationEndDate,sTYPE_DATE,Global,No,No,
Asset,Discount Rate Override,DiscountRateOverride,sTYPE_PERCENTAGE,Global,No,No,
Asset,Disposition Date,DispositionDate,sTYPE_DATE,Global,No,No,
Asset,Does Ownership Revert To Tenant?,DoesTitleRevertToTenant,sTYPE_CHECKBOX,Global,No,No,
Asset,Fair Value Of Asset,FairValueOfAsset,sTYPE_MONEY,Global,No,No,
Asset,Fair Value Source,FairValueSource,sTYPE_TEXT,Global,No,No,
Asset,Final Asset Amount,FinalAssetAmount,sTYPE_MONEY,Global,No,No,
Asset,Final Asset Amount Allocation Percentage,FinalAssetAllocPercent,sTYPE_PERCENTAGE,Global,No,No,
Asset,Final Asset Amount Date,FinalAssetDate,sTYPE_DATE,Global,No,No,
Asset,Financial Contract,FinancialContractID,sTYPE_EQUIPMENT_CONTRACT,Global,No,No,
Asset,Has Buyout Option?,HasBuyoutOption,sTYPE_CHECKBOX,Global,No,No,
Asset,Impairment Override Amount,ImpairmentOverride,sTYPE_MONEY,Global,No,No,
Asset,Initial Asset Balance Adjustment,InitialAssetBalanceAdjust,sTYPE_MONEY,Global,No,No,
Asset,Initial Liability Balance Adjustment,InitialLiabilityBalanceAdjust,sTYPE_MONEY,Global,No,No,
Asset,Is Asset Too Specialized For Lessor?,IsAssetTooSpecializedForLessor,sTYPE_CHECKBOX,Global,No,No,
Asset,Month To Month?,MonthToMonth,sTYPE_CHECKBOX,Global,No,No,
Asset,Payments Begin Date,PaymentsBeginDate,sTYPE_DATE,Global,No,No,
Asset,Payments End Date,PaymentsEndDate,sTYPE_DATE,Global,No,No,
Asset,Plan To Buy At End Of Term?,PlanToBuyAtEndOfTerm,sTYPE_CHECKBOX,Global,No,No,
Asset,Portion Of Asset Controlled,PortionOfAssetControlled,sTYPE_PERCENTAGE,Global,No,No,
Asset,Purchase Date,PurchaseDate,sTYPE_DATE,Global,No,No,
Asset,Purchase Order Descrption,PurchaseOrderDescrption,sTYPE_TEXTAREA,Global,No,No,
Asset,Purchase Order Number,PurchaseOrderNumber,sTYPE_TEXT,Global,No,No,
Asset,Purchase Order Reference,PurchaseOrderReference,sTYPE_TEXT,Global,No,No,
Asset,Purchase Price,PurchasePrice,sTYPE_MONEY,Global,No,No,
Asset,Remaining Asset Balance,RemainingAssetBalance,sTYPE_PERCENT_OR_AMOUNT,Global,No,No,
Asset,Remaining Life,RemainingLife,sTYPE_NUMBER,Global,No,No,
Asset,Remaining Life Freq Unit,CodeRemainingLifeFreqUnitID,sCODE_FREQUENCY_UNIT,Global,No,No,
Asset,Residual,Residual,sTYPE_MONEY,Global,No,No,
Asset,Starting Depreciation Cost,StartingDepreciationCost,sTYPE_MONEY,Global,No,No,
Asset,Years Of Depreciable Life,YearsOfDepreciableLife,sTYPE_NUMBER,Global,No,No,
Asset,Account #,CodeDesc_CodeAssetCategoryID,sCODE_ASSET_CATEGORY,Global,No,No,
Asset,Alternate Vendor,AlternateVendorID,sTYPE_VENDOR,Global,No,No,
Asset,Asset Barcode Number,AssetBarcodeNumber,sTYPE_TEXT,Global,No,No,
Asset,Asset ClientID,BOMapClientRecordID,sTYPE_TEXT,Global,Yes,No,
Asset,Asset Department,CodeAssetDepartmentID,sCODE_ASSET_DEPARTMENT,Global,No,No,
Asset,Asset Group,CodeAssetGroupID,sCODE_ASSET_GROUP,Global,No,No,
Asset,Asset Number,ClientNumber,sTYPE_TEXT,Global,No,No,
Asset,Asset Operation Status,CodeAssetOperationStatusID,sCODE_ASSET_OPERATION_STATUS,Global,No,No,
Asset,Asset Product Type,CodeAssetProductTypeID,sCODE_ASSET_PRODUCT_TYPE,Global,No,No,
Asset,Asset RecID,AssetID,sTYPE_UNFORMATTED_NUMBER,Global,No,No,
Asset,Asset Serial #,AssetSerialNumber,sTYPE_TEXT,Global,No,No,
Asset,Asset Suspension Status,CodeAssetSuspensionStatusID,sCODE_ASSET_SUSPENSION_STATUS,Global,No,No,
Asset,Asset Type,CodeAssetTypeID,sCODE_ASSET_TYPE,Global,No,No,
Asset,Asset UUID,UUID,sTYPE_TEXT,Global,No,No,
Asset,Associated Entity,AssociatedProjectEntityID,sTYPE_MIXEDENTITY,Global,No,No,
Asset,Color,Color,sTYPE_TEXT,Global,No,No,
Asset,Contract Responsibility,ResponsibilityID,sTYPE_RESPONSIBILITY,Global,No,No,
Asset,Created By,CreatedByID,sTYPE_MEMBER,Global,No,No,
Asset,Created Date,CreatedDate,sTYPE_TIME,Global,No,No,
Asset,Depth,Depth,sTYPE_NUMBER,Global,No,No,
Asset,Dimension Unit,CodeDimensionUnitID,sCODE_MEASUREMENT_UNIT,Global,No,No,
Asset,Equipment Name,AssetName,sTYPE_TEXT,Global,Yes,No,
Asset,Expected Life,ExpectedLife,sTYPE_TEXTAREA,Global,No,No,
Asset,First Year Bonus Depreciation,FirstYearBonusDepreciation,sTYPE_PERCENTAGE,Global,No,No,
Asset,Floor,Floor,sTYPE_TEXT,Global,No,No,
Asset,Generate Service Request,GenerateServiceRequest,sTYPE_SUBMITBUTTON,Global,No,No,
Asset,Height,Height,sTYPE_NUMBER,Global,No,No,
Asset,In-Service Date,InServiceDate,sTYPE_DATE,Global,No,No,
Asset,Installation Date,InstallationDate,sTYPE_DATE,Global,No,No,
Asset,Installer,InstallerVendorID,sTYPE_VENDOR,Global,No,No,
Asset,Insurance Agent,InsuranceAgent,sTYPE_TEXT,Global,No,No,
Asset,Insurance Alert Date,InsuranceAlertDate,sTYPE_DATE,Global,No,No,
Asset,Insurance Begin Date,InsuranceBeginDate,sTYPE_DATE,Global,No,No,
Asset,Insurance End Date,InsuranceEndDate,sTYPE_DATE,Global,No,No,
Asset,Insurance Policy Number,InsurancePolicyNumber,sTYPE_TEXT,Global,No,No,
Asset,Insurance Term,InsuranceTerm,sTYPE_NUMBER,Global,No,No,
Asset,Insurance Term Unit,CodeInsuranceTermUnitID,sCODE_TIME_UNIT,Global,No,No,
Asset,Insurance Tickler Date,InsuranceTicklerDate,sTYPE_DATE,Global,No,No,
Asset,Integration Asset Status,IntegrationAssetStatus,sTYPE_TEXT,Global,No,No,
Asset,Is Low Asset Value,IsLowAssetValue,sTYPE_NULL_CHECKBOX,Global,No,No,
Asset,Is Short Term,IsShortTerm,sTYPE_NULL_CHECKBOX,Global,No,No,
Asset,Lease Section,LeaseSection,sTYPE_TEXT,Global,No,No,
Asset,LOA Months,LOAMonths,sTYPE_NUMBER,Global,No,No,
Asset,Location Details,LocationDetails,sTYPE_TEXTAREA,Global,No,No,
Asset,Maintenance Category,CodeAssetCategoryID,sCODE_ASSET_CATEGORY,Global,No,No,
Asset,Maintenance Remedy Allowed,CodeMaintenanceRemedyID,sCODE_MAINTENANCE_REMEDY,Global,No,No,
Asset,Maintenance Remedy Time,MaintenanceMaximumRemedyDays,sTYPE_NUMBER,Global,No,No,
Asset,Maintenance Responsible Contact,MaintenanceResponsiblePersonID,sTYPE_PERSON,Global,No,No,
Asset,Maintenance Responsible Party,CodeMaintenancePartyID,sCODE_RESPONSIBLE_PARTY,Global,No,No,
Asset,Make,Make,sTYPE_TEXT,Global,No,No,
Asset,Manufacturer,ManufacturerVendorID,sTYPE_VENDOR,Global,No,No,
Asset,Model #,ModelNumber,sTYPE_TEXT,Global,No,No,
Asset,Modified By,ModifiedByID,sTYPE_MEMBER,Global,No,No,
Asset,Modified Date,ModifiedDate,sTYPE_TIME,Global,No,No,
Asset,Move In Date,MoveInDate,sTYPE_DATE,Global,No,No,
Asset,Notes,Description,sTYPE_TEXTAREA,Global,No,No,
Asset,PM Frequency,CodePMFrequencyUnitID,sCODE_FREQUENCY_UNIT,Global,No,No,
Asset,PM Period,PMPeriod,sTYPE_NUMBER,Global,No,No,
Asset,Primary Vendor,PrimaryVendorID,sTYPE_VENDOR,Global,No,No,
Asset,Repair Remedy Allowed,CodeRepairRemedyID,sCODE_MAINTENANCE_REMEDY,Global,No,No,
Asset,Repair Remedy Time,RepairMaximumRemedyDays,sTYPE_NUMBER,Global,No,No,
Asset,Repair Responsible Contact,RepairResponsiblePersonID,sTYPE_PERSON,Global,No,No,
Asset,Repair Responsible Party,CodeRepairPartyID,sCODE_RESPONSIBLE_PARTY,Global,No,No,
Asset,Replacement Cost,ReplacementCost,sTYPE_MONEY,Global,No,No,
Asset,Replacement Remedy Allowed,CodeReplacementRemedyID,sCODE_MAINTENANCE_REMEDY,Global,No,No,
Asset,Replacement Remedy Time,ReplacementMaximumRemedyDays,sTYPE_NUMBER,Global,No,No,
Asset,Replacement Responsible Contact,ReplacementResponsiblePersonID,sTYPE_PERSON,Global,No,No,
Asset,Replacement Responsible Party,CodeReplacementPartyID,sCODE_RESPONSIBLE_PARTY,Global,No,No,
Asset,Rev Number,RevNumber,sTYPE_UNFORMATTED_NUMBER,Global,No,No,
Asset,Sales Person Name,SalesPersonName,sTYPE_TEXT,Global,No,No,
Asset,Secondary Vendor,SecondaryVendorID,sTYPE_VENDOR,Global,No,No,
Asset,Supplier,SupplierVendorID,sTYPE_VENDOR,Global,No,No,
Asset,System of Record,BaseProvider,sTYPE_VALUES_PROVIDER,Global,No,No,
Asset,UCC Expiration Date,UCCExpirationDate,sTYPE_DATE,Global,No,No,
Asset,UCC File Date,UCCFileDate,sTYPE_DATE,Global,No,No,
Asset,Vendor PO Number,VendorPONumber,sTYPE_TEXT,Global,No,No,
Asset,Warranty Begin Date,WarrantyBeginDate,sTYPE_DATE,Global,No,No,
Asset,Warranty Comments,WarrantyComments,sTYPE_TEXTAREA,Global,No,No,
Asset,Warranty End Date,WarrantyEndDate,sTYPE_DATE,Global,No,No,
Asset,Warranty Number,WarrantyNumber,sTYPE_TEXT,Global,No,No,
Asset,Warranty Vendor,WarrantyVendorID,sTYPE_VENDOR,Global,No,No,
Asset,Weight,Weight,sTYPE_NUMBER,Global,No,No,
Asset,Weight Unit,CodeWeightUnitID,sCODE_WEIGHT_UNIT,Global,No,No,
Asset,Width,Width,sTYPE_NUMBER,Global,No,No,
AssetHistory,Asset,AssetID,sTYPE_EQUIPMENT,Global,Yes,No,
AssetHistory,Asset History ClientID,BOMapClientRecordID,sTYPE_TEXT,Global,Yes,No,
AssetHistory,Asset History RecID,AssetHistoryID,sTYPE_UNFORMATTED_NUMBER,Global,No,No,
AssetHistory,Created By,CreatedByID,sTYPE_MEMBER,Global,No,No,
AssetHistory,Created Date,CreatedDate,sTYPE_TIME,Global,No,No,
AssetHistory,From Entity,FromProjectEntityID,sTYPE_MIXEDENTITY,Global,No,No,
AssetHistory,Modified By,ModifiedByID,sTYPE_MEMBER,Global,No,No,
AssetHistory,Modified Date,ModifiedDate,sTYPE_TIME,Global,No,No,
AssetHistory,Move In Date,MoveInDate,sTYPE_DATE,Global,No,No,
AssetHistory,Move Out Date,MoveOutDate,sTYPE_DATE,Global,No,No,
AssetHistory,Notes,Notes,sTYPE_TEXTAREA,Global,No,No,
AssetHistory,Rev Number,RevNumber,sTYPE_UNFORMATTED_NUMBER,Global,No,No,
AssetHistory,To Entity,ProjectEntityID,sTYPE_MIXEDENTITY,Global,Yes,No,
CodeAssetCategory,DNE Amount,DNEAmount,sTYPE_MONEY,Global,No,No,
CodeAssetCategory,GL Number,GLNumber,sTYPE_TEXT,Global,No,No,
CodeAssetCategory,Sub Account,SubAccount,sTYPE_TEXT,Global,No,No,
Facility,City,City,sTYPE_TEXT,Global,No,No,
Facility,Country,CountryID,sTYPE_COUNTRY,Global,No,No,
Facility,Full Address,HTMLAddress,sTYPE_TEXT,Global,No,No,
Facility,Jurisdiction,JurisdictionID,sTYPE_JURISDICTION,Global,No,No,
Facility,Postal Code,PostalCode,sTYPE_POSTALCODE,Global,No,No,
Facility,State,IStateProvinceCountryID,sTYPE_STATE_PROVINCE,Global,No,No,
Facility,Street Address,StreetAddress,sTYPE_TEXT,Global,No,No,
Facility,Street Address #1,StreetAddress1,sTYPE_TEXT,Global,No,No,
Facility,Street Address #2,StreetAddress2,sTYPE_TEXT,Global,No,No,
Facility,Street Address #3,StreetAddress3,sTYPE_TEXT,Global,No,No,
Facility,Street Address #4,StreetAddress4,sTYPE_TEXT,Global,No,No,
Facility,Use Location Address,UseLocationAddress,sTYPE_CHECKBOX,Global,Yes,No,
Facility,Modified By,ModifiedByID,sTYPE_MEMBER,Global,No,No,
Facility,Modified Date,ModifiedDate,sTYPE_TIME,Global,No,No,
FacilityExpense,Actual Amount,ActualAmount,sTYPE_MONEY,Global,No,No,
FacilityExpense,Associated Document,AssociatedDocumentID,sTYPE_DOCUMENT,Global,No,No,
FacilityExpense,Budgeted Amount,BudgetedAmount,sTYPE_MONEY,Global,No,No,
FacilityExpense,Created By,CreatedByID,sTYPE_MEMBER,Global,No,No,
FacilityExpense,Created Date,CreatedDate,sTYPE_TIME,Global,No,No,
FacilityExpense,Description,Description,sTYPE_TEXT,Global,No,No,
FacilityExpense,Effective Date,EffectiveDate,sTYPE_DATE,Global,No,No,
FacilityExpense,Expense Group,CodeExpenseGroupID,sCODE_EXPENSE_GROUP,Global,No,No,
FacilityExpense,Expense Type,CodeExpenseTypeID,sCODE_EXPENSE_TYPE,Global,No,No,
FacilityExpense,Facility,FacilityID,sTYPE_FACILITY,Global,Yes,No,
FacilityExpense,Facility Expense ClientID,BOMapClientRecordID,sTYPE_TEXT,Global,Yes,No,
FacilityExpense,Facility Expense RecID,FacilityExpenseID,sTYPE_UNFORMATTED_NUMBER,Global,No,No,
FacilityExpense,File Name,BaseName,sTYPE_TEXT,Global,No,No,
FacilityExpense,Folder,FolderID,sTYPE_DOCUMENT,Global,No,No,
FacilityExpense,Modified By,ModifiedByID,sTYPE_MEMBER,Global,No,No,
FacilityExpense,Modified Date,ModifiedDate,sTYPE_TIME,Global,No,No,
FacilityExpense,Notes,Notes,sTYPE_TEXTAREA,Global,No,No,
FacilityExpense,Planned Amount,PlannedAmount,sTYPE_MONEY,Global,No,No,
FacilityExpense,Reference ID,ReferenceID,sTYPE_TEXTAREA,Global,No,No,
FacilityExpense,Rev Number,RevNumber,sTYPE_UNFORMATTED_NUMBER,Global,No,No,
FacilityExpense,Revised Amount,RevisedAmount,sTYPE_MONEY,Global,No,No,
Facility,Actual/Forecast Delivery Date,ActualEndDate,sTYPE_DATE,Global,No,No,
Facility,Baseline End date,BaselineEndDate,sTYPE_DATE,Global,No,No,
Facility,Baseline Start Date,BaselineStartDate,sTYPE_DATE,Global,No,No,
Facility,Behind Schedule Days,BehindScheduleDays,sTYPE_NUMBER,Global,No,No,
Facility,Building Area Unit,CodeBuildingAreaUnitID,sCODE_BUILDING_AREA_UNIT,Global,No,No,
Facility,Close Date,CloseDate,sTYPE_DATE,Global,No,No,
Facility,Construction Date,ConstructionDate,sTYPE_DATE,Global,No,No,
Facility,Construction Phase Status,ConstructionPhaseStatus,sTYPE_TEXT,Global,No,No,
Facility,Construction Type,CodeConstructionTypeID,sCODE_CONSTRUCTION_TYPE,Global,No,No,
Facility,Days Until Open,DaysUntilOpen,sTYPE_NUMBER,Global,No,No,
Facility,Deal Type,CodeDealTypeID,sCODE_DEAL_TYPE,Global,No,No,
Facility,Defined Field #1,DefinedField1,sTYPE_TEXT,Global,No,No,
Facility,Defined Field #2,DefinedField2,sTYPE_TEXT,Global,No,No,
Facility,Depth,Depth,sTYPE_AREA,Global,No,No,
Facility,Description,ProjectDescription,sTYPE_TEXTAREA,Global,No,No,
Facility,Design Phase Status,DesignPhaseStatus,sTYPE_TEXT,Global,No,No,
Facility,Distribution Center,CodeDistributionCenterID,sCODE_DISTRIBUTION_CENTER,Global,No,No,
Facility,Distribution Center Area,DistributionCenterArea,sTYPE_AREA,Global,No,No,
Facility,Entity Photo,EntityPhoto,sTYPE_TEXT,Global,No,No,
Facility,Entity RecID,ProjectEntityID,sTYPE_UNFORMATTED_NUMBER,Global,Yes,No,
Facility,Facility Category,CodeFacilityCategoryID,sCODE_FACILITY_CATEGORY,Global,No,No,
Facility,Facility ClientID,BOMapClientRecordID,sTYPE_TEXT,Global,Yes,No,
Facility,Facility Group,CodeFacilityGroupID,sCODE_FACILITY_GROUP,Global,No,No,
Facility,Facility ID,ClientEntityID,sTYPE_TEXT,Global,No,No,
Facility,Facility Name,FacilityName,sTYPE_ENTITY_NAME,Global,Yes,No,
Facility,Facility RecID,FacilityID,sTYPE_UNFORMATTED_NUMBER,Global,No,No,
Facility,Facility Status,CodeFacilityStatusID,sCODE_FACILITY_STATUS,Global,No,No,
Facility,Facility Type,CodeFacilityTypeID,sCODE_FACILITY_TYPE,Global,No,No,
Facility,Facility Use,CodeFacilityUseID,sCODE_FACILITY_USE,Global,No,No,
Facility,Facility UUID,UUID,sTYPE_TEXT,Global,No,No,
Facility,Frontage,Frontage,sTYPE_AREA,Global,No,No,
Facility,Gross Area,GrossArea,sTYPE_AREA,Global,No,No,
Facility,Hours Of Operation,HoursOfOperation,sTYPE_TEXTAREA,Global,No,No,
Facility,Is Dead?,IsDead,sTYPE_CHECKBOX,Global,Yes,No,
Facility,Is Inactive?,Inactive,sTYPE_CHECKBOX,Global,Yes,No,
Facility,Issues And Alerts,IssuesAndAlerts,sTYPE_TEXT,Global,No,No,
Facility,Last Years Annual Sales,LastYearsAnnualSales,sTYPE_MONEY,Global,No,No,
Facility,Location,LocationID,sTYPE_LOCATION,Global,Yes,No,
Facility,Market Area,CodeMarketAreaID,sCODE_MARKET_AREA,Global,Yes,No,
Facility,Market Potential,CodeDesc_CodeMarketAreaID,sCODE_MARKET_AREA,Global,No,No,
Facility,Market Type,CodeMarketTypeID,sCODE_MARKET_TYPE,Global,No,No,
Facility,Notes,Notes,sTYPE_TEXTAREA,Global,No,No,
Facility,Open Date,OpenDate,sTYPE_DATE,Global,No,No,
Facility,Open year,OpenYear,sTYPE_DROPDOWN_YEAR,Global,No,No,
Facility,Opening Project,OpeningProjectPEID,sTYPE_ACTIVEINACTIVE_PROJECT,Global,No,No,
Facility,Operating Status,OperatingStatus,sTYPE_TEXT,Global,Yes,No,
Facility,Operations Phase Status,OperationsPhaseStatus,sTYPE_TEXT,Global,No,No,
Facility,Original Delivery Date,ExpectedEndDate,sTYPE_DATE,Global,No,No,
Facility,Original Delivery Month/Year,ExpectedEndDate,sTYPE_MONTHS_YEAR,Global,No,No,
Facility,Original Delivery Period/Year,ExpectedEndDate,sTYPE_PERIOD_YEAR,Global,No,No,
Facility,Original Delivery Qtr/Yr,ExpectedEndDate,sTYPE_QUARTERS_YEAR,Global,No,No,
Facility,Out Of Date Days,OutOfDateDays,sTYPE_NUMBER,Global,No,No,
Facility,Parent Region,RootRegionID,sTYPE_ROOT_REGION,Global,No,No,
Facility,Phone,Phone,sTYPE_PHONE,Global,No,No,
Facility,Portfolio,ProgramID,sTYPE_PROGRAM,Global,Yes,No,
Facility,Possession Phase Status,PossessionPhaseStatus,sTYPE_TEXT,Global,No,No,
Facility,Project Managers,ManagerIDList,sTYPE_PROJECT_MANAGER,Global,No,No,
Facility,Project Status,CurrentPhaseStatus,sTYPE_TEXT,Global,No,No,
Facility,Project Type,CodeProjectTypeID,sCODE_PROJECT_TYPE,Global,No,No,
Facility,Prototype,PrototypeID,sTYPE_PROTOTYPE,Global,No,No,
Facility,RE Planner Open Date,SlotEndDate,sTYPE_DATE,Global,No,No,
Facility,Real Estate Phase Status,RealEstatePhaseStatus,sTYPE_TEXT,Global,No,No,
Facility,Real Estate Type,CodeDesc_CodeProjectTypeID,sCODE_PROJECT_TYPE,Global,No,No,
Facility,Region,RegionID,sTYPE_REGION,Global,Yes,No,
Facility,Related Facility Entities,RelatedEntities,sTYPE_TEXT,Global,No,No,
Facility,Remodel Date,RemodelDate,sTYPE_DATE,Global,No,No,
Facility,Rentable Area,RentableArea,sTYPE_AREA,Global,No,No,
Facility,Schedule Creation Method,TaskCreationMethod,sTYPE_TASK_CREATION_METHOD,Global,Yes,No,
Facility,Sequence Number,SequenceNumber,sTYPE_NUMBER,Global,No,No,
Facility,Sub Region,SubRegionID,sTYPE_SUBREGION,Global,No,No,
Facility,Third Party Warehouse,ThirdPartyWarehouse,sTYPE_TEXT,Global,No,No,
Facility,Time Zone,TimeZone,sTYPE_TIMEZONE,Global,No,No,
Facility,Trade Area,TradeArea,sTYPE_TEXT,Global,No,No,
Facility,Usable Area,UsableArea,sTYPE_AREA,Global,No,No,
Parking,Created By,CreatedByID,sTYPE_MEMBER,Global,No,No,
Parking,Created Date,CreatedDate,sTYPE_TIME,Global,No,No,
Parking,Currency Type,CodeCurrencyTypeID,sCODE_CURRENCY_TYPE,Global,No,No,
Parking,Description,Description,sTYPE_TEXT,Global,No,No,
Parking,Facility,FacilityID,sTYPE_FACILITY,Global,Yes,No,
Parking,Modified By,ModifiedByID,sTYPE_MEMBER,Global,No,No,
Parking,Modified Date,ModifiedDate,sTYPE_TIME,Global,No,No,
Parking,Notes,Notes,sTYPE_TEXTAREA,Global,No,No,
Parking,Parking ClientID,BOMapClientRecordID,sTYPE_TEXT,Global,Yes,No,
Parking,Parking Denominator,CodeParkingDenominatorID,sCODE_DENOMINATOR,Global,No,No,
Parking,Parking Group,CodeParkingGroupID,sCODE_PARKING_GROUP,Global,No,No,
Parking,Parking Location,ParkingLocation,sTYPE_TEXT,Global,No,No,
Parking,Parking Number Spaces,ParkingNumberSpaces,sTYPE_NUMBER,Global,No,No,
Parking,Parking Rate Per,ParkingRatePer,sTYPE_MONEY,Global,No,No,
Parking,Parking RecID,ParkingID,sTYPE_UNFORMATTED_NUMBER,Global,No,No,
Parking,Parking Spaces Description,ParkingSpaceDescr,sTYPE_TEXT,Global,No,No,
Parking,Parking Type,CodeParkingTypeID,sCODE_PARKING_TYPE,Global,No,No,
Parking,Rev Number,RevNumber,sTYPE_NUMBER,Global,No,No,
Space,Building Area Unit,CodeBuildingAreaUnitID,sCODE_BUILDING_AREA_UNIT,Global,No,No,
Space,Client Number,ClientNumber,sTYPE_TEXT,Global,No,No,
Space,Contract,ContractID,sTYPE_CONTRACT,Global,No,No,
Space,Created By,CreatedByID,sTYPE_MEMBER,Global,No,No,
Space,Created Date,CreatedDate,sTYPE_TIME,Global,No,No,
Space,Description,Description,sTYPE_TEXT,Global,No,No,
Space,Effective Date,EffectiveDate,sTYPE_DATE,Global,No,No,
Space,Facility,FacilityID,sTYPE_FACILITY,Global,Yes,No,
Space,Floor Number,FloorNumber,sTYPE_TEXT,Global,No,No,
Space,Gross Area,GrossArea,sTYPE_AREA,Global,No,No,
Space,Modified By,ModifiedByID,sTYPE_MEMBER,Global,No,No,
Space,Modified Date,ModifiedDate,sTYPE_TIME,Global,No,No,
Space,Notes,Notes,sTYPE_TEXTAREA,Global,No,No,
Space,Rentable Area,RentableArea,sTYPE_AREA,Global,No,No,
Space,Rev Number,RevNumber,sTYPE_NUMBER,Global,No,No,
Space,Room Number,RoomNumber,sTYPE_TEXT,Global,No,No,
Space,Space ClientID,BOMapClientRecordID,sTYPE_TEXT,Global,Yes,No,
Space,Space Group,CodeSpaceGroupID,sCODE_SPACE_GROUP,Global,No,No,
Space,Space Name,SpaceName,sTYPE_TEXT,Global,Yes,No,
Space,Space RecID,SpaceID,sTYPE_UNFORMATTED_NUMBER,Global,No,No,
Space,Space Status,CodeSpaceStatusID,sCODE_SPACE_STATUS,Global,No,No,
Space,Space Type,CodeSpaceTypeID,sCODE_SPACE_TYPE,Global,No,No,
Space,Space Use,CodeSpaceUseID,sCODE_SPACE_USE,Global,No,No,
Space,Suite Number,SuiteNumber,sTYPE_TEXT,Global,No,No,
Space,Total Head Count,TotalHeadCount,sTYPE_NUMBER,Global,No,No,
Space,Usable Area,UsableArea,sTYPE_AREA,Global,No,No,
Tenant,calcTotalHeadcount,math_calcTotalCapacity_1,sTYPE_MATH_OPERATION,Global,No,No,
Tenant,Capacity #1,Capacity1,sTYPE_NUMBER,Global,No,No,
Tenant,Capacity #2,Capacity2,sTYPE_NUMBER,Global,No,No,
Tenant,Capacity #3,Capacity3,sTYPE_NUMBER,Global,No,No,
Tenant,Capacity #4,Capacity4,sTYPE_NUMBER,Global,No,No,
Tenant,City,City,sTYPE_TEXT,Global,No,No,
Tenant,Company,CompanyID,sTYPE_EMPLOYER,Global,No,No,
Tenant,Contract,ContractID,sTYPE_CONTRACT,Global,No,No,
Tenant,Country,CountryID,sTYPE_COUNTRY,Global,No,No,
Tenant,Created By,CreatedByID,sTYPE_MEMBER,Global,No,No,
Tenant,Created Date,CreatedDate,sTYPE_TIME,Global,No,No,
Tenant,Description,Description,sTYPE_TEXT,Global,No,No,
Tenant,Effective Date,EffectiveDate,sTYPE_DATE,Global,No,No,
Tenant,Head Count #1,HeadCount1,sTYPE_NUMBER,Global,No,No,
Tenant,Head Count #2,HeadCount2,sTYPE_NUMBER,Global,No,No,
Tenant,Head Count #3,HeadCount3,sTYPE_NUMBER,Global,No,No,
Tenant,Head Count #4,HeadCount4,sTYPE_NUMBER,Global,No,No,
Tenant,Modified By,ModifiedByID,sTYPE_MEMBER,Global,No,No,
Tenant,Modified Date,ModifiedDate,sTYPE_TIME,Global,No,No,
Tenant,Move In Date,MoveInDate,sTYPE_DATE,Global,No,No,
Tenant,Move Out Date,MoveOutDate,sTYPE_DATE,Global,No,No,
Tenant,Notes,Notes,sTYPE_TEXTAREA,Global,No,No,
Tenant,Organization,OrganizationID,sTYPE_ORGANIZATION,Global,No,No,
Tenant,Postal Code,PostalCode,sTYPE_POSTALCODE,Global,No,No,
Tenant,Rev Number,RevNumber,sTYPE_NUMBER,Global,No,No,
Tenant,Space,SpaceID,sTYPE_SPACE,Global,Yes,No,
Tenant,State,IStateProvinceCountryID,sTYPE_STATE_PROVINCE,Global,No,No,
Tenant,State Province,StateProvince,sTYPE_TEXT,Global,No,No,
Tenant,Street Address #1,StreetAddress1,sTYPE_TEXT,Global,No,No,
Tenant,Street Address #2,StreetAddress2,sTYPE_TEXT,Global,No,No,
Tenant,Street Address #3,StreetAddress3,sTYPE_TEXT,Global,No,No,
Tenant,Street Address #4,StreetAddress4,sTYPE_TEXT,Global,No,No,
Tenant,Tenant Category,CodeTenantCategoryID,sCODE_TENANT_CATEGORY,Global,No,No,
Tenant,Tenant ClientID,BOMapClientRecordID,sTYPE_TEXT,Global,Yes,No,
Tenant,Tenant Group,CodeTenantGroupID,sCODE_TENANT_GROUP,Global,No,No,
Tenant,Tenant Name,TenantName,sTYPE_TEXT,Global,Yes,No,
Tenant,Tenant RecID,TenantID,sTYPE_UNFORMATTED_NUMBER,Global,No,No,
Tenant,Tenant Status,CodeTenantStatusID,sCODE_TENANT_STATUS,Global,No,No,
Tenant,Tenant Type,CodeTenantTypeID,sCODE_TENANT_TYPE,Global,No,No,
Tenant,Tenant Use,CodeTenantUseID,sCODE_TENANT_USE,Global,No,No,
Tenant,Total Capacity,TotalCapacity,sTYPE_NUMBER,Global,No,No,
Location,City,City,sTYPE_TEXT,Global,No,No,
Location,Country,CountryID,sTYPE_COUNTRY,Global,No,No,
Location,Cross Street #1,CrossStreet1,sTYPE_TEXT,Global,No,No,
Location,Cross Street #2,CrossStreet2,sTYPE_TEXT,Global,No,No,
Location,Full Address,HTMLAddress,sTYPE_TEXT,Global,No,No,
Location,Jurisdiction,JurisdictionID,sTYPE_JURISDICTION,Global,No,No,
Location,Latitude,LatitudeDegrees,sTYPE_NUMBER_FRACTION6DIGITS,Global,No,No,
Location,Longitude,LongitudeDegrees,sTYPE_NUMBER_FRACTION6DIGITS,Global,No,No,
Location,Postal Code,PostalCode,sTYPE_POSTALCODE,Global,No,No,
Location,State,IStateProvinceCountryID,sTYPE_STATE_PROVINCE,Global,No,No,
Location,Street Address #1,StreetAddress1,sTYPE_TEXT,Global,No,No,
Location,Street Address #2,StreetAddress2,sTYPE_TEXT,Global,No,No,
Location,Street Address #3,StreetAddress3,sTYPE_TEXT,Global,No,No,
Location,Street Address #4,StreetAddress4,sTYPE_TEXT,Global,No,No,
Location,Modified By,ModifiedByID,sTYPE_MEMBER,Global,No,No,
Location,Modified Date,ModifiedDate,sTYPE_TIME,Global,No,No,
ProcessTimeline,Process Timeline RecID,ProcessTimelineID,sTYPE_UNFORMATTED_NUMBER,Global,No,No,
Location,Accounting Number,AccountingNumber,sTYPE_TEXT,Global,No,No,
Location,Budget Template,BudgetTemplateID,sTYPE_BUDGET_TEMPLATE,Global,No,No,
Location,Building Area Unit,CodeBuildingAreaUnitID,sCODE_BUILDING_AREA_UNIT,Global,No,No,
Location,Complex Name,ComplexID,sTYPE_COMPLEX,Global,No,No,
Location,Currency Type,CodeCurrencyTypeID,sCODE_CURRENCY_TYPE,Global,No,No,
Location,Description,ProjectDescription,sTYPE_TEXT,Global,No,No,
Location,EC Tax Rate #1,EquipContractTaxRate1,sTYPE_PERCENTAGE,Global,No,No,
Location,EC Tax Rate #2,EquipContractTaxRate2,sTYPE_PERCENTAGE,Global,No,No,
Location,EC Tax Rate #3,EquipContractTaxRate3,sTYPE_PERCENTAGE,Global,No,No,
Location,EC Tax Rate #4,EquipContractTaxRate4,sTYPE_PERCENTAGE,Global,No,No,
Location,Gross Lease Area,GrossLeaseArea,sTYPE_AREA,Global,No,No,
Location,Is Inactive?,Inactive,sTYPE_CHECKBOX,Global,Yes,No,
Location,Land Area Unit,CodeLandAreaUnitID,sCODE_LAND_AREA_UNIT,Global,No,No,
Location,Location Category,CodeLocationCategoryID,sCODE_LOCATION_CATEGORY,Global,No,No,
Location,Location ClientID,BOMapClientRecordID,sTYPE_TEXT,Global,Yes,No,
Location,Location Group,CodeLocationGroupID,sCODE_LOCATION_GROUP,Global,No,No,
Location,Location ID,ClientEntityID,sTYPE_TEXT,Global,No,No,
Location,Location Name,LocationName,sTYPE_ENTITY_NAME,Global,Yes,No,
Location,Location Parcel Area,LocationParcelArea,sTYPE_AREA,Global,No,No,
Location,Location RecID,LocationID,sTYPE_UNFORMATTED_NUMBER,Global,No,No,
Location,Location Status,CodeLocationStatusID,sCODE_LOCATION_STATUS,Global,No,No,
Location,Location Type,CodeLocationTypeID,sCODE_LOCATION_TYPE,Global,No,No,
Location,Location Use,CodeLocationUseID,sCODE_LOCATION_USE,Global,No,No,
Location,Location UUID,UUID,sTYPE_TEXT,Global,No,No,
Location,Market Area,CodeMarketAreaID,sCODE_MARKET_AREA,Global,No,No,
Location,Notes,Notes,sTYPE_TEXTAREA,Global,No,No,
Location,Open Year,OpenYear,sTYPE_DROPDOWN_YEAR,Global,No,No,
Location,Organization,OrganizationID,sTYPE_ORGANIZATION,Global,No,No,
Location,Out Of Date Days,OutOfDateDays,sTYPE_NUMBER,Global,No,No,
Location,Portfolio,ProgramID,sTYPE_PROGRAM,Global,Yes,No,
Location,RE Tax Rate #1,TaxRate1,sTYPE_PERCENTAGE,Global,No,No,
Location,RE Tax Rate #2,TaxRate2,sTYPE_PERCENTAGE,Global,No,No,
Location,RE Tax Rate #3,TaxRate3,sTYPE_PERCENTAGE,Global,No,No,
Location,RE Tax Rate #4,TaxRate4,sTYPE_PERCENTAGE,Global,No,No,
Location,Region,RegionID,sTYPE_REGION,Global,No,No,
Location,Schedule Creation Method,TaskCreationMethod,sTYPE_TASK_CREATION_METHOD,Global,Yes,No,
Location,Sub Area #1,CodeSubArea1ID,sCODE_AREA,Global,No,No,
Location,Sub Area #2,CodeSubArea2ID,sCODE_AREA,Global,No,No,
Location,Sub Area #3,CodeSubArea3ID,sCODE_AREA,Global,No,No,
Location,Sub Region #1,CodeSubRegion1ID,sCODE_REGION,Global,No,No,
Location,Sub Region #2,CodeSubRegion2ID,sCODE_REGION,Global,No,No,
Location,Sub Region #3,CodeSubRegion3ID,sCODE_REGION,Global,No,No,
Location,Third Party Warehouse,ThirdPartyWarehouse,sTYPE_TEXT,Global,No,No,
Location,Third Party Warehouse Area,ThirdPartyWarehouseArea,sTYPE_AREA,Global,No,No,
Location,Time Zone,TimeZone,sTYPE_TIMEZONE,Global,No,No,
ProcessTimeline,Actual End Date,TskDone_ActualEndDate,sTYPE_DATE,Global,No,No,
ProcessTimeline,Modified By,ModifiedByID,sTYPE_MEMBER,Global,No,No,
ProcessTimeline,Modified Date,ModifiedDate,sTYPE_TIME,Global,No,No,
ProcessTimeline,Baseline Duration,OriginalDuration,sTYPE_NUMBER,Global,No,No,
ProcessTimeline,Original End Date,OriginalEndDate,sTYPE_DATE,Global,No,No,
ProcessTimeline,Baseline Lead/Lag Days,TskPredVal_OriginalLeadLagDays,sTYPE_NUMBER,Global,No,No,
ProcessTimeline,Baseline Start Date,OriginalStartDate,sTYPE_DATE,Global,No,No,
ProcessTimeline,Baseline with Forecast/Actual End Date,TskBAndA_NoAccessorConversion,sTYPE_TEXT,Global,No,No,
ProcessTimeline,Description,Description,sTYPE_TEXTAREA,Global,No,No,
ProcessTimeline,Days Ahead of Schedule,DaysAheadOfSchedule,sTYPE_NUMBER,Global,No,No,
ProcessTimeline,Forecast End Date,TskNotDone_ActualEndDate,sTYPE_DATE,Global,No,No,
ProcessTimeline,Forecast End Date/Complete,TskNotDoneCompleted_NoAccessorConversion,sTYPE_TEXT,Global,No,No,
ProcessTimeline,Forecast/Actual Duration,ActualDuration,sTYPE_NUMBER,Global,No,No,
ProcessTimeline,Forecast/Actual End Date,ActualEndDate,sTYPE_DATE,Global,No,No,
ProcessTimeline,Forecast/Actual Lead/Lag Days,TskPredVal_ActualLeadLagDays,sTYPE_NUMBER,Global,No,No,
ProcessTimeline,Forecast/Actual Start Date,ActualStartDate,sTYPE_DATE,Global,No,No,
ProcessTimeline,Milestone Name,ProcessTimelineTemplateName,sTYPE_TEXT,Global,No,No,
ProcessTimeline,Task Status,CodeTaskStatusID,sCODE_TASK_STATUS,Global,No,No,
ProcessTimeline,Percent Complete,PercentComplete,sTYPE_NUMBER,Global,No,No,
ProcessTimeline,Projected Duration,ProjectedDuration,sTYPE_NUMBER,Global,No,No,
ProcessTimeline,Projected End Date,ProjectedEndDate,sTYPE_DATE,Global,No,No,
ProcessTimeline,Projected Lead/Lag Days,TskPredVal_ProjectedLeadLagDays,sTYPE_NUMBER,Global,No,No,
ProcessTimeline,Projected Start Date,ProjectedStartDate,sTYPE_DATE,Global,No,No,
ProcessTimeline,Remaining Days,RemainingDays,sTYPE_NUMBER,Global,No,No,
ProcessTimeline,Members,Assignee_MemberID,sTYPE_MEMBER,Global,No,No,
ProcessTimeline,Alert when task Completes,EnableForDashboard,sTYPE_CHECKBOX,Global,No,No,
ProcessTimeline,Email Message,EMailMessage,sTYPE_TEXTAREA,Global,No,No,
ProcessTimeline,Email when task Completes,EnableForEMail,sTYPE_CHECKBOX,Global,No,No,
ProjectEntity,Completed Phase Status,CompletedPhaseStatus,sTYPE_TEXT,Global,No,No,
ProjectEntity,Construction Phase Status,ConstructionPhaseStatus,sTYPE_TEXT,Global,No,No,
ProjectEntity,Current Milestone,CurrentMilestone,sTYPE_PROCESS_TIMELINE,Global,No,No,
ProjectEntity,Design Phase Status,DesignPhaseStatus,sTYPE_TEXT,Global,No,No,
ProjectEntity,Milestone Timeline,MilestoneTimeline,sTYPE_TEXT,Global,No,No,
ProjectEntity,Next Milestone,NextMilestone,sTYPE_PROCESS_TIMELINE,Global,No,No,
ProjectEntity,Operations Phase Status,OperationsPhaseStatus,sTYPE_TEXT,Global,No,No,
ProjectEntity,Possession Phase Status,PossessionPhaseStatus,sTYPE_TEXT,Global,No,No,
ProjectEntity,Previous Milestone,PreviousMilestone,sTYPE_PROCESS_TIMELINE,Global,No,No,
ProjectEntity,Real Estate Phase Status,RealEstatePhaseStatus,sTYPE_TEXT,Global,No,No,
ProcessTimeline,Task Name,TaskName,sTYPE_TEXT,Global,No,No,
Parcel,City,City,sTYPE_TEXT,Global,No,No,
Parcel,Country,CountryID,sTYPE_COUNTRY,Global,No,No,
Parcel,Cross Street #1,CrossStreet1,sTYPE_TEXT,Global,No,No,
Parcel,Cross Street #2,CrossStreet2,sTYPE_TEXT,Global,No,No,
Parcel,Demographic DMA,DemographicDMAID,sTYPE_DMA,Global,No,No,
Parcel,Full Address,HTMLAddress,sTYPE_TEXT,Global,No,No,
Parcel,Jurisdiction,JurisdictionID,sTYPE_JURISDICTION,Global,No,No,
Parcel,Postal Code,PostalCode,sTYPE_POSTALCODE,Global,No,No,
Parcel,State,IStateProvinceCountryID,sTYPE_STATE_PROVINCE,Global,No,No,
Parcel,Street Address #1,StreetAddress1,sTYPE_TEXT,Global,No,No,
Parcel,Street Address #2,StreetAddress2,sTYPE_TEXT,Global,No,No,
Parcel,Street Address #3,StreetAddress3,sTYPE_TEXT,Global,No,No,
Parcel,Street Address #4,StreetAddress4,sTYPE_TEXT,Global,No,No,
Parcel,Use Location Address?,UseLocationAddress,sTYPE_CHECKBOX,Global,Yes,No,
Parcel,Modified By,ModifiedByID,sTYPE_MEMBER,Global,No,No,
Parcel,Modified Date,ModifiedDate,sTYPE_TIME,Global,No,No,
ParcelAccess,Associated Document,AssociatedDocumentID,sTYPE_DOCUMENT,Global,No,No,
ParcelAccess,Effective Date,EffectiveDate,sTYPE_DATE,Global,No,No,
ParcelAccess,Exists?,ExistsFlag,sTYPE_CHECKBOX,Global,No,No,
ParcelAccess,Expire Date,ExpireDate,sTYPE_DATE,Global,No,No,
ParcelAccess,File Name,BaseName,sTYPE_TEXT,Global,No,No,
ParcelAccess,Folder,FolderID,sTYPE_DOCUMENT,Global,No,No,
ParcelAccess,Line Number,LineNumber,sTYPE_TEXT,Global,No,No,
ParcelAccess,Modified By,ModifiedByID,sTYPE_MEMBER,Global,No,No,
ParcelAccess,Modified Date,ModifiedDate,sTYPE_TIME,Global,No,No,
ParcelAccess,Notes,Notes,sTYPE_TEXTAREA,Global,No,No,
ParcelAccess,Page Number,PageNumber,sTYPE_TEXT,Global,No,No,
ParcelAccess,Paragraph Number,ParagraphNumber,sTYPE_TEXT,Global,No,No,
ParcelAccess,Parcel,ParcelID,sTYPE_PARCEL,Global,Yes,No,
ParcelAccess,Parcel Access Category,CodeParcelAccessCategoryID,sCODE_PARCEL_ACCESS_CATEGORY,Global,No,No,
ParcelAccess,Parcel Access ClientID,BOMapClientRecordID,sTYPE_TEXT,Global,Yes,No,
ParcelAccess,Parcel Access Group,CodeParcelAccessGroupID,sCODE_PARCEL_ACCESS_GROUP,Global,No,No,
ParcelAccess,Parcel Access RecID,ParcelAccessID,sTYPE_UNFORMATTED_NUMBER,Global,No,No,
ParcelAccess,Parcel Access Type,CodeParcelAccessTypeID,sCODE_PARCEL_ACCESS_TYPE,Global,No,No,
ParcelAccess,Tickler Date,TicklerDate,sTYPE_DATE,Global,No,No,
Parcel,Acquired Date,AcquiredDate,sTYPE_DATE,Global,No,No,
Parcel,Block,Block,sTYPE_TEXT,Global,No,No,
Parcel,Complex Name,ComplexID,sTYPE_COMPLEX,Global,No,No,
Parcel,Contract,ContractID,sTYPE_CONTRACT,Global,No,No,
Parcel,Currency Type,CodeCurrencyTypeID,sCODE_CURRENCY_TYPE,Global,No,No,
Parcel,Description,ProjectDescription,sTYPE_TEXT,Global,No,No,
Parcel,Expected End Date,ExpectedEndDate,sTYPE_DATE,Global,No,No,
Parcel,Facility,FacilityID,sTYPE_FACILITY,Global,No,No,
Parcel,Grid,Grid,sTYPE_TEXT,Global,No,No,
Parcel,Has Improvements?,HasImprovements,sTYPE_CHECKBOX,Global,No,No,
Parcel,Improvements Assessed Amount,ImprovementsAsessedAmount,sTYPE_MONEY,Global,No,No,
Parcel,Improvements Value Amount,ImprovementsValueAmount,sTYPE_MONEY,Global,No,No,
Parcel,Index Number,IndexNumber,sTYPE_TEXT,Global,No,No,
Parcel,Is Tax Exempt?,IsTaxExempt,sTYPE_CHECKBOX,Global,No,No,
Parcel,Land Area Unit,CodeLandAreaUnitID,sCODE_LAND_AREA_UNIT,Global,No,No,
Parcel,Land Assessed Amount,LandAssessedAmount,sTYPE_MONEY,Global,No,No,
Parcel,Land Value Amount,LandValueAmount,sTYPE_MONEY,Global,No,No,
Parcel,Location,LocationID,sTYPE_LOCATION,Global,Yes,No,
Parcel,Lot,Lot,sTYPE_TEXT,Global,No,No,
Parcel,Master Parcel,MasterParcelID,sTYPE_PARCEL,Global,No,No,
Parcel,Notes,Notes,sTYPE_TEXTAREA,Global,No,No,
Parcel,Open Year,OpenYear,sTYPE_DROPDOWN_YEAR,Global,No,No,
Parcel,Organization,OrganizationID,sTYPE_ORGANIZATION,Global,No,No,
Parcel,Other Assessed Amount,OtherAssessedAmount,sTYPE_MONEY,Global,No,No,
Parcel,Other Value Amount,OtherValueAmount,sTYPE_MONEY,Global,No,No,
Parcel,Out Of Date Days,OutOfDateDays,sTYPE_NUMBER,Global,No,No,
Parcel,Owner Name,OwnerName,sTYPE_TEXT,Global,No,No,
Parcel,Parcel Area,ParcelArea,sTYPE_AREA,Global,No,No,
Parcel,Parcel Category,CodeParcelCategoryID,sCODE_PARCEL_CATEGORY,Global,No,No,
Parcel,Parcel ClientID,BOMapClientRecordID,sTYPE_TEXT,Global,Yes,No,
Parcel,Parcel Group,CodeParcelGroupID,sCODE_PARCEL_GROUP,Global,No,No,
Parcel,Parcel ID,ClientEntityID,sTYPE_TEXT,Global,No,No,
Parcel,Parcel Name,ParcelName,sTYPE_ENTITY_NAME,Global,Yes,No,
Parcel,Parcel Number,ParcelNumber,sTYPE_TEXT,Global,No,No,
Parcel,Parcel Public Name,ParcelPublicName,sTYPE_TEXT,Global,No,No,
Parcel,Parcel RecID,ParcelID,sTYPE_UNFORMATTED_NUMBER,Global,No,No,
Parcel,Parcel Status,CodeParcelStatusID,sCODE_PARCEL_STATUS,Global,No,No,
Parcel,Parcel Type,CodeParcelTypeID,sCODE_PARCEL_TYPE,Global,No,No,
Parcel,Parcel Use,CodeParcelUseID,sCODE_PARCEL_USE,Global,No,No,
Parcel,Parcel UUID,UUID,sTYPE_TEXT,Global,No,No,
Parcel,Portfolio,ProgramID,sTYPE_PROGRAM,Global,Yes,No,
Parcel,Primary Assessed Amount,PrimaryAssessedAmount,sTYPE_MONEY,Global,No,No,
Parcel,Primary Value Amount,PrimaryValueAmount,sTYPE_MONEY,Global,No,No,
Parcel,Purchase Date,PurchaseDate,sTYPE_DATE,Global,No,No,
Parcel,Schedule Creation Method,TaskCreationMethod,sTYPE_TASK_CREATION_METHOD,Global,Yes,No,
Parcel,Secondary Assessed Amount,SecondaryAssessedAmount,sTYPE_MONEY,Global,No,No,
Parcel,Secondary Value Amount,SecondaryValueAmount,sTYPE_MONEY,Global,No,No,
Parcel,Source Reference,SourceReference,sTYPE_TEXTAREA,Global,No,No,
Parcel,Source Reference Date,SourceReferenceDate,sTYPE_DATE,Global,No,No,
Parcel,Survey Date,SurveyDate,sTYPE_DATE,Global,No,No,
Parcel,Tax Authority,TaxAuthority,sTYPE_TEXT,Global,No,No,
Parcel,Tax Begin Period,TaxBeginPeriod,sTYPE_DATE,Global,No,No,
Parcel,Tax End Period,TaxEndPeriod,sTYPE_DATE,Global,No,No,
Parcel,Tax ID Number,TaxIDNumber,sTYPE_TEXT,Global,No,No,
Parcel,Tax Jurisdiction,TaxJurisdictionID,sTYPE_JURISDICTION,Global,No,No,
Parcel,Tax Responsibility,CodeTaxResponsibilityID,sCODE_RESPONSIBLE_PARTY,Global,No,No,
Parcel,Third Party Warehouse,ThirdPartyWarehouse,sTYPE_TEXT,Global,No,No,
Parcel,Time Zone,TimeZone,sTYPE_TIMEZONE,Global,No,No,
PropertyTaxAppeal,Appeal Filed Date,AppealFiledDate,sTYPE_DATE,Global,No,No,
PropertyTaxAppeal,Appeal Year,AppealYear,sTYPE_DROPDOWN_YEAR,Global,No,No,
PropertyTaxAppeal,Appraisal Fee,AppraisalFee,sTYPE_MONEY,Global,No,No,
PropertyTaxAppeal,Assessment Reduction,AssessmentReduction,sTYPE_MONEY,Global,No,No,
PropertyTaxAppeal,Attorney Fee,AttorneyFee,sTYPE_MONEY,Global,No,No,
PropertyTaxAppeal,Certified Assessment,CertifiedAssessment,sTYPE_MONEY,Global,No,No,
PropertyTaxAppeal,Created By,CreatedByID,sTYPE_MEMBER,Global,No,No,
PropertyTaxAppeal,Created Date,CreatedDate,sTYPE_TIME,Global,No,No,
PropertyTaxAppeal,Effective Date,EffectiveDate,sTYPE_DATE,Global,No,No,
PropertyTaxAppeal,End Date,EndDate,sTYPE_DATE,Global,No,No,
PropertyTaxAppeal,Expense Group,CodeExpenseGroupID,sCODE_EXPENSE_GROUP,Global,No,No,
PropertyTaxAppeal,Expense Type,CodeExpenseTypeID,sCODE_EXPENSE_TYPE,Global,No,No,
PropertyTaxAppeal,Modified By,ModifiedByID,sTYPE_MEMBER,Global,No,No,
PropertyTaxAppeal,Modified Date,ModifiedDate,sTYPE_TIME,Global,No,No,
PropertyTaxAppeal,Net Tax Reduction,NetTaxReduction,sTYPE_MONEY,Global,No,No,
PropertyTaxAppeal,New Assessment Date,NewAssessmentDate,sTYPE_DATE,Global,No,No,
PropertyTaxAppeal,Notes,Notes,sTYPE_TEXTAREA,Global,No,No,
PropertyTaxAppeal,Parcel,ParcelID,sTYPE_PARCEL,Global,Yes,No,
PropertyTaxAppeal,Prior Assessment,PriorAssessment,sTYPE_MONEY,Global,No,No,
PropertyTaxAppeal,Prior Year Assessment,PriorYearAssessment,sTYPE_MONEY,Global,No,No,
PropertyTaxAppeal,Property Tax Appeal ClientID,BOMapClientRecordID,sTYPE_TEXT,Global,Yes,No,
PropertyTaxAppeal,Property Tax Appeal RecID,PropertyTaxAppealID,sTYPE_UNFORMATTED_NUMBER,Global,No,No,
PropertyTaxAppeal,Property Tax Assessment,PropertyTaxAssessmentID,sTYPE_PROPERTY_TAX_ASSESSMENT,Global,Yes,No,
PropertyTaxAppeal,Proposed Assessment,ProposedAssessment,sTYPE_MONEY,Global,No,No,
PropertyTaxAppeal,Reduced Assessment,ReducedAssessment,sTYPE_MONEY,Global,No,No,
PropertyTaxAppeal,Refund Fee Amount,RefundFeeAmount,sTYPE_MONEY,Global,No,No,
PropertyTaxAppeal,Rendered Assessment,RenderedAssessment,sTYPE_MONEY,Global,No,No,
PropertyTaxAppeal,Rev Number,RevNumber,sTYPE_UNFORMATTED_NUMBER,Global,No,No,
PropertyTaxAppeal,Revised Adjustment Amount,RevisedAdjustmentAmount,sTYPE_MONEY,Global,No,No,
PropertyTaxAppeal,Revised Assessment - Adjustments,RevisedAssessAmtAdjustments,sTYPE_MONEY,Global,No,No,
PropertyTaxAppeal,Revised Assessment - Improvements,RevisedAssessAmtImprovements,sTYPE_MONEY,Global,No,No,
PropertyTaxAppeal,Revised Assessment - Land,RevisedAssessmentAmountLand,sTYPE_MONEY,Global,No,No,
PropertyTaxAppeal,Revised Assessment - Other,RevisedAssessmentAmountOther,sTYPE_MONEY,Global,No,No,
PropertyTaxAppeal,Revised Assessment Amount,RevisedAssessmentAmount,sTYPE_MONEY,Global,No,No,
PropertyTaxAppeal,Revised Tax Amount,RevisedTaxAmount,sTYPE_MONEY,Global,No,No,
PropertyTaxAppeal,Tax Appeal Result,CodeTaxAppealResultID,sCODE_TAX_APPEAL_RESULT,Global,No,No,
PropertyTaxAppeal,Tax Appeal Status,CodeTaxAppealStatusID,sCODE_TAX_APPEAL_STATUS,Global,No,No,
PropertyTaxAppeal,Tax Attorney,TaxAttorneyID,sTYPE_PERSON,Global,No,No,
PropertyTaxAppeal,Tax Attorney Fee,TaxAttorneyFee,sTYPE_MONEY,Global,No,No,
PropertyTaxAppeal,Tax Reduction,TaxReduction,sTYPE_MONEY,Global,No,No,
PropertyTaxAppealAward,Actual Award Date,ActualAwardDate,sTYPE_DATE,Global,No,No,
PropertyTaxAppealAward,Award Amount,AwardAmount,sTYPE_MONEY,Global,No,No,
PropertyTaxAppealAward,Award Fee Amount,AwardFeeAmount,sTYPE_MONEY,Global,No,No,
PropertyTaxAppealAward,Created By,CreatedByID,sTYPE_MEMBER,Global,No,No,
PropertyTaxAppealAward,Created Date,CreatedDate,sTYPE_TIME,Global,No,No,
PropertyTaxAppealAward,Estimated Award Date,EstimatedAwardDate,sTYPE_DATE,Global,No,No,
PropertyTaxAppealAward,Modified By,ModifiedByID,sTYPE_MEMBER,Global,No,No,
PropertyTaxAppealAward,Modified Date,ModifiedDate,sTYPE_TIME,Global,No,No,
PropertyTaxAppealAward,Notes,Notes,sTYPE_TEXTAREA,Global,No,No,
PropertyTaxAppealAward,Parcel,ParcelID,sTYPE_PARCEL,Global,Yes,No,
PropertyTaxAppealAward,Property Tax Appeal,PropertyTaxAppealID,sTYPE_PROPERTY_TAX_APPEAL,Global,Yes,No,
PropertyTaxAppealAward,Property Tax Appeal Award ClientID,BOMapClientRecordID,sTYPE_TEXT,Global,Yes,No,
PropertyTaxAppealAward,Property Tax Appeal Award RecID,PropertyTaxAppealAwardID,sTYPE_UNFORMATTED_NUMBER,Global,No,No,
PropertyTaxAppealAward,Rev Number,RevNumber,sTYPE_UNFORMATTED_NUMBER,Global,No,No,
PropertyTaxAppealAward,Tax Paid To,CodeTaxPaidToID,sCODE_TAX_PAID_TO,Global,No,No,
PropertyTaxAppealAward,Tax Refund Type,CodeTaxRefundTypeID,sCODE_TAX_REFUND_TYPE,Global,No,No,
PropertyTaxAppealAward,Vendor,VendorID,sTYPE_EMPLOYER,Global,No,No,
PropertyTaxAssessment,Appraisal Date,AppraisalDate,sTYPE_DATE,Global,No,No,
PropertyTaxAssessment,Appraisal Value,AppraisalValue,sTYPE_MONEY,Global,No,No,
PropertyTaxAssessment,Appraiser,AppraiserID,sTYPE_EMPLOYER,Global,No,No,
PropertyTaxAssessment,Assessment - Adjustments,AssessmentAmountAdjustments,sTYPE_MONEY,Global,No,No,
PropertyTaxAssessment,Assessment - Improvements,AssessmentAmountImprovements,sTYPE_MONEY,Global,No,No,
PropertyTaxAssessment,Assessment - Land,AssessmentAmountLand,sTYPE_MONEY,Global,No,No,
PropertyTaxAssessment,Assessment - Other,AssessmentAmountOther,sTYPE_MONEY,Global,No,No,
PropertyTaxAssessment,Assessment Amount Total,AssessmentAmountTotal,sTYPE_MONEY,Global,No,No,
PropertyTaxAssessment,Assessment Percentage,AssessmentPercentage,sTYPE_PERCENTAGE,Global,No,No,
PropertyTaxAssessment,Auto Calc?,AutoCalcFlag,sTYPE_CHECKBOX,Global,No,No,
PropertyTaxAssessment,Created By,CreatedByID,sTYPE_MEMBER,Global,No,No,
PropertyTaxAssessment,Created Date,CreatedDate,sTYPE_TIME,Global,No,No,
PropertyTaxAssessment,Description,Description,sTYPE_TEXT,Global,No,No,
PropertyTaxAssessment,Effective Date,EffectiveDate,sTYPE_DATE,Global,No,No,
PropertyTaxAssessment,End Date,EndDate,sTYPE_DATE,Global,No,No,
PropertyTaxAssessment,Market Value,MarketValue,sTYPE_MONEY,Global,No,No,
PropertyTaxAssessment,Modified By,ModifiedByID,sTYPE_MEMBER,Global,No,No,
PropertyTaxAssessment,Modified Date,ModifiedDate,sTYPE_TIME,Global,No,No,
PropertyTaxAssessment,Notes,Notes,sTYPE_TEXTAREA,Global,No,No,
PropertyTaxAssessment,Parcel,ParcelID,sTYPE_PARCEL,Global,Yes,No,
PropertyTaxAssessment,Property Tax Assessment ClientID,BOMapClientRecordID,sTYPE_TEXT,Global,Yes,No,
PropertyTaxAssessment,Property Tax Assessment RecID,PropertyTaxAssessmentID,sTYPE_UNFORMATTED_NUMBER,Global,No,No,
PropertyTaxAssessment,Property Tax Summary,PropertyTaxSummaryID,sTYPE_PROPERTY_TAX_SUMMARY,Global,Yes,No,
PropertyTaxAssessment,Rev Number,RevNumber,sTYPE_UNFORMATTED_NUMBER,Global,No,No,
PropertyTaxBill,Auto Calc?,AutoCalcFlag,sTYPE_CHECKBOX,Global,No,No,
PropertyTaxBill,Created By,CreatedByID,sTYPE_MEMBER,Global,No,No,
PropertyTaxBill,Created Date,CreatedDate,sTYPE_TIME,Global,No,No,
PropertyTaxBill,Discount Amount,DiscountAmount,sTYPE_MONEY,Global,No,No,
PropertyTaxBill,Discount Date,DiscountDate,sTYPE_DATE,Global,No,No,
PropertyTaxBill,Discount Rate,DiscountRate,sTYPE_PERCENTAGE,Global,No,No,
PropertyTaxBill,Effective Date,EffectiveDate,sTYPE_DATE,Global,No,No,
PropertyTaxBill,End Date,EndDate,sTYPE_DATE,Global,No,No,
PropertyTaxBill,Equalization Factor,EqualizationFactor,sTYPE_PERCENTAGE,Global,No,No,
PropertyTaxBill,Equalization Value,EqualizationValue,sTYPE_MONEY,Global,No,No,
PropertyTaxBill,Hold?,HoldFlag,sTYPE_CHECKBOX,Global,No,No,
PropertyTaxBill,Invoice Date,InvoiceDate,sTYPE_DATE,Global,No,No,
PropertyTaxBill,Invoice Number,InvoiceNumber,sTYPE_TEXT,Global,No,No,
PropertyTaxBill,Modified By,ModifiedByID,sTYPE_MEMBER,Global,No,No,
PropertyTaxBill,Modified Date,ModifiedDate,sTYPE_TIME,Global,No,No,
PropertyTaxBill,Notes,Notes,sTYPE_TEXTAREA,Global,No,No,
PropertyTaxBill,Parcel,ParcelID,sTYPE_PARCEL,Global,Yes,No,
PropertyTaxBill,Payment Due Date,PaymentDueDate,sTYPE_DATE,Global,No,No,
PropertyTaxBill,Processed?,ProcessedFlag,sTYPE_CHECKBOX,Global,No,No,
PropertyTaxBill,Property Tax Assessment,PropertyTaxAssessmentID,sTYPE_PROPERTY_TAX_ASSESSMENT,Global,Yes,No,
PropertyTaxBill,Property Tax Bill ClientID,BOMapClientRecordID,sTYPE_TEXT,Global,Yes,No,
PropertyTaxBill,Property Tax Bill RecID,PropertyTaxBillID,sTYPE_UNFORMATTED_NUMBER,Global,No,No,
PropertyTaxBill,Property Tax Status,CodePropertyTaxStatusID,sCODE_PROPERTY_TAX_STATUS,Global,No,No,
PropertyTaxBill,Rev Number,RevNumber,sTYPE_UNFORMATTED_NUMBER,Global,No,No,
PropertyTaxBill,Tax Adjustment Amount,TaxAdjustmentAmount,sTYPE_MONEY,Global,No,No,
PropertyTaxBill,Tax Balance Due,TaxBalanceDue,sTYPE_MONEY,Global,No,No,
PropertyTaxBill,Tax Mill Rate,TaxMillRate,sTYPE_PERCENTAGE,Global,No,No,
PropertyTaxBill,Tax Net Amount,TaxNetAmount,sTYPE_MONEY,Global,No,No,
PropertyTaxBill,Tax Prior Paid Amount,TaxPriorPaidAmount,sTYPE_MONEY,Global,No,No,
PropertyTaxBill,Tax Rate,TaxRate,sTYPE_PERCENTAGE,Global,No,No,
PropertyTaxBill,Tax Total Amount,TaxTotalAmount,sTYPE_MONEY,Global,No,No,
PropertyTaxDetail,Created By,CreatedByID,sTYPE_MEMBER,Global,No,No,
PropertyTaxDetail,Created Date,CreatedDate,sTYPE_TIME,Global,No,No,
PropertyTaxDetail,Modified By,ModifiedByID,sTYPE_MEMBER,Global,No,No,
PropertyTaxDetail,Modified Date,ModifiedDate,sTYPE_TIME,Global,No,No,
PropertyTaxDetail,Notes,Notes,sTYPE_TEXTAREA,Global,No,No,
PropertyTaxDetail,Parcel,ParcelID,sTYPE_PARCEL,Global,Yes,No,
PropertyTaxDetail,Property Tax Bill,PropertyTaxBillID,sTYPE_PROPERTY_TAX_BILL,Global,Yes,No,
PropertyTaxDetail,Property Tax Detail ClientID,BOMapClientRecordID,sTYPE_TEXT,Global,Yes,No,
PropertyTaxDetail,Property Tax Detail RecID,PropertyTaxDetailID,sTYPE_UNFORMATTED_NUMBER,Global,No,No,
PropertyTaxDetail,Rate?,RateFlag,sTYPE_CHECKBOX,Global,No,No,
PropertyTaxDetail,Rev Number,RevNumber,sTYPE_UNFORMATTED_NUMBER,Global,No,No,
PropertyTaxDetail,Tax Amount,TaxAmount,sTYPE_MONEY,Global,No,No,
PropertyTaxDetail,Tax Rate,TaxRate,sTYPE_PERCENTAGE,Global,No,No,
PropertyTaxDetail,Tax Type,CodeTaxTypeID,sCODE_TAX_TYPE,Global,No,No,
PropertyTaxSummary,Assessment Amount,AssessmentAmount,sTYPE_MONEY,Global,No,No,
PropertyTaxSummary,Assessment Percent,AssessmentPercent,sTYPE_PERCENTAGE,Global,No,No,
PropertyTaxSummary,Billing Frequency,CodeBillingFrequencyID,sCODE_FREQUENCY,Global,No,No,
PropertyTaxSummary,Created By,CreatedByID,sTYPE_MEMBER,Global,No,No,
PropertyTaxSummary,Created Date,CreatedDate,sTYPE_TIME,Global,No,No,
PropertyTaxSummary,Currency Type,CodeCurrencyTypeID,sCODE_CURRENCY_TYPE,Global,No,No,
PropertyTaxSummary,Description,Description,sTYPE_TEXT,Global,No,No,
PropertyTaxSummary,Estimated Accrual Amount,EstimatedAccrualAmount,sTYPE_MONEY,Global,No,No,
PropertyTaxSummary,Expense Group,CodeExpenseGroupID,sCODE_EXPENSE_GROUP,Global,No,No,
PropertyTaxSummary,Expense Type,CodeExpenseTypeID,sCODE_EXPENSE_TYPE,Global,No,No,
PropertyTaxSummary,Mill Rate,MillRate,sTYPE_PERCENTAGE,Global,No,No,
PropertyTaxSummary,Modified By,ModifiedByID,sTYPE_MEMBER,Global,No,No,
PropertyTaxSummary,Modified Date,ModifiedDate,sTYPE_TIME,Global,No,No,
PropertyTaxSummary,Net Tax Amount,NetTaxAmount,sTYPE_MONEY,Global,No,No,
PropertyTaxSummary,Net Tax Percent,NetTaxPercent,sTYPE_PERCENTAGE,Global,No,No,
PropertyTaxSummary,Notes,Notes,sTYPE_TEXTAREA,Global,No,No,
PropertyTaxSummary,Parcel,ParcelID,sTYPE_PARCEL,Global,Yes,No,
PropertyTaxSummary,Payment Frequency,CodePaymentFrequencyID,sCODE_FREQUENCY,Global,No,No,
PropertyTaxSummary,Property Tax Summary ClientID,BOMapClientRecordID,sTYPE_TEXT,Global,Yes,No,
PropertyTaxSummary,Property Tax Summary RecID,PropertyTaxSummaryID,sTYPE_UNFORMATTED_NUMBER,Global,No,No,
PropertyTaxSummary,Property Tax Type,CodePropertyTaxTypeID,sCODE_PROPERTY_TAX_TYPE,Global,No,No,
PropertyTaxSummary,Rate Per,RatePer,sTYPE_PERCENTAGE,Global,No,No,
PropertyTaxSummary,Recovery Group,CodeRecoveryGroupID,sCODE_RECOVERY_GROUP,Global,No,No,
PropertyTaxSummary,Recovery Type,CodeRecoveryTypeID,sCODE_RECOVERY_TYPE,Global,No,No,
PropertyTaxSummary,Rev Number,RevNumber,sTYPE_UNFORMATTED_NUMBER,Global,No,No,
PropertyTaxSummary,Right To Appeal?,RightToAppeal,sTYPE_CHECKBOX,Global,No,No,
PropertyTaxSummary,Tax Account Number,TaxAccountNumber,sTYPE_TEXT,Global,No,No,
PropertyTaxSummary,Tax Authority,TaxAuthorityID,sTYPE_VENDOR,Global,No,No,
PropertyTaxSummary,Tax Rate Per,TaxRatePer,sTYPE_PERCENTAGE,Global,No,No,
PropertyTaxSummary,Tickler Date,TicklerDate,sTYPE_DATE,Global,No,No,
PropertyTaxSummary,Vendor,VendorID,sTYPE_EMPLOYER,Global,No,No,
LeaseInfo,Broker Recommended Abatement,BrokerRecoAbatementDays,sTYPE_NUMBER,Global,No,No,
LeaseInfo,Broker Recommended Rent,BrokerRecoRent,sTYPE_MONEY,Global,No,No,
LeaseInfo,Broker Recommended TI$,BrokerRecoTenantImprove,sTYPE_MONEY,Global,No,No,
LeaseInfo,Final Terms Abatement,FinalAbatementDays,sTYPE_NUMBER,Global,No,No,
LeaseInfo,Final Terms Rent,FinalRent,sTYPE_MONEY,Global,No,No,
LeaseInfo,Final Terms TI$,FinalTenantImprove,sTYPE_MONEY,Global,No,No,
LeaseInfo,Landlord Asking Abatement,LandlordAskingAbatementDays,sTYPE_NUMBER,Global,No,No,
LeaseInfo,Landlord Asking Rent,LandlordAskingRent,sTYPE_MONEY,Global,No,No,
LeaseInfo,Landlord Asking TI$,LandlordAskingTenantImprove,sTYPE_MONEY,Global,No,No,
LeaseInfo,Amended Commencement Date,AmendedCommencementDate,sTYPE_DATE,Global,No,No,
LeaseInfo,Building Area Unit,CodeBuildingAreaUnitID,sCODE_BUILDING_AREA_UNIT,Global,No,No,
LeaseInfo,Commencement Date,CommencementDate,sTYPE_DATE,Global,No,No,
LeaseInfo,Company Contact #1,CompanyContact1ID,sTYPE_PERSON,Global,No,No,
LeaseInfo,Company Contact #2,CompanyContact2ID,sTYPE_PERSON,Global,No,No,
LeaseInfo,Currency Type,CodeCurrencyTypeID,sCODE_CURRENCY_TYPE,Global,No,No,
LeaseInfo,Defined Field #1,DefinedField1,sTYPE_TEXT,Global,No,No,
LeaseInfo,Defined Field #2,DefinedField2,sTYPE_TEXT,Global,No,No,
LeaseInfo,Defined Field #3,DefinedField3,sTYPE_TEXT,Global,No,No,
LeaseInfo,First Full Month,FirstFullMonth,sTYPE_DATE,Global,No,No,
LeaseInfo,Landlord Address,LandlordAddress,sTYPE_TEXT,Global,No,No,
LeaseInfo,Landlord Attorney,LandlordAttorneyID,sTYPE_LAWYER,Global,No,No,
LeaseInfo,Landlord Broker,LandlordBrokerContactID,sTYPE_BROKER,Global,No,No,
LeaseInfo,Landlord Employer Name,LandlordEmployerName,sTYPE_TEXT,Global,No,No,
LeaseInfo,Landlord Name,LandlordID,sTYPE_LANDLORD,Global,No,No,
LeaseInfo,Landlord Phone,LandlordPhone,sTYPE_TEXT,Global,No,No,
LeaseInfo,Lease ClientID,BOMapClientRecordID,sTYPE_TEXT,Global,Yes,No,
LeaseInfo,Lease Expiration Date,LeaseExpirationDate,sTYPE_DATE,Global,No,No,
LeaseInfo,Lease RecID,LeaseInfoID,sTYPE_UNFORMATTED_NUMBER,Global,No,No,
LeaseInfo,Lease Status,CodeLeaseStatusID,sCODE_LEASE_STATUS,Global,No,No,
LeaseInfo,Lease Term (in Months),LeaseTermInMonths,sTYPE_NUMBER,Global,No,No,
LeaseInfo,Lease Type,CodeLeaseTypeID,sCODE_LEASE_TYPE,Global,No,No,
LeaseInfo,Modified By,ModifiedByID,sTYPE_MEMBER,Global,No,No,
LeaseInfo,Modified Date,ModifiedDate,sTYPE_TIME,Global,No,No,
LeaseInfo,Month to Month,MonthToMonth,sTYPE_BOOLEAN,Global,No,No,
LeaseInfo,MSA Code,MSA,sTYPE_TEXT,Global,No,No,
LeaseInfo,Notes,Description,sTYPE_TEXTAREA,Global,No,No,
LeaseInfo,Primary Use,CodePropertyPrimaryUseID,sCODE_PROPERTY_PRIMARY_USE,Global,No,No,
LeaseInfo,Property Manager Name,PropertyManagerID,sTYPE_PROPERTY_MANAGER,Global,No,No,
LeaseInfo,Remaining Lease Term (in Months),RemainingTermInMonths,sTYPE_NUMBER,Global,No,No,
LeaseInfo,Security Applied To,SecurityAppliedTo,sTYPE_TEXT,Global,No,No,
LeaseInfo,Security Deposit,SecurityDeposit,sTYPE_MONEY,Global,No,No,
LeaseInfo,Status Changed Date,LeaseStatusEffectiveDate,sTYPE_DATE,Global,No,No,
LeaseInfo,Sublease End Date,SubleaseEndDate,sTYPE_DATE,Global,No,No,
LeaseInfo,Sublease Name,SubleaseeID,sTYPE_PERSON,Global,No,No,
LeaseInfo,Sublease Rent,SubleaseRent,sTYPE_MONEY,Global,No,No,
LeaseInfo,Subleased?,IsSublease,sTYPE_BOOLEAN,Global,No,No,
LeaseInfo,Tenant Attorney,TenantAttorneyID,sTYPE_LAWYER,Global,No,No,
LeaseInfo,Tenant Broker,TenantBrokerContactID,sTYPE_BROKER,Global,No,No,
LeaseInfo,Additional Rent #1 Name,AdditionalRent1Name,sTYPE_TEXT,Global,No,No,
LeaseInfo,Additional Rent #1 Rate,AdditionalRent1Rate,sTYPE_MONEY,Global,No,No,
LeaseInfo,Additional Rent #1 Start Date,AdditionalRent1StartDate,sTYPE_DATE,Global,No,No,
LeaseInfo,Additional Rent #1 Start Month,AdditionalRent1StartMonth,sTYPE_UNFORMATTED_NUMBER,Global,No,No,
LeaseInfo,Additional Rent #1 Start Year,AdditionalRent1StartYear,sTYPE_UNFORMATTED_NUMBER,Global,No,No,
LeaseInfo,Additional Rent #2 Name,AdditionalRent2Name,sTYPE_TEXT,Global,No,No,
LeaseInfo,Additional Rent #2 Rate,AdditionalRent2Rate,sTYPE_MONEY,Global,No,No,
LeaseInfo,Additional Rent #2 Start Date,AdditionalRent2StartDate,sTYPE_DATE,Global,No,No,
LeaseInfo,Additional Rent #2 Start Month,AdditionalRent2StartMonth,sTYPE_UNFORMATTED_NUMBER,Global,No,No,
LeaseInfo,Additional Rent #2 Start Year,AdditionalRent2StartYear,sTYPE_UNFORMATTED_NUMBER,Global,No,No,
LeaseInfo,Additional Rent #3 Name,AdditionalRent3Name,sTYPE_TEXT,Global,No,No,
LeaseInfo,Additional Rent #3 Rate,AdditionalRent3Rate,sTYPE_MONEY,Global,No,No,
LeaseInfo,Additional Rent #3 Start Date,AdditionalRent3StartDate,sTYPE_DATE,Global,No,No,
LeaseInfo,Additional Rent #3 Start Month,AdditionalRent3StartMonth,sTYPE_UNFORMATTED_NUMBER,Global,No,No,
LeaseInfo,Additional Rent #3 Start Year,AdditionalRent3StartYear,sTYPE_UNFORMATTED_NUMBER,Global,No,No,
LeaseInfo,Additional Rent #4 Name,AdditionalRent4Name,sTYPE_TEXT,Global,No,No,
LeaseInfo,Additional Rent #4 Rate,AdditionalRent4Rate,sTYPE_MONEY,Global,No,No,
LeaseInfo,Additional Rent #4 Start Date,AdditionalRent4StartDate,sTYPE_DATE,Global,No,No,
LeaseInfo,Additional Rent #4 Start Month,AdditionalRent4StartMonth,sTYPE_UNFORMATTED_NUMBER,Global,No,No,
LeaseInfo,Additional Rent #4 Start Year,AdditionalRent4StartYear,sTYPE_UNFORMATTED_NUMBER,Global,No,No,
LeaseInfo,Addon Loss Factor Pctg,AddonLossFactorPct,sTYPE_PERCENTAGE,Global,No,No,
LeaseInfo,Addon Or Loss Factor?,AddonOrLossFactorFlag,sTYPE_UNFORMATTED_NUMBER,Global,No,No,
LeaseInfo,Annual Rent Fixed Increase,AnnualRentFixedIncrease,sTYPE_MONEY,Global,No,No,
LeaseInfo,Annual Rent Pctg Increase,AnnualRentPctgIncrease,sTYPE_PERCENTAGE,Global,No,No,
LeaseInfo,Avg Annual Occupancy Cost,AvgAnnualOccupancyCost,sTYPE_MONEY,Global,No,No,
LeaseInfo,Avg Base Rent Rate,AvgBaseRentRate,sTYPE_MONEY,Global,No,No,
LeaseInfo,Avg Gross Rent Rate,AvgGrossRentRate,sTYPE_MONEY,Global,No,No,
LeaseInfo,Avg Monthly Occupancy Cost,AvgMonthlyOccupancyCost,sTYPE_MONEY,Global,No,No,
LeaseInfo,Avg Total Cost Rate,AvgTotalCostRate,sTYPE_MONEY,Global,No,No,
LeaseInfo,Base Name,BaseName,sTYPE_TEXT,Global,No,No,
LeaseInfo,Base Rent,BaseRent,sTYPE_MONEY,Global,No,No,
LeaseInfo,Base Rent Includes Op X?,BaseRentIncludesOpXFlag,sTYPE_CHECKBOX,Global,No,No,
LeaseInfo,Building Class,CodeBuildingClassID,sCODE_BUILDING_CLASS,Global,No,No,
LeaseInfo,Cancellation Options,CancellationOptions,sTYPE_TEXT,Global,No,No,
LeaseInfo,Client Name,ClientName,sTYPE_TEXT,Global,No,No,
LeaseInfo,Computed Commencement Date,ComputedCommencementDate,sTYPE_DATE,Global,No,No,
LeaseInfo,Construction Allowance (Landlord),ConstructionAllowanceLL,sTYPE_MONEY,Global,No,No,
LeaseInfo,Construction Manager,ConstructionManagerID,sTYPE_PERSON,Global,No,No,
LeaseInfo,Corporate Tax Rate,CorporateTaxRate,sTYPE_PERCENTAGE,Global,No,No,
LeaseInfo,Developer Manager,DeveloperManagerID,sTYPE_PERSON,Global,No,No,
LeaseInfo,Discount Rate,DiscountRate,sTYPE_PERCENTAGE,Global,No,No,
LeaseInfo,Est Opx CAM Increase Start Date,EstOpxCAMIncreaseStartDate,sTYPE_DATE,Global,No,No,
LeaseInfo,Est Opx CAM Increase Start Month,EstOpxCAMIncreaseStartMonth,sTYPE_NUMBER,Global,No,No,
LeaseInfo,Est Opx CAM Increase Start Year,EstOpxCAMIncreaseStartYear,sTYPE_NUMBER,Global,No,No,
LeaseInfo,Est Opx CAM Pass Thru Start Date,EstOpxCAMPassThruStartDate,sTYPE_DATE,Global,No,No,
LeaseInfo,Est Opx CAM Pass Thru Start Month,EstOpxCAMPassThruStartMonth,sTYPE_NUMBER,Global,No,No,
LeaseInfo,Est Opx CAM Pass Thru Start Year,EstOpxCAMPassThruStartYear,sTYPE_NUMBER,Global,No,No,
LeaseInfo,Est Opx CAM Taxes,EstOpxCAMTaxes,sTYPE_MONEY,Global,No,No,
LeaseInfo,Est RE Taxes,EstRETaxes,sTYPE_MONEY,Global,No,No,
LeaseInfo,Est RE Taxes Increase Start Date,EstRETaxesIncreaseStartDate,sTYPE_DATE,Global,No,No,
LeaseInfo,Est RE Taxes Increase Start Month,EstRETaxesIncreaseStartMonth,sTYPE_NUMBER,Global,No,No,
LeaseInfo,Est RE Taxes Increase Start Year,EstRETaxesIncreaseStartYear,sTYPE_NUMBER,Global,No,No,
LeaseInfo,Est RE Taxes Pass Thru Start Date,EstRETaxesPassThruStartDate,sTYPE_DATE,Global,No,No,
LeaseInfo,Est RE Taxes Pass Thru Start Month,EstRETaxesPassThruStartMonth,sTYPE_NUMBER,Global,No,No,
LeaseInfo,Est RE Taxes Pass Thru Start Year,EstRETaxesPassThruStartYear,sTYPE_NUMBER,Global,No,No,
LeaseInfo,Est RE Taxes Pct Inc,EstRETaxesPctInc,sTYPE_PERCENTAGE,Global,No,No,
LeaseInfo,Expansion Options,ExpansionOptions,sTYPE_TEXT,Global,No,No,
LeaseInfo,Furniture,Furniture,sTYPE_MONEY,Global,No,No,
LeaseInfo,Is Lease Executed?,IsLeaseExecuted,sTYPE_BOOLEAN,Global,No,No,
LeaseInfo,Lease Start Month,LeaseStartMonth,sTYPE_UNFORMATTED_NUMBER,Global,No,No,
LeaseInfo,Lease Start Year,LeaseStartYear,sTYPE_UNFORMATTED_NUMBER,Global,No,No,
LeaseInfo,Lease Stop Month,LeaseStopMonth,sTYPE_UNFORMATTED_NUMBER,Global,No,No,
LeaseInfo,Lease Stop Year,LeaseStopYear,sTYPE_UNFORMATTED_NUMBER,Global,No,No,
LeaseInfo,Length Term Months,LengthTermMonths,sTYPE_NUMBER,Global,No,No,
LeaseInfo,Location Name,LocationName,sTYPE_TEXT,Global,No,No,
LeaseInfo,Months Free Rent,MonthsFreeRent,sTYPE_NUMBER,Global,No,No,
LeaseInfo,Moving Allowance,MovingAllowance,sTYPE_MONEY,Global,No,No,
LeaseInfo,Net Effective Rent Amount,NetEffectiveRentAmount,sTYPE_MONEY,Global,No,No,
LeaseInfo,Net Effective Rent Rate,NetEffectiveRentRate,sTYPE_MONEY,Global,No,No,
LeaseInfo,NPV Avg Annual Occupancy Cost,NPVAvgAnnualOccupancyCost,sTYPE_MONEY,Global,No,No,
LeaseInfo,NPV Base Rent Rate,NPVBaseRentRate,sTYPE_MONEY,Global,No,No,
LeaseInfo,NPV Gross Rent Rate,NPVGrossRentRate,sTYPE_MONEY,Global,No,No,
LeaseInfo,NPV Occupancy Cost,NPVOccupancyCost,sTYPE_MONEY,Global,No,No,
LeaseInfo,NPV Total Occupancy Cost Rate,NPVTotalOccupancyCostRate,sTYPE_MONEY,Global,No,No,
LeaseInfo,Op X Annual Pct Increase,OpXAnnualPctIncrease,sTYPE_PERCENTAGE,Global,No,No,
LeaseInfo,Other LL Incentives Exp #1 Date,OtherLLIncentivesExp1Date,sTYPE_DATE,Global,No,No,
LeaseInfo,Other LL Incentives Exp #1 Month,OtherLLIncentivesExp1Month,sTYPE_NUMBER,Global,No,No,
LeaseInfo,Other LL Incentives Exp #1 Rate,OtherLLIncentivesExp1Rate,sTYPE_MONEY,Global,No,No,
LeaseInfo,Other LL Incentives Exp #1 Year,OtherLLIncentivesExp1Year,sTYPE_NUMBER,Global,No,No,
LeaseInfo,Other LL Incentives Exp #2 Date,OtherLLIncentivesExp2Date,sTYPE_DATE,Global,No,No,
LeaseInfo,Other LL Incentives Exp #2 Month,OtherLLIncentivesExp2Month,sTYPE_NUMBER,Global,No,No,
LeaseInfo,Other LL Incentives Exp #2 Rate,OtherLLIncentivesExp2Rate,sTYPE_MONEY,Global,No,No,
LeaseInfo,Other LL Incentives Exp #2 Year,OtherLLIncentivesExp2Year,sTYPE_NUMBER,Global,No,No,
LeaseInfo,Other LL Incentives Exp #3 Date,OtherLLIncentivesExp3Date,sTYPE_DATE,Global,No,No,
LeaseInfo,Other LL Incentives Exp #3 Month,OtherLLIncentivesExp3Month,sTYPE_NUMBER,Global,No,No,
LeaseInfo,Other LL Incentives Exp #3 Rate,OtherLLIncentivesExp3Rate,sTYPE_MONEY,Global,No,No,
LeaseInfo,Other LL Incentives Exp #3 Year,OtherLLIncentivesExp3Year,sTYPE_NUMBER,Global,No,No,
LeaseInfo,Other LL Incentives Exp #4 Date,OtherLLIncentivesExp4Date,sTYPE_DATE,Global,No,No,
LeaseInfo,Other LL Incentives Exp #4 Month,OtherLLIncentivesExp4Month,sTYPE_NUMBER,Global,No,No,
LeaseInfo,Other LL Incentives Exp #4 Rate,OtherLLIncentivesExp4Rate,sTYPE_MONEY,Global,No,No,
LeaseInfo,Other LL Incentives Exp #4 Year,OtherLLIncentivesExp4Year,sTYPE_NUMBER,Global,No,No,
LeaseInfo,Other Mth Costs #1 Pct Inc,OtherMthCosts1PctInc,sTYPE_PERCENTAGE,Global,No,No,
LeaseInfo,Other Mth Costs #1 Rate,OtherMthCosts1Rate,sTYPE_MONEY,Global,No,No,
LeaseInfo,Other Mth Costs #2 Pct Inc,OtherMthCosts2PctInc,sTYPE_PERCENTAGE,Global,No,No,
LeaseInfo,Other Mth Costs #2 Rate,OtherMthCosts2Rate,sTYPE_MONEY,Global,No,No,
LeaseInfo,Other Mth Costs #3 Pct Inc,OtherMthCosts3PctInc,sTYPE_PERCENTAGE,Global,No,No,
LeaseInfo,Other Mth Costs #3 Rate,OtherMthCosts3Rate,sTYPE_MONEY,Global,No,No,
LeaseInfo,Other Mth Costs #4 Pct Inc,OtherMthCosts4PctInc,sTYPE_PERCENTAGE,Global,No,No,
LeaseInfo,Other Mth Costs #4 Rate,OtherMthCosts4Rate,sTYPE_MONEY,Global,No,No,
LeaseInfo,Other Mth Costs Start Date,OtherMthCostsStartDate,sTYPE_DATE,Global,No,No,
LeaseInfo,Other Mth Costs Start Month,OtherMthCostsStartMonth,sTYPE_NUMBER,Global,No,No,
LeaseInfo,Other Mth Costs Start Year,OtherMthCostsStartYear,sTYPE_NUMBER,Global,No,No,
LeaseInfo,Other Opx Paid Directly #1 Pct Inc,OtherOpxPaidDirectly1PctInc,sTYPE_PERCENTAGE,Global,No,No,
LeaseInfo,Other Opx Paid Directly #1 Rate,OtherOpxPaidDirectly1Rate,sTYPE_MONEY,Global,No,No,
LeaseInfo,Other Opx Paid Directly #2 Pct Inc,OtherOpxPaidDirectly2PctInc,sTYPE_PERCENTAGE,Global,No,No,
LeaseInfo,Other Opx Paid Directly #2 Rate,OtherOpxPaidDirectly2Rate,sTYPE_MONEY,Global,No,No,
LeaseInfo,Other Opx Paid Directly #3 Pct Inc,OtherOpxPaidDirectly3PctInc,sTYPE_PERCENTAGE,Global,No,No,
LeaseInfo,Other Opx Paid Directly #3 Rate,OtherOpxPaidDirectly3Rate,sTYPE_MONEY,Global,No,No,
LeaseInfo,Other Opx Paid Directly #4 Pct Inc,OtherOpxPaidDirectly4PctInc,sTYPE_PERCENTAGE,Global,No,No,
LeaseInfo,Other Opx Paid Directly #4 Rate,OtherOpxPaidDirectly4Rate,sTYPE_MONEY,Global,No,No,
LeaseInfo,Other Opx Paid Directly Start Date,OtherOpxPaidDirectlyStartDate,sTYPE_DATE,Global,No,No,
LeaseInfo,Other Opx Paid Directly Start Month,OtherOpxPaidDirectlyStartMonth,sTYPE_NUMBER,Global,No,No,
LeaseInfo,Other Opx Paid Directly Start Year,OtherOpxPaidDirectlyStartYear,sTYPE_NUMBER,Global,No,No,
LeaseInfo,Other Project Costs Capital #1,OtherProjectCostsCapital1,sTYPE_MONEY,Global,No,No,
LeaseInfo,Other Project Costs Capital #2,OtherProjectCostsCapital2,sTYPE_MONEY,Global,No,No,
LeaseInfo,Other Project Costs Capital #3,OtherProjectCostsCapital3,sTYPE_MONEY,Global,No,No,
LeaseInfo,Other Project Costs Capital #4,OtherProjectCostsCapital4,sTYPE_MONEY,Global,No,No,
LeaseInfo,Other Project Costs Capital #5,OtherProjectCostsCapital5,sTYPE_MONEY,Global,No,No,
LeaseInfo,Other Project Costs Exp #1,OtherProjectCostsExp1,sTYPE_MONEY,Global,No,No,
LeaseInfo,Other Project Costs Exp #2,OtherProjectCostsExp2,sTYPE_MONEY,Global,No,No,
LeaseInfo,Other Project Costs Exp #3,OtherProjectCostsExp3,sTYPE_MONEY,Global,No,No,
LeaseInfo,Other Project Costs Exp #4,OtherProjectCostsExp4,sTYPE_MONEY,Global,No,No,
LeaseInfo,Other Project Costs Exp #5,OtherProjectCostsExp5,sTYPE_MONEY,Global,No,No,
LeaseInfo,Parking Annual Pct Increase,ParkingAnnualPctIncrease,sTYPE_PERCENTAGE,Global,No,No,
LeaseInfo,Parking Free Months,ParkingFreeMonths,sTYPE_NUMBER,Global,No,No,
LeaseInfo,Parking Ratio,ParkingRatio,sTYPE_NUMBER,Global,No,No,
LeaseInfo,Parking Reserved Cost,ParkingReservedCost,sTYPE_MONEY,Global,No,No,
LeaseInfo,Parking Reserved Spaces,ParkingReservedSpaces,sTYPE_NUMBER,Global,No,No,
LeaseInfo,Parking Unreserved Cost,ParkingUnreservedCost,sTYPE_MONEY,Global,No,No,
LeaseInfo,Parking Unreserved Spaces,ParkingUnreservedSpaces,sTYPE_NUMBER,Global,No,No,
LeaseInfo,Preparer Address,PreparerAddress,sTYPE_TEXT,Global,No,No,
LeaseInfo,Preparer Name,PreparerName,sTYPE_TEXT,Global,No,No,
LeaseInfo,Proposal Date,ProposalDate,sTYPE_DATE,Global,No,No,
LeaseInfo,Renewal Options,RenewalOptions,sTYPE_TEXT,Global,No,No,
LeaseInfo,Rent Per Month Or Year?,RentPerMonthOrYearFlag,sTYPE_UNFORMATTED_NUMBER,Global,No,No,
LeaseInfo,Rentable Area,RentableArea,sTYPE_AREA,Global,No,No,
LeaseInfo,Restoration Make Good For New Loc,RestorationMakeGoodForNewLoc,sTYPE_MONEY,Global,No,No,
LeaseInfo,Scenario Name,ScenarioName,sTYPE_TEXT,Global,No,No,
LeaseInfo,Special Exp Credits #1 Date,SpecialExpCredits1Date,sTYPE_DATE,Global,No,No,
LeaseInfo,Special Exp Credits #1 Month,SpecialExpCredits1Month,sTYPE_NUMBER,Global,No,No,
LeaseInfo,Special Exp Credits #1 Rate,SpecialExpCredits1Rate,sTYPE_MONEY,Global,No,No,
LeaseInfo,Special Exp Credits #1 Year,SpecialExpCredits1Year,sTYPE_NUMBER,Global,No,No,
LeaseInfo,Special Exp Credits #2 Date,SpecialExpCredits2Date,sTYPE_DATE,Global,No,No,
LeaseInfo,Special Exp Credits #2 Month,SpecialExpCredits2Month,sTYPE_NUMBER,Global,No,No,
LeaseInfo,Special Exp Credits #2 Rate,SpecialExpCredits2Rate,sTYPE_MONEY,Global,No,No,
LeaseInfo,Special Exp Credits #2 Year,SpecialExpCredits2Year,sTYPE_NUMBER,Global,No,No,
LeaseInfo,Special Exp Credits #3 Date,SpecialExpCredits3Date,sTYPE_DATE,Global,No,No,
LeaseInfo,Special Exp Credits #3 Month,SpecialExpCredits3Month,sTYPE_NUMBER,Global,No,No,
LeaseInfo,Special Exp Credits #3 Rate,SpecialExpCredits3Rate,sTYPE_MONEY,Global,No,No,
LeaseInfo,Special Exp Credits #3 Year,SpecialExpCredits3Year,sTYPE_NUMBER,Global,No,No,
LeaseInfo,Special Exp Credits #4 Date,SpecialExpCredits4Date,sTYPE_DATE,Global,No,No,
LeaseInfo,Special Exp Credits #4 Month,SpecialExpCredits4Month,sTYPE_NUMBER,Global,No,No,
LeaseInfo,Special Exp Credits #4 Rate,SpecialExpCredits4Rate,sTYPE_MONEY,Global,No,No,
LeaseInfo,Special Exp Credits #4 Year,SpecialExpCredits4Year,sTYPE_NUMBER,Global,No,No,
LeaseInfo,Special Exp Credits #5 Date,SpecialExpCredits5Date,sTYPE_DATE,Global,No,No,
LeaseInfo,Special Exp Credits #5 Month,SpecialExpCredits5Month,sTYPE_NUMBER,Global,No,No,
LeaseInfo,Special Exp Credits #5 Rate,SpecialExpCredits5Rate,sTYPE_MONEY,Global,No,No,
LeaseInfo,Special Exp Credits #5 Year,SpecialExpCredits5Year,sTYPE_NUMBER,Global,No,No,
LeaseInfo,Tenant Utilities,TenantUtilities,sTYPE_MONEY,Global,No,No,
LeaseInfo,Tenant Utility Annual Pct Increase,TenantUtilAnnualPctIncrease,sTYPE_PERCENTAGE,Global,No,No,
LeaseInfo,Total Base Rent Obligation,TotalBaseRentObligation,sTYPE_MONEY,Global,No,No,
LeaseInfo,Total Construction Cost,TotalConstructionCost,sTYPE_MONEY,Global,No,No,
LeaseInfo,Total Headcount,TotalHeadcount,sTYPE_NUMBER,Global,No,No,
LeaseInfo,Total Occupancy Cost Over Term,TotalOccupancyCostOverTerm,sTYPE_MONEY,Global,No,No,
LeaseInfo,Total Occupancy Cost With Construction,TotalOccCostWithConstruction,sTYPE_MONEY,Global,No,No,
LeaseInfo,Total Occupancy Cost Year #1,TotalOccupancyCostYear1,sTYPE_MONEY,Global,No,No,
LeaseInfo,Total Seating Capacity,TotalSeatingCapacity,sTYPE_NUMBER,Global,No,No,
LeaseInfo,Usable Area,UsableArea,sTYPE_AREA,Global,No,No,
LeaseInfo,Version,Version,sTYPE_NUMBER,Global,Yes,No,
LeaseInfo,Voice And Data,VoiceAndData,sTYPE_MONEY,Global,No,No,
Program,% Projects Complete,PercentCompleteByCount,sTYPE_PERCENTAGE,Global,No,No,
Program,Asset Amortization Exchange Rate Type,CodeAssetAmortFXTypeID,sCODE_EXCHANGE_RATE_TYPE,Global,No,No,
Program,Asset Amortization Exchange Rate Type (Translation),CodeAssetAmortSubFXTypeID,sCODE_EXCHANGE_RATE_TYPE,Global,No,No,
Program,Asset Balance Exchange Rate Type,CodeAssetBalFXTypeID,sCODE_EXCHANGE_RATE_TYPE,Global,No,No,
Program,Asset Balance Exchange Rate Type (Translation),CodeAssetBalSubFXTypeID,sCODE_EXCHANGE_RATE_TYPE,Global,No,No,
Program,Cap Project Map Setup Layout,CapProjectMapSetupLayoutID,sTYPE_PAGE_LAYOUT,Global,No,No,
Program,Cap Project Setup Page Layout,CapProjectSetupPageLayoutID,sTYPE_PAGE_LAYOUT,Global,No,No,
Program,Cash Expenses Exchange Rate Type,CodeCashExpensesFXTypeID,sCODE_EXCHANGE_RATE_TYPE,Global,No,No,
Program,Cash Expenses Exchange Rate Type (Translation),CodeCashExpensesSubFXTypeID,sCODE_EXCHANGE_RATE_TYPE,Global,No,No,
Program,City,City,sTYPE_TEXT,Global,No,No,
Program,Created By,CreatedByID,sTYPE_MEMBER,Global,No,No,
Program,Currency Type,CodeCurrencyTypeID,sCODE_CURRENCY_TYPE,Global,No,No,
Program,Default Auto Push Forecast End Date,DefaultAutoPushForecastEndDate,sTYPE_YES_NO_RADIO,Global,No,No,
Program,Default Holiday Schedule,DefaultHolidayScheduleID,sTYPE_HOLIDAY_SCHEDULE,Global,No,No,
Program,Default Work Weekends,DefaultWorkWeekends,sTYPE_YES_NO_RADIO,Global,No,No,
Program,Description,Description,sTYPE_TEXT,Global,No,No,
Program,Equipment Contract Setup Page Layout,EquipmentContractSetupPageLayoutID,sTYPE_PAGE_LAYOUT,Global,No,No,
Program,Facility Map Setup Layout,FacilityMapSetupLayoutID,sTYPE_PAGE_LAYOUT,Global,No,No,
Program,Facility Setup Page Layout,FacilitySetupPageLayoutID,sTYPE_PAGE_LAYOUT,Global,No,No,
Program,Fair Value Threshold,FairValueThreshold,sTYPE_PERCENTAGE,Global,No,No,
Program,Fiscal year end,FiscalYearEnd,sTYPE_DATE,Global,No,No,
Program,Interest Exchange Rate Type,CodeInterestFXTypeID,sCODE_EXCHANGE_RATE_TYPE,Global,No,No,
Program,Interest Exchange Rate Type (Translation),CodeInterestSubFXTypeID,sCODE_EXCHANGE_RATE_TYPE,Global,No,No,
Program,Liability Amortization Exchange Rate Type,CodeLiabAmortFXTypeID,sCODE_EXCHANGE_RATE_TYPE,Global,No,No,
Program,Liability Amortization Exchange Rate Type (Translation),CodeLiabAmortSubFXTypeID,sCODE_EXCHANGE_RATE_TYPE,Global,No,No,
Program,Liability Balances Exchange Rate Type,CodeLiabilityBalFXTypeID,sCODE_EXCHANGE_RATE_TYPE,Global,No,No,
Program,Liability Balances Exchange Rate Type (Translation),CodeLiabilityBalSubFXTypeID,sCODE_EXCHANGE_RATE_TYPE,Global,No,No,
Program,Location Map Setup Layout,LocationMapSetupLayoutID,sTYPE_PAGE_LAYOUT,Global,No,No,
Program,Location Setup Page Layout,LocationSetupPageLayoutID,sTYPE_PAGE_LAYOUT,Global,No,No,
Program,Markets Summary,MarketsInProgram,sTYPE_TEXT,Global,No,No,
Program,Name,ProgramName,sTYPE_ENTITY_NAME,Global,Yes,No,
Program,New SetUp Rate On Remeasure,UseNewSetUpRateOnRemeasure,sTYPE_CHECKBOX,Global,No,No,
Program,New SetUp Rate on Remeasurement,UseNewSetUpRateOnRemeasure,sTYPE_YES_NO_RADIO,Global,No,No,
Program,Number Of Equipment Contract Approval Levels,NumberOfEquipPTApprovalLevels,sTYPE_NUMBER,Global,No,No,
Program,Number of RE Contract Approval Levels,NumberOfPTApprovalLevels,sTYPE_NUMBER,Global,No,No,
Program,Open Project Map Setup Layout,OpenProjectMapSetupLayoutID,sTYPE_PAGE_LAYOUT,Global,No,No,
Program,Open Project Setup Page Layout,OpenProjectSetupPageLayoutID,sTYPE_PAGE_LAYOUT,Global,No,No,
Program,Parcel Map Setup Layout,ParcelMapSetupLayoutID,sTYPE_PAGE_LAYOUT,Global,No,No,
Program,Parcel Setup Page Layout,ParcelSetupPageLayoutID,sTYPE_PAGE_LAYOUT,Global,No,No,
Program,Portfolio for Org Chart,OrgChartProgramID,sTYPE_PROGRAM,Global,No,No,
Program,Postal Code,PostalCode,sTYPE_POSTALCODE,Global,No,No,
Program,Program ClientID,BOMapClientRecordID,sTYPE_TEXT,Global,Yes,No,
Program,Program or Portfolio,ProgramType,sTYPE_TEXT,Global,Yes,No,
Program,Program RecID,ProgramID,sTYPE_UNFORMATTED_NUMBER,Global,No,No,
Program,Project To Facility Setup Layout,ProjectToFacilitySetupLayoutID,sTYPE_PAGE_LAYOUT,Global,No,No,
Program,Projects Completed,NumProjectsComplete,sTYPE_NUMBER,Global,No,No,
Program,Projects Completion Date,CapProjectsEndDate,sTYPE_DATE,Global,No,No,
Program,Projects Remaining,NumProjectsNotComplete,sTYPE_NUMBER,Global,No,No,
Program,Projects Summary,CapProjectsInProgram,sTYPE_TEXT,Global,No,No,
Program,Prototype Setup Page Layout,PrototypeSetupPageLayoutID,sTYPE_PAGE_LAYOUT,Global,No,No,
Program,Prototypes Summary,PrototypesInProgram,sTYPE_TEXT,Global,No,No,
Program,RE Contract Setup Page Layout,ContractSetupPageLayoutID,sTYPE_PAGE_LAYOUT,Global,No,No,
Program,Regions Summary,RegionsInProgram,sTYPE_TEXT,Global,No,No,
Program,Remaining Economic Life Threshold,RemainingEconomicLifeThreshold,sTYPE_PERCENTAGE,Global,No,No,
Program,Revenue per week,RevenuePerWeek,sTYPE_MONEY,Global,No,No,
Program,Scenario Map Setup Layout,ScenarioMapSetupLayoutID,sTYPE_PAGE_LAYOUT,Global,No,No,
Program,Single Lease Exchange Rate Type,CodeSingleLeaseFXTypeID,sCODE_EXCHANGE_RATE_TYPE,Global,No,No,
Program,Single Lease Exchange Rate Type (Translation),CodeSingleLeaseSubFXTypeID,sCODE_EXCHANGE_RATE_TYPE,Global,No,No,
Program,Site Map Setup Layout,SiteMapSetupLayoutID,sTYPE_PAGE_LAYOUT,Global,No,No,
Program,Site Setup Page Layout,SiteSetupPageLayoutID,sTYPE_PAGE_LAYOUT,Global,No,No,
Program,Site To Project Setup Layout,SiteToProjectSetupLayoutID,sTYPE_PAGE_LAYOUT,Global,No,No,
Program,SL Asset Amortize Method,SLAssetAmortizeMethod,sTYPE_TEXT,Global,No,No,
Program,SL Cash Amortize Method,SLCashAmortizeMethod,sTYPE_TEXT,Global,No,No,
Program,SL Discount Rate,SLDiscountRate,sTYPE_PERCENTAGE,Global,No,No,
Program,SL Expense Amortize Method,SLExpenseAmortizeMethod,sTYPE_TEXT,Global,No,No,
Program,SL Match Year Ends?,SLMatchYearEnds,sTYPE_YES_NO_RADIO,Global,No,No,
Program,SL Prorate #35 As #28?,SLProrate35As28,sTYPE_YES_NO_RADIO,Global,No,No,
Program,State,IStateProvinceCountryID,sTYPE_STATE_PROVINCE,Global,No,No,
Program,Street address #1,StreetAddress1,sTYPE_TEXT,Global,No,No,
Program,Street address #2,StreetAddress2,sTYPE_TEXT,Global,No,No,
Program,Street address #3,StreetAddress3,sTYPE_TEXT,Global,No,No,
Program,Street address #4,StreetAddress4,sTYPE_TEXT,Global,No,No,
Program,Total Active Projects,TotalActiveProjects,sTYPE_NUMBER,Global,No,No,
Program,Total Capital Projects,TotalCapitalProjects,sTYPE_NUMBER,Global,No,No,
Program,Total Contracts,TotalContracts,sTYPE_NUMBER,Global,No,No,
Program,Total Dead Projects,TotalDeadProjects,sTYPE_NUMBER,Global,No,No,
Program,Total Equipment Contracts,TotalEquipmentContracts,sTYPE_NUMBER,Global,No,No,
Program,Total Facilities,TotalFacilities,sTYPE_NUMBER,Global,No,No,
Program,Total Inactive Projects,TotalInactiveProjects,sTYPE_NUMBER,Global,No,No,
Program,Total Locations,TotalLocations,sTYPE_NUMBER,Global,No,No,
Program,Total Opening Projects,TotalOpeningProjects,sTYPE_NUMBER,Global,No,No,
Program,Total Parcels,TotalParcels,sTYPE_NUMBER,Global,No,No,
Program,Total Projects,TotalProjects,sTYPE_NUMBER,Global,No,No,
Program,Total RE Contracts,TotalREContracts,sTYPE_NUMBER,Global,No,No,
Program,Total Sites,TotalSites,sTYPE_NUMBER,Global,No,No,
Prototype,Approved?,IsApproved,sTYPE_BOOLEAN,Global,Yes,No,
Prototype,Average Cost Of Project,AverageCostOfProject,sTYPE_MONEY,Global,Yes,No,
Prototype,Average Duration Of Project (months),AverageDurationOfProject,sTYPE_NUMBER,Global,Yes,No,
Prototype,Building Area Unit,CodeBuildingAreaUnitID,sCODE_BUILDING_AREA_UNIT,Global,Yes,No,
Prototype,Default Construction Type,CodeConstructionTypeID,sCODE_CONSTRUCTION_TYPE,Global,No,No,
Prototype,Default Distribution Center,CodeDistributionCenterID,sCODE_DISTRIBUTION_CENTER,Global,No,No,
Prototype,Default Project Type,CodeProjectTypeID,sCODE_PROJECT_TYPE,Global,No,No,
Prototype,Default Rentable Area,DefaultRentableArea,sTYPE_AREA,Global,Yes,No,
Prototype,Default Usable Area,DefaultUsableArea,sTYPE_AREA,Global,Yes,No,
Prototype,Description,ProjectDescription,sTYPE_TEXT,Global,No,No,
Prototype,Notes,Notes,sTYPE_TEXTAREA,Global,No,No,
Prototype,Portfolio,ProgramID,sTYPE_PROGRAM,Global,Yes,No,
Prototype,Prototype ClientID,BOMapClientRecordID,sTYPE_TEXT,Global,Yes,No,
Prototype,Prototype Name,PrototypeName,sTYPE_TEXT,Global,Yes,No,
Prototype,Prototype RecID,PrototypeID,sTYPE_UNFORMATTED_NUMBER,Global,No,No,
LandPurchaseSummary,Modified By,ModifiedByID,sTYPE_MEMBER,Global,No,No,
LandPurchaseSummary,Modified Date,ModifiedDate,sTYPE_TIME,Global,No,No,
LinkLandPurchaseInspection,Comments,Notes,sTYPE_TEXTAREA,Global,No,No,
LinkLandPurchaseInspection,Inspection Duration,InspectionDays,sTYPE_NUMBER,Global,Yes,No,
LinkLandPurchaseInspection,Inspection To Begin,CodeInspectionPeriodStartID,sCODE_INSPECTION_PERIOD_START,Global,Yes,No,
LinkLandPurchaseInspection,Inspection Type,CodeInspectionTypeID,sCODE_INSPECTION_TYPE,Global,Yes,No,
LinkLandPurchaseInspection,Land Purchase Summary,LandPurchaseSummaryID,sTYPE_LAND_PURCHASE_SUMMARY,Global,Yes,No,
LinkLandPurchaseInspection,Modified By,ModifiedByID,sTYPE_MEMBER,Global,No,No,
LinkLandPurchaseInspection,Modified Date,ModifiedDate,sTYPE_TIME,Global,No,No,
Ownership,Entity,ProjectEntityID,sTYPE_PROJECT_ENTITY,Global,Yes,No,
Ownership,Funding Amount,FundingAmount,sTYPE_MONEY,Global,Yes,No,
Ownership,Funding Percent,FundingPercent,sTYPE_PERCENTAGE,Global,Yes,No,
Ownership,Funding Type,CodeFundingTypeID,sCODE_FUNDING_TYPE,Global,Yes,No,
Ownership,Modified By,ModifiedByID,sTYPE_MEMBER,Global,No,No,
Ownership,Modified Date,ModifiedDate,sTYPE_TIME,Global,No,No,
Ownership,Owner,OwnerID,sTYPE_PERSON,Global,Yes,No,
Ownership,Ownership ClientID,BOMapClientRecordID,sTYPE_TEXT,Global,Yes,No,
Ownership,Ownership RecID,OwnershipID,sTYPE_UNFORMATTED_NUMBER,Global,No,No,
LandPurchaseSummary,Acreage,Acreage,sTYPE_NUMBER_FRACTION6DIGITS,Global,No,No,
LandPurchaseSummary,Amended Commencement Date,AmendedCommencementDate,sTYPE_DATE,Global,No,No,
LandPurchaseSummary,Asking Price,AskingPrice,sTYPE_MONEY,Global,No,No,
LandPurchaseSummary,Commencement Date,CommencementDate,sTYPE_DATE,Global,No,No,
LandPurchaseSummary,Contract Options,ContractOptions,sTYPE_TEXTAREA,Global,No,No,
LandPurchaseSummary,Date Purchaser Signed,SignedPurchaserDate,sTYPE_DATE,Global,No,No,
LandPurchaseSummary,Date Seller Signed,SignedSellerDate,sTYPE_DATE,Global,No,No,
LandPurchaseSummary,Earnest money,EarnestMoney,sTYPE_MONEY,Global,No,No,
LandPurchaseSummary,Earnest Money Hard Date,EarnestMoneyHardDate,sTYPE_DATE,Global,No,No,
LandPurchaseSummary,Effective Date,EffectiveDate,sTYPE_DATE,Global,No,No,
LandPurchaseSummary,Environment Engineer,EnvironmentalEngineerID,sTYPE_PERSON,Global,No,No,
LandPurchaseSummary,Expected contract signing date,ClosingDate,sTYPE_DATE,Global,No,No,
LandPurchaseSummary,Expected Store Opening Date,FacilityOpenDate,sTYPE_DATE,Global,No,No,
LandPurchaseSummary,Finance Agent,FinanceAgentID,sTYPE_PERSON,Global,No,No,
LandPurchaseSummary,Notes,Notes,sTYPE_TEXTAREA,Global,No,No,
LandPurchaseSummary,Property Description,Description,sTYPE_TEXT,Global,No,No,
LandPurchaseSummary,Purchase Summary ClientID,BOMapClientRecordID,sTYPE_TEXT,Global,Yes,No,
LandPurchaseSummary,Purchase Summary RecID,LandPurchaseSummaryID,sTYPE_UNFORMATTED_NUMBER,Global,No,No,
LandPurchaseSummary,Purchaser,OwnerID,sTYPE_OWNER,Global,No,No,
LandPurchaseSummary,Purchaser Attorney,OwnerLawyerID,sTYPE_LAWYER,Global,No,No,
LandPurchaseSummary,Purchaser Broker,OwnerBrokerID,sTYPE_BROKER,Global,No,No,
LandPurchaseSummary,Purchaser Commission,BuyingCommissionAmount,sTYPE_MONEY,Global,No,No,
LandPurchaseSummary,Purchaser Signee,OwnerSigneeID,sTYPE_PERSON,Global,No,No,
LandPurchaseSummary,Sales Price,SalePrice,sTYPE_MONEY,Global,No,No,
LandPurchaseSummary,Seller,SellerID,sTYPE_OWNER,Global,No,No,
LandPurchaseSummary,Seller Commission,SellingCommissionAmount,sTYPE_MONEY,Global,No,No,
LandPurchaseSummary,Seller Signee,SellerSigneeID,sTYPE_PERSON,Global,No,No,
LandPurchaseSummary,Seller's Lawyer,SellerLawyerID,sTYPE_LAWYER,Global,No,No,
LandPurchaseSummary,Selling Broker,SellerBrokerID,sTYPE_BROKER,Global,No,No,
LandPurchaseSummary,Survey Review Period,SurveyReviewDays,sTYPE_NUMBER,Global,No,No,
LandPurchaseSummary,Title Review Period,TitleReviewDays,sTYPE_NUMBER,Global,No,No,
LandPurchaseSummary,Waiver Period,WaiverDays,sTYPE_NUMBER,Global,No,No,
ProgramRevenueWeeks,Current Filled Targets,NumberCurrentFilledSlots,sTYPE_NUMBER,Global,No,No,
ProgramRevenueWeeks,Current Filled Weeks,NumberCurrentFilledWeeks,sTYPE_NUMBER,Global,No,No,
ProgramRevenueWeeks,Current Targets,NumberCurrentTotalSlots,sTYPE_NUMBER,Global,No,No,
ProgramRevenueWeeks,Current Unfilled Targets,NumberCurrentUnfilledSlots,sTYPE_NUMBER,Global,No,No,
ProgramRevenueWeeks,Current Unfilled Weeks,NumberCurrentUnfilledWeeks,sTYPE_NUMBER,Global,No,No,
ProgramRevenueWeeks,Current Weeks,NumberCurrentTotalWeeks,sTYPE_NUMBER,Global,No,No,
DevelopmentPlan,Development Plan ClientID,BOMapClientRecordID,sTYPE_TEXT,Global,Yes,No,
DevelopmentPlan,Development Plan Modified By,ModifiedByID,sTYPE_MEMBER,Global,No,No,
DevelopmentPlan,Development Plan Modified Date,ModifiedDate,sTYPE_TIME,Global,No,No,
DevelopmentPlan,Development Plan Name,DevelopmentPlanName,sTYPE_TEXT,Global,Yes,No,
DevelopmentPlan,Development Plan Portfolio,ProgramID,sTYPE_PORTFOLIO,Global,Yes,No,
DevelopmentPlan,Development Plan RecID,DevelopmentPlanID,sTYPE_UNFORMATTED_NUMBER,Global,No,No,
ProgramRevenueWeeks,Goal Targets,NumberOfSlots,sTYPE_NUMBER,Global,Yes,No,
ProgramRevenueWeeks,Goal Weeks,RevenueWeeks,sTYPE_NUMBER,Global,Yes,No,
ProgramRevenueWeeks,Modified By,ModifiedByID,sTYPE_MEMBER,Global,No,No,
ProgramRevenueWeeks,Modified Date,ModifiedDate,sTYPE_TIME,Global,No,No,
ProgramRevenueWeeks,Program Revenue Weeks ClientID,BOMapClientRecordID,sTYPE_TEXT,Global,Yes,No,
ProgramRevenueWeeks,Program Revenue Weeks RecID,ProgramRevenueWeeksID,sTYPE_UNFORMATTED_NUMBER,Global,No,No,
DevelopmentSlot,Assigned Broker,BrokerMemberID,sTYPE_MEMBER,Global,No,No,
DevelopmentSlot,Assigned Project,ProjectName,sTYPE_TEXT,Global,No,No,
DevelopmentSlot,Broker Message,BrokerMessage,sTYPE_TEXTAREA,Global,No,No,
DevelopmentSlot,Current Revenue Weeks,ActualRevenueWeeks,sTYPE_NUMBER,Global,No,No,
DevelopmentSlot,Development Plan,DevelopmentPlanID,sTYPE_DEVELOPMENT_PLAN,Global,Yes,No,
DevelopmentSlot,Duration,Duration,sTYPE_NUMBER,Global,No,No,
DevelopmentSlot,EndDate,EndDate,sTYPE_DATE,Global,Yes,No,
DevelopmentSlot,Market Area,CodeMarketAreaID,sCODE_MARKET_AREA,Global,Yes,No,
DevelopmentSlot,Market Type,CodeMarketTypeID,sCODE_MARKET_TYPE,Global,No,No,
DevelopmentSlot,Modified By,ModifiedByID,sTYPE_MEMBER,Global,No,No,
DevelopmentSlot,Modified Date,ModifiedDate,sTYPE_TIME,Global,No,No,
DevelopmentSlot,Name,DevelopmentSlotName,sTYPE_TEXT,Global,Yes,No,
DevelopmentSlot,Original Planned Open Date,OriginalEndDate,sTYPE_DATE,Global,No,No,
DevelopmentSlot,Parent Region,RootRegionID,sTYPE_ROOT_REGION,Global,No,No,
DevelopmentSlot,Planned Open Date,BaselineEndDate,sTYPE_DATE,Global,No,No,
DevelopmentSlot,Planned Package Date,PlannedPackageDate,sTYPE_DATE,Global,No,No,
DevelopmentSlot,Portfolio,ProgramID,sTYPE_PROGRAM,Global,Yes,No,
DevelopmentSlot,Prototype,PrototypeID,sTYPE_PROTOTYPE,Global,No,No,
DevelopmentSlot,Region,RegionID,sTYPE_REGION,Global,Yes,No,
DevelopmentSlot,Slot Duration,SlotDuration,sTYPE_NUMBER,Global,No,No,
DevelopmentSlot,Slot Entity,ProjectPEID,sTYPE_PROJECT_ENTITY,Global,No,No,
DevelopmentSlot,Store Phase,CodeStorePhaseID,sCODE_STORE_PHASE,Global,No,No,
DevelopmentSlot,Sub Region,SubRegionID,sTYPE_SUBREGION,Global,No,No,
DevelopmentSlot,Target ClientID,BOMapClientRecordID,sTYPE_TEXT,Global,Yes,No,
DevelopmentSlot,Target End Date,SlotEndDate,sTYPE_DATE,Global,No,No,
DevelopmentSlot,Target RecID,DevelopmentSlotID,sTYPE_UNFORMATTED_NUMBER,Global,No,No,
DevelopmentSlot,Target Start Date,SlotStartDate,sTYPE_DATE,Global,No,No,
DevelopmentSlot,Target Type,CodeSlotTypeID,sCODE_SLOT_TYPE,Global,No,No,
DevelopmentSlot,Task Template Project Entity ID,TaskTemplatePEID,sTYPE_TASK_TEMPLATE,Global,No,No,
DevelopmentSlot,Trade Area,TradeArea,sTYPE_TEXT,Global,No,No,
ReTransScenContact,City,City,sTYPE_TEXT,Global,No,No,
ReTransScenContact,Contact Type,CodeContactTypeID,sCODE_CONTACT_TYPE,Global,No,No,
ReTransScenContact,Created By,CreatedByID,sTYPE_MEMBER,Global,No,No,
ReTransScenContact,Created Date,CreatedDate,sTYPE_TIME,Global,No,No,
ReTransScenContact,E Mail #1,EMail1,sTYPE_TEXT,Global,No,No,
ReTransScenContact,Employer Name,EmployerName,sTYPE_TEXTAREA,Global,Yes,No,
ReTransScenContact,First Name,FirstName,sTYPE_TEXT,Global,Yes,No,
ReTransScenContact,Job Function,CodeJobFunctionID,sCODE_JOB_FUNCTION,Global,No,No,
ReTransScenContact,Job Title,CodeJobTitleID,sCODE_JOB_TITLE,Global,No,No,
ReTransScenContact,Jurisdiction,JurisdictionID,sTYPE_JURISDICTION,Global,No,No,
ReTransScenContact,Last Name,LastName,sTYPE_TEXT,Global,Yes,No,
ReTransScenContact,Middle Name,MiddleName,sTYPE_TEXT,Global,No,No,
ReTransScenContact,Mobile Number,MobileNumber,sTYPE_TEXT,Global,No,No,
ReTransScenContact,Modified By,ModifiedByID,sTYPE_MEMBER,Global,No,No,
ReTransScenContact,Modified Date,ModifiedDate,sTYPE_TIME,Global,No,No,
ReTransScenContact,Name (First Last),NameFirstLast,sTYPE_TEXT,Global,No,No,
ReTransScenContact,Name (Last First),NameLastFirst,sTYPE_TEXT,Global,No,No,
ReTransScenContact,Notes,Notes,sTYPE_TEXTAREA,Global,No,No,
ReTransScenContact,Phone,Phone,sTYPE_TEXT,Global,No,No,
ReTransScenContact,Postal Code,PostalCode,sTYPE_POSTALCODE,Global,No,No,
ReTransScenContact,RE Trans Scen Contact ID,ReTransScenContactID,sTYPE_UNFORMATTED_NUMBER,Global,No,No,
ReTransScenContact,State Province Country,StateProvinceCountryID,sTYPE_STATE_PROVINCE,Global,No,No,
ReTransScenContact,Street Address #1,StreetAddress1,sTYPE_TEXT,Global,No,No,
ReTransScenContact,Street Address #2,StreetAddress2,sTYPE_TEXT,Global,No,No,
ReTransScenContact,Street Address #3,StreetAddress3,sTYPE_TEXT,Global,No,No,
ReTransScenContact,Street Address #4,StreetAddress4,sTYPE_TEXT,Global,No,No,
ReTransScenContact,Suffix,Suffix,sTYPE_TEXT,Global,No,No,
ReTransScenContact,Title,Title,sTYPE_TEXT,Global,No,No,
LinkReTransScenContact,City,City,sTYPE_TEXT,Global,No,No,
LinkReTransScenContact,Company Contact,PersonID,sTYPE_PERSON,Global,No,No,
LinkReTransScenContact,Contact Type,CodeContactTypeIDList,sCODE_CONTACT_TYPE,Global,No,No,
LinkReTransScenContact,Created By,CreatedByID,sTYPE_MEMBER,Global,No,No,
LinkReTransScenContact,Created Date,CreatedDate,sTYPE_TIME,Global,No,No,
LinkReTransScenContact,E Mail #1,EMail1,sTYPE_TEXT,Global,No,No,
LinkReTransScenContact,Employer Name,EmployerName,sTYPE_TEXTAREA,Global,No,No,
LinkReTransScenContact,First Name,FirstName,sTYPE_TEXT,Global,No,No,
LinkReTransScenContact,Job Function,ICodeJobFunctionID,sCODE_JOB_FUNCTION,Global,No,No,
LinkReTransScenContact,Job Title,CodeJobTitleID,sCODE_JOB_TITLE,Global,No,No,
LinkReTransScenContact,Jurisdiction,JurisdictionID,sTYPE_JURISDICTION,Global,No,No,
LinkReTransScenContact,Last Name,LastName,sTYPE_TEXT,Global,No,No,
LinkReTransScenContact,Middle Name,MiddleName,sTYPE_TEXT,Global,No,No,
LinkReTransScenContact,Mobile Number,MobileNumber,sTYPE_TEXT,Global,No,No,
LinkReTransScenContact,Modified By,ModifiedByID,sTYPE_MEMBER,Global,No,No,
LinkReTransScenContact,Modified Date,ModifiedDate,sTYPE_TIME,Global,No,No,
LinkReTransScenContact,Name (First Last),NameFirstLast,sTYPE_TEXT,Global,No,No,
LinkReTransScenContact,Name (Last First),NameLastFirst,sTYPE_TEXT,Global,No,No,
LinkReTransScenContact,Phone,Phone,sTYPE_TEXT,Global,No,No,
LinkReTransScenContact,Postal Code,PostalCode,sTYPE_POSTALCODE,Global,No,No,
LinkReTransScenContact,RE Transaction,RETransactionID,sTYPE_RE_TRANSACTION,Global,No,No,
LinkReTransScenContact,RE Transaction Contact,ReTransScenContactID,sTYPE_RETRAN_CONTACT,Global,No,No,
LinkReTransScenContact,RE Transaction Scenario Contact ClientID,BOMapClientRecordID,sTYPE_TEXT,Global,Yes,No,
LinkReTransScenContact,RE Transaction Scenario Contact RecID,LinkReTransScenContactID,sTYPE_UNFORMATTED_NUMBER,Global,No,No,
LinkReTransScenContact,Scenario,ScenarioID,sTYPE_SCENARIO,Global,No,No,
LinkReTransScenContact,State Province Country,StateProvinceCountryID,sTYPE_STATE_PROVINCE,Global,No,No,
LinkReTransScenContact,Street Address #1,StreetAddress1,sTYPE_TEXT,Global,No,No,
LinkReTransScenContact,Street Address #2,StreetAddress2,sTYPE_TEXT,Global,No,No,
LinkReTransScenContact,Street Address #3,StreetAddress3,sTYPE_TEXT,Global,No,No,
LinkReTransScenContact,Street Address #4,StreetAddress4,sTYPE_TEXT,Global,No,No,
LinkReTransScenContact,Suffix,Suffix,sTYPE_TEXT,Global,No,No,
LinkReTransScenContact,Title,Title,sTYPE_TEXT,Global,No,No,
RETransaction,Active Deal Step(s),ActiveDealStepTaskIDList,sTYPE_TASK,Global,No,No,
RETransaction,Approved Capital Budget,ApprovedCapitalBudget,sTYPE_MONEY,Global,No,No,
RETransaction,Begin Date,BeginDate,sTYPE_DATE,Global,No,No,
RETransaction,Created By,CreatedByID,sTYPE_MEMBER,Global,No,No,
RETransaction,Created Date,CreatedDate,sTYPE_TIME,Global,No,No,
RETransaction,Deal Schedule,DealSchedule,sTYPE_TASK,Global,No,No,
RETransaction,Deal Steps,DealStepSchedule,sTYPE_MINISCHEDULE,Global,No,No,
RETransaction,Documents,DocumentIDList,sTYPE_DOCUMENT_LIST,Global,No,No,
RETransaction,End Date,EndDate,sTYPE_DATE,Global,No,No,
RETransaction,Facility,FacilityID,sTYPE_FACILITY,Global,No,No,
RETransaction,Kickoff Contract Covenant,KickoffCovenantID,sTYPE_COVENANT,Global,No,No,
RETransaction,Kickoff Contract Key Date,KickoffKeyDateID,sTYPE_KEY_DATE,Global,No,No,
RETransaction,Kickoff Contract Term,KickoffContractTermID,sTYPE_CONTRACT_TERM,Global,No,No,
RETransaction,Kickoff Scenario,KickoffScenarioID,sTYPE_SCENARIO,Global,No,No,
RETransaction,Modified By,ModifiedByID,sTYPE_MEMBER,Global,No,No,
RETransaction,Modified Date,ModifiedDate,sTYPE_TIME,Global,No,No,
RETransaction,Notes,Notes,sTYPE_TEXTAREA,Global,No,No,
RETransaction,Number of Scenarios,NumberOfScenarios,sTYPE_UNFORMATTED_NUMBER,Global,No,No,
RETransaction,Preferred Scenario,PreferredScenarioID,sTYPE_SCENARIO,Global,No,No,
RETransaction,Preferred Scenario Covenant Notes,PreferredScenarioCovenantNotes,sTYPE_TEXTAREA,Global,No,No,
RETransaction,Preferred Scenario Deal Type,PreferredScenarioCodeDealTypeID,sCODE_SCENARIO_DEAL_TYPE,Global,No,No,
RETransaction,Program,ProgramID,sTYPE_PROGRAM,Global,Yes,No,
RETransaction,RE Transaction ClientID,BOMapClientRecordID,sTYPE_TEXT,Global,Yes,No,
RETransaction,RE Transaction RecID,RETransactionID,sTYPE_UNFORMATTED_NUMBER,Global,No,No,
RETransaction,Related Transaction,RelatedTransactionID,sTYPE_RE_TRANSACTION,Global,No,No,
RETransaction,Rev Number,RevNumber,sTYPE_UNFORMATTED_NUMBER,Global,No,No,
RETransaction,Selected Scenario,SelectedScenarioID,sTYPE_SCENARIO,Global,No,No,
RETransaction,Transaction Manager,AssigneeMemberID,sTYPE_MEMBER,Global,No,No,
RETransaction,Transaction Name,TransactionName,sTYPE_TEXT,Global,Yes,No,
RETransaction,Transaction Status,CodeRETransactionStatusID,sCODE_RE_TRANSACTION_STATUS,Global,No,No,
Scenario,Active Deal Step(s),ActiveDealStepTaskIDList,sTYPE_TASK,Global,No,No,
Scenario,Additional Terms,AdditionalTerms,sTYPE_NUMBER,Global,No,No,
Scenario,Amendment,AmendmentID,sTYPE_CONTRACT_AMENDMENT,Global,No,No,
Scenario,Annual Total Rent,AnnualTotalRent,sTYPE_MONEY,Global,No,No,
Scenario,Average HH Income,AverageHHIncome,sTYPE_MONEY,Global,No,No,
Scenario,Block,Block,sTYPE_TEXT,Global,No,No,
Scenario,Broker Commission,BrokerCommission,sTYPE_PERCENTAGE,Global,No,No,
Scenario,Building Area Unit,CodeBuildingAreaUnitID,sCODE_BUILDING_AREA_UNIT,Global,No,No,
Scenario,Capital Required,CapitalRequired,sTYPE_MONEY,Global,No,No,
Scenario,Close Days,CloseDays,sTYPE_NUMBER,Global,No,No,
Scenario,Contract,ContractID,sTYPE_CONTRACT,Global,No,No,
Scenario,Contract Key Date,KeyDateID,sTYPE_KEY_DATE,Global,No,No,
Scenario,Contract Term,ContractTermID,sTYPE_CONTRACT_TERM,Global,No,No,
Scenario,Covenant,CovenantID,sTYPE_COVENANT,Global,No,No,
Scenario,Covenant Category,CodeCovenantCategoryID,sCODE_COVENANT_CATEGORY,Global,No,No,
Scenario,Covenant Group,CodeCovenantGroupID,sCODE_COVENANT_GROUP,Global,No,No,
Scenario,Covenant Status,CodeCovenantStatusID,sCODE_COVENANT_STATUS,Global,No,No,
Scenario,Covenant Type,CodeCovenantTypeID,sCODE_COVENANT_TYPE,Global,No,No,
Scenario,Created By,CreatedByID,sTYPE_MEMBER,Global,No,No,
Scenario,Created Date,CreatedDate,sTYPE_TIME,Global,No,No,
Scenario,Currency,CodeCurrencyTypeID,sCODE_CURRENCY_TYPE,Global,No,No,
Scenario,Deal Schedule,DealSchedule,sTYPE_TASK,Global,No,No,
Scenario,Deal Steps,DealStepSchedule,sTYPE_MINISCHEDULE,Global,No,No,
Scenario,Decision Date,DecisionDate,sTYPE_DATE,Global,No,No,
Scenario,Decision Status,CodeDecisionStatusID,sCODE_DECISION_STATUS,Global,No,No,
Scenario,Deposit,Deposit,sTYPE_MONEY,Global,No,No,
Scenario,Discount Rate,DiscountRate,sTYPE_PERCENTAGE,Global,No,No,
Scenario,Documents,DocumentIDList,sTYPE_DOCUMENT_LIST,Global,No,No,
Scenario,Due Diligence Days,DueDiligenceDays,sTYPE_NUMBER,Global,No,No,
Scenario,End Date,EndDate,sTYPE_DATE,Global,No,No,
Scenario,Full Address,HTMLAddress,sTYPE_TEXT,Global,No,No,
Scenario,Lot,Lot,sTYPE_TEXT,Global,No,No,
Scenario,Major Tenants,MajorTenants,sTYPE_TEXT,Global,No,No,
Scenario,Market,CodeMarketAreaID,sCODE_MARKET_AREA,Global,No,No,
Scenario,Median HH Income,MedianHHIncome,sTYPE_MONEY,Global,No,No,
Scenario,Modified By,ModifiedByID,sTYPE_MEMBER,Global,No,No,
Scenario,Modified Date,ModifiedDate,sTYPE_TIME,Global,No,No,
Scenario,New Term End Date,NewTermEndDate,sTYPE_DATE,Global,No,No,
Scenario,New Term Length,NewTermLength,sTYPE_DATE_MATH_OPERATION,Global,No,No,
Scenario,New Term Start Date,NewTermStartDate,sTYPE_DATE,Global,No,No,
Scenario,Notes,Notes,sTYPE_TEXTAREA,Global,No,No,
Scenario,Notice Begin Date,NoticeBeginDate,sTYPE_DATE,Global,No,No,
Scenario,Notice End Date,NoticeEndDate,sTYPE_DATE,Global,No,No,
Scenario,Operating Costs CAM,OperatingCostsCAM,sTYPE_MONEY,Global,No,No,
Scenario,Original Lease Start Date,OriginalLeaseStartDate,sTYPE_DATE,Global,No,No,
Scenario,Parking Ratio,ParkingRatio,sTYPE_NUMBER_FRACTION6DIGITS,Global,No,No,
Scenario,Parking Spaces,ParkingSpaces,sTYPE_NUMBER,Global,No,No,
Scenario,Population 5yr Growth,Population5yrGrowth,sTYPE_PERCENTAGE,Global,No,No,
Scenario,Pro Rata Share Rate,ProRataShareRate,sTYPE_PERCENTAGE,Global,No,No,
Scenario,Property Type,CodePropertyTypeID,sCODE_PROPERTY_TYPE,Global,No,No,
Scenario,Proposed Commencement Date,ProposedCommencementDate,sTYPE_DATE,Global,No,No,
Scenario,Proposed Term Length,ProposedTermLength,sTYPE_NUMBER,Global,No,No,
Scenario,Re Taxes Per Area Unit,ReTaxesPerAreaUnit,sTYPE_MONEY,Global,No,No,
Scenario,RE Transaction,RETransactionID,sTYPE_RE_TRANSACTION,Global,Yes,No,
Scenario,Related Entity,ProjectEntityID,sTYPE_PROJECT_ENTITY,Global,Yes,No,
Scenario,Rentable Area,RentableArea,sTYPE_AREA,Global,No,No,
Scenario,Rev Number,RevNumber,sTYPE_UNFORMATTED_NUMBER,Global,No,No,
Scenario,Risk Class,RiskClass,sTYPE_TEXT,Global,No,No,
Scenario,Scenario ClientID,BOMapClientRecordID,sTYPE_TEXT,Global,Yes,No,
Scenario,Scenario Deal Type,CodeScenarioDealTypeID,sCODE_SCENARIO_DEAL_TYPE,Global,Yes,No,
Scenario,Scenario Name,ScenarioName,sTYPE_TEXT,Global,Yes,No,
Scenario,Scenario RecID,ScenarioID,sTYPE_UNFORMATTED_NUMBER,Global,No,No,
Scenario,Scenario Type,CodeScenarioTypeID,sCODE_SCENARIO_TYPE,Global,No,No,
Scenario,Term Client Number,ClientNumber,sTYPE_TEXT,Global,No,No,
Scenario,Term Status,CodeTermStatusID,sCODE_TERM_STATUS,Global,No,No,
Scenario,Term Type,CodeTermTypeID,sCODE_TERM_TYPE,Global,No,No,
Scenario,TI Allowance,TIAllowance,sTYPE_MONEY,Global,No,No,
Scenario,TI Per Area Unit,TiPerAreaUnit,sTYPE_MONEY,Global,No,No,
Scenario,Total Population,TotalPopulation,sTYPE_NUMBER,Global,No,No,
Scenario,Trade Area Competitors,TradeAreaCompetitors,sTYPE_TEXT,Global,No,No,
Task,Actual End Date,TskDone_ActualEndDate,sTYPE_DATE,Global,No,No,
Task,Actual Resource Units,ActualResourceUnits,sTYPE_NUMBER,Global,No,No,
Task,Modified By,ModifiedByID,sTYPE_MEMBER,Global,No,No,
Task,Modified Date,ModifiedDate,sTYPE_TIME,Global,No,No,
Task,Baseline Duration,OriginalDuration,sTYPE_NUMBER,Global,No,No,
Task,Baseline End Date,OriginalEndDate,sTYPE_DATE,Global,No,No,
Task,Baseline Lead/Lag Days,TskPredVal_OriginalLeadLagDays,sTYPE_NUMBER,Global,No,No,
Task,Baseline Start Date,OriginalStartDate,sTYPE_DATE,Global,No,No,
Task,Baseline with Forecast/Actual End Date,TskBAndA_NoAccessorConversion,sTYPE_TEXT,Global,No,No,
Task,Description,Description,sTYPE_TEXTAREA,Global,No,No,
Task,Days Ahead of Schedule,DaysAheadOfSchedule,sTYPE_NUMBER,Global,No,No,
Task,Forecast End Date,TskNotDone_ActualEndDate,sTYPE_DATE,Global,No,No,
Task,Forecast End Date/Complete,TskNotDoneCompleted_NoAccessorConversion,sTYPE_TEXT,Global,No,No,
Task,Forecast/Actual Duration,ActualDuration,sTYPE_NUMBER,Global,No,No,
Task,Forecast/Actual End Date,ActualEndDate,sTYPE_DATE,Global,No,No,
Task,Forecast/Actual Lead/Lag Days,TskPredVal_ActualLeadLagDays,sTYPE_NUMBER,Global,No,No,
Task,Forecast/Actual Start Date,ActualStartDate,sTYPE_DATE,Global,No,No,
Task,Is Task Group,IsTaskGroup,sTYPE_BOOLEAN,Global,Yes,No,
Task,Name,TaskName,sTYPE_TEXT,Global,Yes,No,
Task,On Critical Path?,OnCriticalPath,sTYPE_BOOLEAN,Global,No,No,
Task,Original Resource Units,OriginalResourceUnits,sTYPE_NUMBER,Global,No,No,
Task,Parent Task,ParentTaskID,sTYPE_TASK,Global,No,No,
Task,Percent Complete,PercentComplete,sTYPE_NUMBER,Global,No,No,
Task,Predecessor Task(s),TskPredVal_PredecessorTaskID,sTYPE_TASK,Global,No,No,
Task,Projected Duration,ProjectedDuration,sTYPE_NUMBER,Global,No,No,
Task,Projected End Date,ProjectedEndDate,sTYPE_DATE,Global,No,No,
Task,Projected Lead/Lag Days,TskPredVal_ProjectedLeadLagDays,sTYPE_NUMBER,Global,No,No,
Task,Projected Resource Units,ProjectedResourceUnits,sTYPE_NUMBER,Global,No,No,
Task,Projected Start Date,ProjectedStartDate,sTYPE_DATE,Global,No,No,
Task,Resources,Assignee_MemberID,sTYPE_MEMBER,Global,No,No,
Task,Alert when task Completes,EnableForDashboard,sTYPE_CHECKBOX,Global,No,No,
Task,Email Message,EMailMessage,sTYPE_TEXTAREA,Global,No,No,
Task,Email when task Completes,EnableForEMail,sTYPE_CHECKBOX,Global,No,No,
MapClientSchedule,Auto Push Forecast End Date?,AutoPushForecastEndDate,sTYPE_CHECKBOX,Global,Yes,No,
ProjectEntity,Baseline End Date,OriginalEndDate,sTYPE_DATE,Global,No,No,
ProjectEntity,Baseline Start Date,OriginalStartDate,sTYPE_DATE,Global,No,No,
ProjectEntity,Forecast/Actual Start Date,ActualStartDate,sTYPE_DATE,Global,No,No,
MapClientSchedule,Holiday Schedule,HolidayScheduleID,sTYPE_HOLIDAY_SCHEDULE,Global,No,No,
MapClientSchedule,Is Completed?,IsCompleted,sTYPE_CHECKBOX,Global,No,No,
ProjectEntity,Last Updated Date,ClientScheduleLastReviewedDate,sTYPE_DATE,Global,No,No,
MapClientSchedule,Percent Complete,ComputedPercentComplete,sTYPE_NUMBER,Global,No,No,
MapClientSchedule,RETransaction,RETransactionID,sTYPE_RE_TRANSACTION,Global,No,No,
MapClientSchedule,Scenario,ScenarioID,sTYPE_SCENARIO,Global,No,No,
MapClientSchedule,Task Status,CodeTaskStatusID,sCODE_TASK_STATUS,Global,No,No,
MapClientSchedule,Work Holidays?,WorkHolidays,sTYPE_CHECKBOX,Global,Yes,No,
MapClientSchedule,Work Weekends?,WorkWeekends,sTYPE_CHECKBOX,Global,Yes,No,
Task,Task Ends On Day,TaskEndsCodeDayOfWeekID,sCODE_DAY_OF_WEEK,Global,No,No,
LinkTaskMember,Member,MemberID,sTYPE_MEMBER,Global,Yes,No,
LinkTaskMember,Modified By,ModifiedByID,sTYPE_MEMBER,Global,No,No,
LinkTaskMember,Modified Date,ModifiedDate,sTYPE_TIME,Global,No,No,
LinkTaskMember,Project Entity,ProjectEntityID,sTYPE_PROJECT_ENTITY,Global,Yes,No,
LinkTaskMember,Task,TaskID,sTYPE_TASK,Global,Yes,No,
TaskPredecessor,Actual Lead Lag Days,ActualLeadLagDays,sTYPE_NUMBER,Global,Yes,No,
TaskPredecessor,Created By,CreatedByID,sTYPE_MEMBER,Global,No,No,
TaskPredecessor,Created Date,CreatedDate,sTYPE_TIME,Global,No,No,
TaskPredecessor,Modified By,ModifiedByID,sTYPE_MEMBER,Global,No,No,
TaskPredecessor,Modified Date,ModifiedDate,sTYPE_TIME,Global,No,No,
TaskPredecessor,Original Lead Lag Days,OriginalLeadLagDays,sTYPE_NUMBER,Global,Yes,No,
TaskPredecessor,Predecessor Task,PredecessorTaskID,sTYPE_TASK,Global,No,No,
TaskPredecessor,Predecessor Task Name,PredecessorTemplateTaskName,sTYPE_TEXT,Global,No,No,
TaskPredecessor,Projected Lead/Lag Days,ProjectedLeadLagDays,sTYPE_NUMBER,Global,Yes,No,
TaskPredecessor,Rev Number,RevNumber,sTYPE_UNFORMATTED_NUMBER,Global,No,No,
TaskPredecessor,Successor Task,SuccessorTaskID,sTYPE_TASK,Global,Yes,No,
TaskPredecessor,Task Lead Lag Type,CodeTaskLeadLagTypeID,sCODE_TASK_LEAD_LAG_TYPE,Global,Yes,No,
TaskPredecessor,Task Predecessor ClientID,BOMapClientRecordID,sTYPE_TEXT,Global,Yes,No,
TaskPredecessor,Task Predecessor RecID,TaskPredecessorID,sTYPE_UNFORMATTED_NUMBER,Global,No,No,
Task,Task RecID,TaskID,sTYPE_UNFORMATTED_NUMBER,Global,No,No,
Task,Task Status,CodeTaskStatusID,sCODE_TASK_STATUS,Global,No,No,
LinkTaskByCodeMember,Job Title,CodeJobTitleID,sCODE_JOB_TITLE,Global,No,No,
LinkTaskByCodeMember,Modified By,ModifiedByID,sTYPE_MEMBER,Global,No,No,
LinkTaskByCodeMember,Modified Date,ModifiedDate,sTYPE_TIME,Global,No,No,
LinkTaskByCodeMember,Org Chart Level,OrgChartLevel,sTYPE_UNFORMATTED_NUMBER,Global,No,No,
LinkTaskByCodeMember,Task,TaskID,sTYPE_TASK,Global,Yes,No,
LinkTaskByCodeMember,Template Auto-Assignmen ClientID,BOMapClientRecordID,sTYPE_TEXT,Global,Yes,No,
LinkTaskByCodeMember,Template Auto-Assignment RecID,LinkTaskByCodeMemberID,sTYPE_UNFORMATTED_NUMBER,Global,No,No,
SiteSurvey,Modified By,ModifiedByID,sTYPE_MEMBER,Global,No,No,
SiteSurvey,Modified Date,ModifiedDate,sTYPE_TIME,Global,No,No,
SiteSurvey,Household Avg Income-1 Mile,HouseholdAvgIncome1Mile,sTYPE_MONEY,Global,No,No,
SiteSurvey,Household Avg Income-3 Miles,HouseholdAvgIncome3Miles,sTYPE_MONEY,Global,No,No,
SiteSurvey,Household Avg Income-5 Miles,HouseholdAvgIncome5Miles,sTYPE_MONEY,Global,No,No,
SiteSurvey,Households-1 Mile,Households1Mile,sTYPE_NUMBER,Global,No,No,
SiteSurvey,Households-3 Miles,Households3Miles,sTYPE_NUMBER,Global,No,No,
SiteSurvey,Households-5 Miles,Households5Miles,sTYPE_NUMBER,Global,No,No,
SiteSurvey,Median Age-1 Mile,MedianAge1Mile,sTYPE_NUMBER,Global,No,No,
SiteSurvey,Median Age-3 Miles,MedianAge3Miles,sTYPE_NUMBER,Global,No,No,
SiteSurvey,Median Age-5 Miles,MedianAge5Miles,sTYPE_NUMBER,Global,No,No,
SiteSurvey,Percent Female-1 Mile,PercentFemale1Mile,sTYPE_NUMBER,Global,No,No,
SiteSurvey,Percent Female-3 Miles,PercentFemale3Miles,sTYPE_NUMBER,Global,No,No,
SiteSurvey,Percent Female-5 Miles,PercentFemale5Miles,sTYPE_NUMBER,Global,No,No,
SiteSurvey,Percent Male-1 Mile,PercentMale1Mile,sTYPE_NUMBER,Global,No,No,
SiteSurvey,Percent Male-3 Miles,PercentMale3Miles,sTYPE_NUMBER,Global,No,No,
SiteSurvey,Percent Male-5 Miles,PercentMale5Miles,sTYPE_NUMBER,Global,No,No,
SiteSurvey,Population-1 Mile,Population1Mile,sTYPE_NUMBER,Global,No,No,
SiteSurvey,Population-3 Miles,Population3Miles,sTYPE_NUMBER,Global,No,No,
SiteSurvey,Population-5 Miles,Population5Miles,sTYPE_NUMBER,Global,No,No,
SiteSurvey,Accessibility,CodeLocationAccessID,sCODE_LOCATION_ACCESS,Global,No,No,
SiteSurvey,Age Of HVAC Units,AgeOfHVACUnits,sTYPE_NUMBER,Global,No,No,
SiteSurvey,Anchor Tenants,AnchorTenants,sTYPE_TEXT,Global,No,No,
SiteSurvey,Approx Building Length,ApproxBuildingLength,sTYPE_NUMBER,Global,No,No,
SiteSurvey,Approx Building Width,ApproxBuildingWidth,sTYPE_NUMBER,Global,No,No,
SiteSurvey,Building Area Unit,CodeBuildingAreaUnitID,sCODE_BUILDING_AREA_UNIT,Global,No,No,
SiteSurvey,Building Signage?,BuildingSignage,sTYPE_BOOLEAN,Global,No,No,
SiteSurvey,Canopy Lighting?,CanopyLighting,sTYPE_BOOLEAN,Global,No,No,
SiteSurvey,Ceiling Condition,CodeCeilingConditionID,sCODE_CONDITION,Global,No,No,
SiteSurvey,Current Or Former Tenants,CurrentOrFormerTenants,sTYPE_TEXT,Global,No,No,
SiteSurvey,Current Zoning,CodeCurrentZoningID,sCODE_ZONING,Global,No,No,
SiteSurvey,Existing Floor Condition,CodeFloorConditionID,sCODE_CONDITION,Global,No,No,
SiteSurvey,Facility Condition,CodeFacilityConditionID,sCODE_CONDITION,Global,No,No,
SiteSurvey,Facility Description,FacilityDescription,sTYPE_TEXTAREA,Global,No,No,
SiteSurvey,Facility Location,FacilityLocation,sTYPE_TEXT,Global,No,No,
SiteSurvey,Facility Prior Use,FacilityPriorUse,sTYPE_TEXT,Global,No,No,
SiteSurvey,Fire Sprinkler?,FireSprinkler,sTYPE_BOOLEAN,Global,No,No,
SiteSurvey,Handicap Accessible?,HandicapAccessible,sTYPE_BOOLEAN,Global,No,No,
SiteSurvey,Is Building Plan Available?,IsBuildingPlanAvail,sTYPE_BOOLEAN,Global,No,No,
SiteSurvey,Is CLEC Available?,IsCLECAvail,sTYPE_BOOLEAN,Global,No,No,
SiteSurvey,Is Construction Criteria Available?,IsConstructionCriteriaAvail,sTYPE_BOOLEAN,Global,No,No,
SiteSurvey,Is Currently Occupied?,IsCurrentlyOccupied,sTYPE_CHECKBOX,Global,No,No,
SiteSurvey,Is Landlord Work Description Available?,IsLandlordWorkDescriptionAvail,sTYPE_BOOLEAN,Global,No,No,
SiteSurvey,Is LOD Available?,IsLODAvail,sTYPE_BOOLEAN,Global,No,No,
SiteSurvey,Is Sign Criteria Available?,IsSignCriteriaAvail,sTYPE_BOOLEAN,Global,No,No,
SiteSurvey,Land Area Unit,CodeLandAreaUnitID,sCODE_LAND_AREA_UNIT,Global,No,No,
SiteSurvey,Monument Signage?,MonumentSignage,sTYPE_BOOLEAN,Global,No,No,
SiteSurvey,Neighborhood Description,NeighborhoodDescription,sTYPE_TEXT,Global,No,No,
SiteSurvey,Number Of Amps,NumberOfAmps,sTYPE_NUMBER,Global,No,No,
SiteSurvey,Number Of Building Sides,NumberOfBuildingSides,sTYPE_NUMBER,Global,No,No,
SiteSurvey,Number Of Electrical Panels,NumberOfElectricalPanels,sTYPE_NUMBER,Global,No,No,
SiteSurvey,Number Of Fixtures,NumberOfFixtures,sTYPE_NUMBER,Global,No,No,
SiteSurvey,Number Of Floors,NumberOfFloors,sTYPE_NUMBER,Global,No,No,
SiteSurvey,Number Of HVAC Units,NumberOfHVACUnits,sTYPE_NUMBER,Global,No,No,
SiteSurvey,Number Of Restrooms,NumberOfRestrooms,sTYPE_NUMBER,Global,No,No,
SiteSurvey,Parking Lot Conditions,CodeParkingLotConditionID,sCODE_CONDITION,Global,No,No,
SiteSurvey,Parking Lot Lighting,ParkingLotLighting,sTYPE_BOOLEAN,Global,No,No,
SiteSurvey,Pylon Signage,PylonSignage,sTYPE_BOOLEAN,Global,No,No,
SiteSurvey,Recommend to REC?,RecommendToREC,sTYPE_CHECKBOX,Global,No,No,
SiteSurvey,Required Zoning,CodeRequiredZoningID,sCODE_ZONING,Global,No,No,
SiteSurvey,Roof Access,IsRoofAccessAvail,sTYPE_BOOLEAN,Global,No,No,
SiteSurvey,Seating Capacity,SeatingCapacity,sTYPE_NUMBER,Global,No,No,
SiteSurvey,Sent To Construction Date,SentToConstructionDate,sTYPE_DATE,Global,No,No,
SiteSurvey,Signalized Access,TrafficSignalAccess,sTYPE_BOOLEAN,Global,No,No,
SiteSurvey,Site Rating,CodeSiteRatingID,sCODE_SITE_RATING,Global,No,No,
SiteSurvey,Site Rating Explanation,SiteRatingExplanation,sTYPE_TEXTAREA,Global,No,No,
SiteSurvey,Site Survey ClientID,BOMapClientRecordID,sTYPE_TEXT,Global,Yes,No,
SiteSurvey,Site Suvery RecID,SiteSurveyID,sTYPE_UNFORMATTED_NUMBER,Global,No,No,
SiteSurvey,Space Number,SpaceNumber,sTYPE_TEXT,Global,No,No,
SiteSurvey,Trade Area Quality,CodeTradeAreaQualityID,sCODE_CONDITION,Global,No,No,
SiteSurvey,Traffic Count,TrafficCount,sTYPE_NUMBER,Global,No,No,
SiteSurvey,Type Of Fixtures,TypeOfFixtures,sTYPE_TEXT,Global,No,No,
SiteSurvey,Usable Land Area,UsableLandArea,sTYPE_NUMBER,Global,No,No,
SiteSurvey,Usable Parcel Area,UsableParcelArea,sTYPE_NUMBER,Global,No,No,
SiteSurvey,Vehicle Access Condition,CodeVehicleAccessConditionID,sCODE_CONDITION,Global,No,No,
SiteSurvey,Visibility,CodeVisibilityConditionID,sCODE_CONDITION,Global,No,No,
SiteSurvey,Weight Of HVAC Units,WeightOfHVACUnits,sTYPE_NUMBER,Global,No,No,
SiteSurvey,Which Building Sides,WhichSides,sTYPE_TEXT,Global,No,No,
BidPackage,1st Place Bidder Name,FirstPlaceBidderName,sTYPE_TEXT,Global,No,No,
BidPackage,1st Place Bidder Vendor Name,FirstPlaceBidderVendorName,sTYPE_TEXT,Global,No,No,
BidPackage,1st Place ConditionedAmount,FirstPlaceConditionedAmount,sTYPE_MONEY,Global,No,No,
BidPackage,1st Place Submitted Amount,FirstPlaceSubmittedAmount,sTYPE_MONEY,Global,No,No,
BidPackage,Bid Award and Cancellation Layout,BidAwardLayoutID,sTYPE_PAGE_LAYOUT,Global,No,No,
BidPackage,Bid Award Approval Status,CodeBidPackageAwardStatusID,sCODE_LAST_ACTION_STATUS,Global,No,No,
BidPackage,Bid Award Date,BidAwardDate,sTYPE_TIME,Global,No,No,
BidPackage,Bid Awarded By,BidAwardByID,sTYPE_MEMBER,Global,No,No,
BidPackage,Bid Budget Column Type,BidBudgetColumnTypeID,sTYPE_BUDGET_COLUMN_TYPE,Global,No,No,
BidPackage,Bid Cancelled By,BidCancelledByID,sTYPE_MEMBER,Global,No,No,
BidPackage,Bid Cancelled Date,BidCancelledDate,sTYPE_TIME,Global,No,No,
BidPackage,Bid Close Date,BidCloseDate,sTYPE_TIME,Global,No,No,
BidPackage,Bid Grace Period,BidGracePeriod,sTYPE_NUMBER,Global,No,No,
BidPackage,Bid Grace Period Time Unit,CodeBidGracePeriodTimeUnitID,sCODE_BID_GRACE_PERIOD_TIME_UNIT,Global,No,No,
BidPackage,Bid Invitation Layout,BidInvitationLayoutID,sTYPE_PAGE_LAYOUT,Global,No,No,
BidPackage,Bid Loss Layout,BidLossLayoutID,sTYPE_PAGE_LAYOUT,Global,No,No,
BidPackage,Bid Open Date,BidOpenDate,sTYPE_TIME,Global,No,No,
BidPackage,Bid Package ClientID,BOMapClientRecordID,sTYPE_TEXT,Global,Yes,No,
BidPackage,Bid Package Issue,IssueID,sTYPE_ISSUE,Global,Yes,No,
BidPackage,Bid Package RecID,BidPackageID,sTYPE_UNFORMATTED_NUMBER,Global,No,No,
BidPackage,Bid Package Status,CodeBidPackageStatusID,sCODE_BID_PACKAGE_STATUS,Global,Yes,No,
BidPackage,Bid Package Template,BidPackageTemplateID,sTYPE_BID_PACKAGE_TEMPLATE,Global,No,No,
BidPackage,Bidder Kick Off Page Layout,BidderKickOffPageLayoutID,sTYPE_BIDDER_LAYOUT,Global,No,No,
BidPackage,Budget View,BudgetViewID,sTYPE_BUDGET_VIEW,Global,No,No,
BidPackage,Canceled Bid Notification,CanceledBidNotification,sTYPE_SUBMITBUTTON,Global,No,No,
BidPackage,Condition Budget Column Type,ConditionBudgetColumnTypeID,sTYPE_BUDGET_COLUMN_TYPE,Global,No,No,
BidPackage,Created By,CreatedByID,sTYPE_MEMBER,Global,No,No,
BidPackage,Created Date,CreatedDate,sTYPE_TIME,Global,No,No,
BidPackage,Enable Unsealed Bidding,enableUnsealedBidding,sTYPE_BOOLEAN,Global,No,No,
BidPackage,Estimate Budget Column Type,EstimateBudgetColumnTypeID,sTYPE_BUDGET_COLUMN_TYPE,Global,No,No,
BidPackage,Estimated Bid Amount,EstimatedBidAmount,sTYPE_MONEY,Global,No,No,
BidPackage,Invite Bidders,InviteBidders,sTYPE_SUBMITBUTTON,Global,No,No,
BidPackage,Max Number Of Bids,MaxNumberOfBids,sTYPE_NUMBER,Global,No,No,
BidPackage,Modified By,ModifiedByID,sTYPE_MEMBER,Global,No,No,
BidPackage,Modified Date,ModifiedDate,sTYPE_TIME,Global,No,No,
BidPackage,Notes,Notes,sTYPE_TEXTAREA,Global,No,No,
BidPackage,Notify All Bidders,NotifyAllBidders,sTYPE_SUBMITBUTTON,Global,No,No,
BidPackage,Notify Losing Bidders,NotifyLosingBidders,sTYPE_SUBMITBUTTON,Global,No,No,
BidPackage,Notify Winning Bidder,NotifyWinningBidder,sTYPE_SUBMITBUTTON,Global,No,No,
BidPackage,Number,SequenceNumber,sTYPE_TEXT,Global,Yes,No,
BidPackage,Number Of Active Bidders,NumberOfActiveBidders,sTYPE_NUMBER,Global,No,No,
BidPackage,Number Of Bid Invites Accepted,NumberOfBidInvitesAccepted,sTYPE_NUMBER,Global,No,No,
BidPackage,Number Of Bid Invites Declined,NumberOfBidInvitesDeclined,sTYPE_NUMBER,Global,No,No,
BidPackage,Number Of Bid Invites Used,NumberOfBidInvitesUsed,sTYPE_NUMBER,Global,No,No,
BidPackage,Number Of Bid Invites Waiting,NumberOfBidInvitesWaiting,sTYPE_NUMBER,Global,No,No,
BidPackage,Pre-Accept Folder Security User Class,CodePreAcceptFolderSecurityID,sCODE_USER_CLASS,Global,No,No,
BidPackage,Rev Number,RevNumber,sTYPE_UNFORMATTED_NUMBER,Global,No,No,
BidPackage,Total Number Of Bidders,TotalNumberOfBidders,sTYPE_NUMBER,Global,No,No,
BidPackage,Winning Bid,WinningBidderIssueID,sTYPE_BIDDER_ISSUE,Global,No,No,
BidPackage,Winning Bid Member,WinningBidMemberIDList,sTYPE_MEMBER,Global,No,No,
BidPackage,Winning Bid Vendor,WinningBidVendorID,sTYPE_EMPLOYER,Global,No,No,
BidPackage,Winning Conditioned Bid Amount,WinningConditionedBidAmount,sTYPE_MONEY,Global,No,No,
BidPackage,Winning Submitted Bid Amount,WinningSubmittedBidAmount,sTYPE_MONEY,Global,No,No,
BidPackageAlternate,Accepted?,Accepted,sTYPE_BOOLEAN,Global,No,No,
BidPackageAlternate,Bid Package,BidPackageID,sTYPE_BID_PACKAGE,Global,Yes,No,
BidPackageAlternate,Budget Line Item,BudgetLineItemID,sTYPE_BUDGET_LINE_ITEM,Global,Yes,No,
BidPackageAlternate,Description,Description,sTYPE_TEXT,Global,No,No,
BidPackageAlternateValue,Alternate Value,AltValue,sTYPE_MONEY,Global,Yes,No,
BidPackageAlternateValue,Bid Package Alternate,BidPackageAlternateID,sTYPE_BID_PACKAGE_ALTERNATE,Global,Yes,No,
BidPackageAlternateValue,Budget Column,BudgetColumnID,sTYPE_BUDGET_COLUMN,Global,Yes,No,
BidPackageBreakout,Bid Package,BidPackageID,sTYPE_BID_PACKAGE,Global,Yes,No,
BidPackageBreakout,Budget Line Item,BudgetLineItemID,sTYPE_BUDGET_LINE_ITEM,Global,Yes,No,
BidPackageBreakout,Description,Description,sTYPE_TEXT,Global,No,No,
BidPackageBreakoutValue,Bid Package Breakout,BidPackageBreakoutID,sTYPE_BID_PACKAGE_BREAKOUT,Global,No,No,
BidPackageBreakoutValue,Breakout Value,Value,sTYPE_MONEY,Global,Yes,No,
BidPackageBreakoutValue,Budget Column,BudgetColumnID,sTYPE_BUDGET_COLUMN,Global,Yes,No,
BidPackageBreakoutValue,Budget Line Item,BudgetLineItemID,sTYPE_BUDGET_LINE_ITEM,Global,Yes,No,
BidPackageBreakoutValue,Description,Description,sTYPE_TEXT,Global,No,No,
BidPackageTemplate,Award Approval Layout,AwardApprovalLayoutID,sTYPE_PAGE_LAYOUT,Global,No,No,
BidPackageTemplate,Bid Award Layout,BidAwardLayoutID,sTYPE_PAGE_LAYOUT,Global,No,No,
BidPackageTemplate,Bid Budget View,BudgetViewID,sTYPE_BUDGET_VIEW,Global,Yes,No,
BidPackageTemplate,Bid Column Type,BidColumnTypeID,sTYPE_BUDGET_COLUMN_TYPE,Global,No,No,
BidPackageTemplate,Bid Estimate Budget Column Type,EstimateBudgetColumnTypeID,sTYPE_BUDGET_COLUMN_TYPE,Global,No,No,
BidPackageTemplate,Bid Invitation Layout,BidInvitationLayoutID,sTYPE_PAGE_LAYOUT,Global,Yes,No,
BidPackageTemplate,Bid Package Kickoff Layout,BidPackageKickoffLayoutID,sTYPE_PAGE_LAYOUT,Global,Yes,No,
BidPackageTemplate,Bid Package Template Description,Description,sTYPE_TEXT,Global,No,No,
BidPackageTemplate,Bid Package Template Name,TemplateName,sTYPE_TEXT,Global,No,No,
BidPackageTemplate,Bid Package Template Notes,Notes,sTYPE_TEXTAREA,Global,No,No,
BidPackageTemplate,Bid Package Template RecID,BidPackageTemplateID,sTYPE_UNFORMATTED_NUMBER,Global,No,No,
BidPackageTemplate,Bid Package Template Valid for Cap Program?,IsValidForCapProgram,sTYPE_BOOLEAN,Global,No,No,
BidPackageTemplate,Bid Package Template Valid for Cap Project?,IsValidForCapProject,sTYPE_BOOLEAN,Global,No,No,
BidPackageTemplate,Bid Package Template Valid for Equipment Contract?,IsValidForEquipContract,sTYPE_BOOLEAN,Global,No,No,
BidPackageTemplate,Bid Package Template Valid for Facility?,IsValidForFacility,sTYPE_BOOLEAN,Global,No,No,
BidPackageTemplate,Bid Package Template Valid for Location?,IsValidForLocation,sTYPE_BOOLEAN,Global,No,No,
BidPackageTemplate,Bid Package Template Valid for Open Project?,IsValidForOpenProject,sTYPE_BOOLEAN,Global,No,No,
BidPackageTemplate,Bid Package Template Valid for Parcel?,IsValidForParcel,sTYPE_BOOLEAN,Global,No,No,
BidPackageTemplate,Bid Package Template Valid for Portfolio?,IsValidForPortfolio,sTYPE_BOOLEAN,Global,No,No,
BidPackageTemplate,Bid Package Template Valid for Potential Project?,IsValidForPotentialProject,sTYPE_BOOLEAN,Global,No,No,
BidPackageTemplate,Bid Package Template Valid for Prototype?,IsValidForPrototype,sTYPE_BOOLEAN,Global,No,No,
BidPackageTemplate,Bid Package Template Valid for RE Contract?,IsValidForContract,sTYPE_BOOLEAN,Global,No,No,
BidPackageTemplate,Bid Pre-Accept User Class,CodePreAcceptUserClassID,sCODE_USER_CLASS,Global,No,No,
BidPackageTemplate,Created By,CreatedByID,sTYPE_MEMBER,Global,No,No,
BidPackageTemplate,Created Date,CreatedDate,sTYPE_TIME,Global,No,No,
BidPackageTemplate,Default Assignee Job Title List,DefaultAssigneeCodeJobTitleIDList,sCODE_JOB_TITLE,Global,No,No,
BidPackageTemplate,Default Job Title List,QnACodeJobTitleIDList,sCODE_JOB_TITLE,Global,No,No,
BidPackageTemplate,Modified By,ModifiedByID,sTYPE_MEMBER,Global,No,No,
BidPackageTemplate,Modified Date,ModifiedDate,sTYPE_TIME,Global,No,No,
BidPackageTemplate,Post Award Layout,PostAwardLayoutID,sTYPE_PAGE_LAYOUT,Global,No,No,
BidPackageTemplate,Rev Number,RevNumber,sTYPE_UNFORMATTED_NUMBER,Global,No,No,
BidPackageTemplateAlternate,Bid Package Template,BidPackageTemplateID,sTYPE_BID_PACKAGE_TEMPLATE,Global,Yes,No,
BidPackageTemplateAlternate,Budget Line Item,BudgetLineItemID,sTYPE_BUDGET_LINE_ITEM,Global,Yes,No,
BidPackageTemplateAlternate,Description,Description,sTYPE_TEXT,Global,No,No,
BidPackageTemplateBreakout,Bid Package Template,BidPackageTemplateID,sTYPE_BID_PACKAGE_TEMPLATE,Global,Yes,No,
BidPackageTemplateBreakout,Budget Line Item,BudgetLineItemID,sTYPE_BUDGET_LINE_ITEM,Global,Yes,No,
BidPackageTemplateBreakout,Description,Description,sTYPE_TEXT,Global,No,No,
BidderIssue,Allow Conditioning,AllowConditioning,sTYPE_CHECKBOX,Global,Yes,No,
BidderIssue,Bid Package,BidPackageID,sTYPE_BID_PACKAGE,Global,Yes,No,
BidderIssue,Bidder Issue ClientID,BOMapClientRecordID,sTYPE_TEXT,Global,Yes,No,
BidderIssue,Bidder Issue Issue,IssueID,sTYPE_ISSUE,Global,Yes,No,
BidderIssue,Bidder Issue RecID,BidderIssueID,sTYPE_UNFORMATTED_NUMBER,Global,No,No,
BidderIssue,Conditioned Bid Amount,ConditionedBidAmount,sTYPE_MONEY,Global,No,No,
BidderIssue,Created By,CreatedByID,sTYPE_MEMBER,Global,No,No,
BidderIssue,Created Date,CreatedDate,sTYPE_TIME,Global,No,No,
BidderIssue,Extended Bid Close Date,ExtendedBidCloseDate,sTYPE_DATE,Global,No,No,
BidderIssue,Is Bid Invite Accepted?,IsBidInviteAccepted,sTYPE_YES_NO_RADIO,Global,No,No,
BidderIssue,Is Winning Bid?,IsWinningBid,sTYPE_BOOLEAN,Global,No,No,
BidderIssue,Member,MemberIDList,sTYPE_MEMBER,Global,No,No,
BidderIssue,Modified By,ModifiedByID,sTYPE_MEMBER,Global,No,No,
BidderIssue,Modified Date,ModifiedDate,sTYPE_TIME,Global,No,No,
BidderIssue,Notes,Notes,sTYPE_TEXTAREA,Global,No,No,
BidderIssue,Notification Date,NotificationDate,sTYPE_DATE,Global,No,No,
BidderIssue,Number,SequenceNumber,sTYPE_TEXT,Global,Yes,No,
BidderIssue,Rev Number,RevNumber,sTYPE_UNFORMATTED_NUMBER,Global,No,No,
Issue,Submit Bid,BidderBudget,sTYPE_BIDDER_BUDGET,Global,No,No,
BidderIssue,Submitted Bid Amount,SubmittedBidAmount,sTYPE_MONEY,Global,No,No,
BidderIssue,Vendor,UniqueVendorID,sTYPE_EMPLOYER,Global,Yes,No,
ChangeOrder,Approved Change Order Amount,ApprovedChangeOrderAmount,sTYPE_MONEY,Global,No,No,
ChangeOrder,Change Order ClientID,BOMapClientRecordID,sTYPE_TEXT,Global,Yes,No,
ChangeOrder,Change Order Issue,IssueID,sTYPE_ISSUE,Global,Yes,No,
ChangeOrder,Change Order RecID,ChangeOrderID,sTYPE_UNFORMATTED_NUMBER,Global,No,No,
ChangeOrder,Change Order Sequence Number,ChangeOrderSequenceNumber,sTYPE_TEXT,Global,No,No,
ChangeOrder,Cost Tracking Variance,CostTrackingVariance,sTYPE_MONEY,Global,No,No,
ChangeOrder,Created By,CreatedByID,sTYPE_MEMBER,Global,No,No,
ChangeOrder,Created Date,CreatedDate,sTYPE_TIME,Global,No,No,
ChangeOrder,Modified By,ModifiedByID,sTYPE_MEMBER,Global,No,No,
ChangeOrder,Modified Date,ModifiedDate,sTYPE_TIME,Global,No,No,
ChangeOrder,Notes,Notes,sTYPE_TEXTAREA,Global,No,No,
ChangeOrder,Outstanding Change Order Amount,OutstandingChangeOrderAmount,sTYPE_MONEY,Global,No,No,
ChangeOrder,Related Purchase Order,PurchaseOrderID,sTYPE_PURCHASE_ORDER,Global,No,No,
ChangeOrder,Rev Number,RevNumber,sTYPE_UNFORMATTED_NUMBER,Global,No,No,
ChangeOrder,Vendor CO Number,VendorCONumber,sTYPE_TEXT,Global,No,No,
InvoiceItem,Created By,CreatedByID,sTYPE_MEMBER,Global,No,No,
InvoiceItem,Created Date,CreatedDate,sTYPE_TIME,Global,No,No,
InvoiceItem,Description,Description,sTYPE_TEXTAREA,Global,No,No,
InvoiceItem,GL Number,GLNumber,sTYPE_TEXT,Global,No,No,
InvoiceItem,Invoice Amount,InvoiceAmount,sTYPE_MONEY_MATH_OPERATION,Global,No,No,
InvoiceItem,Invoice Issue,InvoiceIssueID,sTYPE_INVOICE_ISSUE,Global,Yes,No,
InvoiceItem,Invoice Item ClientID,BOMapClientRecordID,sTYPE_TEXT,Global,Yes,No,
InvoiceItem,Invoice Item RecID,InvoiceItemID,sTYPE_UNFORMATTED_NUMBER,Global,No,No,
InvoiceItem,Modified By,ModifiedByID,sTYPE_MEMBER,Global,No,No,
InvoiceItem,Modified Date,ModifiedDate,sTYPE_TIME,Global,No,No,
InvoiceItem,Quantity,Quantity,sTYPE_NUMBER,Global,No,No,
InvoiceItem,Rev Number,RevNumber,sTYPE_UNFORMATTED_NUMBER,Global,No,No,
InvoiceItem,Sub Account,SubAccount,sTYPE_TEXT,Global,No,No,
InvoiceItem,Tax Amount #1,TaxAmount1,sTYPE_MONEY,Global,No,No,
InvoiceItem,Tax Amount #2,TaxAmount2,sTYPE_MONEY,Global,No,No,
InvoiceItem,Total Amount,TotalAmount,sTYPE_MONEY_MATH_OPERATION,Global,No,No,
InvoiceItem,Unit Cost,UnitCost,sTYPE_MONEY,Global,No,No,
InvoiceIssue,Batch Date,BatchDate,sTYPE_DATE,Global,No,No,
InvoiceIssue,Batch Number,BatchNumber,sTYPE_TEXT,Global,No,No,
InvoiceIssue,Created By,CreatedByID,sTYPE_MEMBER,Global,No,No,
InvoiceIssue,Created Date,CreatedDate,sTYPE_TIME,Global,No,No,
InvoiceIssue,Currency Type,CodeCurrencyTypeID,sCODE_CURRENCY_TYPE,Global,No,No,
InvoiceIssue,Invoice Amount,InvoiceAmount,sTYPE_MONEY,Global,No,No,
InvoiceIssue,Invoice ClientID,BOMapClientRecordID,sTYPE_TEXT,Global,Yes,No,
InvoiceIssue,Invoice Date,InvoiceDate,sTYPE_DATE,Global,No,No,
InvoiceIssue,Invoice Issue,IssueID,sTYPE_ISSUE,Global,Yes,No,
InvoiceIssue,Invoice Number,InvoiceNumber,sTYPE_TEXT,Global,No,No,
InvoiceIssue,Invoice RecID,InvoiceIssueID,sTYPE_UNFORMATTED_NUMBER,Global,No,No,
InvoiceIssue,Invoice Status,CodeInvoiceStatusID,sCODE_INVOICE_STATUS,Global,No,No,
InvoiceIssue,Modified By,ModifiedByID,sTYPE_MEMBER,Global,No,No,
InvoiceIssue,Modified Date,ModifiedDate,sTYPE_TIME,Global,No,No,
InvoiceIssue,Notes,Notes,sTYPE_TEXTAREA,Global,No,No,
InvoiceIssue,Number,SequenceNumber,sTYPE_TEXT,Global,Yes,No,
InvoiceIssue,Paid Date,PaidDate,sTYPE_DATE,Global,No,No,
InvoiceIssue,Received Date,ReceivedDate,sTYPE_DATE,Global,No,No,
InvoiceIssue,Rev Number,RevNumber,sTYPE_UNFORMATTED_NUMBER,Global,No,No,
InvoiceIssue,Tax Amount #1,TaxAmount1,sTYPE_MONEY,Global,No,No,
InvoiceIssue,Tax Amount #2,TaxAmount2,sTYPE_MONEY,Global,No,No,
InvoiceIssue,Total Amount,TotalAmount,sTYPE_MONEY,Global,No,No,
PayApp,Cost Tracking Variance,CostTrackingVariance,sTYPE_MONEY,Global,No,No,
PayApp,Created By,CreatedByID,sTYPE_MEMBER,Global,No,No,
PayApp,Created Date,CreatedDate,sTYPE_TIME,Global,No,No,
PayApp,Invoice Retainage,RetainagePercent,sTYPE_PERCENTAGE,Global,No,No,
PayApp,Modified By,ModifiedByID,sTYPE_MEMBER,Global,No,No,
PayApp,Modified Date,ModifiedDate,sTYPE_TIME,Global,No,No,
PayApp,Notes,Notes,sTYPE_TEXTAREA,Global,No,No,
PayApp,Pay App Amount,PayAppAmount,sTYPE_MONEY,Global,No,No,
PayApp,Pay app ClientID,BOMapClientRecordID,sTYPE_TEXT,Global,Yes,No,
PayApp,Pay app Issue,IssueID,sTYPE_ISSUE,Global,Yes,No,
PayApp,Pay app RecID,PayAppID,sTYPE_UNFORMATTED_NUMBER,Global,No,No,
PayApp,Pay App Sequence Number,PayAppSequenceNumber,sTYPE_TEXT,Global,No,No,
PayApp,Related Purchase Order,PurchaseOrderID,sTYPE_PURCHASE_ORDER,Global,No,No,
PayApp,Rev Number,RevNumber,sTYPE_UNFORMATTED_NUMBER,Global,No,No,
PurchaseOrder,Approved Change Order Amount,ApprovedChangeOrderAmount,sTYPE_MONEY,Global,No,No,
PurchaseOrder,Created By,CreatedByID,sTYPE_MEMBER,Global,No,No,
PurchaseOrder,Created Date,CreatedDate,sTYPE_TIME,Global,No,No,
PurchaseOrder,Estimate Amount,EstimateAmount,sTYPE_MONEY,Global,No,No,
PurchaseOrder,Modified By,ModifiedByID,sTYPE_MEMBER,Global,No,No,
PurchaseOrder,Modified Date,ModifiedDate,sTYPE_TIME,Global,No,No,
PurchaseOrder,Notes,Notes,sTYPE_TEXTAREA,Global,No,No,
PurchaseOrder,Number of Change Orders,NumberChangeOrders,sTYPE_NUMBER,Global,No,No,
PurchaseOrder,Number of Pay Apps,NumberPayApps,sTYPE_NUMBER,Global,No,No,
PurchaseOrder,Original Retainage,RetainagePercent,sTYPE_PERCENTAGE,Global,No,No,
PurchaseOrder,Outstanding Change Order Amount,OutstandingChangeOrderAmount,sTYPE_MONEY,Global,No,No,
PurchaseOrder,Pay App Amount,PayAppAmount,sTYPE_MONEY,Global,No,No,
PurchaseOrder,Purchase Order Amount,PurchaseOrderAmount,sTYPE_MONEY,Global,No,No,
PurchaseOrder,Purchase Order ClientID,BOMapClientRecordID,sTYPE_TEXT,Global,Yes,No,
PurchaseOrder,Purchase Order Issue,IssueID,sTYPE_ISSUE,Global,Yes,No,
PurchaseOrder,Purchase Order RecID,PurchaseOrderID,sTYPE_UNFORMATTED_NUMBER,Global,No,No,
PurchaseOrder,Purchase Order Sequence Number,PurchaseOrderSequenceNumber,sTYPE_TEXT,Global,No,No,
PurchaseOrder,Rev Number,RevNumber,sTYPE_UNFORMATTED_NUMBER,Global,No,No,
PurchaseOrder,Vendor PO Number,VendorPONumber,sTYPE_TEXT,Global,No,No,
Question,Accepted Response,AcceptedResponseID,sTYPE_ISSUE_RESPONSE,Global,No,No,
Question,Created By,CreatedByID,sTYPE_MEMBER,Global,No,No,
Question,Created Date,CreatedDate,sTYPE_TIME,Global,No,No,
Question,Is PrivateQandA,IsPrivateQandA,sTYPE_BOOLEAN,Global,Yes,No,
Question,Is Published,IsPublished,sTYPE_BOOLEAN,Global,Yes,No,
Question,Is Shared,IsShared,sTYPE_BOOLEAN,Global,No,No,
Question,Modified By,ModifiedByID,sTYPE_MEMBER,Global,No,No,
Question,Modified Date,ModifiedDate,sTYPE_TIME,Global,No,No,
Question,Notes,Notes,sTYPE_TEXTAREA,Global,No,No,
Question,Question ClientID,BOMapClientRecordID,sTYPE_TEXT,Global,Yes,No,
Question,Question Issue,IssueID,sTYPE_ISSUE,Global,Yes,No,
Question,Question RecID,QuestionID,sTYPE_UNFORMATTED_NUMBER,Global,No,No,
Question,Rev Number,RevNumber,sTYPE_UNFORMATTED_NUMBER,Global,No,No,
ServiceRequest,Approval Date,ApprovalDate,sTYPE_DATE,Global,No,No,
ServiceRequest,Approver Party,ApproverPartyID,sTYPE_PERSON,Global,No,No,
ServiceRequest,Asset Group,CodeAssetGroupID,sCODE_ASSET_GROUP,Global,No,No,
ServiceRequest,Asset Type,CodeAssetTypeID,sCODE_ASSET_TYPE,Global,No,No,
ServiceRequest,Contract,ContractID,sTYPE_CONTRACT,Global,No,No,
ServiceRequest,Created By,CreatedByID,sTYPE_MEMBER,Global,No,No,
ServiceRequest,Created Date,CreatedDate,sTYPE_TIME,Global,No,No,
ServiceRequest,DNE Amount,DNEAmount,sTYPE_MONEY,Global,No,No,
ServiceRequest,Generate Work Order,GenerateWorkOrder,sTYPE_SUBMITBUTTON,Global,No,No,
ServiceRequest,GL Number,GLNumber,sTYPE_TEXT,Global,No,No,
ServiceRequest,Maintenance Categories,CodeAssetCategoryID,sCODE_ASSET_CATEGORY,Global,No,No,
ServiceRequest,Modified By,ModifiedByID,sTYPE_MEMBER,Global,No,No,
ServiceRequest,Modified Date,ModifiedDate,sTYPE_TIME,Global,No,No,
ServiceRequest,Notes,Notes,sTYPE_TEXTAREA,Global,No,No,
ServiceRequest,Number,SequenceNumber,sTYPE_TEXT,Global,Yes,No,
ServiceRequest,Priority,CodePriorityID,sCODE_PRIORITY,Global,No,No,
ServiceRequest,Problem,CodeProblemID,sCODE_PROBLEM,Global,No,No,
CodeProblem,Problem Remedy Note,RemedyNote,sTYPE_TEXTAREA,Global,No,No,
ServiceRequest,Reference Number,ReferenceNumber,sTYPE_TEXT,Global,No,No,
ServiceRequest,Request Status,CodeSRQStatusID,sCODE_SRQ_STATUS,Global,No,No,
ServiceRequest,Request Type,CodeSRQTypeID,sCODE_SRQ_TYPE,Global,No,No,
ServiceRequest,Requested Completion Date,RequestedCompletionDate,sTYPE_DATE,Global,No,No,
ServiceRequest,Requested For Party,RequestedForPartyID,sTYPE_PERSON,Global,No,No,
ServiceRequest,Requestor Party,RequestorPartyID,sTYPE_PERSON,Global,No,No,
ServiceRequest,Rev Number,RevNumber,sTYPE_UNFORMATTED_NUMBER,Global,No,No,
ServiceRequest,Service Request ClientID,BOMapClientRecordID,sTYPE_TEXT,Global,Yes,No,
ServiceRequest,Service Request Issue,IssueID,sTYPE_ISSUE,Global,Yes,No,
ServiceRequest,Service Request RecID,ServiceRequestID,sTYPE_UNFORMATTED_NUMBER,Global,No,No,
ServiceRequest,Source,CodeSRQSourceID,sCODE_SRQ_SOURCE,Global,No,No,
ServiceRequest,Sub Account,SubAccount,sTYPE_TEXT,Global,No,No,
ServiceRequest,Submission Date,SubmissionDate,sTYPE_DATE,Global,No,No,
WorkOrder,Actual Completion Date,ActualCompletionDate,sTYPE_TIME,Global,No,No,
WorkOrder,Actual Cost,ActualCost,sTYPE_MONEY,Global,No,No,
WorkOrder,Actual Labor Hours,ActualLaborHours,sTYPE_NUMBER,Global,No,No,
WorkOrder,Actual Start Date,ActualStartDate,sTYPE_TIME,Global,No,No,
WorkOrder,Alternate Vendor,AlternateVendorID,sTYPE_EMPLOYER,Global,No,No,
WorkOrder,Approval Date,ApprovalDate,sTYPE_DATE,Global,No,No,
WorkOrder,Approver,ApproverMemberID,sTYPE_MEMBER,Global,No,No,
WorkOrder,Classification,CodeClassificationID,sCODE_CLASSIFICATION,Global,No,No,
WorkOrder,Comments,Comments,sTYPE_TEXTAREA,Global,No,No,
WorkOrder,Created By,CreatedByID,sTYPE_MEMBER,Global,No,No,
WorkOrder,Created Date,CreatedDate,sTYPE_TIME,Global,No,No,
WorkOrder,Estimated Completion Date,EstimatedCompletionDate,sTYPE_TIME,Global,No,No,
WorkOrder,Estimated Cost,EstimatedCost,sTYPE_MONEY,Global,No,No,
WorkOrder,Estimated Labor Hours,EstimatedLaborHours,sTYPE_NUMBER,Global,No,No,
WorkOrder,Estimated Start Date,EstimatedStartDate,sTYPE_TIME,Global,No,No,
WorkOrder,Evaluation Comment,EvaluationComment,sTYPE_TEXTAREA,Global,No,No,
WorkOrder,Evaluation Rating,CodeEvaluationRatingID,sCODE_EVALUATION_RATING,Global,No,No,
WorkOrder,Modified By,ModifiedByID,sTYPE_MEMBER,Global,No,No,
WorkOrder,Modified Date,ModifiedDate,sTYPE_TIME,Global,No,No,
WorkOrder,Number,SequenceNumber,sTYPE_TEXT,Global,Yes,No,
WorkOrder,Primary Vendor,PrimaryVendorID,sTYPE_EMPLOYER,Global,No,No,
WorkOrder,Priority,CodePriorityID,sCODE_PRIORITY,Global,No,No,
WorkOrder,Reference Number,ReferenceNumber,sTYPE_TEXT,Global,No,No,
WorkOrder,Rev Number,RevNumber,sTYPE_UNFORMATTED_NUMBER,Global,No,No,
WorkOrder,Secondary Vendor,SecondaryVendorID,sTYPE_EMPLOYER,Global,No,No,
WorkOrder,Service Request,ServiceRequestID,sTYPE_SERVICE_REQUEST,Global,No,No,
WorkOrder,Work Order ClientID,BOMapClientRecordID,sTYPE_TEXT,Global,Yes,No,
WorkOrder,Work Order Issue,IssueID,sTYPE_ISSUE,Global,Yes,No,
WorkOrder,Work Order RecID,WorkOrderID,sTYPE_UNFORMATTED_NUMBER,Global,No,No,
LinkMemberProjectEntity,Added By Org Chart?,AddedByOrgChart,sTYPE_BOOLEAN,Global,Yes,No,
WorkFlowTemplateStepMember,Adhoc Member ID,AdhocMemberID,sTYPE_UNFORMATTED_NUMBER,Global,No,No,
NotifyTemplate,Alert type,AlertType,sTYPE_TEXT,Global,Yes,No,
CodeSalesGroup,Alias For Sales Group,AliasForCodeSalesGroupID,sCODE_SALES_GROUP,Global,No,No,
BudgetColumnType,Bidding Budget Column Type to be Leveled,BiddingBCTForLevelingID,sTYPE_BUDGET_COLUMN_TYPE,Global,No,No,
LinkBudgetViewBLI,Budget Line Item,BudgetLineItemID,sTYPE_BUDGET_LINE_ITEM,Global,No,No,
LinkBudgetViewBLI,Budget View,BudgetViewID,sTYPE_BUDGET_VIEW,Global,Yes,No,
CodeBudgetColumnStatus,BudgetColumnTypeID,BudgetColumnTypeID,sTYPE_BUDGET_COLUMN_TYPE,Global,No,No,
WorkFlowStep,CheckedOutByMemberID,CheckedOutByMemberID,sTYPE_MEMBER,Global,No,No,
WorkFlowStep,CheckedOutDate,CheckedOutDate,sTYPE_DATE,Global,No,No,
NotifyTemplate,Code SQL Table of parent record,CodeSQLTableID,sCODE_SQLTABLE,Global,Yes,No,
BudgetColumnType,Code Status Default Name For Create,CodeStatusDefaultNameForCreate,sTYPE_TEXT,Global,No,No,
BudgetColumnType,Code Status Selected Name For Create,CodeStatusSelectedNameForCreate,sTYPE_TEXT,Global,No,No,
LinkPEMemberCodeJobTitle,CodeJobTitleID,CodeJobTitleID,sCODE_JOB_TITLE,Global,Yes,No,
CommitteePackage,Committee Package RecID,CommitteePackageID,sTYPE_UNFORMATTED_NUMBER,Global,No,No,
WorkFlowStep,ComputedAlertDateApprovers,ComputedAlertDateApprovers,sTYPE_DATE,Global,No,No,
WorkFlowStep,ComputedAlertDateAssignees,ComputedAlertDateAssignees,sTYPE_DATE,Global,No,No,
WorkFlowStep,ComputedDueDateNotification,ComputedDueDateNotification,sTYPE_DATE,Global,No,No,
WorkFlowStep,ComputedWarnDateApprovers,ComputedWarnDateApprovers,sTYPE_DATE,Global,No,No,
WorkFlowStep,ComputedWarnDateAssignees,ComputedWarnDateAssignees,sTYPE_DATE,Global,No,No,
PageLayout,Created By,CreatedByID,sTYPE_MEMBER,Global,No,No,
PageLayout,Created Date,CreatedDate,sTYPE_TIME,Global,No,No,
CustomCodeTable,Custom Code Table ClientID,BOMapClientRecordID,sTYPE_TEXT,Global,Yes,No,
CustomCodeTable,Custom Code Table Name,CustomCodeTableName,sTYPE_TEXT,Global,Yes,No,
CustomCodeTable,Custom Code Table RecID,CustomCodeTableID,sTYPE_UNFORMATTED_NUMBER,Global,No,No,
Firm,DB Document Storage GB,DBDocumentStorageGB,sTYPE_NUMBER_FRACTION2DIGITS,Global,No,No,
ProjectEntity,DefinedField1,DefinedField1,sTYPE_TEXT,Global,No,No,
ProjectEntity,DefinedField2,DefinedField2,sTYPE_TEXT,Global,No,No,
CustomCodeTable,Description,Description,sTYPE_TEXTAREA,Global,No,No,
Firm,Document Storage Used Percent,DocumentStorageUsedPercent,sTYPE_PERCENTAGE_2DIGITS,Global,No,No,
PaymentTransaction,Effective End Date,EffectiveEndDate,sTYPE_DATE,Global,No,No,
NotifyTemplate,Email message,EMailMessage,sTYPE_TEXT,Global,No,No,
LinkEmpAvailableJobFunction,EmpAvailableCodeJobFunctionID,CodeJobFunctionID,sCODE_JOB_FUNCTION,Global,Yes,No,
LinkEmpAvailableJobTitle,EmpAvailableCodeJobTitleID,CodeJobTitleID,sCODE_JOB_TITLE,Global,Yes,No,
LinkEmpAvailableUserClass,EmpAvailableCodeUserClassID,CodeUserClassID,sCODE_USER_CLASS,Global,Yes,No,
NotifyTemplate,Enable for dashboard,EnableForDashboard,sTYPE_BOOLEAN,Global,Yes,No,
NotifyTemplate,Enable For Email,EnableForEMail,sTYPE_BOOLEAN,Global,Yes,No,
Firm,Enable Generate Rent Date (Equipment),EnableGenRentEquipDate,sTYPE_DATE,Global,No,No,
Firm,Enable Generate Rent Date (Real Estate),EnableGenRentREDate,sTYPE_DATE,Global,No,No,
EntityTemplate,Entity Template RecID,EntityTemplateID,sTYPE_UNFORMATTED_NUMBER,Global,No,No,
InformationOverlay,Expiration Date,ExpirationDate,sTYPE_DATE,Global,No,No,
InformationOverlay,Field Name List,FieldNameList,sTYPE_TEXT,Global,No,No,
PageLayout,Firm,FirmID,sTYPE_FIRM,Global,No,No,
ProgramRevenueWeeks,Fiscal Year,FiscalYear,sTYPE_UNFORMATTED_NUMBER,Global,Yes,No,
CodeSalesType,Group,ParentCodeSalesGroupID,sCODE_SALES_GROUP,Global,Yes,No,
Issue,ImportedCreatedDate,ImportedCreatedDate,sTYPE_TIME,Global,No,No,
WorkFlowTemplateStepMember,Is Adhoc?,IsAdhoc,sTYPE_BOOLEAN,Global,No,No,
CodeBudgetColumnStatus,IsBudgetColumnLocked,IsBudgetColumnLocked,sTYPE_BOOLEAN,Global,Yes,No,
ProjectEntity,JavaScript Value,JavaScriptValue,sTYPE_JAVASCRIPT_FIELD,Global,No,No,
LinkEmpAvailableJobFunction,JobFunctionEmployerID,EmployerID,sTYPE_EMPLOYER,Global,Yes,No,
LinkEmpAvailableJobTitle,JobTitleEmployerID,EmployerID,sTYPE_EMPLOYER,Global,Yes,No,
InformationOverlay,JSON Config,JSONConfigText,sTYPE_TEXT,Global,No,No,
MapClientBudget,Last Reviewed Date,LastReviewedDate,sTYPE_TIME,Global,Yes,No,
PageLayout,Last Run By,LastRunBy,sTYPE_MEMBER,Global,No,No,
PageLayout,Last Run Date,LastRunDate,sTYPE_TIME,Global,No,No,
LeaseAudit,Lease Audit RecID,LeaseAuditID,sTYPE_UNFORMATTED_NUMBER,Global,No,No,
LinkBudgetIndexBLI,Link Budget Index BLI RecID,LinkBudgetIndexBLIID,sTYPE_UNFORMATTED_NUMBER,Global,No,No,
LinkBudgetViewBLI,Link Budget View BLI ClientID,BOMapClientRecordID,sTYPE_TEXT,Global,Yes,No,
LinkBudgetViewBLI,Link Budget View BLI RecID,LinkBudgetViewBLIID,sTYPE_UNFORMATTED_NUMBER,Global,No,No,
LinkCommPkgTemplDocContent,Link Comm Pkg Templ Doc Content RecID,LinkCommPkgTemplDocContentID,sTYPE_UNFORMATTED_NUMBER,Global,No,No,
LinkLandPurchaseInspection,Link Land Purchase Inspection RecID,LinkLandPurchaseInspectionID,sTYPE_UNFORMATTED_NUMBER,Global,No,No,
LinkProjectEntityContact,Link Project Entity Contact RecID,LinkProjectEntityContactID,sTYPE_UNFORMATTED_NUMBER,Global,No,No,
LinkRegionManager,Link Region Manager ClientID,BOMapClientRecordID,sTYPE_TEXT,Global,Yes,No,
LinkRegionManager,Link Region Manager Is Manager?,IsManager,sTYPE_BOOLEAN,Global,Yes,No,
LinkRegionManager,Link Region Manager Member,MemberID,sTYPE_MEMBER,Global,Yes,No,
LinkRegionManager,Link Region Manager Operating Status,OperatingStatus,sTYPE_OPERATING_STATUS,Global,Yes,No,
LinkRegionManager,Link Region Manager Portfolio or Capital Program,ProgramID,sTYPE_PROGRAM,Global,Yes,No,
LinkRegionManager,Link Region Manager RecID,LinkRegionManagerID,sTYPE_UNFORMATTED_NUMBER,Global,No,No,
LinkRegionManager,Link Region Manager Region,RegionID,sTYPE_REGION,Global,No,No,
LinkRegionManager,Link Region Market RecID,LinkRegionMarketID,sTYPE_LINK_REGION_MARKET,Global,No,No,
LinkPEMemberCodeJobTitle,LinkMemberPEID,LinkMemberPEID,sTYPE_PE_MEMBER,Global,Yes,No,
MapClientBudget,Map Client Budget RecID,MapClientBudgetID,sTYPE_UNFORMATTED_NUMBER,Global,No,No,
MapClientSchedule,Map Client Schedule Recid,MapClientScheduleID,sTYPE_UNFORMATTED_NUMBER,Global,No,No,
LinkRegionMarket,Market Area,CodeMarketAreaID,sCODE_MARKET_AREA,Global,Yes,No,
LinkRegionMarket,Market Manager Names,ManagerIDList,sTYPE_MEMBER,Global,No,No,
LinkRegionMarket,Market Member Names,MemberIDList,sTYPE_MEMBER,Global,No,No,
Firm,Max Document Storage GB,MaxDocumentStorageGB,sTYPE_NUMBER_FRACTION2DIGITS,Global,No,No,
Task,Members Assigned to Task,AssigneeMemberIDList,sTYPE_MEMBER,Global,No,No,
PageLayout,Modified By,ModifiedByID,sTYPE_MEMBER,Global,No,No,
PageLayout,Modified Date,ModifiedDate,sTYPE_TIME,Global,No,No,
NotifyTemplate,Notification Days,DaysOffsetFromTargetDate,sTYPE_UNFORMATTED_NUMBER,Global,Yes,No,
NotifyTemplateMember,Notify Job Title,CodeJobTitleID,sCODE_JOB_TITLE,Global,No,No,
NotifyTemplateMember,Notify Member,MemberID,sTYPE_MEMBER,Global,No,No,
NotifyTemplateMember,Notify Org Chart Level,OrgChartLevel,sTYPE_UNFORMATTED_NUMBER,Global,No,No,
Notify,Notify RecID,NotifyID,sTYPE_UNFORMATTED_NUMBER,Global,No,No,
NotifyTemplateMember,Notify Template,NotifyTemplateID,sTYPE_NOTIFY_TEMPLATE,Global,Yes,No,
NotifyTemplateMember,Notify Template Member,NotifyTemplateMemberID,sTYPE_UNFORMATTED_NUMBER,Global,No,No,
NotifyTemplate,Notify template name,NotifyTemplateName,sTYPE_TEXT,Global,Yes,No,
NotifyTemplate,Notify Template RecID,NotifyTemplateID,sTYPE_UNFORMATTED_NUMBER,Global,No,No,
NotifyTemplateMember,Notify User Class,CodeUserClassID,sCODE_USER_CLASS,Global,No,No,
CodeSalesType,Omit From Sales Group Total,OmitFromSalesGroupTotal,sTYPE_BOOLEAN,Global,Yes,No,
Region,Operating Status,OperatingStatus,sTYPE_OPERATING_STATUS,Global,Yes,No,
LinkRegionMarket,OrgChart Operating Status,OperatingStatus,sTYPE_TEXT,Global,Yes,No,
PageLayout,Page Layout Allow Edit?,AllowEdit,sTYPE_BOOLEAN,Global,Yes,No,
PageLayout,Page Layout Allow User Create?,AllowUserCreate,sTYPE_BOOLEAN,Global,No,No,
PageLayout,Page Layout Budget Column Type,BudgetColumnTypeID,sTYPE_BUDGET_COLUMN_TYPE,Global,No,No,
PageLayout,Page Layout Client List RGD,ClientListRGDID,sTYPE_REPORT_GROUP_DATA,Global,No,No,
PageLayout,Page Layout ClientID,BOMapClientRecordID,sTYPE_TEXT,Global,Yes,No,
PageLayout,Page Layout Computed Sequence Number,ComputedSequenceNumber,sTYPE_NUMBER,Global,No,No,
PageLayout,Page Layout Created By Member,CreatedByMemberID,sTYPE_MEMBER,Global,No,No,
PageLayout,Page Layout Currency Type,CodeCurrencyTypeID,sCODE_CURRENCY_TYPE,Global,No,No,
PageLayout,Page Layout Description,Description,sTYPE_TEXTAREA,Global,No,No,
PageLayout,Page Layout Entity Selection Filter,EntitySelectionFilter,sTYPE_NUMBER,Global,Yes,No,
PageLayout,Page Layout Equivalent PL Types,EquivalentPLTypes,sTYPE_TEXT,Global,No,No,
PageLayoutField,Page Layout Field Accessor Name,AccessorName,sTYPE_TEXT,Global,No,No,
PageLayoutField,Page Layout Field Budget View,BudgetViewID,sTYPE_BUDGET_VIEW,Global,No,No,
PageLayoutField,Page Layout Field ClientID,BOMapClientRecordID,sTYPE_TEXT,Global,Yes,No,
PageLayoutField,Page Layout Field Display Label,DisplayLabel,sTYPE_TEXTAREA,Global,No,No,
PageLayoutField,Page Layout Field Display Option #1,DisplayOption1,sTYPE_NUMBER,Global,Yes,No,
PageLayoutField,Page Layout Field Display Option #2,DisplayOption2,sTYPE_NUMBER,Global,Yes,No,
PageLayoutField,Page Layout Field Display Option JSON,DisplayOptionJSON,sTYPE_TEXTAREA,Global,No,No,
PageLayoutField,Page Layout Field Edit Column Position,EditColumnPosition,sTYPE_NUMBER,Global,No,No,
PageLayoutField,Page Layout Field Edit Field Height,EditFieldHeight,sTYPE_NUMBER,Global,No,No,
PageLayoutField,Page Layout Field Edit Field Width,EditFieldWidth,sTYPE_NUMBER,Global,No,No,
PageLayoutField,Page Layout Field Edit Row Position,EditRowPosition,sTYPE_NUMBER,Global,No,No,
PageLayoutField,Page Layout Field Field Context,FieldContext,sTYPE_TEXT,Global,No,No,
PageLayoutField,Page Layout Field Header Column Position,HeaderColumnPosition,sTYPE_NUMBER,Global,No,No,
PageLayoutField,Page Layout Field Is In Edit Layout?,IsInEditLayout,sTYPE_BOOLEAN,Global,No,No,
PageLayoutField,Page Layout Field JSON Config Text,JSONConfigText,sTYPE_TEXTAREA,Global,No,No,
PageLayoutField,Page Layout Field Label CSS Style,LabelCSSStyle,sTYPE_TEXTAREA,Global,No,No,
PageLayoutField,Page Layout Field Mobile Row Position,MobileRowPosition,sTYPE_NUMBER,Global,No,No,
PageLayoutField,Page Layout Field Page Layout,PageLayoutID,sTYPE_PAGE_LAYOUT,Global,Yes,No,
PageLayoutField,Page Layout Field RecID,PageLayoutFieldID,sTYPE_UNFORMATTED_NUMBER,Global,No,No,
PageLayoutField,Page Layout Field Report Group Available Field,ReportGroupAvailableFieldID,sTYPE_REPORT_GROUP_AVAILABLE_FIELD,Global,No,No,
PageLayoutField,Page Layout Field Static Text,StaticText,sTYPE_TEXTAREA,Global,No,No,
PageLayoutField,Page Layout Field Sub Page Layout,SubPageLayoutID,sTYPE_PAGE_LAYOUT,Global,No,No,
PageLayoutField,Page Layout Field Value CSS Style,ValueCSSStyle,sTYPE_TEXTAREA,Global,No,No,
PageLayoutField,Page Layout Field View Column Position,ViewColumnPosition,sTYPE_NUMBER,Global,No,No,
PageLayoutField,Page Layout Field View Field Height,ViewFieldHeight,sTYPE_NUMBER,Global,No,No,
PageLayoutField,Page Layout Field View Field Width,ViewFieldWidth,sTYPE_NUMBER,Global,No,No,
PageLayoutField,Page Layout Field View Row Position,ViewRowPosition,sTYPE_NUMBER,Global,No,No,
PageLayoutFilter,Page Layout Filter Accessor Name,AccessorName,sTYPE_TEXT,Global,No,No,
PageLayoutFilter,Page Layout Filter ClientID,BOMapClientRecordID,sTYPE_TEXT,Global,Yes,No,
PageLayoutFilter,Page Layout Filter Column Order By,ColumnOrderBy,sTYPE_NUMBER,Global,No,No,
PageLayoutFilter,Page Layout Filter Criteria Type #1,CriteriaType1,sTYPE_NUMBER,Global,No,No,
PageLayoutFilter,Page Layout Filter Criteria Type #2,CriteriaType2,sTYPE_NUMBER,Global,No,No,
PageLayoutFilter,Page Layout Filter Criteria Value #1,CriteriaValue1,sTYPE_TEXTAREA,Global,No,No,
PageLayoutFilter,Page Layout Filter Criteria Value #2,CriteriaValue2,sTYPE_TEXTAREA,Global,No,No,
PageLayoutFilter,Page Layout Filter Extended Group Filter,ExtendedGroupFilterID,sTYPE_PAGE_LAYOUT_FILTER,Global,No,No,
PageLayoutFilter,Page Layout Filter Field Context,FieldContext,sTYPE_TEXT,Global,No,No,
PageLayoutFilter,Page Layout Filter Is List Filter?,IsListFilter,sTYPE_BOOLEAN,Global,Yes,No,
PageLayoutFilter,Page Layout Filter Page Layout,PageLayoutID,sTYPE_PAGE_LAYOUT,Global,Yes,No,
PageLayoutFilter,Page Layout Filter RecID,PageLayoutFilterID,sTYPE_UNFORMATTED_NUMBER,Global,No,No,
PageLayoutFilter,Page Layout Filter Report Group Available Field,ReportGroupAvailableFieldID,sTYPE_REPORT_GROUP_AVAILABLE_FIELD,Global,Yes,No,
PageLayoutFilter,Page Layout Filter Row Order By,RowOrderBy,sTYPE_NUMBER,Global,No,No,
PageLayoutFilter,Page Layout Filter Show Label?,ShowLabel,sTYPE_BOOLEAN,Global,No,No,
PageLayoutFilter,Page Layout Filter Show Subtotal?,ShowSubtotal,sTYPE_BOOLEAN,Global,No,No,
PageLayout,Page Layout Hierarchy Name,HierarchyName,sTYPE_TEXT,Global,No,No,
PageLayout,Page Layout Is Budget Impacting?,IsBudgetImpacting,sTYPE_BOOLEAN,Global,No,No,
PageLayout,Page Layout Is Dashboard Report?,IsDashboardReport,sTYPE_BOOLEAN,Global,No,No,
PageLayout,Page Layout Is Global Report?,IsGlobalReport,sTYPE_BOOLEAN,Global,No,No,
PageLayout,Page Layout Is Menu Link?,IsMenuLink,sTYPE_BOOLEAN,Global,No,No,
PageLayout,Page Layout Is Ordered?,IsOrdered,sTYPE_BOOLEAN,Global,No,No,
PageLayout,Page Layout Is Report?,IsReport,sTYPE_BOOLEAN,Global,No,No,
PageLayout,Page Layout Is SEP/List Layout?,IsSEPOrListLayout,sTYPE_BOOLEAN,Global,No,No,
PageLayout,Page Layout Issue Type,CodeIssueTypeID,sCODE_ISSUE_TYPE,Global,No,No,
PageLayout,Page Layout JSON Config Text,JSONConfigText,sTYPE_TEXTAREA,Global,No,No,
PageLayout,Page Layout Name,PageLayoutName,sTYPE_TEXT,Global,Yes,No,
PageLayout,Page Layout Order Record Name,OrderRecordName,sTYPE_TEXT,Global,No,No,
PageLayout,Page Layout Order Record Type,OrderRecordType,sTYPE_TEXT,Global,No,No,
PageLayout,Page Layout Output Type,OutputType,sTYPE_TEXT,Global,Yes,No,
PageLayout,Page Layout Owned By Member,OwnedByMemberID,sTYPE_MEMBER,Global,No,No,
PageLayout,Page Layout Parent Page Layout,ParentPageLayoutID,sTYPE_PAGE_LAYOUT,Global,No,No,
PageLayout,Page Layout ParentID,ParentID,sTYPE_NUMBER,Global,No,No,
PageLayout,Page Layout Previous Page Layout,PreviousPageLayoutID,sTYPE_PAGE_LAYOUT,Global,No,No,
PageLayout,Page Layout PreviousID,PreviousID,sTYPE_NUMBER,Global,No,No,
PageLayout,Page Layout Primary Code SQL Table,PrimaryCodeSQLTableID,sCODE_SQLTABLE,Global,No,No,
PageLayout,Page Layout RecID,PageLayoutID,sTYPE_UNFORMATTED_NUMBER,Global,No,No,
PageLayout,Page Layout Run Mode Filters,RunModeFilters,sTYPE_NUMBER,Global,Yes,No,
PageLayout,Page Layout Type,PageLayoutType,sTYPE_TEXT,Global,Yes,No,
PageLayout,Page Layout URL,URL,sTYPE_TEXTAREA,Global,No,No,
CustomCodeTable,Parent Custom Code Table,ParentCustomCodeTableID,sTYPE_CUSTOM_CODE_TABLE_REF,Global,No,No,
Region,Parent Region,ParentRegionID,sTYPE_REGION,Global,No,No,
CodeProblem,ParentCodeAssetCategoryID,ParentCodeAssetCategoryID,sCODE_ASSET_CATEGORY,Global,Yes,No,
Asset,Personal Prop Tax Description,PersonalPropTaxDescription,sTYPE_TEXTAREA,Global,No,No,
Asset,Personal Prop Tax Frequency,CodePersonalPropTaxFrequencyID,sCODE_MONTH_FREQUENCY,Global,No,No,
Asset,Personal Prop Tax Rate,PersonalPropTaxRate,sTYPE_PERCENTAGE,Global,No,No,
LinkRegionMarket,Portfolio Project Entity ID,ProjectEntityID,sTYPE_PROJECT_ENTITY,Global,Yes,No,
Region,Previous Region,PreviousRegionID,sTYPE_REGION,Global,No,No,
LinkRegionMarket,Previous Region Market,PreviousLinkRegionMarketID,sTYPE_LINK_REGION_MARKET,Global,No,No,
NotifyTemplate,Primary key of parent record,ObjectID,sTYPE_UNFORMATTED_NUMBER,Global,Yes,No,
ProgramRevenueWeeks,Program Revenue Weeks Parent Program,ProgramID,sTYPE_PROGRAM,Global,Yes,No,
MapClientBudget,Project Entity,ProjectEntityID,sTYPE_PROJECT_ENTITY,Global,Yes,No,
Region,Region Description,Description,sTYPE_TEXT,Global,No,No,
Region,Region Manager Names,ManagerIDList,sTYPE_MEMBER,Global,No,No,
Region,Region Member Names,MemberIDList,sTYPE_MEMBER,Global,No,No,
Region,Region Name,RegionName,sTYPE_TEXT,Global,Yes,No,
Region,Region Program,ProgramID,sTYPE_PROGRAM,Global,Yes,No,
LinkRegionMarket,Related Region,RegionID,sTYPE_REGION,Global,Yes,No,
ReportGroupData,RGD FirmID,FirmID,sTYPE_UNFORMATTED_NUMBER,Global,No,No,
MapClientSchedule,Schedule Last Reviewed Date,LastReviewedDate,sTYPE_TIME,Global,Yes,No,
NotifyTemplate,Sub Alert Type,SubAlertType,sTYPE_TEXT,Global,Yes,No,
InformationOverlay,Tour Name,TourName,sTYPE_TEXT,Global,Yes,No,
WorkFlow,Trigger CodeSQLTable,TriggerCodeSQLTableID,sCODE_SQLTABLE,Global,No,No,
WorkFlow,Trigger Object,TriggerObjectID,sTYPE_UNFORMATTED_NUMBER,Global,No,No,
NotifyTemplate,Trigger value 1,TriggerValue1,sTYPE_TEXT,Global,No,No,
NotifyTemplate,Trigger value 2,TriggerValue2,sTYPE_TEXT,Global,No,No,
LinkEmpAvailableUserClass,UserClassEmployerID,EmployerID,sTYPE_EMPLOYER,Global,Yes,No,
WorkFlowTemplateStepMember,WF Template Step Member,MemberID,sTYPE_MEMBER,Global,No,No,
WorkFlowTemplateStepMember,WF Template Step Member Job Title,CodeJobTitleID,sCODE_JOB_TITLE,Global,No,No,
WorkFlowTemplateStepMember,WF Template Step Member Org Chart Level,OrgChartLevel,sTYPE_NUMBER,Global,No,No,
WorkFlowTemplateStepMember,WF Template Step Member RecID,WorkFlowTemplateStepMemberID,sTYPE_UNFORMATTED_NUMBER,Global,No,No,
WorkFlowTemplateStepMember,WF Template Step Member Responsibility,StepMemberResponsibility,sTYPE_TEXT,Global,Yes,No,
WorkFlowTemplateStepMember,WF Template Step Member Step,WorkFlowTemplateStepID,sTYPE_WORK_FLOW_TEMPLATE_STEP,Global,Yes,No,
WorkFlowTemplateStepMember,WF Template Step Member User Class,CodeUserClassID,sCODE_USER_CLASS,Global,No,No,
Issue,Issue Date Range,IssueDateRange,sTYPE_ISSUE_DATE_RANGE,Global,No,No,
Issue,Issue Date Type,IssueDateType,sTYPE_ISSUE_DATE_FILTER,Global,No,No,
ProjectEntity,Annual Variance,AnnualVariance,sTYPE_ANNUAL_VARIANCE,Global,No,No,
ProjectEntity,Blank Row,BlankRow,sTYPE_BLANK_ROW,Global,No,No,
ProjectEntity,Blank Space,BlankSpace,sTYPE_BLANK_SPACE,Global,No,No,
BudgetColumnItemValue,Budget Comment,BudgetComment,sTYPE_BUDGET_COLUMN_ITEM_COMMENT,Global,No,No,
ProjectEntity,Budget Total,BudgetTotal,sTYPE_BUDGET_COLUMN_TOTAL,Global,No,No,
BudgetColumnItemValue,Budget Value,BudgetValue,sTYPE_BUDGET_COLUMN_ITEM_VALUE,Global,No,No,
ProjectEntity,Date,CurrentDate,sTYPE_CURRENT_DATE,Global,No,No,
ProjectEntity,Date Comparison:,DateComparison,sTYPE_DATE_MATH_OPERATION,Global,No,No,
ProjectEntity,Geo Map,Ymap,sTYPE_YMAP,Global,No,No,
ProjectEntity,Many to Many List,ManyToManyList,sTYPE_MANYTOMANY_LIST,Global,No,No,
ProjectEntity,Math ($):,MoneyMathOperation,sTYPE_MONEY_MATH_OPERATION,Global,No,No,
ProjectEntity,Math (%):,PercentMathOperation,sTYPE_PERCENT_MATH_OPERATION,Global,No,No,
ProjectEntity,Math:,MathOperation,sTYPE_MATH_OPERATION,Global,No,No,
ProjectEntity,Month,Month,sTYPE_MONTH,Global,No,No,
ProjectEntity,Months,AllMonths,sTYPE_ALLMONTHS,Global,No,No,
ProjectEntity,Months with Data,MonthsWithData,sTYPE_MONTHS_WITH_DATA,Global,No,No,
ProjectEntity,One to Many List,OneToManyList,sTYPE_ONETOMANY_LIST,Global,No,No,
ProjectEntity,Page Break,PageBreakForPrint,sTYPE_PAGEBREAK,Global,No,No,
ProjectEntity,Periods,AllPeriods,sTYPE_ALLPERIODS,Global,No,No,
ProjectEntity,Qtrs,AllQuarters,sTYPE_ALLQUARTERS,Global,No,No,
ProjectEntity,Quarterly Variance,QuarterVariance,sTYPE_QUARTER_VARIANCE,Global,No,No,
ProjectEntity,Semi-Annual Variance,SemiAnnualVariance,sTYPE_SEMIANNUAL_VARIANCE,Global,No,No,
ProjectEntity,Slide Show,SlideShow,sTYPE_DOCUMENT_SLIDESHOW,Global,No,No,
ProjectEntity,Static Text,StaticText,sTYPE_STATICTEXT_LABEL,Global,No,No,
ProjectEntity,Sub Edit Form,SubEditForm,sTYPE_SUB_EDITFORM,Global,No,No,
ProjectEntity,Time Comparison,TimeComparison,sTYPE_TIME_MATH_OPERATION,Global,No,No,
ProjectEntity,Total Math,TotalMath,sTYPE_TOTAL_MATH_OPERATION,Global,No,No,
ProjectEntity,Years,Years,sTYPE_YEARS,Global,No,No,
ProjectEntity,Years with Data,YearsWithData,sTYPE_YEARS_WITH_DATA,Global,No,No,
GlobalProperty,FirmID,FirmID,sTYPE_FIRM,Global,No,No,
GlobalProperty,Property Key,PropertyKey,sTYPE_TEXT,Global,Yes,No,
GlobalProperty,Property Section,GlobalPropertySectionID,sTYPE_GLOBAL_PROPERTY_SECTION,Global,No,No,
GlobalProperty,Property Value,PropertyValue,sTYPE_TEXT,Global,No,No,
WorkFlow,Workflow Template,WorkFlowTemplateID,sTYPE_WORK_FLOW_TEMPLATE,Global,Yes,No,
WorkFlowStep,Workflow Template Step,WorkFlowTemplateStepID,sTYPE_WORK_FLOW_TEMPLATE_STEP,Global,No,No,
WorkFlowTemplateStepAction,Workflow Template Step Action,WorkFlowTemplateStepActionID,sTYPE_WORK_FLOW_TEMPLATE_STEP_ACTION,Global,No,No,
ComparisonItem,Assumptions,Assumptions,sTYPE_COMP_ASSUMPTIONS,Global,No,No,
ComparisonItem,Comparison Item ClientID,BOMapClientRecordID,sTYPE_TEXT,Global,Yes,No,
ComparisonItem,Comparison Item RecID,ComparisonItemID,sTYPE_UNFORMATTED_NUMBER,Global,No,No,
ProjectEntity,Comparison List,ComparisonList,sTYPE_COMPARISONLIST,Global,No,No,
ComparisonReport,Comparison Report ClientID,BOMapClientRecordID,sTYPE_TEXT,Global,Yes,No,
ComparisonReport,Comparison Report Layout,PageLayoutID,sTYPE_PAGE_LAYOUT,Global,Yes,No,
ComparisonReport,Comparison Report RecID,ComparisonReportID,sTYPE_UNFORMATTED_NUMBER,Global,No,No,
ComparisonItem,Computed Value,ComputedValue,sTYPE_JAVASCRIPT,Global,No,No,
ComparisonItem,Expense Group Total,ExpenseGroup,sTYPE_COMP_EXPENSE_GROUP,Global,No,No,
ComparisonItem,Scenario Date,ScenarioDate,sTYPE_DATE,Global,No,No,
ComparisonItem,Scenario Name,ScenarioName,sTYPE_TEXT,Global,No,No,
ComparisonItem,Scenario XmlData,XmlData,sTYPE_TEXTAREA,Global,Yes,No,
Competitor,Building Area Unit,CodeBuildingAreaUnitID,sCODE_BUILDING_AREA_UNIT,Global,No,No,
Competitor,City,City,sTYPE_TEXT,Global,No,No,
Competitor,Competitor ClientID,BOMapClientRecordID,sTYPE_TEXT,Global,Yes,No,
Competitor,Competitor Name,CompetitorName,sTYPE_TEXT,Global,Yes,No,
Competitor,Competitor RecID,CompetitorID,sTYPE_UNFORMATTED_NUMBER,Global,No,No,
Competitor,Competitor Type,CodeCompetitorTypeID,sCODE_COMPETITOR_TYPE,Global,No,No,
Competitor,Complex,ComplexID,sTYPE_COMPLEX,Global,No,No,
Competitor,Country,CountryID,sTYPE_TEXT,Global,No,No,
Competitor,Cross Street #1,CrossStreet1,sTYPE_TEXT,Global,No,No,
Competitor,Cross Street #2,CrossStreet2,sTYPE_TEXT,Global,No,No,
Competitor,Distance,Distance,sTYPE_TEXT,Global,No,No,
Competitor,Drive Time,DriveTime,sTYPE_TEXT,Global,No,No,
Competitor,Is Anchor Store?,IsAnchorStore,sTYPE_YES_NO_RADIO,Global,No,No,
Competitor,Last Year Annual Sales,LastYearSales,sTYPE_MONEY,Global,No,No,
Competitor,Latitude,LatitudeDegrees,sTYPE_NUMBER_FRACTION6DIGITS,Global,No,No,
Competitor,Longitude,LongitudeDegrees,sTYPE_NUMBER_FRACTION6DIGITS,Global,No,No,
Competitor,Modified By,ModifiedByID,sTYPE_MEMBER,Global,No,No,
Competitor,Modified Date,ModifiedDate,sTYPE_TIME,Global,No,No,
Competitor,Postal Code,PostalCode,sTYPE_POSTALCODE,Global,No,No,
Competitor,Rentable Area,RentableArea,sTYPE_AREA,Global,No,No,
Competitor,State,IStateProvinceCountryID,sTYPE_STATE_PROVINCE,Global,No,No,
Competitor,Street Address #1,StreetAddress1,sTYPE_TEXT,Global,No,No,
Competitor,Street Address #2,StreetAddress2,sTYPE_TEXT,Global,No,No,
Competitor,Street Address #3,StreetAddress3,sTYPE_TEXT,Global,No,No,
Competitor,Street Address #4,StreetAddress4,sTYPE_TEXT,Global,No,No,
LinkProjectEntityContact,Contact Type,CodeContactTypeID,sCODE_CONTACT_TYPE,Global,Yes,No,
LinkProjectEntityContact,Employer,EmployerID,sTYPE_EMPLOYER,Global,No,No,
LinkProjectEntityContact,Entity,ProjectEntityID,sTYPE_PROJECT_ENTITY,Global,Yes,No,
LinkProjectEntityContact,Inactive,Inactive,sTYPE_CHECKBOX,Global,Yes,No,
LinkProjectEntityContact,Is Primary?,IsPrimary,sTYPE_CHECKBOX,Global,Yes,No,
LinkProjectEntityContact,Landlord (Employer),Landlord_EmployerID,sTYPE_EMPLOYER,Global,No,No,
LinkProjectEntityContact,Landlord (Person),Landlord_PersonID,sTYPE_PERSON,Global,No,No,
LinkProjectEntityContact,Modified By,ModifiedByID,sTYPE_MEMBER,Global,No,No,
LinkProjectEntityContact,Modified Date,ModifiedDate,sTYPE_TIME,Global,No,No,
LinkProjectEntityContact,Notes,Notes,sTYPE_TEXTAREA,Global,No,No,
LinkProjectEntityContact,Person,PersonID,sTYPE_PERSON,Global,No,No,
LinkProjectEntityContact,Rating,Rating,sTYPE_NUMBER,Global,No,No,
DMA,DMA ClientID,BOMapClientRecordID,sTYPE_TEXT,Global,Yes,No,
DMA,DMA Name,DMAName,sTYPE_TEXT,Global,Yes,No,
DMA,DMA Number,DMANumber,sTYPE_NUMBER,Global,Yes,No,
DMA,DMA RecID,DMAID,sTYPE_UNFORMATTED_NUMBER,Global,No,No,
DMA,Modified By,ModifiedByID,sTYPE_MEMBER,Global,No,No,
DMA,Modified Date,ModifiedDate,sTYPE_TIME,Global,No,No,
DMA,Short Name,ShortName,sTYPE_TEXT,Global,Yes,No,
ProjectEntity,Budget Template ID,BudgetTemplateID,sTYPE_BUDGET_TEMPLATE,Global,No,No,
ProjectEntity,Building Area Unit,CodeBuildingAreaUnitID,sCODE_BUILDING_AREA_UNIT,Global,No,No,
ProjectEntity,Capital Program,ProgramID,sTYPE_CAPITALPROGRAM,Global,No,No,
ProjectEntity,City,City,sTYPE_TEXT,Global,No,No,
ProjectEntity,"City, State",CityStateProvinceCountry,sTYPE_CITY,Global,No,No,
ProjectEntity,Client Unique ID,MapClientRecordID,sTYPE_TEXT,Global,No,No,
ProjectEntity,Complex Name,ComplexID,sTYPE_COMPLEX,Global,No,No,
ProjectEntity,Construction Type,CodeConstructionTypeID,sCODE_CONSTRUCTION_TYPE,Global,No,No,
ProjectEntity,Contact List,LinkProjectEntityContactListData,sTYPE_PE_CONTACTEMPLOYER_LIST,Global,No,No,
ProjectEntity,Country,CountryID,sTYPE_COUNTRY,Global,No,No,
ProjectEntity,Created By,CreatedByID,sTYPE_MEMBER,Global,No,No,
ProjectEntity,Created Date,CreatedDate,sTYPE_TIME,Global,No,No,
ProjectEntity,Cross Street #1,CrossStreet1,sTYPE_TEXT,Global,No,No,
ProjectEntity,Cross Street #2,CrossStreet2,sTYPE_TEXT,Global,No,No,
ProjectEntity,Currency Type,CodeCurrencyTypeID,sCODE_CURRENCY_TYPE,Global,No,No,
ProjectEntity,Deal Type,CodeDealTypeID,sCODE_DEAL_TYPE,Global,No,No,
ProjectEntity,Demographic DMA,DemographicDMAID,sTYPE_DMA,Global,No,No,
ProjectEntity,Depth,Depth,sTYPE_AREA,Global,No,No,
ProjectEntity,Description,ProjectDescription,sTYPE_TEXT,Global,No,No,
ProjectEntity,Distribution Center,CodeDistributionCenterID,sCODE_DISTRIBUTION_CENTER,Global,No,No,
ProjectEntity,Entity Email,EntityEmail,sTYPE_ENTITY_EMAIL,Global,No,No,
ProjectEntity,Entity LxID,EntityId,sTYPE_UNFORMATTED_NUMBER,Global,No,No,
ProjectEntity,Name,ProjectEntityName,sTYPE_ENTITY_NAME,Global,Yes,No,
ProjectEntity,Entity Photo,EntityPhoto,sTYPE_TEXT,Global,No,No,
ProjectEntity,Entity RecID,ProjectEntityID,sTYPE_UNFORMATTED_NUMBER,Global,No,No,
ProjectEntity,Entity Type,ProjectEntityTypeName,sTYPE_TEXT,Global,No,No,
ProjectEntity,Entity UUID,UUID,sTYPE_TEXT,Global,No,No,
ProjectEntity,Facility Name,FacilityName,sTYPE_ENTITY_NAME,Global,No,No,
ProjectEntity,Firm ID,FirmID,sTYPE_TEXT,Global,Yes,No,
ProjectEntity,Frontage,Frontage,sTYPE_AREA,Global,No,No,
ProjectEntity,Full Address,HTMLAddress,sTYPE_TEXT,Global,No,No,
ProjectEntity,Gross Acreage,GrossArea,sTYPE_ACREAGE,Global,No,No,
ProjectEntity,Gross Area,GrossArea,sTYPE_AREA,Global,No,No,
ProjectEntity,Is Dead?,IsDead,sTYPE_CHECKBOX,Global,No,No,
ProjectEntity,Is Inactive?,Inactive,sTYPE_CHECKBOX,Global,Yes,No,
ProjectEntity,Issues And Alerts,IssuesAndAlerts,sTYPE_TEXT,Global,No,No,
ProjectEntity,Jurisdiction,JurisdictionID,sTYPE_JURISDICTION,Global,No,No,
ProjectEntity,Latitude,LatitudeDegrees,sTYPE_NUMBER_FRACTION6DIGITS,Global,No,No,
ProjectEntity,Location,LocationID,sTYPE_LOCATION,Global,No,No,
ProjectEntity,Longitude,LongitudeDegrees,sTYPE_NUMBER_FRACTION6DIGITS,Global,No,No,
ProjectEntity,Market Area,CodeMarketAreaID,sCODE_MARKET_AREA,Global,No,No,
ProjectEntity,Market Potential,CodeDesc_CodeMarketAreaID,sCODE_MARKET_AREA,Global,No,No,
ProjectEntity,Market Type,CodeMarketTypeID,sCODE_MARKET_TYPE,Global,No,No,
ProjectEntity,Modified By,ModifiedByID,sTYPE_MEMBER,Global,No,No,
ProjectEntity,Modified Date,ModifiedDate,sTYPE_TIME,Global,No,No,
ProjectEntity,Notes,Notes,sTYPE_TEXTAREA,Global,No,No,
ProjectEntity,Number of Documents,NumberOfDocuments,sTYPE_NUMBER,Global,No,No,
Project,Opening Project or Capital Project,ProjectType,sTYPE_TEXT,Global,Yes,No,
ProjectEntity,Parent Region,RootRegionID,sTYPE_ROOT_REGION,Global,No,No,
ProjectEntity,Phone,Phone,sTYPE_TEXT,Global,No,No,
ProjectEntity,Portfolio,ProgramID,sTYPE_PORTFOLIO,Global,No,No,
ProjectEntity,Portfolio/Program,ProgramID,sTYPE_PROGRAM,Global,No,No,
ProjectEntity,Portfolio/Program Name,ProgramName,sTYPE_TEXT,Global,No,No,
ProjectEntity,Portfolio/Program RecID,ProgramID,sTYPE_TEXT,Global,No,No,
ProjectEntity,Postal Code,PostalCode,sTYPE_POSTALCODE,Global,No,No,
Project,Project ID,ClientEntityID,sTYPE_TEXT,Global,No,No,
ProjectEntity,Project Managers,ManagerIDList,sTYPE_PROJECT_MANAGER,Global,No,No,
ProjectEntity,Project Name,ProjectName,sTYPE_ENTITY_NAME,Global,No,No,
ProjectEntity,Project Phase,CurrentCodeProjectPhaseID,sCODE_PROJECT_PHASE,Global,No,No,
Project,Project RecID,ProjectID,sTYPE_UNFORMATTED_NUMBER,Global,No,No,
ProjectEntity,Project Status,CurrentPhaseStatus,sTYPE_TEXT,Global,No,No,
ProjectEntity,Project Type,CodeProjectTypeID,sCODE_PROJECT_TYPE,Global,No,No,
Project,Project UUID,UUID,sTYPE_TEXT,Global,No,No,
ProjectEntity,Prototype,PrototypeID,sTYPE_PROTOTYPE,Global,No,No,
ProjectEntity,Prototype Name,PrototypeName,sTYPE_TEXT,Global,No,No,
ProjectEntity,Real Estate Type,CodeDesc_CodeProjectTypeID,sCODE_PROJECT_TYPE,Global,No,No,
ProjectEntity,Region,RegionID,sTYPE_REGION,Global,No,No,
ProjectEntity,Related Entities,RelatedEntities,sTYPE_TEXT,Global,No,No,
Project,Related Project Facility,FacilityID,sTYPE_FACILITY,Global,No,No,
ProjectEntity,RelocatedFrom,RelocatedFrom,sTYPE_TEXT,Global,No,No,
ProjectEntity,Rentable Area,RentableArea,sTYPE_AREA,Global,No,No,
ProjectEntity,Rev Number,RevNumber,sTYPE_UNFORMATTED_NUMBER,Global,No,No,
ProjectEntity,Revenue Weeks,ActualRevenueWeeks,sTYPE_NUMBER,Global,No,No,
ProjectEntity,Schedule Creation Method,TaskCreationMethod,sTYPE_TASK_CREATION_METHOD,Global,No,No,
ProjectEntity,Sequence Number,SequenceNumber,sTYPE_NUMBER,Global,No,No,
Site,Site ID,ClientEntityID,sTYPE_TEXT,Global,No,No,
ProjectEntity,Site Name,PotentialProjectName,sTYPE_ENTITY_NAME,Global,No,No,
Site,Site RecID,PotentialProjectID,sTYPE_UNFORMATTED_NUMBER,Global,No,No,
Project,Site Sequence Number,SiteSequenceNumber,sTYPE_NUMBER,Global,No,No,
Site,Site UUID,UUID,sTYPE_TEXT,Global,No,No,
ProjectEntity,State,IStateProvinceCountryID,sTYPE_STATE_PROVINCE,Global,No,No,
ProjectEntity,Storage Size (MB),DBFolderSizeMB,sTYPE_NUMBER_FRACTION2DIGITS,Global,No,No,
ProjectEntity,Store Number,ClientEntityID,sTYPE_TEXT,Global,No,No,
ProjectEntity,Street Address,StreetAddress,sTYPE_TEXT,Global,No,No,
ProjectEntity,Street Address #1,StreetAddress1,sTYPE_TEXT,Global,No,No,
ProjectEntity,Street Address #2,StreetAddress2,sTYPE_TEXT,Global,No,No,
ProjectEntity,Street Address #3,StreetAddress3,sTYPE_TEXT,Global,No,No,
ProjectEntity,Street Address #4,StreetAddress4,sTYPE_TEXT,Global,No,No,
ProjectEntity,Sub Region,SubRegionID,sTYPE_SUBREGION,Global,No,No,
ProjectEntity,System of Record,BaseProvider,sTYPE_VALUES_PROVIDER,Global,No,No,
ProjectEntity,Third Party Warehouse,ThirdPartyWarehouse,sTYPE_TEXT,Global,No,No,
ProjectEntity,Time Zone,TimeZone,sTYPE_TIMEZONE,Global,No,No,
ProjectEntity,Trade Area,TradeArea,sTYPE_TEXT,Global,No,No,
ProjectEntity,Usable Area,UsableArea,sTYPE_AREA,Global,No,No,
EMailReceivedLog,Arrival Date,ArrivalDate,sTYPE_DATE,Global,No,No,
EMailReceivedLog,Body,Body,sTYPE_TEXTAREA,Global,No,No,
EMailReceivedLog,Created By,CreatedByID,sTYPE_MEMBER,Global,No,No,
EMailReceivedLog,Created Date,CreatedDate,sTYPE_TIME,Global,No,No,
LinkEMailReceivedLogDocument,Document,DocumentID,sTYPE_DOCUMENT,Global,No,No,
LinkEMailReceivedLogDocument,E Mail Rcvd Log,EMailReceivedLogID,sTYPE_EMAIL_RECEIVED_LOG,Global,Yes,No,
EMailReceivedLog,E-Mail Rcvd ClientID,BOMapClientRecordID,sTYPE_TEXT,Global,Yes,No,
LinkEMailReceivedLogDocument,E-Mail Rcvd Doc ClientID,BOMapClientRecordID,sTYPE_TEXT,Global,Yes,No,
LinkEMailReceivedLogDocument,E-Mail Rcvd Doc RecID,LinkEMailReceivedLogDocumentID,sTYPE_UNFORMATTED_NUMBER,Global,No,No,
EMailReceivedLog,E-Mail Rcvd RecID,EMailReceivedLogID,sTYPE_UNFORMATTED_NUMBER,Global,No,No,
EMailReceivedLog,Is Critical?,IsCritical,sTYPE_CHECKBOX,Global,No,No,
EMailReceivedLog,Mail Service Event ID,MailServiceEventID,sTYPE_TEXT,Global,Yes,No,
EMailReceivedLog,Modified By,ModifiedByID,sTYPE_MEMBER,Global,No,No,
EMailReceivedLog,Modified Date,ModifiedDate,sTYPE_TIME,Global,No,No,
EMailReceivedLog,Number Of Attachments,NumberOfAttachments,sTYPE_NUMBER,Global,Yes,No,
EMailReceivedLog,Rev Number,RevNumber,sTYPE_UNFORMATTED_NUMBER,Global,No,No,
EMailReceivedLog,Sender,Sender,sTYPE_TEXTAREA,Global,No,No,
EMailReceivedLog,Subject,Subject,sTYPE_TEXTAREA,Global,No,No,
Jurisdiction,Country,Country,sTYPE_TEXT,Global,No,No,
Jurisdiction,Jurisdiction ClientID,BOMapClientRecordID,sTYPE_TEXT,Global,Yes,No,
Jurisdiction,Jurisdiction Name,JurisdictionName,sTYPE_TEXT,Global,Yes,No,
Jurisdiction,Jurisdiction RecID,JurisdictionID,sTYPE_UNFORMATTED_NUMBER,Global,No,No,
Jurisdiction,Modified By,ModifiedByID,sTYPE_MEMBER,Global,No,No,
Jurisdiction,Modified Date,ModifiedDate,sTYPE_TIME,Global,No,No,
Jurisdiction,State,StateProvinceCountryID,sTYPE_STATE_PROVINCE,Global,Yes,No,
Jurisdiction,State Province,StateProvince,sTYPE_TEXT,Global,No,No,
Jurisdiction,Tax Rate #1,TaxRate1,sTYPE_PERCENTAGE,Global,No,No,
Jurisdiction,Tax Rate #2,TaxRate2,sTYPE_PERCENTAGE,Global,No,No,
LinkMemberProjectEntity,Address,PEMgr_HTMLAddress,sTYPE_TEXT,Global,No,No,
LinkMemberProjectEntity,Employer,PEMgr_EmployerID,sTYPE_EMPLOYER,Global,No,No,
LinkMemberProjectEntity,Job Function,PEMgr_CodeJobFunctionID,sCODE_JOB_FUNCTION,Global,No,No,
LinkMemberProjectEntity,Manager Name,PEMgr_MemberID,sTYPE_MEMBER,Global,No,No,
LinkMemberProjectEntity,Manager Title,PEMgr_CodeJobTitleID,sCODE_JOB_TITLE,Global,No,No,
LinkMemberProjectEntity,Modified By,PEMgr_ModifiedByID,sTYPE_MEMBER,Global,No,No,
LinkMemberProjectEntity,Modified Date,PEMgr_ModifiedDate,sTYPE_TIME,Global,No,No,
LinkMemberProjectEntity,User Class,PEMgr_CodeUserClassID,sCODE_USER_CLASS,Global,No,No,
LinkMemberProjectEntity,Address,HTMLAddress,sTYPE_TEXT,Global,No,No,
LinkMemberProjectEntity,Billing Rate 1,BillRate1,sTYPE_MONEY,Global,No,No,
LinkMemberProjectEntity,Billing Rate 2,BillRate2,sTYPE_MONEY,Global,No,No,
LinkMemberProjectEntity,Employer,EmployerID,sTYPE_EMPLOYER,Global,No,No,
LinkMemberProjectEntity,Entity,ProjectEntityID,sTYPE_PROJECT_ENTITY,Global,Yes,No,
LinkMemberProjectEntity,Entity Assigned Job Title List,AssignedCodeJobTitleIDList,sCODE_JOB_TITLE,Global,No,No,
LinkMemberProjectEntity,Entity Job Title List,CodeJobTitleIDList,sCODE_JOB_TITLE,Global,No,No,
LinkMemberProjectEntity,Is Manager?,IsManager,sTYPE_BOOLEAN,Global,Yes,No,
LinkMemberProjectEntity,Job Function,CodeJobFunctionID,sCODE_JOB_FUNCTION,Global,No,No,
LinkMemberProjectEntity,Job Title,CodeJobTitleID,sCODE_JOB_TITLE,Global,No,No,
LinkMemberProjectEntity,Link Member Project Entity RecID,LinkMemberProjectEntityID,sTYPE_UNFORMATTED_NUMBER,Global,No,No,
LinkMemberProjectEntity,Member,MemberID,sTYPE_MEMBER,Global,Yes,No,
LinkMemberProjectEntity,Modified By,ModifiedByID,sTYPE_MEMBER,Global,No,No,
LinkMemberProjectEntity,Modified Date,ModifiedDate,sTYPE_TIME,Global,No,No,
LinkMemberProjectEntity,User Class,CodeUserClassID,sCODE_USER_CLASS,Global,No,No,
ProFormaBudget,Date Of Financials,DateOfFinancials,sTYPE_DATE,Global,No,No,
ProFormaBudget,Finance Committee Approval,CodeProFormaBudgetStatusID,sCODE_PRO_FORMA_BUDGET_STATUS,Global,No,No,
ProFormaBudget,IRR,IRR,sTYPE_PERCENTAGE,Global,No,No,
ProFormaBudget,Modified By,ModifiedByID,sTYPE_MEMBER,Global,No,No,
ProFormaBudget,Modified Date,ModifiedDate,sTYPE_TIME,Global,No,No,
ProFormaBudget,Notes Financials,NotesFinancials,sTYPE_TEXTAREA,Global,No,No,
ProFormaBudget,NPV,NPV,sTYPE_MONEY,Global,No,No,
ProFormaBudget,Payback Period,PaybackPeriod,sTYPE_NUMBER_FRACTION2DIGITS,Global,No,No,
ProFormaBudget,Pro Forma Budget ClientID,BOMapClientRecordID,sTYPE_TEXT,Global,Yes,No,
ProFormaBudget,Pro Forma Budget RecID,ProFormaBudgetID,sTYPE_UNFORMATTED_NUMBER,Global,No,No,
ProFormaBudget,Projected Cost Capital Beyond Fifth Year,ProjectedCostCapitalBeyond,sTYPE_MONEY,Global,No,No,
ProFormaBudget,Projected Cost Capital Fifth Year,ProjectedCostCapitalFifthYr,sTYPE_MONEY,Global,No,No,
ProFormaBudget,Projected Cost Capital Fourth Year,ProjectedCostCapitalFourthYr,sTYPE_MONEY,Global,No,No,
ProFormaBudget,Projected Cost Capital Next Year,ProjectedCostCapitalNextYr,sTYPE_MONEY,Global,No,No,
ProFormaBudget,Projected Cost Capital PriorYear,ProjectedCostCapitalPriorYear,sTYPE_MONEY,Global,No,No,
ProFormaBudget,Projected Cost Capital Third Year,ProjectedCostCapitalThirdYr,sTYPE_MONEY,Global,No,No,
ProFormaBudget,Projected Cost Capital This Year,ProjectedCostCapitalThisYr,sTYPE_MONEY,Global,No,No,
ProFormaBudget,Projected Cost Operating Beyond Fifth Year,ProjectedCostOperatingBeyond,sTYPE_MONEY,Global,No,No,
ProFormaBudget,Projected Cost Operating Current Year,ProjectedCostOperatingThisYr,sTYPE_MONEY,Global,No,No,
ProFormaBudget,Projected Cost Operating Fifth Year,ProjectedCostOperatingFifthYr,sTYPE_MONEY,Global,No,No,
ProFormaBudget,Projected Cost Operating Fourth Year,ProjectedCostOperatingFourthYr,sTYPE_MONEY,Global,No,No,
ProFormaBudget,Projected Cost Operating Next Year,ProjectedCostOperatingNextYr,sTYPE_MONEY,Global,No,No,
ProFormaBudget,Projected Cost Operating Prior Year,ProjectedCostOperatingPriorYr,sTYPE_MONEY,Global,No,No,
ProFormaBudget,Projected Cost Operating Third Year,ProjectedCostOperatingThirdYr,sTYPE_MONEY,Global,No,No,
ProFormaBudget,Projected Margin Beyond Fifth Year,ProjectedMarginBeyond,sTYPE_MONEY,Global,No,No,
ProFormaBudget,Projected Margin Fifth Year,ProjectedMarginFifthYr,sTYPE_MONEY,Global,No,No,
ProFormaBudget,Projected Margin Fourth Year,ProjectedMarginFourthYr,sTYPE_MONEY,Global,No,No,
ProFormaBudget,Projected Margin Next Year,ProjectedMarginNextYr,sTYPE_MONEY,Global,No,No,
ProFormaBudget,Projected Margin Prior Year,ProjectedMarginPriorYear,sTYPE_MONEY,Global,No,No,
ProFormaBudget,Projected Margin Third Year,ProjectedMarginThirdYr,sTYPE_MONEY,Global,No,No,
ProFormaBudget,Projected Margin This Year,ProjectedMarginThisYr,sTYPE_MONEY,Global,No,No,
ProFormaBudget,Projected Property Taxes Beyond Fifth Year,ProjectedPropTaxesBeyond,sTYPE_MONEY,Global,No,No,
ProFormaBudget,Projected Property Taxes Fifth Year,ProjectedPropTaxesFifthYr,sTYPE_MONEY,Global,No,No,
ProFormaBudget,Projected Property Taxes Fourth Year,ProjectedPropTaxesFourthYr,sTYPE_MONEY,Global,No,No,
ProFormaBudget,Projected Property Taxes Next Year,ProjectedPropTaxesNextYr,sTYPE_MONEY,Global,No,No,
ProFormaBudget,Projected Property Taxes PriorYear,ProjectedPropTaxesPriorYear,sTYPE_MONEY,Global,No,No,
ProFormaBudget,Projected Property Taxes Third Year,ProjectedPropTaxesThirdYr,sTYPE_MONEY,Global,No,No,
ProFormaBudget,Projected Property Taxes This Year,ProjectedPropTaxesThisYr,sTYPE_MONEY,Global,No,No,
ProFormaBudget,Projected Sales Beyond Fifth Year,ProjectedSalesBeyond,sTYPE_MONEY,Global,No,No,
ProFormaBudget,Projected Sales Fifth Year,ProjectedSalesFifthYr,sTYPE_MONEY,Global,No,No,
ProFormaBudget,Projected Sales Fourth Year,ProjectedSalesFourthYr,sTYPE_MONEY,Global,No,No,
ProFormaBudget,Projected Sales Next Year,ProjectedSalesNextYr,sTYPE_MONEY,Global,No,No,
ProFormaBudget,Projected Sales Prior Year,ProjectedSalesPriorYr,sTYPE_MONEY,Global,No,No,
ProFormaBudget,Projected Sales Third Year,ProjectedSalesThirdYr,sTYPE_MONEY,Global,No,No,
ProFormaBudget,Projected Sales This Year,ProjectedSalesThisYr,sTYPE_MONEY,Global,No,No,
ProFormaBudget,ROI,ROI,sTYPE_PERCENTAGE,Global,No,No,
ProjectEntity,Actual/Forecast Delivery Date,ActualEndDate,sTYPE_DATE,Global,No,No,
ProjectEntity,Actual/Forecast Delivery Period/Year,ActualEndDate,sTYPE_PERIOD_YEAR,Global,No,No,
ProjectEntity,Actual/Forecast Delivery Qtr/Year,ActualEndDate,sTYPE_QUARTERS_YEAR,Global,No,No,
ProjectEntity,Actual/Forecast Delivery Year,ActualEndDate,sTYPE_FISCAL_YEAR,Global,No,No,
ProjectEntity,Baseline Delivery Date,BaselineEndDate,sTYPE_DATE,Global,No,No,
ProjectEntity,Baseline Delivery Period/Year,BaselineEndDate,sTYPE_PERIOD_YEAR,Global,No,No,
ProjectEntity,Baseline Delivery Qtr/Year,BaselineEndDate,sTYPE_QUARTERS_YEAR,Global,No,No,
ProjectEntity,Baseline Delivery Year,BaselineEndDate,sTYPE_FISCAL_YEAR,Global,No,No,
Firm,Current Date,CurrentDate,sTYPE_CURRENT_DATE,Global,No,No,
ProjectEntity,Original Delivery Date,ExpectedEndDate,sTYPE_DATE,Global,No,No,
ProjectEntity,Original Delivery Period/Year,ExpectedEndDate,sTYPE_PERIOD_YEAR,Global,No,No,
ProjectEntity,Original Delivery Qtr/Yr,ExpectedEndDate,sTYPE_QUARTERS_YEAR,Global,No,No,
ProjectEntity,Original Delivery Year,ExpectedEndDate,sTYPE_FISCAL_YEAR,Global,No,No,
ProjectEntity,RE Planner Open Date,SlotEndDate,sTYPE_DATE,Global,No,No,
ProjectEntity,RE Planner Open Period/Year,SlotEndDate,sTYPE_PERIOD_YEAR,Global,No,No,
ProjectEntity,RE Planner Open Qtr/Yr,SlotEndDate,sTYPE_QUARTERS_YEAR,Global,No,No,
ProjectEntity,RE Planner Open Year,SlotEndDate,sTYPE_FISCAL_YEAR,Global,No,No,
Contract,Abstract Lease,ABSTRACT_LEASE,sTYPE_SUBMITBUTTON,Global,No,No,
ProjectEntity,Activate/Deactivate,ActivateAndDeactivateButton,sTYPE_SUBMITBUTTON,Global,No,No,
Contract,Alternate Rent Wizard,ALTERNATE_RENT_WIZARD,sTYPE_SUBMITBUTTON,Global,No,No,
Contract,Apply Offsets,APPLY_OFFSETS,sTYPE_SUBMITBUTTON,Global,No,No,
ProjectEntity,Approve Asset Payments,APPROVE_ASSET_PAYMENTS,sTYPE_SUBMITBUTTON,Global,No,No,
ProjectEntity,Approve Payments,APPROVE_PAYMENTS,sTYPE_SUBMITBUTTON,Global,No,No,
Contract,Audit Log,AUDIT_LOG,sTYPE_SUBMITBUTTON,Global,No,No,
ExpenseSchedule,Calculate Amounts,CalculateScheduleAmounts,sTYPE_SUBMITBUTTON,Global,No,No,
ProjectEntity,Cancel,CancelButton,sTYPE_SUBMITBUTTON,Global,No,No,
Contract,Change Vendor,CHANGE_EXPENSE_ALLOCATION_VENDOR,sTYPE_SUBMITBUTTON,Global,No,No,
ProjectEntity,Convert Entity,ConvertIGenericProject,sTYPE_SUBMITBUTTON,Global,No,No,
Contract,Copy Expense,COPY_EXPENSE_SETUP,sTYPE_SUBMITBUTTON,Global,No,No,
Contract,Copy Transaction,COPY_PAYMENT_TRANSACTION,sTYPE_SUBMITBUTTON,Global,No,No,
Contract,CPI Adjustments,CPI_ADJUSTMENTS,sTYPE_SUBMITBUTTON,Global,No,No,
ProjectEntity,Dead / Not Dead,MarkDeadAndMarkNotDeadButton,sTYPE_SUBMITBUTTON,Global,No,No,
ProjectEntity,Delete,DeleteButton,sTYPE_SUBMITBUTTON,Global,No,No,
Contract,Delete Accrual Payments,DELETE_ACCRUAL_PAYMENTS,sTYPE_SUBMITBUTTON,Global,No,No,
Contract,Delete Asset Payments,DELETE_ASSET_PAYMENTS,sTYPE_SUBMITBUTTON,Global,No,No,
Contract,Delete Payments,DELETE_PAYMENTS,sTYPE_SUBMITBUTTON,Global,No,No,
ProjectEntity,Extend Asset Contracts,EXTEND_ASSET_CONTRACTS,sTYPE_SUBMITBUTTON,Global,No,No,
ProjectEntity,Extend Asset Payments,EXTEND_ASSET_PAYMENTS,sTYPE_SUBMITBUTTON,Global,No,No,
ProjectEntity,Extend Contracts,EXTEND_CONTRACTS,sTYPE_SUBMITBUTTON,Global,No,No,
ProjectEntity,Financial Model,FinancialModel,sTYPE_FINANCIALMODEL,Global,No,No,
Contract,Generate 842 Rent Schedule,GenerateFASBSchedule,sTYPE_SUBMITBUTTON,Global,No,No,
Contract,Generate Accruals,GENERATE_ACCRUALS,sTYPE_SUBMITBUTTON,Global,No,No,
Contract,Generate Asset Rent,GENERATE_ASSET_RENT,sTYPE_SUBMITBUTTON,Global,No,No,
Contract,Generate Estimated Accruals,GENERATE_ESTIMATED_ACCRUALS,sTYPE_SUBMITBUTTON,Global,No,No,
Contract,Generate Expense Accruals,GENERATE_EXPENSE_ACCRUALS,sTYPE_SUBMITBUTTON,Global,No,No,
Contract,Generate IFRS 16 Rent Schedule,GenerateIFRS16Schedule,sTYPE_SUBMITBUTTON,Global,No,No,
Contract,Generate Pass-through Payments,GENERATE_PASS_THROUGH_PAYMENTS,sTYPE_SUBMITBUTTON,Global,No,No,
Contract,Generate Percentage Rent Accruals,GENERATE_PERCENTAGE_RENT_ACCRUALS,sTYPE_SUBMITBUTTON,Global,No,No,
Contract,Generate Rent,GENERATE_RENT,sTYPE_SUBMITBUTTON,Global,No,No,
Contract,Generate Retro Payment,GENERATE_RETRO_PAYMENT,sTYPE_SUBMITBUTTON,Global,No,No,
Contract,Generate Straight-line Rent Schedule,GenerateStraightLineRent,sTYPE_SUBMITBUTTON,Global,No,No,
ProjectEntity,Help,HELP,sTYPE_SUBMITBUTTON,Global,No,No,
ProjectEntity,Import CPI Data,IMPORT_CPI_DATA,sTYPE_SUBMITBUTTON,Global,No,No,
Contract,Import Invoice,IMPORT_INVOICE,sTYPE_SUBMITBUTTON,Global,No,No,
ProjectEntity,Lx Contract Abstractor,KIMVIO,sTYPE_SUBMITBUTTON,Global,No,No,
Contract,Modify Straight-Line Status,ModifyStraightLineStatus,sTYPE_SUBMITBUTTON,Global,No,No,
ProjectEntity,Month & Year Selector,MonthYearSelection,sTYPE_SUBMITBUTTON,Global,No,No,
Asset,Move Asset,MOVE_ASSET,sTYPE_SUBMITBUTTON,Global,No,No,
ProjectEntity,Period & Year Selector,PeriodYearSelection,sTYPE_SUBMITBUTTON,Global,No,No,
Contract,Plan/Forecast,PLAN_FORECAST,sTYPE_SUBMITBUTTON,Global,No,No,
Contract,Process Mid Month Payment,PROCESS_MID_MONTH_PAYMENT,sTYPE_SUBMITBUTTON,Global,No,No,
Contract,Process Payment,PROCESS_PAYMENT,sTYPE_SUBMITBUTTON,Global,No,No,
Contract,Process Usage Payment,PROCESS_USAGE_PAYMENT,sTYPE_SUBMITBUTTON,Global,No,No,
ProjectEntity,RE Transaction Wizard,RETransactionWizard,sTYPE_SUBMITBUTTON,Global,No,No,
Contract,Reconcile,RECONCILE,sTYPE_SUBMITBUTTON,Global,No,No,
Contract,Reconcile Receipt,RECONCILE_RECEIPT,sTYPE_SUBMITBUTTON,Global,No,No,
Contract,Recovery Setup,RECOVERY_SETUP,sTYPE_SUBMITBUTTON,Global,No,No,
ProjectEntity,Run Report Action,RunReportAction,sTYPE_ACTION_RUN_REPORT,Global,No,No,
ProjectEntity,Submit,FormSubmitButton,sTYPE_SUBMITBUTTON,Global,No,No,
Contract,Update Escrow,UPDATE_ESCROW,sTYPE_SUBMITBUTTON,Global,No,No,
Covenant,Add Covenant From Template,AddCovenantFromTemplate,sTYPE_SUBMITBUTTON,Global,No,No,
Covenant,Contract Wizard Template,ContractWizardTemplate,sTYPE_CONTRACT,Global,No,No,
Responsibility,Add Responsibility From Template,AddResponsibilityFromTemplate,sTYPE_SUBMITBUTTON,Global,No,No,
Responsibility,Contract Wizard Template,ContractWizardTemplate,sTYPE_CONTRACT,Global,No,No,
ContractTerm,Generate Contract Terms,GenerateContractTerms,sTYPE_SUBMITBUTTON,Global,No,No,
ContractTerm,Length of the term (years),ContractTermWizard_TermLength,sTYPE_NUMBER,Global,No,No,
ContractTerm,New Term Coverage Period Begin Date,ContractTermWizard_TermCoverageBeginDate,sTYPE_DATE,Global,No,No,
ContractTerm,Number of Options,ContractTermWizard_OptionNumber,sTYPE_NUMBER,Global,No,No,
ExpenseSetup,Amount Type,ExpenseSetupWizard_AmountType,sTYPE_TEXT,Global,No,No,
ExpenseSetup,Effective Date,ExpenseSetupWizard_EffectiveDates,sTYPE_TEXT,Global,Yes,No,
ExpenseSetup,End Date,ExpenseSetupWizard_EndDate,sTYPE_DATE,Global,No,No,
ExpenseSetup,Escalate by Amount/Rate,ExpenseSetupWizard_EscalateAmountRate,sTYPE_MONEY,Global,No,No,
ExpenseSetup,Escalate Every (years),ExpenseSetupWizard_EscalateEvery,sTYPE_NUMBER,Global,No,No,
ExpenseSetup,Find Starting Amount,ExpenseSetupWizard_FindStartingAmout,sTYPE_CHECKBOX,Global,No,No,
ExpenseSetup,Generate Expense Setup,GenerateExpenseSetup,sTYPE_SUBMITBUTTON,Global,No,No,
ExpenseSetup,Start Date,ExpenseSetupWizard_StartDate,sTYPE_DATE,Global,No,No,
ExpenseSetup,Starting Amount,ExpenseSetupWizard_StartingAmout,sTYPE_MONEY,Global,No,No,
ExpenseSetup,Type Of Escalation,ExpenseSetupWizard_TypeOfEscalation,sTYPE_EXPENSE_ESCALTION_TYPE,Global,No,No,
IssueResponse,Body,Body,sTYPE_TEXT,Global,No,No,
IssueResponse,Created By,CreatedByID,sTYPE_MEMBER,Global,No,No,
IssueResponse,Created Date,CreatedDate,sTYPE_TIME,Global,No,No,
IssueResponse,Issue ID,IssueID,sTYPE_ISSUE,Global,Yes,No,
IssueResponse,Issue Response ID,IssueResponseID,sTYPE_UNFORMATTED_NUMBER,Global,No,No,
IssueResponse,Modified By,ModifiedByID,sTYPE_MEMBER,Global,No,No,
IssueResponse,Modified Date,ModifiedDate,sTYPE_TIME,Global,No,No,
IssueResponse,ProjectEntity ID,ProjectEntityID,sTYPE_PROJECT_ENTITY,Global,Yes,No,
IssueResponse,Rev Number,RevNumber,sTYPE_UNFORMATTED_NUMBER,Global,No,No,
IssueResponse,Sequence Number,SequenceNumber,sTYPE_TEXT,Global,Yes,No,
IssueResponse,Subject,Subject,sTYPE_TEXT,Global,Yes,No,
WorkFlowStep,Associated Task,TaskID,sTYPE_TASK,Global,No,No,
WorkFlowStep,Associated Task Name,TaskName,sTYPE_TEXT,Global,No,No,
WorkFlowStep,Complete Date,CompleteDate,sTYPE_DATE,Global,No,No,
WorkFlowStep,Current Step Members,CurrentStepMemberIDList,sTYPE_MEMBER,Global,No,No,
WorkFlowStep,Days Until Alert Approvers,DaysUntilAlertApprovers,sTYPE_NUMBER,Global,No,No,
WorkFlowStep,Days Until Alert Assignees,DaysUntilAlertAssignees,sTYPE_NUMBER,Global,No,No,
WorkFlowStep,Days Until Warn Approvers,DaysUntilWarnApprovers,sTYPE_NUMBER,Global,No,No,
WorkFlowStep,Days Until Warn Assignees,DaysUntilWarnAssignees,sTYPE_NUMBER,Global,No,No,
WorkFlowStep,Due Date,DueDate,sTYPE_DATE,Global,No,No,
WorkFlowStep,Duration Days Approvers,DurationDaysApprovers,sTYPE_NUMBER,Global,No,No,
WorkFlowStep,Duration Days Assignees,DurationDaysAssignees,sTYPE_NUMBER,Global,No,No,
WorkFlowStep,EMail Alert Approvers,EMailAlertApprovers,sTYPE_BOOLEAN,Global,No,No,
WorkFlowStep,EMail Alert Assignees,EMailAlertAssignees,sTYPE_BOOLEAN,Global,No,No,
WorkFlowStep,Email Message,EMailMessage,sTYPE_TEXTAREA,Global,No,No,
WorkFlowStep,Enable For Dashboard,EnableForDashboard,sTYPE_BOOLEAN,Global,No,No,
WorkFlowStep,Enable For Email,EnableForEMail,sTYPE_BOOLEAN,Global,No,No,
WorkFlowStep,Is Completed?,IsCompleted,sTYPE_BOOLEAN,Global,No,No,
WorkFlowStep,Is Form Step,IsFormStep,sTYPE_BOOLEAN,Global,No,No,
WorkFlowStep,Is Notify Closed?,IsNotifyClosed,sTYPE_BOOLEAN,Global,No,No,
WorkFlowStep,Issue,IssueID,sTYPE_ISSUE,Global,No,No,
WorkFlowStep,Modified By,ModifiedByID,sTYPE_MEMBER,Global,No,No,
WorkFlowStep,Modified Date,ModifiedDate,sTYPE_TIME,Global,No,No,
WorkFlowStep,Page Layout Approvers,PageLayoutApproversID,sTYPE_PAGE_LAYOUT,Global,No,No,
WorkFlowStep,Page Layout Assignees,PageLayoutAssigneesID,sTYPE_PAGE_LAYOUT,Global,No,No,
WorkFlowStep,Prior Submit By Member,PriorSubmitByMemberID,sTYPE_MEMBER,Global,No,No,
WorkFlowStep,Prior Submit For Approval Date,PriorSubmitForApprovalDate,sTYPE_DATE,Global,No,No,
WorkFlowStep,Priority,Priority,sTYPE_NUMBER,Global,No,No,
WorkFlowStep,Re Do?,IsReDo,sTYPE_YES_NO_RADIO,Global,Yes,No,
WorkFlowStep,Read Only?,IsReadOnly,sTYPE_YES_NO_RADIO,Global,Yes,No,
WorkFlowStep,Start Date,StartDate,sTYPE_DATE,Global,No,No,
WorkFlowStep,Step Name,WorkFlowStepName,sTYPE_TEXT,Global,No,No,
WorkFlowStep,Step Number,StepNumber,sTYPE_NUMBER,Global,Yes,No,
WorkFlowStep,Step Status,CodeWorkFlowStatusID,sCODE_WORK_FLOW_STATUS,Global,Yes,No,
WorkFlowStep,Submit For Approval By Member,SubmitForApprovalByMemberID,sTYPE_MEMBER,Global,No,No,
WorkFlowStep,Submit For Approval By Member Name,SubmitForApprovalByMemberName,sTYPE_TEXT,Global,No,No,
WorkFlowStep,Submit For Approval Date,SubmitForApprovalDate,sTYPE_DATE,Global,No,No,
WorkFlowStep,WF Approver Due Date,DueDateApprovers,sTYPE_DATE,Global,No,No,
WorkFlowStep,WF Approver(s),ApproverMemberIDList,sTYPE_MEMBER,Global,No,No,
WorkFlowStep,WF Assignee Due Date,DueDateAssignees,sTYPE_DATE,Global,No,No,
WorkFlowStep,WF Assignee(s),AssigneeMemberIDList,sTYPE_MEMBER,Global,No,No,
WorkFlowStep,WF Notify List,NotifieeMemberIDList,sTYPE_MEMBER,Global,No,No,
WorkFlowStep,WF Step Notification Link,WFStepNotificationLink,sTYPE_TEXT,Global,No,No,
WorkFlowStep,Work Flow,WorkFlowID,sTYPE_WORK_FLOW,Global,Yes,No,
WorkFlowStep,Work Flow Step ClientID,BOMapClientRecordID,sTYPE_TEXT,Global,Yes,No,
WorkFlowStep,Work Flow Step RecID,WorkFlowStepID,sTYPE_UNFORMATTED_NUMBER,Global,No,No,
WorkFlowStepApprover,Action Comment,ActionComment,sTYPE_TEXTAREA,Global,No,No,
WorkFlowStepApprover,Action Taken,ActionTakenName,sTYPE_TEXT,Global,No,No,
WorkFlowStepApprover,Action Taken Date,ActionTakenDate,sTYPE_DATE,Global,No,No,
WorkFlowStepApprover,Approver,MemberID,sTYPE_MEMBER,Global,Yes,No,
WorkFlowStepApprover,Email Sent Status,EMailSentStatus,sTYPE_TEXT,Global,Yes,No,
WorkFlowStepApprover,Has Approved?,HasApproved,sTYPE_YES_NO_RADIO,Global,No,No,
WorkFlowStepApprover,Has Taken Action?,HasTakenAction,sTYPE_YES_NO_RADIO,Global,No,No,
WorkFlowStepApprover,Modified By,ModifiedByID,sTYPE_MEMBER,Global,No,No,
WorkFlowStepApprover,Modified Date,ModifiedDate,sTYPE_TIME,Global,No,No,
WorkFlowStepApprover,Notify Acknowledged Status,NotifyAcknowledgedStatus,sTYPE_TEXT,Global,Yes,No,
WorkFlowStepApprover,Prior Action Comment,PriorActionComment,sTYPE_TEXTAREA,Global,No,No,
WorkFlowStepApprover,Prior Action Taken Date,PriorActionTakenDate,sTYPE_DATE,Global,No,No,
WorkFlowStepApprover,Prior WF Step Action,PriorWFTemplateStepActionID,sTYPE_WORK_FLOW_TEMPLATE_STEP_ACTION,Global,No,No,
WorkFlowStepApprover,Signature Date,SignatureDate,sTYPE_DATE,Global,No,No,
WorkFlowStepApprover,WF Step Action,WorkFlowTemplateStepActionID,sTYPE_WORK_FLOW_TEMPLATE_STEP_ACTION,Global,No,No,
WorkFlowStepApprover,WF Step Approver ClientID,BOMapClientRecordID,sTYPE_TEXT,Global,Yes,No,
WorkFlowStepApprover,WF Step Approver RecID,WorkFlowStepApproverID,sTYPE_UNFORMATTED_NUMBER,Global,No,No,
WorkFlowStepApprover,Work Flow Step,WorkFlowStepID,sTYPE_WORK_FLOW_STEP,Global,Yes,No,
WorkFlowStepApprover,Work Flow Template Step,WorkFlowTemplateStepID,sTYPE_WORK_FLOW_TEMPLATE_STEP,Global,No,No,
WorkFlowStepAssignee,Assignee,MemberID,sTYPE_MEMBER,Global,Yes,No,
WorkFlowStepAssignee,Email Sent Status,EMailSentStatus,sTYPE_TEXT,Global,Yes,No,
WorkFlowStepAssignee,Modified By,ModifiedByID,sTYPE_MEMBER,Global,No,No,
WorkFlowStepAssignee,Modified Date,ModifiedDate,sTYPE_TIME,Global,No,No,
WorkFlowStepAssignee,Notify Acknowledged Status,NotifyAcknowledgedStatus,sTYPE_TEXT,Global,Yes,No,
WorkFlowStepAssignee,Step Member Responsibility,StepMemberResponsibility,sTYPE_TEXT,Global,Yes,No,
WorkFlowStepAssignee,WF Step Assignee ClientID,BOMapClientRecordID,sTYPE_TEXT,Global,Yes,No,
WorkFlowStepAssignee,WF Step Assignee RecID,WorkFlowStepAssigneeID,sTYPE_UNFORMATTED_NUMBER,Global,No,No,
WorkFlowStepAssignee,Work Flow Step,WorkFlowStepID,sTYPE_WORK_FLOW_STEP,Global,Yes,No,
WorkFlowStepAssignee,Work Flow Template Step,WorkFlowTemplateStepID,sTYPE_WORK_FLOW_TEMPLATE_STEP,Global,No,No,
WorkFlow,Ad Hoc Assignee,AdhocMemberID,sTYPE_PE_MEMBER,Global,No,No,
WorkFlow,Closed Date,ClosedDate,sTYPE_DATE,Global,No,No,
WorkFlow,Created Date,CreatedDate,sTYPE_TIME,Global,No,No,
WorkFlow,Inactive?,Inactive,sTYPE_BOOLEAN,Global,Yes,No,
WorkFlow,Initiated By Member,InitiatedByMemberID,sTYPE_MEMBER,Global,No,No,
WorkFlow,Is Completed?,IsCompleted,sTYPE_BOOLEAN,Global,No,No,
WorkFlow,Kick Off Form,KickOffIssueID,sTYPE_ISSUE,Global,No,No,
WorkFlow,Kick Off Task,KickOffTaskID,sTYPE_TASK,Global,No,No,
WorkFlow,Modified By,ModifiedByID,sTYPE_MEMBER,Global,No,No,
WorkFlow,Modified Date,ModifiedDate,sTYPE_TIME,Global,No,No,
WorkFlow,Name,WorkFlowName,sTYPE_TEXT,Global,Yes,No,
WorkFlow,Number Of Days Open,NumberOfDaysOpen,sTYPE_NUMBER,Global,No,No,
WorkFlow,Priority,WorkFlowCodePriorityID,sCODE_PRIORITY,Global,Yes,No,
WorkFlow,Status,CodeWorkFlowStatusID,sCODE_WORK_FLOW_STATUS,Global,Yes,No,
WorkFlow,WF Approver List,WFApproverList,sTYPE_WORK_FLOW_APPROVER_LIST,Global,No,No,
WorkFlow,Work Flow ClientID,BOMapClientRecordID,sTYPE_TEXT,Global,Yes,No,
WorkFlow,Work Flow RecID,WorkFlowID,sTYPE_UNFORMATTED_NUMBER,Global,No,No,
Employer,Alternate Payee,Firm_AlternatePayee,sTYPE_TEXT,Firm,No,No,
Employer,Attention,Firm_EmployerAttention,sTYPE_TEXT,Firm,No,No,
Employer,Care of,Firm_EmployerCareof,sTYPE_TEXT,Firm,No,No,
Employer,Payment Method,Firm_PaymentMethod,sTYPE_CUSTOM_CODE_FIELD,Firm,No,No,
Employer,Store Number,Firm_EmployerStoreNumber,sTYPE_TEXT,Firm,No,No,
Allowance,Cost PSF,Firm_AllowCostPSF,sTYPE_MONEY_MATH_OPERATION,Firm,No,No,
Allowance,Document,Firm_AllowanceDocument,sTYPE_TEXT,Firm,No,No,
Allowance,Page,Firm_AllowancePage,sTYPE_TEXT,Firm,No,No,
Contract,Administrative Fee,Firm_CAMAdministrativeYN,sTYPE_CUSTOM_CODE_FIELD,Firm,No,No,
Contract,Administrative Fee Definition,Firm_CAMAdministrativeFeeDefinition,sTYPE_TEXT,Firm,No,No,
Contract,Administrative Fee Exclusions,Firm_CAMAdministrativeFeeExclusionsYN,sTYPE_CUSTOM_CODE_FIELD,Firm,No,No,
Contract,Administrative Fee Percent,Firm_CAMAdministrativeFeePercent,sTYPE_PERCENTAGE,Firm,No,No,
Contract,Audit Rights,Firm_CAMAuditRightsYN,sTYPE_CUSTOM_CODE_FIELD,Firm,No,No,
Contract,Audit Rights Reference,Firm_CAMAuditRightsReference,sTYPE_TEXT,Firm,No,No,
Contract,Comment,Firm_CAMComment,sTYPE_TEXT,Firm,No,No,
Contract,Contributions,Firm_CAMContributionsYN,sTYPE_CUSTOM_CODE_FIELD,Firm,No,No,
Contract,Contributions Reference,Firm_CAMContributionsReference,sTYPE_TEXT,Firm,No,No,
Contract,Date of First Increase,Firm_CAMDateofFirstIncrease,sTYPE_DATE,Firm,No,No,
Contract,Document,Firm_CAMDocument,sTYPE_TEXT,Firm,No,No,
Contract,Exclusions,Firm_CAMExclusionsYN,sTYPE_CUSTOM_CODE_FIELD,Firm,No,No,
Contract,Exclusions Reference,Firm_CAMExclusionsReference,sTYPE_TEXT,Firm,No,No,
Contract,Fixed CAM Increase Comment,Firm_CAMFixedComment,sTYPE_TEXT,Firm,No,No,
Contract,Fixed CAM Increase Percent,Firm_CAMFixedIncreasePercent,sTYPE_PERCENTAGE,Firm,No,No,
Contract,Fixed CAM Status,Firm_CAMFixedStatus,sTYPE_CUSTOM_CODE_FIELD,Firm,No,No,
Contract,Fixed CAM Text,Firm_CAMFixedText,sTYPE_TEXT,Firm,No,No,
Contract,Floor Percent,Firm_CAMFloorPercent,sTYPE_PERCENTAGE,Firm,No,No,
Contract,Initial Fixed CAM Monthly,Firm_CAMInitialFixedMO,sTYPE_NUMBER,Firm,No,No,
Contract,Initial Fixed CAM PSF,Firm_CAMInitialFixedPSF,sTYPE_NUMBER,Firm,No,No,
Contract,Is CAM Fixed?,Firm_CAMFixedYN,sTYPE_CUSTOM_CODE_FIELD,Firm,No,No,
Contract,Lease Term Cap,Firm_CAMLeaseTermCapYN,sTYPE_CUSTOM_CODE_FIELD,Firm,No,No,
Contract,Lease Term Cap Comment,Firm_CAMLeaseTermCapComment,sTYPE_TEXT,Firm,No,No,
Contract,Lease Term Cap Exclusions,Firm_CAMLeaseTermCapExclusions,sTYPE_CUSTOM_CODE_FIELD,Firm,No,No,
Contract,Lease Term Cap Percent,Firm_CAMLeaseTermCapPercent,sTYPE_PERCENTAGE,Firm,No,No,
Contract,Lease Term Cap Text Reference,Firm_CAMLeaseTermCapTextReference,sTYPE_TEXT,Firm,No,No,
Contract,Lease Term Cap Type,Firm_CAMLeaseTermCapType,sTYPE_CUSTOM_CODE_FIELD,Firm,No,No,
Contract,Month of Increase,Firm_CAMMonthofIncrease,sTYPE_CUSTOM_CODE_FIELD,Firm,No,No,
Contract,No Duplication of Costs Language,Firm_CAMNoDuplicationofCostsLanguageYN,sTYPE_CUSTOM_CODE_FIELD,Firm,No,No,
Contract,No Duplication of Costs Reference,Firm_CAMNoDuplicationofCostsReference,sTYPE_TEXT,Firm,No,No,
Contract,Notes,Firm_CAMNotes,sTYPE_TEXTAREA,Firm,No,No,
Contract,Number of Years Auditable,Firm_CAMNumberofYearsAuditable,sTYPE_NUMBER,Firm,No,No,
Contract,Page,Firm_CAMPage,sTYPE_TEXT,Firm,No,No,
Contract,PR Share,Firm_CAMPRShare,sTYPE_TEXT,Firm,No,No,
Contract,Prorata Share Status,Firm_CAMPRShareStatus,sTYPE_CUSTOM_CODE_FIELD,Firm,No,No,
Contract,Section,Firm_CAMSection,sTYPE_TEXT,Firm,No,No,
Contract,Starting Cap,Firm_CAMStartingCapYN,sTYPE_CUSTOM_CODE_FIELD,Firm,No,No,
Contract,Starting Cap Amount Monthly,Firm_CAMStartingCapMonthly,sTYPE_NUMBER,Firm,No,No,
Contract,Starting Cap Amount PSF,Firm_CAMStartingCapAmountPSF,sTYPE_NUMBER,Firm,No,No,
Contract,Starting Cap Comment,Firm_CAMStartingCapComment,sTYPE_TEXT,Firm,No,No,
Contract,Starting Cap Exclusions,Firm_CAMStartingCapExclusionsYN,sTYPE_CUSTOM_CODE_FIELD,Firm,No,No,
Contract,Starting Cap Status,Firm_CAMStartingCapStatus,sTYPE_CUSTOM_CODE_FIELD,Firm,No,No,
Contract,Starting Cap Text Reference,Firm_CAMStartingCapTextReference,sTYPE_TEXT,Firm,No,No,
Contract,Statements Binding Language,Firm_CAMStatementsBindingLanguageYN,sTYPE_CUSTOM_CODE_FIELD,Firm,No,No,
Contract,Statements Binding Language Reference,Firm_CAMStatementsBindingLanguageReference,sTYPE_TEXT,Firm,No,No,
Contract,Statements Due,Firm_CAMStatementsDue,sTYPE_TEXT,Firm,No,No,
Contract,Statements Due Reference,Firm_CAMStatementsDueReference,sTYPE_TEXT,Firm,No,No,
ContractAmendment,Entry Date,Firm_AmendmentEntryDate,sTYPE_DATE,Firm,No,No,
ContractAmendment,Execution Date,Firm_AmendmentExecutionDate,sTYPE_DATE,Firm,No,No,
Contract,Fixturing Period,Firm_FixturingPeriod,sTYPE_NUMBER,Firm,No,No,
Contract,Original Possession Date,Firm_OriginalPossessionDate,sTYPE_DATE,Firm,No,No,
Contract,Brand,Firm_Brand,sTYPE_CUSTOM_CODE_FIELD,Firm,No,No,
Contract,Corp,Firm_CorporateCode,sTYPE_NUMBER,Firm,No,No,
Contract,Cost Center,Firm_CostCenter,sTYPE_CUSTOM_CODE_FIELD,Firm,No,No,
Contract,Developer Lease ID,Firm_DeveloperLeaseID,sTYPE_TEXT,Firm,No,No,
Contract,Franchise Location,Firm_FranchiseLocation,sTYPE_CUSTOM_CODE_FIELD,Firm,No,No,
Contract,Guarantor,Firm_Guarantor,sTYPE_CUSTOM_CODE_FIELD,Firm,No,No,
Contract,Landlord Legal Name,Firm_LandlordLegalName,sTYPE_TEXT,Firm,No,No,
Contract,Last Deferred SL Entry,Firm_LastDeferredSLEntry,sTYPE_MONEY,Firm,No,No,
Contract,Last Deferred SL Entry Date,Firm_LastDeferredSLEntryDate,sTYPE_DATE,Firm,No,No,
Contract,Last Deferred SL Total,Firm_LastDeferredSLTotal,sTYPE_MONEY,Firm,No,No,
Contract,Lease Analyst,Firm_LeaseAnalyst,sTYPE_MEMBER,Firm,No,No,
Contract,Lease Expiration Reference,Firm_LeaseExpirationReference,sTYPE_TEXT,Firm,No,No,
Contract,Lease Status,Firm_LeaseStatus,sTYPE_CUSTOM_CODE_FIELD,Firm,No,No,
Contract,Lease Status Notes,Firm_LeaseStatusNotes,sTYPE_TEXT,Firm,No,No,
Contract,Lease Year,Firm_LeaseYear,sTYPE_CUSTOM_CODE_FIELD,Firm,No,No,
Contract,Lease Year Reference,Firm_LeaseYearReference,sTYPE_TEXT,Firm,No,No,
Contract,Rent Commencement Notes,Firm_RentCommencementNotes,sTYPE_TEXT,Firm,No,No,
Contract,Tenant Legal Name,Firm_TenantLegalName,sTYPE_CUSTOM_CODE_FIELD,Firm,No,No,
Contract,zLeaseSquareFootage,zFirm_LeaseSquareFootage,sTYPE_NUMBER_FRACTION2DIGITS,Firm,No,No,
ContractTerm,Document,Firm_TermDocument,sTYPE_TEXT,Firm,No,No,
ContractTerm,Option Rent PSF,Firm_OptionRentPSF,sTYPE_NUMBER_FRACTION2DIGITS,Firm,No,No,
ContractTerm,Page,Firm_TermPage,sTYPE_TEXT,Firm,No,No,
Allowance,Test,math_Test_0,sTYPE_MATH_OPERATION,Firm,No,No,
Covenant,Buyout Amount,Firm_BuyoutAmount,sTYPE_MONEY,Firm,No,No,
Covenant,Document,Firm_CovenantDocument,sTYPE_TEXT,Firm,No,No,
Covenant,Penalty,Firm_Penalty,sTYPE_TEXT,Firm,No,No,
Covenant,Radius Amount,Firm_RadiusAmount,sTYPE_NUMBER,Firm,No,No,
Covenant,Radius Unit,Firm_RadiusUnit,sTYPE_CUSTOM_CODE_FIELD,Firm,No,No,
Covenant,Sales Threshold,Firm_SalesThreshold,sTYPE_MONEY,Firm,No,No,
Covenant,Termination Right,Firm_TerminationRight,sTYPE_CUSTOM_CODE_FIELD,Firm,No,No,
Contract,Default Log,Firm_DefaultLog,sTYPE_CLIENT_LISTS,Firm,No,No,
Contract,Funds,Firm_Funds,sTYPE_CLIENT_LISTS,Firm,No,No,
Contract,Operating Expenses,Firm_OperatingExpenses,sTYPE_CLIENT_LISTS,Firm,No,No,
Contract,Reconciliation Log,Firm_ReconciliationLog,sTYPE_CLIENT_LISTS,Firm,No,No,
Contract,Savings Log,Firm_SavingsLog,sTYPE_CLIENT_LISTS,Firm,No,No,
Contract,Anticipated Delivery Date,Firm_DRAnticipatedDeliveryDate,sTYPE_DATE,Firm,No,No,
Contract,Document,Firm_DRDocument,sTYPE_TEXT,Firm,No,No,
Contract,Landlord's Punchlist Complete,Firm_DRLandlordPunchlistComplete,sTYPE_CUSTOM_CODE_FIELD,Firm,No,No,
Contract,Notes,Firm_DRNotes,sTYPE_TEXTAREA,Firm,No,No,
Contract,Page,Firm_DRPage,sTYPE_TEXT,Firm,No,No,
Contract,Rent Abatement,Firm_DRRentAbatement,sTYPE_CUSTOM_CODE_FIELD,Firm,No,No,
Contract,Section,Firm_DRSection,sTYPE_TEXT,Firm,No,No,
Contract,Termination Right Date,Firm_DRTerminationRightDate,sTYPE_DATE,Firm,No,No,
ExpenseRecovery,Expense Recovery Due Date Processed,Firm_ExpenseRecoveryDueDateProcessed,sTYPE_DATE,Firm,No,No,
ExpenseRecovery,Expense Recovery Pro Rata Share,Firm_ProRataShare,sTYPE_MONEY,Firm,No,No,
ExpenseRecovery,Expense Recovery Pro Rata Share Amount Paid,Firm_ProRataShareAmountPaid,sTYPE_MONEY,Firm,No,No,
ExpenseRecovery,Expense Recovery Pro Rata Share Subtotal,Firm_ExpenseRecoveryProRataShareSubtotal,sTYPE_MONEY_MATH_OPERATION,Firm,No,No,
ExpenseRecovery,Expense Recovery Pro Rata Share Total Due,Firm_ExpenseRecoveryProRataShareTotalDue,sTYPE_MONEY_MATH_OPERATION,Firm,No,No,
ExpenseRecovery,Expense Recovery Reviewer,Firm_ExpenseRecoveryReviewer,sTYPE_TEXT,Firm,No,No,
ExpenseRecovery,Expense Recovery Sales Tax,Firm_ExpenseRecoverySalesTax,sTYPE_MONEY,Firm,No,No,
ExpenseRecovery,Expense Recovery Savings,Firm_ExpenseRecoverySavings,sTYPE_MONEY,Firm,No,No,
ExpenseRecovery,Expense Recovery Status,Firm_ExpenseRecoveryStatus,sTYPE_CUSTOM_CODE_FIELD,Firm,No,No,
ExpenseSetup,CPI Increase,Firm_CPIIncrease,sTYPE_CHECKBOX,Firm,No,No,
ExpenseSetup,Total Current Monthly Rent,Firm_TotalCurrentMonthlyRent,sTYPE_MONEY_MATH_OPERATION,Firm,No,No,
KeyDate,Contingency,Firm_Contingency,sTYPE_CUSTOM_CODE_FIELD,Firm,No,No,
KeyDate,Contingency Trigger,Firm_ContingencyTrigger,sTYPE_CUSTOM_CODE_FIELD,Firm,No,No,
KeyDate,Document,Firm_KeyDateDocument,sTYPE_TEXT,Firm,No,No,
KeyDate,Earliest Termination Date,Firm_KeyDateEarliestTerminationDate,sTYPE_DATE,Firm,No,No,
KeyDate,Fleet Review Decision,Firm_FleetReviewDecision,sTYPE_CUSTOM_CODE_FIELD,Firm,No,No,
KeyDate,Latest Termination Date,Firm_KeyDateLatestTerminationDate,sTYPE_DATE,Firm,No,No,
KeyDate,Page,Firm_KeyDatePage,sTYPE_TEXT,Firm,No,No,
KeyDate,REC Comments,Firm_RECComments,sTYPE_TEXTAREA,Firm,No,No,
KeyDate,REC Decision,Firm_RECDecision,sTYPE_TEXT,Firm,No,No,
KeyDate,Section,Firm_KeyDateSection,sTYPE_TEXT,Firm,No,No,
Contract,Alternative Rent Terms,Firm_ONCOTAlternativeRentTerms,sTYPE_TEXTAREA,Firm,No,No,
Contract,Document,Firm_ONCOTDocument,sTYPE_TEXT,Firm,No,No,
Contract,Frequency,Firm_ONCOTFrequency,sTYPE_CUSTOM_CODE_FIELD,Firm,No,No,
Contract,Limit Per Year,Firm_ONCOTLimitPerYear,sTYPE_TEXT,Firm,No,No,
Contract,Notes,Firm_ONCOTNotes,sTYPE_TEXTAREA,Firm,No,No,
Contract,Ongoing Cotenancy Clause,Firm_ONCOTClause,sTYPE_CUSTOM_CODE_FIELD,Firm,No,No,
Contract,Page,Firm_ONCOTPage,sTYPE_TEXT,Firm,No,No,
Contract,Remedy,Firm_ONCOTRemedy,sTYPE_CUSTOM_CODE_FIELD,Firm,No,No,
Contract,Required Number of Anchors,Firm_ONCOTRequiredNumberofAnchors,sTYPE_TEXT,Firm,No,No,
Contract,Required Percent of Inline Space,Firm_ONCOTRequiredPercentofInlineSpace,sTYPE_PERCENTAGE,Firm,No,No,
Contract,Right To Request Roster,Firm_ONCOTRightToRequestRoster,sTYPE_CUSTOM_CODE_FIELD,Firm,No,No,
Contract,Right to Terminate,Firm_ONCOTRighttoTerminate,sTYPE_CUSTOM_CODE_FIELD,Firm,No,No,
Contract,Section,Firm_ONCOTSection,sTYPE_TEXT,Firm,No,No,
Contract,Alternative Rent Terms,Firm_OPCOTAlternativeRentTerms,sTYPE_TEXTAREA,Firm,No,No,
Contract,Document,Firm_OPCOTDocument,sTYPE_TEXT,Firm,No,No,
Contract,Notes,Firm_OPCOTNotes,sTYPE_TEXTAREA,Firm,No,No,
Contract,Opening Cotenancy Clause,Firm_OPCOTClause,sTYPE_CUSTOM_CODE_FIELD,Firm,No,No,
Contract,Page,Firm_OPCOTPage,sTYPE_TEXT,Firm,No,No,
Contract,Required Number of Anchors,Firm_OPCOTRequiredNumberofAnchors,sTYPE_TEXT,Firm,No,No,
Contract,Required Percent of Inline Space,Firm_OPCOTRequiredPercentofInlineSpace,sTYPE_PERCENTAGE,Firm,No,No,
Contract,Right to Terminate,Firm_OPCOTRighttoTerminate,sTYPE_CUSTOM_CODE_FIELD,Firm,No,No,
Contract,Section,Firm_OPCOTSection,sTYPE_TEXT,Firm,No,No,
PercentageRent,Certified Sales,Firm_CertifiedSales,sTYPE_CHECKBOX,Firm,No,No,
PercentageRent,Document,Firm_PercentRentDocument,sTYPE_TEXT,Firm,No,No,
PercentageRent,Page,Firm_PercentRentPage,sTYPE_TEXT,Firm,No,No,
Contract,Administrative Fee,Firm_RETAdministrativeFee,sTYPE_CUSTOM_CODE_FIELD,Firm,No,No,
Contract,Administrative Fee Exclusions,Firm_RETAdministrativeFeeExclusionsYN,sTYPE_CUSTOM_CODE_FIELD,Firm,No,No,
Contract,Administrative Fee Percent,Firm_RETAdministrativeFeePercent,sTYPE_PERCENTAGE,Firm,No,No,
Contract,Administrative Fee Reference,Firm_RETAdministrativeFeeReference,sTYPE_TEXT,Firm,No,No,
Contract,Audit Rights,Firm_RETAuditRightsYN,sTYPE_CUSTOM_CODE_FIELD,Firm,No,No,
Contract,Audit Rights Reference,Firm_RETAuditRightsReference,sTYPE_TEXT,Firm,No,No,
Contract,Comment,Firm_RETComment,sTYPE_TEXT,Firm,No,No,
Contract,Consulting Fee Allowed,Firm_RETConsultingFeeAllowedYN,sTYPE_CUSTOM_CODE_FIELD,Firm,No,No,
Contract,Consulting Fee Reference,Firm_RETConsultingFeeReference,sTYPE_TEXT,Firm,No,No,
Contract,Contributions,Firm_RETContributionsYN,sTYPE_CUSTOM_CODE_FIELD,Firm,No,No,
Contract,Contributions Reference,Firm_RETContributionsReferences,sTYPE_TEXT,Firm,No,No,
Contract,Document,Firm_RETDocument,sTYPE_TEXT,Firm,No,No,
Contract,Floor Percent,Firm_RETFloorPercent,sTYPE_PERCENTAGE,Firm,No,No,
Contract,GIS Link,Firm_GISLink,sTYPE_TEXT,Firm,No,No,
Contract,GIS Website,Firm_GISWebsite,sTYPE_TEXT,Firm,No,No,
Contract,Initial Estimate Monthly,Firm_RETInitialEstimateMonthly,sTYPE_NUMBER,Firm,No,No,
Contract,Initial Estimate PSF,Firm_RETInitialEstimatePSF,sTYPE_NUMBER,Firm,No,No,
Contract,Initial Estimate Reference,Firm_RETInitialEstimateReference,sTYPE_TEXT,Firm,No,No,
Contract,Is RET Fixed?,Firm_RETFixedYN,sTYPE_CUSTOM_CODE_FIELD,Firm,No,No,
Contract,Landlord to Provide Tax Bills,Firm_RETLandlordtoProvideTaxBillsYN,sTYPE_CUSTOM_CODE_FIELD,Firm,No,No,
Contract,Lease Term Cap,Firm_RETLeaseTermCapYN,sTYPE_CUSTOM_CODE_FIELD,Firm,No,No,
Contract,Lease Term Cap Comment,Firm_RETLeaseTermCapComment,sTYPE_TEXT,Firm,No,No,
Contract,Lease Term Cap Percent,Firm_RETLeaseTermCapPercent,sTYPE_PERCENTAGE,Firm,No,No,
Contract,Lease Term Cap Text Reference,Firm_RETLeaseTermCapTextReference,sTYPE_TEXT,Firm,No,No,
Contract,Lease Term Cap Type,Firm_RETLeaseTermCapType,sTYPE_CUSTOM_CODE_FIELD,Firm,No,No,
Contract,Notes,Firm_RETNotes,sTYPE_TEXTAREA,Firm,No,No,
Contract,Page,Firm_RETPage,sTYPE_TEXT,Firm,No,No,
Contract,PR Share,Firm_RETPRShare,sTYPE_TEXT,Firm,No,No,
Contract,Prorata Share Status,Firm_RETPRShareStatus,sTYPE_CUSTOM_CODE_FIELD,Firm,No,No,
Contract,Section,Firm_RETSection,sTYPE_TEXT,Firm,No,No,
Contract,Starting Cap,Firm_RETStartingCapYN,sTYPE_CUSTOM_CODE_FIELD,Firm,No,No,
Contract,Starting Cap Amount,Firm_RETStartingCapAmount,sTYPE_NUMBER,Firm,No,No,
Contract,Starting Cap Exclusions,Firm_RETStartingCapExclusionsYN,sTYPE_CUSTOM_CODE_FIELD,Firm,No,No,
Contract,Starting Cap Status,Firm_RETStartingCapStatus,sTYPE_CUSTOM_CODE_FIELD,Firm,No,No,
Contract,Starting Cap Text Reference,Firm_RETStartingCapTextReference,sTYPE_TEXT,Firm,No,No,
Contract,Statements Binding,Firm_RETStatementsBindingYN,sTYPE_CUSTOM_CODE_FIELD,Firm,No,No,
Contract,Statements Binding Reference,Firm_RETStatementsBindingReference,sTYPE_TEXT,Firm,No,No,
Contract,Statements Due,Firm_RETStatementsDue,sTYPE_TEXT,Firm,No,No,
Contract,Statements Due Reference,Firm_RETStatementsDueReference,sTYPE_TEXT,Firm,No,No,
Contract,Tax Link 1,Firm_TaxLink1,sTYPE_TEXT,Firm,No,No,
Contract,Tax Link 2,Firm_TaxLink2,sTYPE_TEXT,Firm,No,No,
Contract,Tax Website 1,Firm_TaxWebsite1,sTYPE_TEXT,Firm,No,No,
Contract,Tax Website 2,Firm_TaxWebsite2,sTYPE_TEXT,Firm,No,No,
Contract,Taxes For?,Firm_RETTaxesFor,sTYPE_TEXT,Firm,No,No,
SecurityDeposit,Burn Down Date,Firm_SecurityBurnDownDate,sTYPE_DATE,Firm,No,No,
Facility,Space Number,Firm_SpaceNumber,sTYPE_TEXT,Firm,No,No,
Location,County,Firm_County,sTYPE_TEXT,Firm,No,No,
Location,ASG Center ID,EDGE_ASGCenterID,sTYPE_NUMBER,Firm,No,No,
Location,Center Name,Firm_CenterName,sTYPE_TEXT,Firm,No,No,
Location,Developer,Firm_Developer,sTYPE_TEXT,Firm,No,No,
Location,Grand Opening Date,Firm_GrandOpeningDate,sTYPE_DATE,Firm,No,No,
ProjectEntity,Client Request Log,Firm_ClientRequestLog,sTYPE_CLIENT_LISTS,Firm,No,No,
Firm,Header Logo,Firm_HeaderLogo,sTYPE_FIRM_LOGO,Firm,No,No,
ProjectEntity,Sales Report Logo,Firm_SalesReportLogo,sTYPE_FIRM_LOGO,Firm,No,No,
ProjectEntity,Sales Report Signature,Firm_SalesReportSignature,sTYPE_FIRM_LOGO,Firm,No,No,
ProjectEntity,Sales Report Signature Name,Firm_SalesReportSignatureName,sTYPE_TEXT,Firm,No,No,TBD
ProjectEntity,Sales Report Signature Title,Firm_SalesReportSignatureTitle,sTYPE_TEXT,Firm,No,No,TBD
